romdata/DT/DT_ALL.FBC.z	DT_ARP_TYPE.FBC/dt_ARP_TYPE.txtbin	0	cp932	б
romdata/DT/DT_ALL.FBC.z	DT_ARP_TYPE.FBC/dt_ARP_TYPE.txtbin	1	cp932	об:なにもない状態のこと
romdata/DT/DT_ALL.FBC.z	DT_ARP_TYPE.FBC/dt_ARP_TYPE.txtbin	3	cp932	金
romdata/DT/DT_ALL.FBC.z	DT_ARP_TYPE.FBC/dt_ARP_TYPE.txtbin	4	cp932	о金:さびない
romdata/DT/DT_ALL.FBC.z	DT_ARP_TYPE.FBC/dt_ARP_TYPE.txtbin	6	cp932	呪
romdata/DT/DT_ALL.FBC.z	DT_ARP_TYPE.FBC/dt_ARP_TYPE.txtbin	7	cp932	о呪:呪われている
romdata/DT/DT_ALL.FBC.z	DT_ARP_TYPE.FBC/dt_ARP_TYPE.txtbin	9	cp932	聖
romdata/DT/DT_ALL.FBC.z	DT_ARP_TYPE.FBC/dt_ARP_TYPE.txtbin	10	cp932	о聖:呪われない
romdata/DT/DT_ALL.FBC.z	DT_ARP_TYPE.FBC/dt_ARP_TYPE.txtbin	12	cp932	三
romdata/DT/DT_ALL.FBC.z	DT_ARP_TYPE.FBC/dt_ARP_TYPE.txtbin	13	cp932	о三:３方向に 攻撃できる
romdata/DT/DT_ALL.FBC.z	DT_ARP_TYPE.FBC/dt_ARP_TYPE.txtbin	15	cp932	絶
romdata/DT/DT_ALL.FBC.z	DT_ARP_TYPE.FBC/dt_ARP_TYPE.txtbin	16	cp932	о絶:きたえる・合成┏
romdata/DT/DT_ALL.FBC.z	DT_ARP_TYPE.FBC/dt_ARP_TYPE.txtbin	18	cp932	福
romdata/DT/DT_ALL.FBC.z	DT_ARP_TYPE.FBC/dt_ARP_TYPE.txtbin	19	cp932	о福:Ｌｖが あがりやすい
romdata/DT/DT_ALL.FBC.z	DT_ARP_TYPE.FBC/dt_ARP_TYPE.txtbin	21	cp932	銭
romdata/DT/DT_ALL.FBC.z	DT_ARP_TYPE.FBC/dt_ARP_TYPE.txtbin	22	cp932	о銭:ギルが たまりやすい
romdata/DT/DT_ALL.FBC.z	DT_ARP_TYPE.FBC/dt_ARP_TYPE.txtbin	24	cp932	宝
romdata/DT/DT_ALL.FBC.z	DT_ARP_TYPE.FBC/dt_ARP_TYPE.txtbin	25	cp932	о宝:アイテムが出やすい
romdata/DT/DT_ALL.FBC.z	DT_ARP_TYPE.FBC/dt_ARP_TYPE.txtbin	27	cp932	貧
romdata/DT/DT_ALL.FBC.z	DT_ARP_TYPE.FBC/dt_ARP_TYPE.txtbin	28	cp932	о貧:てきがなにも落とさない
romdata/DT/DT_ALL.FBC.z	DT_ARP_TYPE.FBC/dt_ARP_TYPE.txtbin	30	cp932	満
romdata/DT/DT_ALL.FBC.z	DT_ARP_TYPE.FBC/dt_ARP_TYPE.txtbin	31	cp932	о満:おなかが へらない
romdata/DT/DT_ALL.FBC.z	DT_ARP_TYPE.FBC/dt_ARP_TYPE.txtbin	33	cp932	軽
romdata/DT/DT_ALL.FBC.z	DT_ARP_TYPE.FBC/dt_ARP_TYPE.txtbin	34	cp932	о軽:おなかが へりにくい
romdata/DT/DT_ALL.FBC.z	DT_ARP_TYPE.FBC/dt_ARP_TYPE.txtbin	36	cp932	重
romdata/DT/DT_ALL.FBC.z	DT_ARP_TYPE.FBC/dt_ARP_TYPE.txtbin	37	cp932	о重:おなかが へりやすい
romdata/DT/DT_ALL.FBC.z	DT_ARP_TYPE.FBC/dt_ARP_TYPE.txtbin	39	cp932	盗
romdata/DT/DT_ALL.FBC.z	DT_ARP_TYPE.FBC/dt_ARP_TYPE.txtbin	40	cp932	о盗:ぬすまれない
romdata/DT/DT_ALL.FBC.z	DT_ARP_TYPE.FBC/dt_ARP_TYPE.txtbin	42	cp932	守
romdata/DT/DT_ALL.FBC.z	DT_ARP_TYPE.FBC/dt_ARP_TYPE.txtbin	43	cp932	о守:防御力があがる
romdata/DT/DT_ALL.FBC.z	DT_ARP_TYPE.FBC/dt_ARP_TYPE.txtbin	45	cp932	攻
romdata/DT/DT_ALL.FBC.z	DT_ARP_TYPE.FBC/dt_ARP_TYPE.txtbin	46	cp932	о攻:攻撃力があがる
romdata/DT/DT_ALL.FBC.z	DT_ARP_TYPE.FBC/dt_ARP_TYPE.txtbin	48	cp932	回
romdata/DT/DT_ALL.FBC.z	DT_ARP_TYPE.FBC/dt_ARP_TYPE.txtbin	49	cp932	о回:ＨＰのしぜん回復アップ
romdata/DT/DT_ALL.FBC.z	DT_ARP_TYPE.FBC/dt_ARP_TYPE.txtbin	51	cp932	疲
romdata/DT/DT_ALL.FBC.z	DT_ARP_TYPE.FBC/dt_ARP_TYPE.txtbin	52	cp932	о疲:ＨＰがしぜん回復しない
romdata/DT/DT_ALL.FBC.z	DT_ARP_TYPE.FBC/dt_ARP_TYPE.txtbin	54	cp932	命
romdata/DT/DT_ALL.FBC.z	DT_ARP_TYPE.FBC/dt_ARP_TYPE.txtbin	55	cp932	о命:さいだいＨＰがアップ
romdata/DT/DT_ALL.FBC.z	DT_ARP_TYPE.FBC/dt_ARP_TYPE.txtbin	57	cp932	技
romdata/DT/DT_ALL.FBC.z	DT_ARP_TYPE.FBC/dt_ARP_TYPE.txtbin	58	cp932	о技:ＳＰのしぜん回復アップ
romdata/DT/DT_ALL.FBC.z	DT_ARP_TYPE.FBC/dt_ARP_TYPE.txtbin	60	cp932	未
romdata/DT/DT_ALL.FBC.z	DT_ARP_TYPE.FBC/dt_ARP_TYPE.txtbin	61	cp932	о未:ＳＰがしぜん回復しない
romdata/DT/DT_ALL.FBC.z	DT_ARP_TYPE.FBC/dt_ARP_TYPE.txtbin	63	cp932	静
romdata/DT/DT_ALL.FBC.z	DT_ARP_TYPE.FBC/dt_ARP_TYPE.txtbin	64	cp932	о静:てきを おこさず歩ける
romdata/DT/DT_ALL.FBC.z	DT_ARP_TYPE.FBC/dt_ARP_TYPE.txtbin	66	cp932	罠
romdata/DT/DT_ALL.FBC.z	DT_ARP_TYPE.FBC/dt_ARP_TYPE.txtbin	67	cp932	оワ┼:ワナ をふせぐ
romdata/DT/DT_ALL.FBC.z	DT_ARP_TYPE.FBC/dt_ARP_TYPE.txtbin	69	cp932	必
romdata/DT/DT_ALL.FBC.z	DT_ARP_TYPE.FBC/dt_ARP_TYPE.txtbin	70	cp932	о必:クリティカルアップ
romdata/DT/DT_ALL.FBC.z	DT_ARP_TYPE.FBC/dt_ARP_TYPE.txtbin	72	cp932	避
romdata/DT/DT_ALL.FBC.z	DT_ARP_TYPE.FBC/dt_ARP_TYPE.txtbin	73	cp932	о避:かいひりつアップ
romdata/DT/DT_ALL.FBC.z	DT_ARP_TYPE.FBC/dt_ARP_TYPE.txtbin	75	cp932	見
romdata/DT/DT_ALL.FBC.z	DT_ARP_TYPE.FBC/dt_ARP_TYPE.txtbin	76	cp932	о見:てきの場所が わかる
romdata/DT/DT_ALL.FBC.z	DT_ARP_TYPE.FBC/dt_ARP_TYPE.txtbin	78	cp932	地
romdata/DT/DT_ALL.FBC.z	DT_ARP_TYPE.FBC/dt_ARP_TYPE.txtbin	79	cp932	о地:フロアのようすが わかる
romdata/DT/DT_ALL.FBC.z	DT_ARP_TYPE.FBC/dt_ARP_TYPE.txtbin	81	cp932	覚
romdata/DT/DT_ALL.FBC.z	DT_ARP_TYPE.FBC/dt_ARP_TYPE.txtbin	82	cp932	о覚:ミニマップを 忘れない
romdata/DT/DT_ALL.FBC.z	DT_ARP_TYPE.FBC/dt_ARP_TYPE.txtbin	84	cp932	識
romdata/DT/DT_ALL.FBC.z	DT_ARP_TYPE.FBC/dt_ARP_TYPE.txtbin	85	cp932	о識:ひろうアイテムを鑑定する
romdata/DT/DT_ALL.FBC.z	DT_ARP_TYPE.FBC/dt_ARP_TYPE.txtbin	87	cp932	遠
romdata/DT/DT_ALL.FBC.z	DT_ARP_TYPE.FBC/dt_ARP_TYPE.txtbin	88	cp932	о遠:アイテムを遠くまで ける
romdata/DT/DT_ALL.FBC.z	DT_ARP_TYPE.FBC/dt_ARP_TYPE.txtbin	90	cp932	火
romdata/DT/DT_ALL.FBC.z	DT_ARP_TYPE.FBC/dt_ARP_TYPE.txtbin	91	cp932	о火:火ぞくせい で攻撃する
romdata/DT/DT_ALL.FBC.z	DT_ARP_TYPE.FBC/dt_ARP_TYPE.txtbin	93	cp932	火
romdata/DT/DT_ALL.FBC.z	DT_ARP_TYPE.FBC/dt_ARP_TYPE.txtbin	94	cp932	о火:火ぞくせい につよい
romdata/DT/DT_ALL.FBC.z	DT_ARP_TYPE.FBC/dt_ARP_TYPE.txtbin	96	cp932	水
romdata/DT/DT_ALL.FBC.z	DT_ARP_TYPE.FBC/dt_ARP_TYPE.txtbin	97	cp932	о水:水ぞくせい で攻撃する
romdata/DT/DT_ALL.FBC.z	DT_ARP_TYPE.FBC/dt_ARP_TYPE.txtbin	99	cp932	水
romdata/DT/DT_ALL.FBC.z	DT_ARP_TYPE.FBC/dt_ARP_TYPE.txtbin	100	cp932	о水:水ぞくせい につよい
romdata/DT/DT_ALL.FBC.z	DT_ARP_TYPE.FBC/dt_ARP_TYPE.txtbin	102	cp932	氷
romdata/DT/DT_ALL.FBC.z	DT_ARP_TYPE.FBC/dt_ARP_TYPE.txtbin	103	cp932	о氷:氷ぞくせい で攻撃する
romdata/DT/DT_ALL.FBC.z	DT_ARP_TYPE.FBC/dt_ARP_TYPE.txtbin	105	cp932	氷
romdata/DT/DT_ALL.FBC.z	DT_ARP_TYPE.FBC/dt_ARP_TYPE.txtbin	106	cp932	о氷:氷ぞくせい につよい
romdata/DT/DT_ALL.FBC.z	DT_ARP_TYPE.FBC/dt_ARP_TYPE.txtbin	108	cp932	雷
romdata/DT/DT_ALL.FBC.z	DT_ARP_TYPE.FBC/dt_ARP_TYPE.txtbin	109	cp932	о雷:雷ぞくせい で攻撃する
romdata/DT/DT_ALL.FBC.z	DT_ARP_TYPE.FBC/dt_ARP_TYPE.txtbin	111	cp932	雷
romdata/DT/DT_ALL.FBC.z	DT_ARP_TYPE.FBC/dt_ARP_TYPE.txtbin	112	cp932	о雷:雷ぞくせい につよい
romdata/DT/DT_ALL.FBC.z	DT_ARP_TYPE.FBC/dt_ARP_TYPE.txtbin	114	cp932	土
romdata/DT/DT_ALL.FBC.z	DT_ARP_TYPE.FBC/dt_ARP_TYPE.txtbin	115	cp932	о土:土ぞくせい で攻撃する
romdata/DT/DT_ALL.FBC.z	DT_ARP_TYPE.FBC/dt_ARP_TYPE.txtbin	117	cp932	土
romdata/DT/DT_ALL.FBC.z	DT_ARP_TYPE.FBC/dt_ARP_TYPE.txtbin	118	cp932	о土:土ぞくせい につよい
romdata/DT/DT_ALL.FBC.z	DT_ARP_TYPE.FBC/dt_ARP_TYPE.txtbin	120	cp932	光
romdata/DT/DT_ALL.FBC.z	DT_ARP_TYPE.FBC/dt_ARP_TYPE.txtbin	121	cp932	о光:光ぞくせい で攻撃する
romdata/DT/DT_ALL.FBC.z	DT_ARP_TYPE.FBC/dt_ARP_TYPE.txtbin	123	cp932	光
romdata/DT/DT_ALL.FBC.z	DT_ARP_TYPE.FBC/dt_ARP_TYPE.txtbin	124	cp932	о光:光ぞくせい につよい
romdata/DT/DT_ALL.FBC.z	DT_ARP_TYPE.FBC/dt_ARP_TYPE.txtbin	126	cp932	無
romdata/DT/DT_ALL.FBC.z	DT_ARP_TYPE.FBC/dt_ARP_TYPE.txtbin	127	cp932	о無:ぞくせい なし
romdata/DT/DT_ALL.FBC.z	DT_ARP_TYPE.FBC/dt_ARP_TYPE.txtbin	129	cp932	リ
romdata/DT/DT_ALL.FBC.z	DT_ARP_TYPE.FBC/dt_ARP_TYPE.txtbin	130	cp932	о┼リ┼:全ての悪いこうか をふせぐ
romdata/DT/DT_ALL.FBC.z	DT_ARP_TYPE.FBC/dt_ARP_TYPE.txtbin	132	cp932	毒
romdata/DT/DT_ALL.FBC.z	DT_ARP_TYPE.FBC/dt_ARP_TYPE.txtbin	133	cp932	о毒:たまに どく にする
romdata/DT/DT_ALL.FBC.z	DT_ARP_TYPE.FBC/dt_ARP_TYPE.txtbin	135	cp932	毒
romdata/DT/DT_ALL.FBC.z	DT_ARP_TYPE.FBC/dt_ARP_TYPE.txtbin	136	cp932	о毒:どく をふせぐ
romdata/DT/DT_ALL.FBC.z	DT_ARP_TYPE.FBC/dt_ARP_TYPE.txtbin	138	cp932	毒
romdata/DT/DT_ALL.FBC.z	DT_ARP_TYPE.FBC/dt_ARP_TYPE.txtbin	139	cp932	о毒:どく になる
romdata/DT/DT_ALL.FBC.z	DT_ARP_TYPE.FBC/dt_ARP_TYPE.txtbin	141	cp932	眠
romdata/DT/DT_ALL.FBC.z	DT_ARP_TYPE.FBC/dt_ARP_TYPE.txtbin	142	cp932	о眠:たまに 眠り にする
romdata/DT/DT_ALL.FBC.z	DT_ARP_TYPE.FBC/dt_ARP_TYPE.txtbin	144	cp932	眠
romdata/DT/DT_ALL.FBC.z	DT_ARP_TYPE.FBC/dt_ARP_TYPE.txtbin	145	cp932	о眠:眠り をふせぐ
romdata/DT/DT_ALL.FBC.z	DT_ARP_TYPE.FBC/dt_ARP_TYPE.txtbin	147	cp932	眠
romdata/DT/DT_ALL.FBC.z	DT_ARP_TYPE.FBC/dt_ARP_TYPE.txtbin	148	cp932	о眠:眠り になる
romdata/DT/DT_ALL.FBC.z	DT_ARP_TYPE.FBC/dt_ARP_TYPE.txtbin	150	cp932	黙
romdata/DT/DT_ALL.FBC.z	DT_ARP_TYPE.FBC/dt_ARP_TYPE.txtbin	151	cp932	о黙:たまに ちんもく にする
romdata/DT/DT_ALL.FBC.z	DT_ARP_TYPE.FBC/dt_ARP_TYPE.txtbin	153	cp932	黙
romdata/DT/DT_ALL.FBC.z	DT_ARP_TYPE.FBC/dt_ARP_TYPE.txtbin	154	cp932	о黙:ちんもく をふせぐ
romdata/DT/DT_ALL.FBC.z	DT_ARP_TYPE.FBC/dt_ARP_TYPE.txtbin	156	cp932	封
romdata/DT/DT_ALL.FBC.z	DT_ARP_TYPE.FBC/dt_ARP_TYPE.txtbin	157	cp932	о封:ちんもく になる
romdata/DT/DT_ALL.FBC.z	DT_ARP_TYPE.FBC/dt_ARP_TYPE.txtbin	159	cp932	暗
romdata/DT/DT_ALL.FBC.z	DT_ARP_TYPE.FBC/dt_ARP_TYPE.txtbin	160	cp932	о暗:たまに くらやみ にする
romdata/DT/DT_ALL.FBC.z	DT_ARP_TYPE.FBC/dt_ARP_TYPE.txtbin	162	cp932	暗
romdata/DT/DT_ALL.FBC.z	DT_ARP_TYPE.FBC/dt_ARP_TYPE.txtbin	163	cp932	о暗:くらやみ をふせぐ
romdata/DT/DT_ALL.FBC.z	DT_ARP_TYPE.FBC/dt_ARP_TYPE.txtbin	165	cp932	暗
romdata/DT/DT_ALL.FBC.z	DT_ARP_TYPE.FBC/dt_ARP_TYPE.txtbin	166	cp932	о暗:くらやみ になる
romdata/DT/DT_ALL.FBC.z	DT_ARP_TYPE.FBC/dt_ARP_TYPE.txtbin	168	cp932	乱
romdata/DT/DT_ALL.FBC.z	DT_ARP_TYPE.FBC/dt_ARP_TYPE.txtbin	169	cp932	о乱:たまに こんらん にする
romdata/DT/DT_ALL.FBC.z	DT_ARP_TYPE.FBC/dt_ARP_TYPE.txtbin	171	cp932	乱
romdata/DT/DT_ALL.FBC.z	DT_ARP_TYPE.FBC/dt_ARP_TYPE.txtbin	172	cp932	о乱:こんらん をふせぐ
romdata/DT/DT_ALL.FBC.z	DT_ARP_TYPE.FBC/dt_ARP_TYPE.txtbin	174	cp932	乱
romdata/DT/DT_ALL.FBC.z	DT_ARP_TYPE.FBC/dt_ARP_TYPE.txtbin	175	cp932	о乱:こんらん になる
romdata/DT/DT_ALL.FBC.z	DT_ARP_TYPE.FBC/dt_ARP_TYPE.txtbin	177	cp932	歩
romdata/DT/DT_ALL.FBC.z	DT_ARP_TYPE.FBC/dt_ARP_TYPE.txtbin	178	cp932	о歩:たまに ドンムブ にする
romdata/DT/DT_ALL.FBC.z	DT_ARP_TYPE.FBC/dt_ARP_TYPE.txtbin	180	cp932	歩
romdata/DT/DT_ALL.FBC.z	DT_ARP_TYPE.FBC/dt_ARP_TYPE.txtbin	181	cp932	о歩:ドンムブ をふせぐ
romdata/DT/DT_ALL.FBC.z	DT_ARP_TYPE.FBC/dt_ARP_TYPE.txtbin	183	cp932	歩
romdata/DT/DT_ALL.FBC.z	DT_ARP_TYPE.FBC/dt_ARP_TYPE.txtbin	184	cp932	о歩:ドンムブに なる
romdata/DT/DT_ALL.FBC.z	DT_ARP_TYPE.FBC/dt_ARP_TYPE.txtbin	186	cp932	遅
romdata/DT/DT_ALL.FBC.z	DT_ARP_TYPE.FBC/dt_ARP_TYPE.txtbin	187	cp932	о遅:たまに スロウ にする
romdata/DT/DT_ALL.FBC.z	DT_ARP_TYPE.FBC/dt_ARP_TYPE.txtbin	189	cp932	遅
romdata/DT/DT_ALL.FBC.z	DT_ARP_TYPE.FBC/dt_ARP_TYPE.txtbin	190	cp932	о遅:スロウ をふせぐ
romdata/DT/DT_ALL.FBC.z	DT_ARP_TYPE.FBC/dt_ARP_TYPE.txtbin	192	cp932	牛
romdata/DT/DT_ALL.FBC.z	DT_ARP_TYPE.FBC/dt_ARP_TYPE.txtbin	193	cp932	о牛:スロウ になる
romdata/DT/DT_ALL.FBC.z	DT_ARP_TYPE.FBC/dt_ARP_TYPE.txtbin	195	cp932	速
romdata/DT/DT_ALL.FBC.z	DT_ARP_TYPE.FBC/dt_ARP_TYPE.txtbin	196	cp932	о速:ヘイスト をふせぐ
romdata/DT/DT_ALL.FBC.z	DT_ARP_TYPE.FBC/dt_ARP_TYPE.txtbin	198	cp932	速
romdata/DT/DT_ALL.FBC.z	DT_ARP_TYPE.FBC/dt_ARP_TYPE.txtbin	199	cp932	о速:ヘイスト になる
romdata/DT/DT_ALL.FBC.z	DT_ARP_TYPE.FBC/dt_ARP_TYPE.txtbin	201	cp932	鋼
romdata/DT/DT_ALL.FBC.z	DT_ARP_TYPE.FBC/dt_ARP_TYPE.txtbin	202	cp932	о鋼:プロテス になる
romdata/DT/DT_ALL.FBC.z	DT_ARP_TYPE.FBC/dt_ARP_TYPE.txtbin	204	cp932	殻
romdata/DT/DT_ALL.FBC.z	DT_ARP_TYPE.FBC/dt_ARP_TYPE.txtbin	205	cp932	о殻:シェル になる
romdata/DT/DT_ALL.FBC.z	DT_ARP_TYPE.FBC/dt_ARP_TYPE.txtbin	207	cp932	再
romdata/DT/DT_ALL.FBC.z	DT_ARP_TYPE.FBC/dt_ARP_TYPE.txtbin	208	cp932	о再:リレイズ になる
romdata/DT/DT_ALL.FBC.z	DT_ARP_TYPE.FBC/dt_ARP_TYPE.txtbin	210	cp932	停
romdata/DT/DT_ALL.FBC.z	DT_ARP_TYPE.FBC/dt_ARP_TYPE.txtbin	211	cp932	о停:たまに スタン にする
romdata/DT/DT_ALL.FBC.z	DT_ARP_TYPE.FBC/dt_ARP_TYPE.txtbin	213	cp932	停
romdata/DT/DT_ALL.FBC.z	DT_ARP_TYPE.FBC/dt_ARP_TYPE.txtbin	214	cp932	о停:スタン をふせぐ
romdata/DT/DT_ALL.FBC.z	DT_ARP_TYPE.FBC/dt_ARP_TYPE.txtbin	216	cp932	退
romdata/DT/DT_ALL.FBC.z	DT_ARP_TYPE.FBC/dt_ARP_TYPE.txtbin	217	cp932	о退:ノックバック をふせぐ
romdata/DT/DT_ALL.FBC.z	DT_ARP_TYPE.FBC/dt_ARP_TYPE.txtbin	219	cp932	死
romdata/DT/DT_ALL.FBC.z	DT_ARP_TYPE.FBC/dt_ARP_TYPE.txtbin	220	cp932	о死:アンデッド につよい
romdata/DT/DT_ALL.FBC.z	DT_ARP_TYPE.FBC/dt_ARP_TYPE.txtbin	222	cp932	竜
romdata/DT/DT_ALL.FBC.z	DT_ARP_TYPE.FBC/dt_ARP_TYPE.txtbin	223	cp932	о竜:竜族 につよい
romdata/DT/DT_ALL.FBC.z	DT_ARP_TYPE.FBC/dt_ARP_TYPE.txtbin	225	cp932	飛
romdata/DT/DT_ALL.FBC.z	DT_ARP_TYPE.FBC/dt_ARP_TYPE.txtbin	226	cp932	о飛:飛んでいるてき につよい
romdata/DT/DT_ALL.FBC.z	DT_ARP_TYPE.FBC/dt_ARP_TYPE.txtbin	228	cp932	巨
romdata/DT/DT_ALL.FBC.z	DT_ARP_TYPE.FBC/dt_ARP_TYPE.txtbin	229	cp932	о巨:巨人族 につよい
romdata/DT/DT_ALL.FBC.z	DT_ARP_TYPE.FBC/dt_ARP_TYPE.txtbin	231	cp932	魔
romdata/DT/DT_ALL.FBC.z	DT_ARP_TYPE.FBC/dt_ARP_TYPE.txtbin	232	cp932	о魔:悪魔族 につよい
romdata/DT/DT_ALL.FBC.z	DT_ARP_TYPE.FBC/dt_ARP_TYPE.txtbin	234	cp932	精
romdata/DT/DT_ALL.FBC.z	DT_ARP_TYPE.FBC/dt_ARP_TYPE.txtbin	235	cp932	о精:エレメンタル族 につよい
romdata/DT/DT_ALL.FBC.z	DT_ARP_TYPE.FBC/dt_ARP_TYPE.txtbin	237	cp932	退
romdata/DT/DT_ALL.FBC.z	DT_ARP_TYPE.FBC/dt_ARP_TYPE.txtbin	240	cp932	速
romdata/DT/DT_ALL.FBC.z	DT_ARP_TYPE.FBC/dt_ARP_TYPE.txtbin	243	cp932	鋼
romdata/DT/DT_ALL.FBC.z	DT_ARP_TYPE.FBC/dt_ARP_TYPE.txtbin	246	cp932	鋼
romdata/DT/DT_ALL.FBC.z	DT_ARP_TYPE.FBC/dt_ARP_TYPE.txtbin	249	cp932	殻
romdata/DT/DT_ALL.FBC.z	DT_ARP_TYPE.FBC/dt_ARP_TYPE.txtbin	252	cp932	殻
romdata/DT/DT_ALL.FBC.z	DT_ARP_TYPE.FBC/dt_ARP_TYPE.txtbin	255	cp932	殻
romdata/DT/DT_ALL.FBC.z	DT_ARP_TYPE.FBC/dt_ARP_TYPE.txtbin	258	cp932	殻
romdata/DT/DT_ALL.FBC.z	DT_ARP_TYPE.FBC/dt_ARP_TYPE.txtbin	261	cp932	殻
romdata/DT/DT_ALL.FBC.z	DT_ARP_TYPE.FBC/dt_ARP_TYPE.txtbin	264	cp932	再
romdata/DT/DT_ALL.FBC.z	DT_ARP_TYPE.FBC/dt_ARP_TYPE.txtbin	267	cp932	再
romdata/DT/DT_ALL.FBC.z	DT_ARP_TYPE.FBC/dt_ARP_TYPE.txtbin	270	cp932	恨
romdata/DT/DT_ALL.FBC.z	DT_ARP_TYPE.FBC/dt_ARP_TYPE.txtbin	273	cp932	反
romdata/DT/DT_ALL.FBC.z	DT_ARP_TYPE.FBC/dt_ARP_TYPE.txtbin	276	cp932	削
romdata/DT/DT_ALL.FBC.z	DT_ARP_TYPE.FBC/dt_ARP_TYPE.txtbin	279	cp932	不
romdata/DT/DT_ALL.FBC.z	DT_ARP_TYPE.FBC/dt_ARP_TYPE.txtbin	282	cp932	不
romdata/DT/DT_ALL.FBC.z	DT_ARP_TYPE.FBC/dt_ARP_TYPE.txtbin	285	cp932	不
romdata/DT/DT_ALL.FBC.z	DT_ARP_TYPE.FBC/dt_ARP_TYPE.txtbin	288	cp932	怒
romdata/DT/DT_ALL.FBC.z	DT_ARP_TYPE.FBC/dt_ARP_TYPE.txtbin	291	cp932	怒
romdata/DT/DT_ALL.FBC.z	DT_ARP_TYPE.FBC/dt_ARP_TYPE.txtbin	294	cp932	怒
romdata/DT/DT_ALL.FBC.z	DT_ARP_TYPE.FBC/dt_ARP_TYPE.txtbin	297	cp932	貫
romdata/DT/DT_ALL.FBC.z	DT_ARP_TYPE.FBC/dt_ARP_TYPE.txtbin	298	cp932	о貫:てきをつらぬいて攻撃
romdata/DT/DT_ALL.FBC.z	DT_ARP_TYPE.FBC/dt_ARP_TYPE.txtbin	300	cp932	爆
romdata/DT/DT_ALL.FBC.z	DT_ARP_TYPE.FBC/dt_ARP_TYPE.txtbin	301	cp932	о爆:命中したところで爆発する
romdata/DT/DT_ALL.FBC.z	DT_ARP_TYPE.FBC/dt_ARP_TYPE.txtbin	303	cp932	ギ
romdata/DT/DT_ALL.FBC.z	DT_ARP_TYPE.FBC/dt_ARP_TYPE.txtbin	304	cp932	оギ┼:遠くのてきを攻撃できる
romdata/DT/DT_ALL.FBC.z	DT_ARP_TYPE.FBC/dt_ARP_TYPE.txtbin	306	cp932	亡
romdata/DT/DT_ALL.FBC.z	DT_ARP_TYPE.FBC/dt_ARP_TYPE.txtbin	309	cp932	亡
romdata/DT/DT_ALL.FBC.z	DT_ARP_TYPE.FBC/dt_ARP_TYPE.txtbin	312	cp932	亡
romdata/DT/DT_ALL.FBC.z	DT_DGN_CMN.FBC/dt_DGN_CMN.txtbin	1	cp932	砂漠の塔
romdata/DT/DT_ALL.FBC.z	DT_DGN_CMN.FBC/dt_DGN_CMN.txtbin	3	cp932	謎の迷宮
romdata/DT/DT_ALL.FBC.z	DT_DGN_CMN.FBC/dt_DGN_CMN.txtbin	5	cp932	炎の守護者
romdata/DT/DT_ALL.FBC.z	DT_DGN_CMN.FBC/dt_DGN_CMN.txtbin	7	cp932	水の守護者
romdata/DT/DT_ALL.FBC.z	DT_DGN_CMN.FBC/dt_DGN_CMN.txtbin	9	cp932	光の守護者
romdata/DT/DT_ALL.FBC.z	DT_DGN_CMN.FBC/dt_DGN_CMN.txtbin	11	cp932	闇の守護者
romdata/DT/DT_ALL.FBC.z	DT_DGN_CMN.FBC/dt_DGN_CMN.txtbin	13	cp932	チョコボの思い出
romdata/DT/DT_ALL.FBC.z	DT_DGN_CMN.FBC/dt_DGN_CMN.txtbin	15	cp932	古代の遺跡
romdata/DT/DT_ALL.FBC.z	DT_DGN_CMN.FBC/dt_DGN_CMN.txtbin	17	cp932	ゲイル市長の記憶
romdata/DT/DT_ALL.FBC.z	DT_DGN_CMN.FBC/dt_DGN_CMN.txtbin	19	cp932	シドの記憶
romdata/DT/DT_ALL.FBC.z	DT_DGN_CMN.FBC/dt_DGN_CMN.txtbin	21	cp932	フレイアの記憶
romdata/DT/DT_ALL.FBC.z	DT_DGN_CMN.FBC/dt_DGN_CMN.txtbin	23	cp932	メーアの記憶
romdata/DT/DT_ALL.FBC.z	DT_DGN_CMN.FBC/dt_DGN_CMN.txtbin	25	cp932	シロマの記憶
romdata/DT/DT_ALL.FBC.z	DT_DGN_CMN.FBC/dt_DGN_CMN.txtbin	27	cp932	ハリーの記憶
romdata/DT/DT_ALL.FBC.z	DT_DGN_CMN.FBC/dt_DGN_CMN.txtbin	29	cp932	シャルロットの記憶
romdata/DT/DT_ALL.FBC.z	DT_DGN_CMN.FBC/dt_DGN_CMN.txtbin	31	cp932	フローラの記憶
romdata/DT/DT_ALL.FBC.z	DT_DGN_CMN.FBC/dt_DGN_CMN.txtbin	33	cp932	マリスの記憶
romdata/DT/DT_ALL.FBC.z	DT_DGN_CMN.FBC/dt_DGN_CMN.txtbin	35	cp932	ロディの記憶
romdata/DT/DT_ALL.FBC.z	DT_DGN_CMN.FBC/dt_DGN_CMN.txtbin	37	cp932	クレアの記憶
romdata/DT/DT_ALL.FBC.z	DT_DGN_CMN.FBC/dt_DGN_CMN.txtbin	39	cp932	ヴォルグの記憶
romdata/DT/DT_ALL.FBC.z	DT_DGN_CMN.FBC/dt_DGN_CMN.txtbin	41	cp932	ローチェ神父の記憶
romdata/DT/DT_ALL.FBC.z	DT_DGN_CMN.FBC/dt_DGN_CMN.txtbin	43	cp932	メディットの記憶
romdata/DT/DT_ALL.FBC.z	DT_DGN_CMN.FBC/dt_DGN_CMN.txtbin	45	cp932	ステラの記憶
romdata/DT/DT_ALL.FBC.z	DT_DGN_CMN.FBC/dt_DGN_CMN.txtbin	47	cp932	アムーリの記憶
romdata/DT/DT_ALL.FBC.z	DT_DGN_CMN.FBC/dt_DGN_CMN.txtbin	49	cp932	ダードラーの記憶
romdata/DT/DT_ALL.FBC.z	DT_DGN_CMN.FBC/dt_DGN_CMN.txtbin	51	cp932	クロマの記憶
romdata/DT/DT_ALL.FBC.z	DT_DGN_CMN.FBC/dt_DGN_CMN.txtbin	53	cp932	転生の炎
romdata/DT/DT_ALL.FBC.z	DT_DGN_CMN.FBC/dt_DGN_CMN.txtbin	55	cp932	大海原の主
romdata/DT/DT_ALL.FBC.z	DT_DGN_CMN.FBC/dt_DGN_CMN.txtbin	57	cp932	聖なる審判
romdata/DT/DT_ALL.FBC.z	DT_DGN_CMN.FBC/dt_DGN_CMN.txtbin	59	cp932	偉大なる竜王
romdata/DT/DT_ALL.FBC.z	DT_DGN_CMN.FBC/dt_DGN_CMN.txtbin	61	cp932	炎と氷
romdata/DT/DT_ALL.FBC.z	DT_DGN_CMN.FBC/dt_DGN_CMN.txtbin	63	cp932	ダンジョンオブヒーロー！
romdata/DT/DT_ALL.FBC.z	DT_DGN_CMN.FBC/dt_DGN_CMN.txtbin	65	cp932	不思議なダンジョン
romdata/DT/DT_ALL.FBC.z	DT_DGN_CMN.FBC/dt_DGN_CMN.txtbin	67	cp932	テスト
romdata/DT/DT_ALL.FBC.z	DT_DGN_CMN.FBC/dt_DGN_CMN.txtbin	69	cp932	デュエルルーム
romdata/DT/DT_ALL.FBC.z	DT_DGN_CMN.FBC/dt_DGN_CMN.txtbin	71	cp932	ダンジョンショップ
romdata/DT/DT_ALL.FBC.z	DT_DGN_CMN.FBC/dt_DGN_CMN.txtbin	73	cp932	大部屋
romdata/DT/DT_ALL.FBC.z	DT_DGN_CMN_OBJ.FBC/dt_DGN_CMN_OBJ.txtbin	1	cp932	ジョブチェンジクリスタル
romdata/DT/DT_ALL.FBC.z	DT_DGN_CMN_OBJ.FBC/dt_DGN_CMN_OBJ.txtbin	3	cp932	ジョブチェンジパネル
romdata/DT/DT_ALL.FBC.z	DT_DGN_CMN_OBJ.FBC/dt_DGN_CMN_OBJ.txtbin	9	cp932	モノリス
romdata/DT/DT_ALL.FBC.z	DT_DGN_CMN_OBJ.FBC/dt_DGN_CMN_OBJ.txtbin	11	cp932	転送装置
romdata/DT/DT_ALL.FBC.z	DT_DGN_CMN_OBJ.FBC/dt_DGN_CMN_OBJ.txtbin	13	cp932	炎の扉
romdata/DT/DT_ALL.FBC.z	DT_DGN_CMN_OBJ.FBC/dt_DGN_CMN_OBJ.txtbin	15	cp932	水の扉
romdata/DT/DT_ALL.FBC.z	DT_DGN_CMN_OBJ.FBC/dt_DGN_CMN_OBJ.txtbin	17	cp932	水晶の扉
romdata/DT/DT_ALL.FBC.z	DT_DGN_CMN_OBJ.FBC/dt_DGN_CMN_OBJ.txtbin	19	cp932	パズルの扉
romdata/DT/DT_ALL.FBC.z	DT_DGN_CMN_OBJ.FBC/dt_DGN_CMN_OBJ.txtbin	21	cp932	※削除しました
romdata/DT/DT_ALL.FBC.z	DT_DGN_CMN_OBJ.FBC/dt_DGN_CMN_OBJ.txtbin	23	cp932	水晶の扉のパーツ1
romdata/DT/DT_ALL.FBC.z	DT_DGN_CMN_OBJ.FBC/dt_DGN_CMN_OBJ.txtbin	25	cp932	水晶の扉のパーツ2
romdata/DT/DT_ALL.FBC.z	DT_DGN_CMN_OBJ.FBC/dt_DGN_CMN_OBJ.txtbin	27	cp932	書棚
romdata/DT/DT_ALL.FBC.z	DT_DGN_CMN_OBJ.FBC/dt_DGN_CMN_OBJ.txtbin	29	cp932	テーブル
romdata/DT/DT_ALL.FBC.z	DT_DGN_CMN_OBJ.FBC/dt_DGN_CMN_OBJ.txtbin	31	cp932	ロッカー
romdata/DT/DT_ALL.FBC.z	DT_DGN_CMN_OBJ.FBC/dt_DGN_CMN_OBJ.txtbin	33	cp932	コンソール
romdata/DT/DT_ALL.FBC.z	DT_DGN_CMN_OBJ.FBC/dt_DGN_CMN_OBJ.txtbin	35	cp932	フレーム
romdata/DT/DT_ALL.FBC.z	DT_DGN_CMN_OBJ.FBC/dt_DGN_CMN_OBJ.txtbin	37	cp932	ウィング
romdata/DT/DT_ALL.FBC.z	DT_DGN_CMN_OBJ.FBC/dt_DGN_CMN_OBJ.txtbin	39	cp932	エンジン
romdata/DT/DT_ALL.FBC.z	DT_DGN_CMN_OBJ.FBC/dt_DGN_CMN_OBJ.txtbin	41	cp932	オメガの目
romdata/DT/DT_ALL.FBC.z	DT_DGN_CMN_OBJ.FBC/dt_DGN_CMN_OBJ.txtbin	43	cp932	モーグリ
romdata/DT/DT_ALL.FBC.z	DT_DGN_CMN_OBJ.FBC/dt_DGN_CMN_OBJ.txtbin	45	cp932	ショップ
romdata/DT/DT_ALL.FBC.z	DT_DGN_CMN_OBJ.FBC/dt_DGN_CMN_OBJ.txtbin	47	cp932	ショップの箱
romdata/DT/DT_ALL.FBC.z	DT_DGN_CMN_OBJ.FBC/dt_DGN_CMN_OBJ.txtbin	49	cp932	α-24
romdata/DT/DT_ALL.FBC.z	DT_DGN_CMN_OBJ.FBC/dt_DGN_CMN_OBJ.txtbin	51	cp932	炎の守護者の繭
romdata/DT/DT_ALL.FBC.z	DT_DGN_CMN_OBJ.FBC/dt_DGN_CMN_OBJ.txtbin	53	cp932	炎の守護者の繭(割れ)
romdata/DT/DT_ALL.FBC.z	DT_DGN_CMN_OBJ.FBC/dt_DGN_CMN_OBJ.txtbin	55	cp932	水の守護者の繭
romdata/DT/DT_ALL.FBC.z	DT_DGN_CMN_OBJ.FBC/dt_DGN_CMN_OBJ.txtbin	57	cp932	水の守護者の繭(割れ)
romdata/DT/DT_ALL.FBC.z	DT_DGN_CMN_OBJ.FBC/dt_DGN_CMN_OBJ.txtbin	59	cp932	光の守護者の繭
romdata/DT/DT_ALL.FBC.z	DT_DGN_CMN_OBJ.FBC/dt_DGN_CMN_OBJ.txtbin	61	cp932	光の守護者の繭(割れ)
romdata/DT/DT_ALL.FBC.z	DT_DGN_CMN_OBJ.FBC/dt_DGN_CMN_OBJ.txtbin	63	cp932	古代の遺跡98Fの門(中央)
romdata/DT/DT_ALL.FBC.z	DT_DGN_CMN_OBJ.FBC/dt_DGN_CMN_OBJ.txtbin	65	cp932	古代の遺跡98Fの門(左)
romdata/DT/DT_ALL.FBC.z	DT_DGN_CMN_OBJ.FBC/dt_DGN_CMN_OBJ.txtbin	67	cp932	古代の遺跡98Fの門(右)
romdata/DT/DT_ALL.FBC.z	DT_DGN_CMN_OBJ.FBC/dt_DGN_CMN_OBJ.txtbin	69	cp932	クロマの杖
romdata/DT/DT_ALL.FBC.z	DT_DGN_CMN_OBJ.FBC/dt_DGN_CMN_OBJ.txtbin	71	cp932	ショップの箱のエフェクト
romdata/DT/DT_ALL.FBC.z	DT_DGN_CMN_TRA.FBC/dt_DGN_CMN_TRA.txtbin	1	cp932	スチーム
romdata/DT/DT_ALL.FBC.z	DT_DGN_CMN_TRA.FBC/dt_DGN_CMN_TRA.txtbin	3	cp932	地雷
romdata/DT/DT_ALL.FBC.z	DT_DGN_CMN_TRA.FBC/dt_DGN_CMN_TRA.txtbin	5	cp932	大地雷
romdata/DT/DT_ALL.FBC.z	DT_DGN_CMN_TRA.FBC/dt_DGN_CMN_TRA.txtbin	7	cp932	落石
romdata/DT/DT_ALL.FBC.z	DT_DGN_CMN_TRA.FBC/dt_DGN_CMN_TRA.txtbin	9	cp932	タライ
romdata/DT/DT_ALL.FBC.z	DT_DGN_CMN_TRA.FBC/dt_DGN_CMN_TRA.txtbin	11	cp932	にせ階段
romdata/DT/DT_ALL.FBC.z	DT_DGN_CMN_TRA.FBC/dt_DGN_CMN_TRA.txtbin	13	cp932	落とし穴
romdata/DT/DT_ALL.FBC.z	DT_DGN_CMN_TRA.FBC/dt_DGN_CMN_TRA.txtbin	15	cp932	バネ
romdata/DT/DT_ALL.FBC.z	DT_DGN_CMN_TRA.FBC/dt_DGN_CMN_TRA.txtbin	17	cp932	ジョブチェンジ
romdata/DT/DT_ALL.FBC.z	DT_DGN_CMN_TRA.FBC/dt_DGN_CMN_TRA.txtbin	19	cp932	ワープ
romdata/DT/DT_ALL.FBC.z	DT_DGN_CMN_TRA.FBC/dt_DGN_CMN_TRA.txtbin	21	cp932	けいほう
romdata/DT/DT_ALL.FBC.z	DT_DGN_CMN_TRA.FBC/dt_DGN_CMN_TRA.txtbin	23	cp932	よびよせ
romdata/DT/DT_ALL.FBC.z	DT_DGN_CMN_TRA.FBC/dt_DGN_CMN_TRA.txtbin	25	cp932	呪い
romdata/DT/DT_ALL.FBC.z	DT_DGN_CMN_TRA.FBC/dt_DGN_CMN_TRA.txtbin	27	cp932	クサ－ル
romdata/DT/DT_ALL.FBC.z	DT_DGN_CMN_TRA.FBC/dt_DGN_CMN_TRA.txtbin	29	cp932	サビ
romdata/DT/DT_ALL.FBC.z	DT_DGN_CMN_TRA.FBC/dt_DGN_CMN_TRA.txtbin	31	cp932	マップ忘れ
romdata/DT/DT_ALL.FBC.z	DT_DGN_CMN_TRA.FBC/dt_DGN_CMN_TRA.txtbin	33	cp932	ファイア
romdata/DT/DT_ALL.FBC.z	DT_DGN_CMN_TRA.FBC/dt_DGN_CMN_TRA.txtbin	35	cp932	ブリザド
romdata/DT/DT_ALL.FBC.z	DT_DGN_CMN_TRA.FBC/dt_DGN_CMN_TRA.txtbin	37	cp932	サンダー
romdata/DT/DT_ALL.FBC.z	DT_DGN_CMN_TRA.FBC/dt_DGN_CMN_TRA.txtbin	39	cp932	フレア
romdata/DT/DT_ALL.FBC.z	DT_DGN_CMN_TRA.FBC/dt_DGN_CMN_TRA.txtbin	41	cp932	メテオ
romdata/DT/DT_ALL.FBC.z	DT_DGN_CMN_TRA.FBC/dt_DGN_CMN_TRA.txtbin	43	cp932	アスピル
romdata/DT/DT_ALL.FBC.z	DT_DGN_CMN_TRA.FBC/dt_DGN_CMN_TRA.txtbin	45	cp932	ハラペーニャ
romdata/DT/DT_ALL.FBC.z	DT_DGN_CMN_TRA.FBC/dt_DGN_CMN_TRA.txtbin	47	cp932	マンプーク
romdata/DT/DT_ALL.FBC.z	DT_DGN_CMN_TRA.FBC/dt_DGN_CMN_TRA.txtbin	49	cp932	ポイズン
romdata/DT/DT_ALL.FBC.z	DT_DGN_CMN_TRA.FBC/dt_DGN_CMN_TRA.txtbin	51	cp932	ブライン
romdata/DT/DT_ALL.FBC.z	DT_DGN_CMN_TRA.FBC/dt_DGN_CMN_TRA.txtbin	53	cp932	ヘイスト
romdata/DT/DT_ALL.FBC.z	DT_DGN_CMN_TRA.FBC/dt_DGN_CMN_TRA.txtbin	55	cp932	ドンムブ
romdata/DT/DT_ALL.FBC.z	DT_DGN_CMN_TRA.FBC/dt_DGN_CMN_TRA.txtbin	57	cp932	スロウ
romdata/DT/DT_ALL.FBC.z	DT_DGN_CMN_TRA.FBC/dt_DGN_CMN_TRA.txtbin	59	cp932	サイレス
romdata/DT/DT_ALL.FBC.z	DT_DGN_CMN_TRA.FBC/dt_DGN_CMN_TRA.txtbin	61	cp932	スリプル
romdata/DT/DT_ALL.FBC.z	DT_DGN_CMN_TRA.FBC/dt_DGN_CMN_TRA.txtbin	63	cp932	ケアル
romdata/DT/DT_ALL.FBC.z	DT_DGN_CMN_TRA.FBC/dt_DGN_CMN_TRA.txtbin	65	cp932	炎の床
romdata/DT/DT_ALL.FBC.z	DT_DGN_CMN_TRA.FBC/dt_DGN_CMN_TRA.txtbin	67	cp932	氷の床
romdata/DT/DT_ALL.FBC.z	DT_DGN_CMN_TRA.FBC/dt_DGN_CMN_TRA.txtbin	69	cp932	デュエルルーム
romdata/DT/DT_ALL.FBC.z	DT_DGN_CMN_TRA.FBC/dt_DGN_CMN_TRA.txtbin	71	cp932	ダンジョンショップ
romdata/DT/DT_ALL.FBC.z	DT_DGN_CMN_TRA.FBC/dt_DGN_CMN_TRA.txtbin	73	cp932	改造ボックス
romdata/DT/DT_ALL.FBC.z	DT_ENM_CMN.FBC/dt_ENM_CMN.txtbin	1	cp932	バットＳ
romdata/DT/DT_ALL.FBC.z	DT_ENM_CMN.FBC/dt_ENM_CMN.txtbin	3	cp932	スティールバット
romdata/DT/DT_ALL.FBC.z	DT_ENM_CMN.FBC/dt_ENM_CMN.txtbin	5	cp932	ウェアバット
romdata/DT/DT_ALL.FBC.z	DT_ENM_CMN.FBC/dt_ENM_CMN.txtbin	7	cp932	ブラッディバット
romdata/DT/DT_ALL.FBC.z	DT_ENM_CMN.FBC/dt_ENM_CMN.txtbin	9	cp932	ダークスティール
romdata/DT/DT_ALL.FBC.z	DT_ENM_CMN.FBC/dt_ENM_CMN.txtbin	11	cp932	スケルトンＳ
romdata/DT/DT_ALL.FBC.z	DT_ENM_CMN.FBC/dt_ENM_CMN.txtbin	13	cp932	スケルトン
romdata/DT/DT_ALL.FBC.z	DT_ENM_CMN.FBC/dt_ENM_CMN.txtbin	15	cp932	デスナイト
romdata/DT/DT_ALL.FBC.z	DT_ENM_CMN.FBC/dt_ENM_CMN.txtbin	17	cp932	ブラッディボーン
romdata/DT/DT_ALL.FBC.z	DT_ENM_CMN.FBC/dt_ENM_CMN.txtbin	19	cp932	リッチ
romdata/DT/DT_ALL.FBC.z	DT_ENM_CMN.FBC/dt_ENM_CMN.txtbin	21	cp932	ゴーストＳ
romdata/DT/DT_ALL.FBC.z	DT_ENM_CMN.FBC/dt_ENM_CMN.txtbin	23	cp932	ゴースト
romdata/DT/DT_ALL.FBC.z	DT_ENM_CMN.FBC/dt_ENM_CMN.txtbin	25	cp932	レイス
romdata/DT/DT_ALL.FBC.z	DT_ENM_CMN.FBC/dt_ENM_CMN.txtbin	27	cp932	レブナント
romdata/DT/DT_ALL.FBC.z	DT_ENM_CMN.FBC/dt_ENM_CMN.txtbin	29	cp932	スペクター
romdata/DT/DT_ALL.FBC.z	DT_ENM_CMN.FBC/dt_ENM_CMN.txtbin	31	cp932	トードＳ
romdata/DT/DT_ALL.FBC.z	DT_ENM_CMN.FBC/dt_ENM_CMN.txtbin	33	cp932	トード
romdata/DT/DT_ALL.FBC.z	DT_ENM_CMN.FBC/dt_ENM_CMN.txtbin	35	cp932	ゲコビッキ
romdata/DT/DT_ALL.FBC.z	DT_ENM_CMN.FBC/dt_ENM_CMN.txtbin	37	cp932	ギガントード
romdata/DT/DT_ALL.FBC.z	DT_ENM_CMN.FBC/dt_ENM_CMN.txtbin	39	cp932	ポイズントード
romdata/DT/DT_ALL.FBC.z	DT_ENM_CMN.FBC/dt_ENM_CMN.txtbin	41	cp932	フローターＳ
romdata/DT/DT_ALL.FBC.z	DT_ENM_CMN.FBC/dt_ENM_CMN.txtbin	43	cp932	フライングアイ
romdata/DT/DT_ALL.FBC.z	DT_ENM_CMN.FBC/dt_ENM_CMN.txtbin	45	cp932	ダークアイ
romdata/DT/DT_ALL.FBC.z	DT_ENM_CMN.FBC/dt_ENM_CMN.txtbin	47	cp932	アーリマン
romdata/DT/DT_ALL.FBC.z	DT_ENM_CMN.FBC/dt_ENM_CMN.txtbin	49	cp932	グヘイスアイ
romdata/DT/DT_ALL.FBC.z	DT_ENM_CMN.FBC/dt_ENM_CMN.txtbin	51	cp932	プリンＳ
romdata/DT/DT_ALL.FBC.z	DT_ENM_CMN.FBC/dt_ENM_CMN.txtbin	53	cp932	レッドマシュマロ
romdata/DT/DT_ALL.FBC.z	DT_ENM_CMN.FBC/dt_ENM_CMN.txtbin	55	cp932	アイスプリン
romdata/DT/DT_ALL.FBC.z	DT_ENM_CMN.FBC/dt_ENM_CMN.txtbin	57	cp932	イエロープリン
romdata/DT/DT_ALL.FBC.z	DT_ENM_CMN.FBC/dt_ENM_CMN.txtbin	59	cp932	プリンプリンセス
romdata/DT/DT_ALL.FBC.z	DT_ENM_CMN.FBC/dt_ENM_CMN.txtbin	61	cp932	ボムＳ
romdata/DT/DT_ALL.FBC.z	DT_ENM_CMN.FBC/dt_ENM_CMN.txtbin	63	cp932	ボム
romdata/DT/DT_ALL.FBC.z	DT_ENM_CMN.FBC/dt_ENM_CMN.txtbin	65	cp932	クラスター
romdata/DT/DT_ALL.FBC.z	DT_ENM_CMN.FBC/dt_ENM_CMN.txtbin	67	cp932	グレネード
romdata/DT/DT_ALL.FBC.z	DT_ENM_CMN.FBC/dt_ENM_CMN.txtbin	69	cp932	ナパーム
romdata/DT/DT_ALL.FBC.z	DT_ENM_CMN.FBC/dt_ENM_CMN.txtbin	71	cp932	ゴブリンＳ
romdata/DT/DT_ALL.FBC.z	DT_ENM_CMN.FBC/dt_ENM_CMN.txtbin	73	cp932	ゴブリン
romdata/DT/DT_ALL.FBC.z	DT_ENM_CMN.FBC/dt_ENM_CMN.txtbin	75	cp932	ゴブリンガード
romdata/DT/DT_ALL.FBC.z	DT_ENM_CMN.FBC/dt_ENM_CMN.txtbin	77	cp932	レッドキャップ
romdata/DT/DT_ALL.FBC.z	DT_ENM_CMN.FBC/dt_ENM_CMN.txtbin	79	cp932	ゴブリンプリンス
romdata/DT/DT_ALL.FBC.z	DT_ENM_CMN.FBC/dt_ENM_CMN.txtbin	81	cp932	ドラゴンＳ
romdata/DT/DT_ALL.FBC.z	DT_ENM_CMN.FBC/dt_ENM_CMN.txtbin	83	cp932	火竜
romdata/DT/DT_ALL.FBC.z	DT_ENM_CMN.FBC/dt_ENM_CMN.txtbin	85	cp932	氷竜
romdata/DT/DT_ALL.FBC.z	DT_ENM_CMN.FBC/dt_ENM_CMN.txtbin	87	cp932	雷竜
romdata/DT/DT_ALL.FBC.z	DT_ENM_CMN.FBC/dt_ENM_CMN.txtbin	89	cp932	闇竜
romdata/DT/DT_ALL.FBC.z	DT_ENM_CMN.FBC/dt_ENM_CMN.txtbin	91	cp932	ヴァルチャーＳ
romdata/DT/DT_ALL.FBC.z	DT_ENM_CMN.FBC/dt_ENM_CMN.txtbin	93	cp932	ヴァルチャー
romdata/DT/DT_ALL.FBC.z	DT_ENM_CMN.FBC/dt_ENM_CMN.txtbin	95	cp932	コカトリス
romdata/DT/DT_ALL.FBC.z	DT_ENM_CMN.FBC/dt_ENM_CMN.txtbin	97	cp932	シムルグ
romdata/DT/DT_ALL.FBC.z	DT_ENM_CMN.FBC/dt_ENM_CMN.txtbin	99	cp932	マッハ
romdata/DT/DT_ALL.FBC.z	DT_ENM_CMN.FBC/dt_ENM_CMN.txtbin	101	cp932	リザードＳ
romdata/DT/DT_ALL.FBC.z	DT_ENM_CMN.FBC/dt_ENM_CMN.txtbin	103	cp932	リザード
romdata/DT/DT_ALL.FBC.z	DT_ENM_CMN.FBC/dt_ENM_CMN.txtbin	105	cp932	ダークバジリスク
romdata/DT/DT_ALL.FBC.z	DT_ENM_CMN.FBC/dt_ENM_CMN.txtbin	107	cp932	バジリスク
romdata/DT/DT_ALL.FBC.z	DT_ENM_CMN.FBC/dt_ENM_CMN.txtbin	109	cp932	ヒートバジリスク
romdata/DT/DT_ALL.FBC.z	DT_ENM_CMN.FBC/dt_ENM_CMN.txtbin	111	cp932	シザーＳ
romdata/DT/DT_ALL.FBC.z	DT_ENM_CMN.FBC/dt_ENM_CMN.txtbin	113	cp932	シザー
romdata/DT/DT_ALL.FBC.z	DT_ENM_CMN.FBC/dt_ENM_CMN.txtbin	115	cp932	レッドシザー
romdata/DT/DT_ALL.FBC.z	DT_ENM_CMN.FBC/dt_ENM_CMN.txtbin	117	cp932	ビッグシザー
romdata/DT/DT_ALL.FBC.z	DT_ENM_CMN.FBC/dt_ENM_CMN.txtbin	119	cp932	アサルトシザー
romdata/DT/DT_ALL.FBC.z	DT_ENM_CMN.FBC/dt_ENM_CMN.txtbin	121	cp932	ラミアＳ
romdata/DT/DT_ALL.FBC.z	DT_ENM_CMN.FBC/dt_ENM_CMN.txtbin	123	cp932	ラミア
romdata/DT/DT_ALL.FBC.z	DT_ENM_CMN.FBC/dt_ENM_CMN.txtbin	125	cp932	ラミアクィーン
romdata/DT/DT_ALL.FBC.z	DT_ENM_CMN.FBC/dt_ENM_CMN.txtbin	127	cp932	メデューサ
romdata/DT/DT_ALL.FBC.z	DT_ENM_CMN.FBC/dt_ENM_CMN.txtbin	129	cp932	リリス
romdata/DT/DT_ALL.FBC.z	DT_ENM_CMN.FBC/dt_ENM_CMN.txtbin	131	cp932	タートルＳ
romdata/DT/DT_ALL.FBC.z	DT_ENM_CMN.FBC/dt_ENM_CMN.txtbin	133	cp932	タートル
romdata/DT/DT_ALL.FBC.z	DT_ENM_CMN.FBC/dt_ENM_CMN.txtbin	135	cp932	ランドタートル
romdata/DT/DT_ALL.FBC.z	DT_ENM_CMN.FBC/dt_ENM_CMN.txtbin	137	cp932	アダマンタイマイ
romdata/DT/DT_ALL.FBC.z	DT_ENM_CMN.FBC/dt_ENM_CMN.txtbin	139	cp932	ゲンブ
romdata/DT/DT_ALL.FBC.z	DT_ENM_CMN.FBC/dt_ENM_CMN.txtbin	141	cp932	サハギンＳ
romdata/DT/DT_ALL.FBC.z	DT_ENM_CMN.FBC/dt_ENM_CMN.txtbin	143	cp932	サハギン
romdata/DT/DT_ALL.FBC.z	DT_ENM_CMN.FBC/dt_ENM_CMN.txtbin	145	cp932	サハギンプリンス
romdata/DT/DT_ALL.FBC.z	DT_ENM_CMN.FBC/dt_ENM_CMN.txtbin	147	cp932	サハギンゾンビ
romdata/DT/DT_ALL.FBC.z	DT_ENM_CMN.FBC/dt_ENM_CMN.txtbin	149	cp932	デザートサハギン
romdata/DT/DT_ALL.FBC.z	DT_ENM_CMN.FBC/dt_ENM_CMN.txtbin	151	cp932	モルボルＳ
romdata/DT/DT_ALL.FBC.z	DT_ENM_CMN.FBC/dt_ENM_CMN.txtbin	153	cp932	オチュー
romdata/DT/DT_ALL.FBC.z	DT_ENM_CMN.FBC/dt_ENM_CMN.txtbin	155	cp932	モルボル
romdata/DT/DT_ALL.FBC.z	DT_ENM_CMN.FBC/dt_ENM_CMN.txtbin	157	cp932	モルボルグレート
romdata/DT/DT_ALL.FBC.z	DT_ENM_CMN.FBC/dt_ENM_CMN.txtbin	159	cp932	モルボルキング
romdata/DT/DT_ALL.FBC.z	DT_ENM_CMN.FBC/dt_ENM_CMN.txtbin	161	cp932	鉄巨人Ｓ
romdata/DT/DT_ALL.FBC.z	DT_ENM_CMN.FBC/dt_ENM_CMN.txtbin	163	cp932	鉄巨人：クロガネ
romdata/DT/DT_ALL.FBC.z	DT_ENM_CMN.FBC/dt_ENM_CMN.txtbin	165	cp932	鉄巨人：ハガネ
romdata/DT/DT_ALL.FBC.z	DT_ENM_CMN.FBC/dt_ENM_CMN.txtbin	167	cp932	鉄巨人：シロガネ
romdata/DT/DT_ALL.FBC.z	DT_ENM_CMN.FBC/dt_ENM_CMN.txtbin	169	cp932	鉄巨人：コガネ
romdata/DT/DT_ALL.FBC.z	DT_ENM_CMN.FBC/dt_ENM_CMN.txtbin	171	cp932	トンベリＳ
romdata/DT/DT_ALL.FBC.z	DT_ENM_CMN.FBC/dt_ENM_CMN.txtbin	173	cp932	トンベリ
romdata/DT/DT_ALL.FBC.z	DT_ENM_CMN.FBC/dt_ENM_CMN.txtbin	175	cp932	クリプトンベリ
romdata/DT/DT_ALL.FBC.z	DT_ENM_CMN.FBC/dt_ENM_CMN.txtbin	177	cp932	マスタートンベリ
romdata/DT/DT_ALL.FBC.z	DT_ENM_CMN.FBC/dt_ENM_CMN.txtbin	179	cp932	トンベリキング
romdata/DT/DT_ALL.FBC.z	DT_ENM_CMN.FBC/dt_ENM_CMN.txtbin	181	cp932	マンドラＳ
romdata/DT/DT_ALL.FBC.z	DT_ENM_CMN.FBC/dt_ENM_CMN.txtbin	183	cp932	マンドラ
romdata/DT/DT_ALL.FBC.z	DT_ENM_CMN.FBC/dt_ENM_CMN.txtbin	185	cp932	マンドラゴラ
romdata/DT/DT_ALL.FBC.z	DT_ENM_CMN.FBC/dt_ENM_CMN.txtbin	187	cp932	マンドラレッド
romdata/DT/DT_ALL.FBC.z	DT_ENM_CMN.FBC/dt_ENM_CMN.txtbin	189	cp932	マンドラダーク
romdata/DT/DT_ALL.FBC.z	DT_ENM_CMN.FBC/dt_ENM_CMN.txtbin	191	cp932	サボテンダーＳ
romdata/DT/DT_ALL.FBC.z	DT_ENM_CMN.FBC/dt_ENM_CMN.txtbin	193	cp932	カレテンダー
romdata/DT/DT_ALL.FBC.z	DT_ENM_CMN.FBC/dt_ENM_CMN.txtbin	195	cp932	サボテンダー
romdata/DT/DT_ALL.FBC.z	DT_ENM_CMN.FBC/dt_ENM_CMN.txtbin	197	cp932	ジャボテンダー
romdata/DT/DT_ALL.FBC.z	DT_ENM_CMN.FBC/dt_ENM_CMN.txtbin	199	cp932	サボテキーラ
romdata/DT/DT_ALL.FBC.z	DT_ENM_CMN.FBC/dt_ENM_CMN.txtbin	201	cp932	ミニテンダー
romdata/DT/DT_ALL.FBC.z	DT_ENM_CMN.FBC/dt_ENM_CMN.txtbin	203	cp932	クァールＳ
romdata/DT/DT_ALL.FBC.z	DT_ENM_CMN.FBC/dt_ENM_CMN.txtbin	205	cp932	クァール
romdata/DT/DT_ALL.FBC.z	DT_ENM_CMN.FBC/dt_ENM_CMN.txtbin	207	cp932	パンサー
romdata/DT/DT_ALL.FBC.z	DT_ENM_CMN.FBC/dt_ENM_CMN.txtbin	209	cp932	クィーンクァール
romdata/DT/DT_ALL.FBC.z	DT_ENM_CMN.FBC/dt_ENM_CMN.txtbin	211	cp932	バンデルクァール
romdata/DT/DT_ALL.FBC.z	DT_ENM_CMN.FBC/dt_ENM_CMN.txtbin	213	cp932	デーモンＳ
romdata/DT/DT_ALL.FBC.z	DT_ENM_CMN.FBC/dt_ENM_CMN.txtbin	215	cp932	デーモン
romdata/DT/DT_ALL.FBC.z	DT_ENM_CMN.FBC/dt_ENM_CMN.txtbin	217	cp932	ベリアル
romdata/DT/DT_ALL.FBC.z	DT_ENM_CMN.FBC/dt_ENM_CMN.txtbin	219	cp932	モロク
romdata/DT/DT_ALL.FBC.z	DT_ENM_CMN.FBC/dt_ENM_CMN.txtbin	221	cp932	サタン
romdata/DT/DT_ALL.FBC.z	DT_ENM_CMN.FBC/dt_ENM_CMN.txtbin	223	cp932	マジックポットＳ
romdata/DT/DT_ALL.FBC.z	DT_ENM_CMN.FBC/dt_ENM_CMN.txtbin	225	cp932	マジックポット
romdata/DT/DT_ALL.FBC.z	DT_ENM_CMN.FBC/dt_ENM_CMN.txtbin	227	cp932	火エレメンタル
romdata/DT/DT_ALL.FBC.z	DT_ENM_CMN.FBC/dt_ENM_CMN.txtbin	229	cp932	水エレメンタル
romdata/DT/DT_ALL.FBC.z	DT_ENM_CMN.FBC/dt_ENM_CMN.txtbin	231	cp932	光エレメンタル
romdata/DT/DT_ALL.FBC.z	DT_ENM_CMN.FBC/dt_ENM_CMN.txtbin	233	cp932	闇エレメンタル
romdata/DT/DT_ALL.FBC.z	DT_ENM_CMN.FBC/dt_ENM_CMN.txtbin	235	cp932	氷エレメンタル
romdata/DT/DT_ALL.FBC.z	DT_ENM_CMN.FBC/dt_ENM_CMN.txtbin	237	cp932	雷エレメンタル
romdata/DT/DT_ALL.FBC.z	DT_ENM_CMN.FBC/dt_ENM_CMN.txtbin	239	cp932	ゴーレム
romdata/DT/DT_ALL.FBC.z	DT_ENM_CMN.FBC/dt_ENM_CMN.txtbin	241	cp932	ストーンゴーレム
romdata/DT/DT_ALL.FBC.z	DT_ENM_CMN.FBC/dt_ENM_CMN.txtbin	243	cp932	ミスリルゴーレム
romdata/DT/DT_ALL.FBC.z	DT_ENM_CMN.FBC/dt_ENM_CMN.txtbin	245	cp932	ゴリアテ
romdata/DT/DT_ALL.FBC.z	DT_ENM_CMN.FBC/dt_ENM_CMN.txtbin	247	cp932	ブラックポッド
romdata/DT/DT_ALL.FBC.z	DT_ENM_CMN.FBC/dt_ENM_CMN.txtbin	249	cp932	レッドポッド
romdata/DT/DT_ALL.FBC.z	DT_ENM_CMN.FBC/dt_ENM_CMN.txtbin	251	cp932	ブルーポッド
romdata/DT/DT_ALL.FBC.z	DT_ENM_CMN.FBC/dt_ENM_CMN.txtbin	253	cp932	グリーンポッド
romdata/DT/DT_ALL.FBC.z	DT_ENM_CMN.FBC/dt_ENM_CMN.txtbin	255	cp932	イエローポッド
romdata/DT/DT_ALL.FBC.z	DT_ENM_CMN.FBC/dt_ENM_CMN.txtbin	257	cp932	ホワイトポッド
romdata/DT/DT_ALL.FBC.z	DT_ENM_CMN.FBC/dt_ENM_CMN.txtbin	259	cp932	ＤヒーローＸ
romdata/DT/DT_ALL.FBC.z	DT_ENM_CMN.FBC/dt_ENM_CMN.txtbin	261	cp932	しにがみ
romdata/DT/DT_ALL.FBC.z	DT_ENM_CMN.FBC/dt_ENM_CMN.txtbin	263	cp932	ベヒーモス
romdata/DT/DT_ALL.FBC.z	DT_ENM_CMN.FBC/dt_ENM_CMN.txtbin	265	cp932	イフリート
romdata/DT/DT_ALL.FBC.z	DT_ENM_CMN.FBC/dt_ENM_CMN.txtbin	267	cp932	シヴァ
romdata/DT/DT_ALL.FBC.z	DT_ENM_CMN.FBC/dt_ENM_CMN.txtbin	269	cp932	ラムウ
romdata/DT/DT_ALL.FBC.z	DT_ENM_CMN.FBC/dt_ENM_CMN.txtbin	271	cp932	バハムート
romdata/DT/DT_ALL.FBC.z	DT_ENM_CMN.FBC/dt_ENM_CMN.txtbin	273	cp932	フェニックス
romdata/DT/DT_ALL.FBC.z	DT_ENM_CMN.FBC/dt_ENM_CMN.txtbin	275	cp932	リヴァイアサン
romdata/DT/DT_ALL.FBC.z	DT_ENM_CMN.FBC/dt_ENM_CMN.txtbin	277	cp932	アレクサンダー
romdata/DT/DT_ALL.FBC.z	DT_ENM_CMN.FBC/dt_ENM_CMN.txtbin	279	cp932	Ｒアーム
romdata/DT/DT_ALL.FBC.z	DT_ENM_CMN.FBC/dt_ENM_CMN.txtbin	281	cp932	Ｌアーム
romdata/DT/DT_ALL.FBC.z	DT_ENM_CMN.FBC/dt_ENM_CMN.txtbin	283	cp932	クロマＳ
romdata/DT/DT_ALL.FBC.z	DT_ENM_CMN.FBC/dt_ENM_CMN.txtbin	285	cp932	クロマ
romdata/DT/DT_ALL.FBC.z	DT_ENM_CMN.FBC/dt_ENM_CMN.txtbin	287	cp932	ラファエロ
romdata/DT/DT_ALL.FBC.z	DT_ENM_CMN.FBC/dt_ENM_CMN.txtbin	289	cp932	ラファエロ
romdata/DT/DT_ALL.FBC.z	DT_ENM_CMN.FBC/dt_ENM_CMN.txtbin	291	cp932	破壊神
romdata/DT/DT_ALL.FBC.z	DT_ENM_CMN.FBC/dt_ENM_CMN.txtbin	293	cp932	オメガ
romdata/DT/DT_ALL.FBC.z	DT_ENM_CMN.FBC/dt_ENM_CMN.txtbin	295	cp932	神竜
romdata/DT/DT_ALL.FBC.z	DT_ENM_CMN_ABI.FBC/dt_ENM_CMN_ABI.txtbin	0	cp932	きゅうけつ
romdata/DT/DT_ALL.FBC.z	DT_ENM_CMN_ABI.FBC/dt_ENM_CMN_ABI.txtbin	1	cp932	ちょうおんぱ
romdata/DT/DT_ALL.FBC.z	DT_ENM_CMN_ABI.FBC/dt_ENM_CMN_ABI.txtbin	2	cp932	はばたき
romdata/DT/DT_ALL.FBC.z	DT_ENM_CMN_ABI.FBC/dt_ENM_CMN_ABI.txtbin	3	cp932	ポイズンスラッシュ
romdata/DT/DT_ALL.FBC.z	DT_ENM_CMN_ABI.FBC/dt_ENM_CMN_ABI.txtbin	4	cp932	ホラークラウド
romdata/DT/DT_ALL.FBC.z	DT_ENM_CMN_ABI.FBC/dt_ENM_CMN_ABI.txtbin	5	cp932	しょうかん
romdata/DT/DT_ALL.FBC.z	DT_ENM_CMN_ABI.FBC/dt_ENM_CMN_ABI.txtbin	6	cp932	ハラヘニャー
romdata/DT/DT_ALL.FBC.z	DT_ENM_CMN_ABI.FBC/dt_ENM_CMN_ABI.txtbin	7	cp932	サビサビー
romdata/DT/DT_ALL.FBC.z	DT_ENM_CMN_ABI.FBC/dt_ENM_CMN_ABI.txtbin	8	cp932	呪い
romdata/DT/DT_ALL.FBC.z	DT_ENM_CMN_ABI.FBC/dt_ENM_CMN_ABI.txtbin	9	cp932	ドロドロー
romdata/DT/DT_ALL.FBC.z	DT_ENM_CMN_ABI.FBC/dt_ENM_CMN_ABI.txtbin	10	cp932	ジャンプ
romdata/DT/DT_ALL.FBC.z	DT_ENM_CMN_ABI.FBC/dt_ENM_CMN_ABI.txtbin	11	cp932	どくのつの
romdata/DT/DT_ALL.FBC.z	DT_ENM_CMN_ABI.FBC/dt_ENM_CMN_ABI.txtbin	12	cp932	ねんえき
romdata/DT/DT_ALL.FBC.z	DT_ENM_CMN_ABI.FBC/dt_ENM_CMN_ABI.txtbin	13	cp932	さいみん
romdata/DT/DT_ALL.FBC.z	DT_ENM_CMN_ABI.FBC/dt_ENM_CMN_ABI.txtbin	14	cp932	にらむ
romdata/DT/DT_ALL.FBC.z	DT_ENM_CMN_ABI.FBC/dt_ENM_CMN_ABI.txtbin	15	cp932	しょうか
romdata/DT/DT_ALL.FBC.z	DT_ENM_CMN_ABI.FBC/dt_ENM_CMN_ABI.txtbin	16	cp932	ぶんれつ
romdata/DT/DT_ALL.FBC.z	DT_ENM_CMN_ABI.FBC/dt_ENM_CMN_ABI.txtbin	17	cp932	ぷるぷる
romdata/DT/DT_ALL.FBC.z	DT_ENM_CMN_ABI.FBC/dt_ENM_CMN_ABI.txtbin	18	cp932	じばく
romdata/DT/DT_ALL.FBC.z	DT_ENM_CMN_ABI.FBC/dt_ENM_CMN_ABI.txtbin	19	cp932	ブレイズアップ
romdata/DT/DT_ALL.FBC.z	DT_ENM_CMN_ABI.FBC/dt_ENM_CMN_ABI.txtbin	20	cp932	ゴブリンパンチ
romdata/DT/DT_ALL.FBC.z	DT_ENM_CMN_ABI.FBC/dt_ENM_CMN_ABI.txtbin	21	cp932	ゴブガード
romdata/DT/DT_ALL.FBC.z	DT_ENM_CMN_ABI.FBC/dt_ENM_CMN_ABI.txtbin	22	cp932	ヒートアップ
romdata/DT/DT_ALL.FBC.z	DT_ENM_CMN_ABI.FBC/dt_ENM_CMN_ABI.txtbin	23	cp932	ドラゴンブレス
romdata/DT/DT_ALL.FBC.z	DT_ENM_CMN_ABI.FBC/dt_ENM_CMN_ABI.txtbin	24	cp932	ドラゴンブレス
romdata/DT/DT_ALL.FBC.z	DT_ENM_CMN_ABI.FBC/dt_ENM_CMN_ABI.txtbin	25	cp932	ドラゴンブレス
romdata/DT/DT_ALL.FBC.z	DT_ENM_CMN_ABI.FBC/dt_ENM_CMN_ABI.txtbin	26	cp932	ドラゴンブレス
romdata/DT/DT_ALL.FBC.z	DT_ENM_CMN_ABI.FBC/dt_ENM_CMN_ABI.txtbin	27	cp932	スロウブレス
romdata/DT/DT_ALL.FBC.z	DT_ENM_CMN_ABI.FBC/dt_ENM_CMN_ABI.txtbin	28	cp932	つっつき
romdata/DT/DT_ALL.FBC.z	DT_ENM_CMN_ABI.FBC/dt_ENM_CMN_ABI.txtbin	29	cp932	せんぷう
romdata/DT/DT_ALL.FBC.z	DT_ENM_CMN_ABI.FBC/dt_ENM_CMN_ABI.txtbin	30	cp932	はばたき
romdata/DT/DT_ALL.FBC.z	DT_ENM_CMN_ABI.FBC/dt_ENM_CMN_ABI.txtbin	31	cp932	ポイズンブレス
romdata/DT/DT_ALL.FBC.z	DT_ENM_CMN_ABI.FBC/dt_ENM_CMN_ABI.txtbin	32	cp932	かえん
romdata/DT/DT_ALL.FBC.z	DT_ENM_CMN_ABI.FBC/dt_ENM_CMN_ABI.txtbin	33	cp932	しおみず
romdata/DT/DT_ALL.FBC.z	DT_ENM_CMN_ABI.FBC/dt_ENM_CMN_ABI.txtbin	34	cp932	カニバサミ
romdata/DT/DT_ALL.FBC.z	DT_ENM_CMN_ABI.FBC/dt_ENM_CMN_ABI.txtbin	35	cp932	ゆうわく
romdata/DT/DT_ALL.FBC.z	DT_ENM_CMN_ABI.FBC/dt_ENM_CMN_ABI.txtbin	36	cp932	ひらてうち
romdata/DT/DT_ALL.FBC.z	DT_ENM_CMN_ABI.FBC/dt_ENM_CMN_ABI.txtbin	37	cp932	呪いのダンス
romdata/DT/DT_ALL.FBC.z	DT_ENM_CMN_ABI.FBC/dt_ENM_CMN_ABI.txtbin	38	cp932	奇跡の甲羅
romdata/DT/DT_ALL.FBC.z	DT_ENM_CMN_ABI.FBC/dt_ENM_CMN_ABI.txtbin	39	cp932	とっしん
romdata/DT/DT_ALL.FBC.z	DT_ENM_CMN_ABI.FBC/dt_ENM_CMN_ABI.txtbin	40	cp932	バブルシャワー
romdata/DT/DT_ALL.FBC.z	DT_ENM_CMN_ABI.FBC/dt_ENM_CMN_ABI.txtbin	41	cp932	さびさび水
romdata/DT/DT_ALL.FBC.z	DT_ENM_CMN_ABI.FBC/dt_ENM_CMN_ABI.txtbin	42	cp932	トライデント
romdata/DT/DT_ALL.FBC.z	DT_ENM_CMN_ABI.FBC/dt_ENM_CMN_ABI.txtbin	43	cp932	くさいいき
romdata/DT/DT_ALL.FBC.z	DT_ENM_CMN_ABI.FBC/dt_ENM_CMN_ABI.txtbin	44	cp932	どくしょくしゅ
romdata/DT/DT_ALL.FBC.z	DT_ENM_CMN_ABI.FBC/dt_ENM_CMN_ABI.txtbin	45	cp932	きりつける
romdata/DT/DT_ALL.FBC.z	DT_ENM_CMN_ABI.FBC/dt_ENM_CMN_ABI.txtbin	46	cp932	めったぎり
romdata/DT/DT_ALL.FBC.z	DT_ENM_CMN_ABI.FBC/dt_ENM_CMN_ABI.txtbin	47	cp932	きあい
romdata/DT/DT_ALL.FBC.z	DT_ENM_CMN_ABI.FBC/dt_ENM_CMN_ABI.txtbin	48	cp932	きゅうしょづき
romdata/DT/DT_ALL.FBC.z	DT_ENM_CMN_ABI.FBC/dt_ENM_CMN_ABI.txtbin	49	cp932	みんなのうらみ
romdata/DT/DT_ALL.FBC.z	DT_ENM_CMN_ABI.FBC/dt_ENM_CMN_ABI.txtbin	50	cp932	ほうちょう
romdata/DT/DT_ALL.FBC.z	DT_ENM_CMN_ABI.FBC/dt_ENM_CMN_ABI.txtbin	51	cp932	たねまき
romdata/DT/DT_ALL.FBC.z	DT_ENM_CMN_ABI.FBC/dt_ENM_CMN_ABI.txtbin	52	cp932	夢想花
romdata/DT/DT_ALL.FBC.z	DT_ENM_CMN_ABI.FBC/dt_ENM_CMN_ABI.txtbin	53	cp932	さけび
romdata/DT/DT_ALL.FBC.z	DT_ENM_CMN_ABI.FBC/dt_ENM_CMN_ABI.txtbin	54	cp932	かすみ草
romdata/DT/DT_ALL.FBC.z	DT_ENM_CMN_ABI.FBC/dt_ENM_CMN_ABI.txtbin	55	cp932	ハリセンボン
romdata/DT/DT_ALL.FBC.z	DT_ENM_CMN_ABI.FBC/dt_ENM_CMN_ABI.txtbin	56	cp932	ぜになげ
romdata/DT/DT_ALL.FBC.z	DT_ENM_CMN_ABI.FBC/dt_ENM_CMN_ABI.txtbin	57	cp932	とうそう
romdata/DT/DT_ALL.FBC.z	DT_ENM_CMN_ABI.FBC/dt_ENM_CMN_ABI.txtbin	58	cp932	とうそう
romdata/DT/DT_ALL.FBC.z	DT_ENM_CMN_ABI.FBC/dt_ENM_CMN_ABI.txtbin	59	cp932	カオティックアイ
romdata/DT/DT_ALL.FBC.z	DT_ENM_CMN_ABI.FBC/dt_ENM_CMN_ABI.txtbin	60	cp932	かみつく
romdata/DT/DT_ALL.FBC.z	DT_ENM_CMN_ABI.FBC/dt_ENM_CMN_ABI.txtbin	61	cp932	ひっかく
romdata/DT/DT_ALL.FBC.z	DT_ENM_CMN_ABI.FBC/dt_ENM_CMN_ABI.txtbin	62	cp932	無の指先
romdata/DT/DT_ALL.FBC.z	DT_ENM_CMN_ABI.FBC/dt_ENM_CMN_ABI.txtbin	63	cp932	悪魔の右手
romdata/DT/DT_ALL.FBC.z	DT_ENM_CMN_ABI.FBC/dt_ENM_CMN_ABI.txtbin	64	cp932	悪魔の瞳
romdata/DT/DT_ALL.FBC.z	DT_ENM_CMN_ABI.FBC/dt_ENM_CMN_ABI.txtbin	65	cp932	ぬすむ
romdata/DT/DT_ALL.FBC.z	DT_ENM_CMN_ABI.FBC/dt_ENM_CMN_ABI.txtbin	66	cp932	アースバインド
romdata/DT/DT_ALL.FBC.z	DT_ENM_CMN_ABI.FBC/dt_ENM_CMN_ABI.txtbin	67	cp932	アースシェイク
romdata/DT/DT_ALL.FBC.z	DT_ENM_CMN_ABI.FBC/dt_ENM_CMN_ABI.txtbin	68	cp932	アースヒール
romdata/DT/DT_ALL.FBC.z	DT_ENM_CMN_ABI.FBC/dt_ENM_CMN_ABI.txtbin	69	cp932	アースウォール
romdata/DT/DT_ALL.FBC.z	DT_ENM_CMN_ABI.FBC/dt_ENM_CMN_ABI.txtbin	70	cp932	爆発
romdata/DT/DT_ALL.FBC.z	DT_ENM_CMN_ABI.FBC/dt_ENM_CMN_ABI.txtbin	71	cp932	爆発
romdata/DT/DT_ALL.FBC.z	DT_ENM_CMN_ABI.FBC/dt_ENM_CMN_ABI.txtbin	72	cp932	爆発
romdata/DT/DT_ALL.FBC.z	DT_ENM_CMN_ABI.FBC/dt_ENM_CMN_ABI.txtbin	73	cp932	爆発
romdata/DT/DT_ALL.FBC.z	DT_ENM_CMN_ABI.FBC/dt_ENM_CMN_ABI.txtbin	74	cp932	爆発
romdata/DT/DT_ALL.FBC.z	DT_ENM_CMN_ABI.FBC/dt_ENM_CMN_ABI.txtbin	75	cp932	高速移動
romdata/DT/DT_ALL.FBC.z	DT_ENM_CMN_ABI.FBC/dt_ENM_CMN_ABI.txtbin	76	cp932	羽ばたく
romdata/DT/DT_ALL.FBC.z	DT_ENM_CMN_ABI.FBC/dt_ENM_CMN_ABI.txtbin	77	cp932	ファイアブレス
romdata/DT/DT_ALL.FBC.z	DT_ENM_CMN_ABI.FBC/dt_ENM_CMN_ABI.txtbin	78	cp932	再生の炎
romdata/DT/DT_ALL.FBC.z	DT_ENM_CMN_ABI.FBC/dt_ENM_CMN_ABI.txtbin	79	cp932	転生の炎
romdata/DT/DT_ALL.FBC.z	DT_ENM_CMN_ABI.FBC/dt_ENM_CMN_ABI.txtbin	80	cp932	タイダルウェイブ
romdata/DT/DT_ALL.FBC.z	DT_ENM_CMN_ABI.FBC/dt_ENM_CMN_ABI.txtbin	81	cp932	生命のしずく
romdata/DT/DT_ALL.FBC.z	DT_ENM_CMN_ABI.FBC/dt_ENM_CMN_ABI.txtbin	82	cp932	テールウィップ
romdata/DT/DT_ALL.FBC.z	DT_ENM_CMN_ABI.FBC/dt_ENM_CMN_ABI.txtbin	83	cp932	バブルシャワー
romdata/DT/DT_ALL.FBC.z	DT_ENM_CMN_ABI.FBC/dt_ENM_CMN_ABI.txtbin	84	cp932	だいかいしょう
romdata/DT/DT_ALL.FBC.z	DT_ENM_CMN_ABI.FBC/dt_ENM_CMN_ABI.txtbin	85	cp932	聖なる審判
romdata/DT/DT_ALL.FBC.z	DT_ENM_CMN_ABI.FBC/dt_ENM_CMN_ABI.txtbin	86	cp932	レストア
romdata/DT/DT_ALL.FBC.z	DT_ENM_CMN_ABI.FBC/dt_ENM_CMN_ABI.txtbin	87	cp932	ホーミングレーザー
romdata/DT/DT_ALL.FBC.z	DT_ENM_CMN_ABI.FBC/dt_ENM_CMN_ABI.txtbin	88	cp932	いのり
romdata/DT/DT_ALL.FBC.z	DT_ENM_CMN_ABI.FBC/dt_ENM_CMN_ABI.txtbin	89	cp932	最後の審判
romdata/DT/DT_ALL.FBC.z	DT_ENM_CMN_ABI.FBC/dt_ENM_CMN_ABI.txtbin	90	cp932	ワープ
romdata/DT/DT_ALL.FBC.z	DT_ENM_CMN_ABI.FBC/dt_ENM_CMN_ABI.txtbin	91	cp932	マクシム
romdata/DT/DT_ALL.FBC.z	DT_ENM_CMN_ABI.FBC/dt_ENM_CMN_ABI.txtbin	92	cp932	くるしみ
romdata/DT/DT_ALL.FBC.z	DT_ENM_CMN_ABI.FBC/dt_ENM_CMN_ABI.txtbin	93	cp932	高速移動
romdata/DT/DT_ALL.FBC.z	DT_ENM_CMN_ABI.FBC/dt_ENM_CMN_ABI.txtbin	94	cp932	スラッシュブレイド
romdata/DT/DT_ALL.FBC.z	DT_ENM_CMN_ABI.FBC/dt_ENM_CMN_ABI.txtbin	95	cp932	マジックブレイク
romdata/DT/DT_ALL.FBC.z	DT_ENM_CMN_ABI.FBC/dt_ENM_CMN_ABI.txtbin	96	cp932	なやみ
romdata/DT/DT_ALL.FBC.z	DT_ENM_CMN_ABI.FBC/dt_ENM_CMN_ABI.txtbin	97	cp932	ぼうそう
romdata/DT/DT_ALL.FBC.z	DT_ENM_CMN_ABI.FBC/dt_ENM_CMN_ABI.txtbin	98	cp932	こんわく
romdata/DT/DT_ALL.FBC.z	DT_ENM_CMN_ABI.FBC/dt_ENM_CMN_ABI.txtbin	99	cp932	はかい
romdata/DT/DT_ALL.FBC.z	DT_ENM_CMN_ABI.FBC/dt_ENM_CMN_ABI.txtbin	100	cp932	くるしみ
romdata/DT/DT_ALL.FBC.z	DT_ENM_CMN_ABI.FBC/dt_ENM_CMN_ABI.txtbin	101	cp932	おもいで
romdata/DT/DT_ALL.FBC.z	DT_ENM_CMN_ABI.FBC/dt_ENM_CMN_ABI.txtbin	102	cp932	メテオストライク
romdata/DT/DT_ALL.FBC.z	DT_ENM_CMN_ABI.FBC/dt_ENM_CMN_ABI.txtbin	103	cp932	ヒートナックル
romdata/DT/DT_ALL.FBC.z	DT_ENM_CMN_ABI.FBC/dt_ENM_CMN_ABI.txtbin	104	cp932	インフェルノ
romdata/DT/DT_ALL.FBC.z	DT_ENM_CMN_ABI.FBC/dt_ENM_CMN_ABI.txtbin	105	cp932	バーニングヒール
romdata/DT/DT_ALL.FBC.z	DT_ENM_CMN_ABI.FBC/dt_ENM_CMN_ABI.txtbin	106	cp932	召喚
romdata/DT/DT_ALL.FBC.z	DT_ENM_CMN_ABI.FBC/dt_ENM_CMN_ABI.txtbin	107	cp932	地獄の火炎
romdata/DT/DT_ALL.FBC.z	DT_ENM_CMN_ABI.FBC/dt_ENM_CMN_ABI.txtbin	108	cp932	ダイヤモンドダスト
romdata/DT/DT_ALL.FBC.z	DT_ENM_CMN_ABI.FBC/dt_ENM_CMN_ABI.txtbin	109	cp932	アイスストーム
romdata/DT/DT_ALL.FBC.z	DT_ENM_CMN_ABI.FBC/dt_ENM_CMN_ABI.txtbin	110	cp932	アイスダンス
romdata/DT/DT_ALL.FBC.z	DT_ENM_CMN_ABI.FBC/dt_ENM_CMN_ABI.txtbin	111	cp932	氷結
romdata/DT/DT_ALL.FBC.z	DT_ENM_CMN_ABI.FBC/dt_ENM_CMN_ABI.txtbin	112	cp932	召喚
romdata/DT/DT_ALL.FBC.z	DT_ENM_CMN_ABI.FBC/dt_ENM_CMN_ABI.txtbin	113	cp932	裁きの雷
romdata/DT/DT_ALL.FBC.z	DT_ENM_CMN_ABI.FBC/dt_ENM_CMN_ABI.txtbin	114	cp932	サンダーストーム
romdata/DT/DT_ALL.FBC.z	DT_ENM_CMN_ABI.FBC/dt_ENM_CMN_ABI.txtbin	115	cp932	ライトニング
romdata/DT/DT_ALL.FBC.z	DT_ENM_CMN_ABI.FBC/dt_ENM_CMN_ABI.txtbin	116	cp932	放電
romdata/DT/DT_ALL.FBC.z	DT_ENM_CMN_ABI.FBC/dt_ENM_CMN_ABI.txtbin	117	cp932	充電
romdata/DT/DT_ALL.FBC.z	DT_ENM_CMN_ABI.FBC/dt_ENM_CMN_ABI.txtbin	118	cp932	召喚
romdata/DT/DT_ALL.FBC.z	DT_ENM_CMN_ABI.FBC/dt_ENM_CMN_ABI.txtbin	119	cp932	雄叫び
romdata/DT/DT_ALL.FBC.z	DT_ENM_CMN_ABI.FBC/dt_ENM_CMN_ABI.txtbin	120	cp932	とっしん
romdata/DT/DT_ALL.FBC.z	DT_ENM_CMN_ABI.FBC/dt_ENM_CMN_ABI.txtbin	121	cp932	ミールストーム
romdata/DT/DT_ALL.FBC.z	DT_ENM_CMN_ABI.FBC/dt_ENM_CMN_ABI.txtbin	122	cp932	メガフレア
romdata/DT/DT_ALL.FBC.z	DT_ENM_CMN_ABI.FBC/dt_ENM_CMN_ABI.txtbin	123	cp932	ダークブレス
romdata/DT/DT_ALL.FBC.z	DT_ENM_CMN_ABI.FBC/dt_ENM_CMN_ABI.txtbin	124	cp932	ギガフレア
romdata/DT/DT_ALL.FBC.z	DT_ENM_CMN_ABI.FBC/dt_ENM_CMN_ABI.txtbin	125	cp932	自己修復
romdata/DT/DT_ALL.FBC.z	DT_ENM_CMN_ABI.FBC/dt_ENM_CMN_ABI.txtbin	126	cp932	アトミックレイ
romdata/DT/DT_ALL.FBC.z	DT_ENM_CMN_ABI.FBC/dt_ENM_CMN_ABI.txtbin	127	cp932	はどうほう
romdata/DT/DT_ALL.FBC.z	DT_ENM_CMN_ABI.FBC/dt_ENM_CMN_ABI.txtbin	128	cp932	サークル
romdata/DT/DT_ALL.FBC.z	DT_ENM_CMN_ABI.FBC/dt_ENM_CMN_ABI.txtbin	129	cp932	マスタードボム
romdata/DT/DT_ALL.FBC.z	DT_ENM_CMN_ABI.FBC/dt_ENM_CMN_ABI.txtbin	130	cp932	スプレッドミサイル
romdata/DT/DT_ALL.FBC.z	DT_ENM_CMN_ABI.FBC/dt_ENM_CMN_ABI.txtbin	131	cp932	火炎放射
romdata/DT/DT_ALL.FBC.z	DT_ENM_CMN_ABI.FBC/dt_ENM_CMN_ABI.txtbin	132	cp932	かそくそうち
romdata/DT/DT_ALL.FBC.z	DT_ENM_CMN_ABI.FBC/dt_ENM_CMN_ABI.txtbin	133	cp932	ホワイトウィンド
romdata/DT/DT_ALL.FBC.z	DT_ENM_CMN_ABI.FBC/dt_ENM_CMN_ABI.txtbin	134	cp932	タイダルウェイブ
romdata/DT/DT_ALL.FBC.z	DT_ENM_CMN_ABI.FBC/dt_ENM_CMN_ABI.txtbin	135	cp932	吹雪
romdata/DT/DT_ALL.FBC.z	DT_ENM_CMN_ABI.FBC/dt_ENM_CMN_ABI.txtbin	136	cp932	アトミックレイ
romdata/DT/DT_ALL.FBC.z	DT_ENM_CMN_ABI.FBC/dt_ENM_CMN_ABI.txtbin	137	cp932	ミールストーム
romdata/DT/DT_ALL.FBC.z	DT_ENM_CMN_ABI.FBC/dt_ENM_CMN_ABI.txtbin	138	cp932	稲妻
romdata/DT/DT_ALL.FBC.z	DT_ENM_CMN_ABI.FBC/dt_ENM_CMN_ABI.txtbin	139	cp932	ホーリーブレス
romdata/DT/DT_ALL.FBC.z	DT_ENM_CMN_ABI.FBC/dt_ENM_CMN_ABI.txtbin	140	cp932	モグビームX
romdata/DT/DT_ALL.FBC.z	DT_ENM_CMN_ABI.FBC/dt_ENM_CMN_ABI.txtbin	141	cp932	テレポート
romdata/DT/DT_ALL.FBC.z	DT_ENM_CMN_ABI.FBC/dt_ENM_CMN_ABI.txtbin	142	cp932	モグビームX
romdata/DT/DT_ALL.FBC.z	DT_ENM_CMN_ABI.FBC/dt_ENM_CMN_ABI.txtbin	143	cp932	ケアル
romdata/DT/DT_ALL.FBC.z	DT_ENM_CMN_ABI.FBC/dt_ENM_CMN_ABI.txtbin	144	cp932	ケアルラ
romdata/DT/DT_ALL.FBC.z	DT_ENM_CMN_ABI.FBC/dt_ENM_CMN_ABI.txtbin	145	cp932	ケアルガ
romdata/DT/DT_ALL.FBC.z	DT_ENM_CMN_ABI.FBC/dt_ENM_CMN_ABI.txtbin	146	cp932	プロテス
romdata/DT/DT_ALL.FBC.z	DT_ENM_CMN_ABI.FBC/dt_ENM_CMN_ABI.txtbin	147	cp932	シェル
romdata/DT/DT_ALL.FBC.z	DT_ENM_CMN_ABI.FBC/dt_ENM_CMN_ABI.txtbin	148	cp932	ファイア
romdata/DT/DT_ALL.FBC.z	DT_ENM_CMN_ABI.FBC/dt_ENM_CMN_ABI.txtbin	149	cp932	ファイガ
romdata/DT/DT_ALL.FBC.z	DT_ENM_CMN_ABI.FBC/dt_ENM_CMN_ABI.txtbin	150	cp932	ブリザド
romdata/DT/DT_ALL.FBC.z	DT_ENM_CMN_ABI.FBC/dt_ENM_CMN_ABI.txtbin	151	cp932	ブリザガ
romdata/DT/DT_ALL.FBC.z	DT_ENM_CMN_ABI.FBC/dt_ENM_CMN_ABI.txtbin	152	cp932	サンダー
romdata/DT/DT_ALL.FBC.z	DT_ENM_CMN_ABI.FBC/dt_ENM_CMN_ABI.txtbin	153	cp932	サンダガ
romdata/DT/DT_ALL.FBC.z	DT_ENM_CMN_ABI.FBC/dt_ENM_CMN_ABI.txtbin	154	cp932	ディア
romdata/DT/DT_ALL.FBC.z	DT_ENM_CMN_ABI.FBC/dt_ENM_CMN_ABI.txtbin	155	cp932	ダーク
romdata/DT/DT_ALL.FBC.z	DT_ENM_CMN_ABI.FBC/dt_ENM_CMN_ABI.txtbin	156	cp932	メテオ
romdata/DT/DT_ALL.FBC.z	DT_ENM_CMN_ABI.FBC/dt_ENM_CMN_ABI.txtbin	157	cp932	フレア
romdata/DT/DT_ALL.FBC.z	DT_ENM_CMN_ABI.FBC/dt_ENM_CMN_ABI.txtbin	158	cp932	ホーリー
romdata/DT/DT_ALL.FBC.z	DT_ENM_CMN_ABI.FBC/dt_ENM_CMN_ABI.txtbin	159	cp932	サイレス
romdata/DT/DT_ALL.FBC.z	DT_ENM_CMN_ABI.FBC/dt_ENM_CMN_ABI.txtbin	160	cp932	スロウ
romdata/DT/DT_ALL.FBC.z	DT_ENM_CMN_ABI.FBC/dt_ENM_CMN_ABI.txtbin	161	cp932	ヘイスト
romdata/DT/DT_ALL.FBC.z	DT_ENM_CMN_ABI.FBC/dt_ENM_CMN_ABI.txtbin	162	cp932	マバリア
romdata/DT/DT_ALL.FBC.z	DT_ENM_CMN_ABI.FBC/dt_ENM_CMN_ABI.txtbin	163	cp932	バリア
romdata/DT/DT_ALL.FBC.z	DT_ENM_CMN_ABI.FBC/dt_ENM_CMN_ABI.txtbin	164	cp932	イレース
romdata/DT/DT_ALL.FBC.z	DT_ITEM_ALL.FBC/dt_ITEM_ALL.txtbin	0	cp932	さびたツメ
romdata/DT/DT_ALL.FBC.z	DT_ITEM_ALL.FBC/dt_ITEM_ALL.txtbin	2	cp932	かわのツメ
romdata/DT/DT_ALL.FBC.z	DT_ITEM_ALL.FBC/dt_ITEM_ALL.txtbin	4	cp932	木のツメ
romdata/DT/DT_ALL.FBC.z	DT_ITEM_ALL.FBC/dt_ITEM_ALL.txtbin	6	cp932	せいどうのツメ
romdata/DT/DT_ALL.FBC.z	DT_ITEM_ALL.FBC/dt_ITEM_ALL.txtbin	8	cp932	どうのツメ
romdata/DT/DT_ALL.FBC.z	DT_ITEM_ALL.FBC/dt_ITEM_ALL.txtbin	10	cp932	てつのツメ
romdata/DT/DT_ALL.FBC.z	DT_ITEM_ALL.FBC/dt_ITEM_ALL.txtbin	12	cp932	ハガネのツメ
romdata/DT/DT_ALL.FBC.z	DT_ITEM_ALL.FBC/dt_ITEM_ALL.txtbin	14	cp932	さんごのツメ
romdata/DT/DT_ALL.FBC.z	DT_ITEM_ALL.FBC/dt_ITEM_ALL.txtbin	16	cp932	ミスリルのツメ
romdata/DT/DT_ALL.FBC.z	DT_ITEM_ALL.FBC/dt_ITEM_ALL.txtbin	18	cp932	ガーネットのツメ
romdata/DT/DT_ALL.FBC.z	DT_ITEM_ALL.FBC/dt_ITEM_ALL.txtbin	20	cp932	エメラルドのツメ
romdata/DT/DT_ALL.FBC.z	DT_ITEM_ALL.FBC/dt_ITEM_ALL.txtbin	22	cp932	サファイアのツメ
romdata/DT/DT_ALL.FBC.z	DT_ITEM_ALL.FBC/dt_ITEM_ALL.txtbin	24	cp932	ルビーのツメ
romdata/DT/DT_ALL.FBC.z	DT_ITEM_ALL.FBC/dt_ITEM_ALL.txtbin	26	cp932	ダイヤのツメ
romdata/DT/DT_ALL.FBC.z	DT_ITEM_ALL.FBC/dt_ITEM_ALL.txtbin	28	cp932	プラチナのツメ
romdata/DT/DT_ALL.FBC.z	DT_ITEM_ALL.FBC/dt_ITEM_ALL.txtbin	30	cp932	ダークのツメ
romdata/DT/DT_ALL.FBC.z	DT_ITEM_ALL.FBC/dt_ITEM_ALL.txtbin	32	cp932	ルーンのツメ
romdata/DT/DT_ALL.FBC.z	DT_ITEM_ALL.FBC/dt_ITEM_ALL.txtbin	34	cp932	チタンのツメ
romdata/DT/DT_ALL.FBC.z	DT_ITEM_ALL.FBC/dt_ITEM_ALL.txtbin	36	cp932	アダマンのツメ
romdata/DT/DT_ALL.FBC.z	DT_ITEM_ALL.FBC/dt_ITEM_ALL.txtbin	38	cp932	クリスタルのツメ
romdata/DT/DT_ALL.FBC.z	DT_ITEM_ALL.FBC/dt_ITEM_ALL.txtbin	40	cp932	オリハルコンのツメ
romdata/DT/DT_ALL.FBC.z	DT_ITEM_ALL.FBC/dt_ITEM_ALL.txtbin	42	cp932	ダマスカスのツメ
romdata/DT/DT_ALL.FBC.z	DT_ITEM_ALL.FBC/dt_ITEM_ALL.txtbin	44	cp932	王者のツメ
romdata/DT/DT_ALL.FBC.z	DT_ITEM_ALL.FBC/dt_ITEM_ALL.txtbin	46	cp932	源氏のツメ
romdata/DT/DT_ALL.FBC.z	DT_ITEM_ALL.FBC/dt_ITEM_ALL.txtbin	48	cp932	イルマのツメ
romdata/DT/DT_ALL.FBC.z	DT_ITEM_ALL.FBC/dt_ITEM_ALL.txtbin	50	cp932	神竜のツメ
romdata/DT/DT_ALL.FBC.z	DT_ITEM_ALL.FBC/dt_ITEM_ALL.txtbin	52	cp932	火のツメ
romdata/DT/DT_ALL.FBC.z	DT_ITEM_ALL.FBC/dt_ITEM_ALL.txtbin	54	cp932	水のツメ
romdata/DT/DT_ALL.FBC.z	DT_ITEM_ALL.FBC/dt_ITEM_ALL.txtbin	56	cp932	氷のツメ
romdata/DT/DT_ALL.FBC.z	DT_ITEM_ALL.FBC/dt_ITEM_ALL.txtbin	58	cp932	雷のツメ
romdata/DT/DT_ALL.FBC.z	DT_ITEM_ALL.FBC/dt_ITEM_ALL.txtbin	60	cp932	土のツメ
romdata/DT/DT_ALL.FBC.z	DT_ITEM_ALL.FBC/dt_ITEM_ALL.txtbin	62	cp932	光のツメ
romdata/DT/DT_ALL.FBC.z	DT_ITEM_ALL.FBC/dt_ITEM_ALL.txtbin	64	cp932	金のツメ
romdata/DT/DT_ALL.FBC.z	DT_ITEM_ALL.FBC/dt_ITEM_ALL.txtbin	66	cp932	ポイズンのツメ
romdata/DT/DT_ALL.FBC.z	DT_ITEM_ALL.FBC/dt_ITEM_ALL.txtbin	68	cp932	聖なるツメ
romdata/DT/DT_ALL.FBC.z	DT_ITEM_ALL.FBC/dt_ITEM_ALL.txtbin	70	cp932	ブラインのツメ
romdata/DT/DT_ALL.FBC.z	DT_ITEM_ALL.FBC/dt_ITEM_ALL.txtbin	72	cp932	サイレスのツメ
romdata/DT/DT_ALL.FBC.z	DT_ITEM_ALL.FBC/dt_ITEM_ALL.txtbin	74	cp932	スリプルのツメ
romdata/DT/DT_ALL.FBC.z	DT_ITEM_ALL.FBC/dt_ITEM_ALL.txtbin	76	cp932	コンフュのツメ
romdata/DT/DT_ALL.FBC.z	DT_ITEM_ALL.FBC/dt_ITEM_ALL.txtbin	78	cp932	スロウのツメ
romdata/DT/DT_ALL.FBC.z	DT_ITEM_ALL.FBC/dt_ITEM_ALL.txtbin	80	cp932	絶対のツメ
romdata/DT/DT_ALL.FBC.z	DT_ITEM_ALL.FBC/dt_ITEM_ALL.txtbin	82	cp932	ギルのツメ
romdata/DT/DT_ALL.FBC.z	DT_ITEM_ALL.FBC/dt_ITEM_ALL.txtbin	84	cp932	しあわせのツメ
romdata/DT/DT_ALL.FBC.z	DT_ITEM_ALL.FBC/dt_ITEM_ALL.txtbin	86	cp932	アンラッキーのツメ
romdata/DT/DT_ALL.FBC.z	DT_ITEM_ALL.FBC/dt_ITEM_ALL.txtbin	88	cp932	怒りのツメ
romdata/DT/DT_ALL.FBC.z	DT_ITEM_ALL.FBC/dt_ITEM_ALL.txtbin	90	cp932	ドンムブのツメ
romdata/DT/DT_ALL.FBC.z	DT_ITEM_ALL.FBC/dt_ITEM_ALL.txtbin	92	cp932	ワイドのツメ
romdata/DT/DT_ALL.FBC.z	DT_ITEM_ALL.FBC/dt_ITEM_ALL.txtbin	94	cp932	クリティカルのツメ
romdata/DT/DT_ALL.FBC.z	DT_ITEM_ALL.FBC/dt_ITEM_ALL.txtbin	96	cp932	宝のツメ
romdata/DT/DT_ALL.FBC.z	DT_ITEM_ALL.FBC/dt_ITEM_ALL.txtbin	98	cp932	ギガースキラー
romdata/DT/DT_ALL.FBC.z	DT_ITEM_ALL.FBC/dt_ITEM_ALL.txtbin	100	cp932	アンデッドキラー
romdata/DT/DT_ALL.FBC.z	DT_ITEM_ALL.FBC/dt_ITEM_ALL.txtbin	102	cp932	デーモンキラー
romdata/DT/DT_ALL.FBC.z	DT_ITEM_ALL.FBC/dt_ITEM_ALL.txtbin	104	cp932	ドラゴンキラー
romdata/DT/DT_ALL.FBC.z	DT_ITEM_ALL.FBC/dt_ITEM_ALL.txtbin	106	cp932	エレメンタルキラー
romdata/DT/DT_ALL.FBC.z	DT_ITEM_ALL.FBC/dt_ITEM_ALL.txtbin	108	cp932	フローターキラー
romdata/DT/DT_ALL.FBC.z	DT_ITEM_ALL.FBC/dt_ITEM_ALL.txtbin	120	cp932	さびたギア
romdata/DT/DT_ALL.FBC.z	DT_ITEM_ALL.FBC/dt_ITEM_ALL.txtbin	122	cp932	ライトギア
romdata/DT/DT_ALL.FBC.z	DT_ITEM_ALL.FBC/dt_ITEM_ALL.txtbin	124	cp932	ハンドギア
romdata/DT/DT_ALL.FBC.z	DT_ITEM_ALL.FBC/dt_ITEM_ALL.txtbin	126	cp932	アームギア
romdata/DT/DT_ALL.FBC.z	DT_ITEM_ALL.FBC/dt_ITEM_ALL.txtbin	128	cp932	バスターギア
romdata/DT/DT_ALL.FBC.z	DT_ITEM_ALL.FBC/dt_ITEM_ALL.txtbin	130	cp932	ウェアバスター
romdata/DT/DT_ALL.FBC.z	DT_ITEM_ALL.FBC/dt_ITEM_ALL.txtbin	132	cp932	クレイモア
romdata/DT/DT_ALL.FBC.z	DT_ITEM_ALL.FBC/dt_ITEM_ALL.txtbin	134	cp932	アルテミス
romdata/DT/DT_ALL.FBC.z	DT_ITEM_ALL.FBC/dt_ITEM_ALL.txtbin	136	cp932	サルンガ
romdata/DT/DT_ALL.FBC.z	DT_ITEM_ALL.FBC/dt_ITEM_ALL.txtbin	138	cp932	カッパーギア
romdata/DT/DT_ALL.FBC.z	DT_ITEM_ALL.FBC/dt_ITEM_ALL.txtbin	140	cp932	アイアンギア
romdata/DT/DT_ALL.FBC.z	DT_ITEM_ALL.FBC/dt_ITEM_ALL.txtbin	142	cp932	ミスリルギア
romdata/DT/DT_ALL.FBC.z	DT_ITEM_ALL.FBC/dt_ITEM_ALL.txtbin	144	cp932	ダークギア
romdata/DT/DT_ALL.FBC.z	DT_ITEM_ALL.FBC/dt_ITEM_ALL.txtbin	146	cp932	アダマンギア
romdata/DT/DT_ALL.FBC.z	DT_ITEM_ALL.FBC/dt_ITEM_ALL.txtbin	148	cp932	オリハルギア
romdata/DT/DT_ALL.FBC.z	DT_ITEM_ALL.FBC/dt_ITEM_ALL.txtbin	150	cp932	ダマスカスギア
romdata/DT/DT_ALL.FBC.z	DT_ITEM_ALL.FBC/dt_ITEM_ALL.txtbin	152	cp932	ツヴァイハンダー
romdata/DT/DT_ALL.FBC.z	DT_ITEM_ALL.FBC/dt_ITEM_ALL.txtbin	154	cp932	古びたギア
romdata/DT/DT_ALL.FBC.z	DT_ITEM_ALL.FBC/dt_ITEM_ALL.txtbin	156	cp932	グラビトン
romdata/DT/DT_ALL.FBC.z	DT_ITEM_ALL.FBC/dt_ITEM_ALL.txtbin	158	cp932	アナイアレイター
romdata/DT/DT_ALL.FBC.z	DT_ITEM_ALL.FBC/dt_ITEM_ALL.txtbin	160	cp932	いにしえのギア
romdata/DT/DT_ALL.FBC.z	DT_ITEM_ALL.FBC/dt_ITEM_ALL.txtbin	162	cp932	あしゅら
romdata/DT/DT_ALL.FBC.z	DT_ITEM_ALL.FBC/dt_ITEM_ALL.txtbin	164	cp932	こてつ
romdata/DT/DT_ALL.FBC.z	DT_ITEM_ALL.FBC/dt_ITEM_ALL.txtbin	166	cp932	きくいちもんじ
romdata/DT/DT_ALL.FBC.z	DT_ITEM_ALL.FBC/dt_ITEM_ALL.txtbin	168	cp932	まさむね
romdata/DT/DT_ALL.FBC.z	DT_ITEM_ALL.FBC/dt_ITEM_ALL.txtbin	170	cp932	あまのむらくも
romdata/DT/DT_ALL.FBC.z	DT_ITEM_ALL.FBC/dt_ITEM_ALL.txtbin	172	cp932	くちたギア
romdata/DT/DT_ALL.FBC.z	DT_ITEM_ALL.FBC/dt_ITEM_ALL.txtbin	174	cp932	エアブレイカー
romdata/DT/DT_ALL.FBC.z	DT_ITEM_ALL.FBC/dt_ITEM_ALL.txtbin	176	cp932	ブラスター
romdata/DT/DT_ALL.FBC.z	DT_ITEM_ALL.FBC/dt_ITEM_ALL.txtbin	178	cp932	フォースレイ
romdata/DT/DT_ALL.FBC.z	DT_ITEM_ALL.FBC/dt_ITEM_ALL.txtbin	180	cp932	アトミックレイ
romdata/DT/DT_ALL.FBC.z	DT_ITEM_ALL.FBC/dt_ITEM_ALL.txtbin	182	cp932	はどうほう
romdata/DT/DT_ALL.FBC.z	DT_ITEM_ALL.FBC/dt_ITEM_ALL.txtbin	184	cp932	アルタイル
romdata/DT/DT_ALL.FBC.z	DT_ITEM_ALL.FBC/dt_ITEM_ALL.txtbin	186	cp932	カペラ
romdata/DT/DT_ALL.FBC.z	DT_ITEM_ALL.FBC/dt_ITEM_ALL.txtbin	188	cp932	ヴェガ
romdata/DT/DT_ALL.FBC.z	DT_ITEM_ALL.FBC/dt_ITEM_ALL.txtbin	190	cp932	シリウス
romdata/DT/DT_ALL.FBC.z	DT_ITEM_ALL.FBC/dt_ITEM_ALL.txtbin	192	cp932	ベテルギウス
romdata/DT/DT_ALL.FBC.z	DT_ITEM_ALL.FBC/dt_ITEM_ALL.txtbin	194	cp932	ラス・アルゲティ
romdata/DT/DT_ALL.FBC.z	DT_ITEM_ALL.FBC/dt_ITEM_ALL.txtbin	196	cp932	アルデバラン
romdata/DT/DT_ALL.FBC.z	DT_ITEM_ALL.FBC/dt_ITEM_ALL.txtbin	198	cp932	スピカ
romdata/DT/DT_ALL.FBC.z	DT_ITEM_ALL.FBC/dt_ITEM_ALL.txtbin	200	cp932	アンタレス
romdata/DT/DT_ALL.FBC.z	DT_ITEM_ALL.FBC/dt_ITEM_ALL.txtbin	202	cp932	アルクトゥルス
romdata/DT/DT_ALL.FBC.z	DT_ITEM_ALL.FBC/dt_ITEM_ALL.txtbin	204	cp932	フォーマルハウト
romdata/DT/DT_ALL.FBC.z	DT_ITEM_ALL.FBC/dt_ITEM_ALL.txtbin	206	cp932	二式ギア
romdata/DT/DT_ALL.FBC.z	DT_ITEM_ALL.FBC/dt_ITEM_ALL.txtbin	208	cp932	四三式ギア
romdata/DT/DT_ALL.FBC.z	DT_ITEM_ALL.FBC/dt_ITEM_ALL.txtbin	210	cp932	七六式ギア
romdata/DT/DT_ALL.FBC.z	DT_ITEM_ALL.FBC/dt_ITEM_ALL.txtbin	212	cp932	九五式ギア
romdata/DT/DT_ALL.FBC.z	DT_ITEM_ALL.FBC/dt_ITEM_ALL.txtbin	214	cp932	一〇八式ギア
romdata/DT/DT_ALL.FBC.z	DT_ITEM_ALL.FBC/dt_ITEM_ALL.txtbin	220	cp932	さびたクラ
romdata/DT/DT_ALL.FBC.z	DT_ITEM_ALL.FBC/dt_ITEM_ALL.txtbin	222	cp932	かわのクラ
romdata/DT/DT_ALL.FBC.z	DT_ITEM_ALL.FBC/dt_ITEM_ALL.txtbin	224	cp932	木のクラ
romdata/DT/DT_ALL.FBC.z	DT_ITEM_ALL.FBC/dt_ITEM_ALL.txtbin	226	cp932	せいどうのクラ
romdata/DT/DT_ALL.FBC.z	DT_ITEM_ALL.FBC/dt_ITEM_ALL.txtbin	228	cp932	どうのクラ
romdata/DT/DT_ALL.FBC.z	DT_ITEM_ALL.FBC/dt_ITEM_ALL.txtbin	230	cp932	てつのクラ
romdata/DT/DT_ALL.FBC.z	DT_ITEM_ALL.FBC/dt_ITEM_ALL.txtbin	232	cp932	ハガネのクラ
romdata/DT/DT_ALL.FBC.z	DT_ITEM_ALL.FBC/dt_ITEM_ALL.txtbin	234	cp932	さんごのクラ
romdata/DT/DT_ALL.FBC.z	DT_ITEM_ALL.FBC/dt_ITEM_ALL.txtbin	236	cp932	ミスリルのクラ
romdata/DT/DT_ALL.FBC.z	DT_ITEM_ALL.FBC/dt_ITEM_ALL.txtbin	238	cp932	ガーネットのクラ
romdata/DT/DT_ALL.FBC.z	DT_ITEM_ALL.FBC/dt_ITEM_ALL.txtbin	240	cp932	エメラルドのクラ
romdata/DT/DT_ALL.FBC.z	DT_ITEM_ALL.FBC/dt_ITEM_ALL.txtbin	242	cp932	サファイアのクラ
romdata/DT/DT_ALL.FBC.z	DT_ITEM_ALL.FBC/dt_ITEM_ALL.txtbin	244	cp932	ルビーのクラ
romdata/DT/DT_ALL.FBC.z	DT_ITEM_ALL.FBC/dt_ITEM_ALL.txtbin	246	cp932	ダイヤのクラ
romdata/DT/DT_ALL.FBC.z	DT_ITEM_ALL.FBC/dt_ITEM_ALL.txtbin	248	cp932	プラチナのクラ
romdata/DT/DT_ALL.FBC.z	DT_ITEM_ALL.FBC/dt_ITEM_ALL.txtbin	250	cp932	ダークのクラ
romdata/DT/DT_ALL.FBC.z	DT_ITEM_ALL.FBC/dt_ITEM_ALL.txtbin	252	cp932	ルーンのクラ
romdata/DT/DT_ALL.FBC.z	DT_ITEM_ALL.FBC/dt_ITEM_ALL.txtbin	254	cp932	チタンのクラ
romdata/DT/DT_ALL.FBC.z	DT_ITEM_ALL.FBC/dt_ITEM_ALL.txtbin	256	cp932	アダマンのクラ
romdata/DT/DT_ALL.FBC.z	DT_ITEM_ALL.FBC/dt_ITEM_ALL.txtbin	258	cp932	クリスタルのクラ
romdata/DT/DT_ALL.FBC.z	DT_ITEM_ALL.FBC/dt_ITEM_ALL.txtbin	260	cp932	オリハルコンのクラ
romdata/DT/DT_ALL.FBC.z	DT_ITEM_ALL.FBC/dt_ITEM_ALL.txtbin	262	cp932	ダマスカスのクラ
romdata/DT/DT_ALL.FBC.z	DT_ITEM_ALL.FBC/dt_ITEM_ALL.txtbin	264	cp932	王者のクラ
romdata/DT/DT_ALL.FBC.z	DT_ITEM_ALL.FBC/dt_ITEM_ALL.txtbin	266	cp932	源氏のクラ
romdata/DT/DT_ALL.FBC.z	DT_ITEM_ALL.FBC/dt_ITEM_ALL.txtbin	268	cp932	ヴォルグのクラ
romdata/DT/DT_ALL.FBC.z	DT_ITEM_ALL.FBC/dt_ITEM_ALL.txtbin	270	cp932	オメガのクラ
romdata/DT/DT_ALL.FBC.z	DT_ITEM_ALL.FBC/dt_ITEM_ALL.txtbin	272	cp932	火のクラ
romdata/DT/DT_ALL.FBC.z	DT_ITEM_ALL.FBC/dt_ITEM_ALL.txtbin	274	cp932	水のクラ
romdata/DT/DT_ALL.FBC.z	DT_ITEM_ALL.FBC/dt_ITEM_ALL.txtbin	276	cp932	氷のクラ
romdata/DT/DT_ALL.FBC.z	DT_ITEM_ALL.FBC/dt_ITEM_ALL.txtbin	278	cp932	雷のクラ
romdata/DT/DT_ALL.FBC.z	DT_ITEM_ALL.FBC/dt_ITEM_ALL.txtbin	280	cp932	土のクラ
romdata/DT/DT_ALL.FBC.z	DT_ITEM_ALL.FBC/dt_ITEM_ALL.txtbin	282	cp932	光のクラ
romdata/DT/DT_ALL.FBC.z	DT_ITEM_ALL.FBC/dt_ITEM_ALL.txtbin	284	cp932	金のクラ
romdata/DT/DT_ALL.FBC.z	DT_ITEM_ALL.FBC/dt_ITEM_ALL.txtbin	286	cp932	どくよけのクラ
romdata/DT/DT_ALL.FBC.z	DT_ITEM_ALL.FBC/dt_ITEM_ALL.txtbin	288	cp932	聖なるクラ
romdata/DT/DT_ALL.FBC.z	DT_ITEM_ALL.FBC/dt_ITEM_ALL.txtbin	290	cp932	めぐすりのクラ
romdata/DT/DT_ALL.FBC.z	DT_ITEM_ALL.FBC/dt_ITEM_ALL.txtbin	292	cp932	ちんもくよけのクラ
romdata/DT/DT_ALL.FBC.z	DT_ITEM_ALL.FBC/dt_ITEM_ALL.txtbin	294	cp932	眠らずのクラ
romdata/DT/DT_ALL.FBC.z	DT_ITEM_ALL.FBC/dt_ITEM_ALL.txtbin	296	cp932	こんらんよけのクラ
romdata/DT/DT_ALL.FBC.z	DT_ITEM_ALL.FBC/dt_ITEM_ALL.txtbin	298	cp932	スロウのクラ
romdata/DT/DT_ALL.FBC.z	DT_ITEM_ALL.FBC/dt_ITEM_ALL.txtbin	300	cp932	絶対のクラ
romdata/DT/DT_ALL.FBC.z	DT_ITEM_ALL.FBC/dt_ITEM_ALL.txtbin	302	cp932	命のクラ
romdata/DT/DT_ALL.FBC.z	DT_ITEM_ALL.FBC/dt_ITEM_ALL.txtbin	304	cp932	しのびのクラ
romdata/DT/DT_ALL.FBC.z	DT_ITEM_ALL.FBC/dt_ITEM_ALL.txtbin	306	cp932	かるいクラ
romdata/DT/DT_ALL.FBC.z	DT_ITEM_ALL.FBC/dt_ITEM_ALL.txtbin	308	cp932	スロウよけのクラ
romdata/DT/DT_ALL.FBC.z	DT_ITEM_ALL.FBC/dt_ITEM_ALL.txtbin	310	cp932	盗みよけのクラ
romdata/DT/DT_ALL.FBC.z	DT_ITEM_ALL.FBC/dt_ITEM_ALL.txtbin	312	cp932	技ナシのクラ
romdata/DT/DT_ALL.FBC.z	DT_ITEM_ALL.FBC/dt_ITEM_ALL.txtbin	314	cp932	おもいクラ
romdata/DT/DT_ALL.FBC.z	DT_ITEM_ALL.FBC/dt_ITEM_ALL.txtbin	316	cp932	しんきろうのクラ
romdata/DT/DT_ALL.FBC.z	DT_ITEM_ALL.FBC/dt_ITEM_ALL.txtbin	318	cp932	みじゅくのクラ
romdata/DT/DT_ALL.FBC.z	DT_ITEM_ALL.FBC/dt_ITEM_ALL.txtbin	330	cp932	よれよれのコート
romdata/DT/DT_ALL.FBC.z	DT_ITEM_ALL.FBC/dt_ITEM_ALL.txtbin	332	cp932	ノーマルコート
romdata/DT/DT_ALL.FBC.z	DT_ITEM_ALL.FBC/dt_ITEM_ALL.txtbin	334	cp932	レインコート
romdata/DT/DT_ALL.FBC.z	DT_ITEM_ALL.FBC/dt_ITEM_ALL.txtbin	336	cp932	コーラルコート
romdata/DT/DT_ALL.FBC.z	DT_ITEM_ALL.FBC/dt_ITEM_ALL.txtbin	338	cp932	ハーフコート
romdata/DT/DT_ALL.FBC.z	DT_ITEM_ALL.FBC/dt_ITEM_ALL.txtbin	340	cp932	ライフベスト
romdata/DT/DT_ALL.FBC.z	DT_ITEM_ALL.FBC/dt_ITEM_ALL.txtbin	342	cp932	サーフィルコート
romdata/DT/DT_ALL.FBC.z	DT_ITEM_ALL.FBC/dt_ITEM_ALL.txtbin	344	cp932	インナーメイル
romdata/DT/DT_ALL.FBC.z	DT_ITEM_ALL.FBC/dt_ITEM_ALL.txtbin	346	cp932	ジュストコール
romdata/DT/DT_ALL.FBC.z	DT_ITEM_ALL.FBC/dt_ITEM_ALL.txtbin	348	cp932	タイタンガウン
romdata/DT/DT_ALL.FBC.z	DT_ITEM_ALL.FBC/dt_ITEM_ALL.txtbin	350	cp932	ローグベスト
romdata/DT/DT_ALL.FBC.z	DT_ITEM_ALL.FBC/dt_ITEM_ALL.txtbin	352	cp932	グルナコート
romdata/DT/DT_ALL.FBC.z	DT_ITEM_ALL.FBC/dt_ITEM_ALL.txtbin	354	cp932	アルミナガウン
romdata/DT/DT_ALL.FBC.z	DT_ITEM_ALL.FBC/dt_ITEM_ALL.txtbin	356	cp932	ベリルコート
romdata/DT/DT_ALL.FBC.z	DT_ITEM_ALL.FBC/dt_ITEM_ALL.txtbin	358	cp932	ディアマント
romdata/DT/DT_ALL.FBC.z	DT_ITEM_ALL.FBC/dt_ITEM_ALL.txtbin	360	cp932	ミラージュベスト
romdata/DT/DT_ALL.FBC.z	DT_ITEM_ALL.FBC/dt_ITEM_ALL.txtbin	362	cp932	ウイユベール
romdata/DT/DT_ALL.FBC.z	DT_ITEM_ALL.FBC/dt_ITEM_ALL.txtbin	364	cp932	インバネス
romdata/DT/DT_ALL.FBC.z	DT_ITEM_ALL.FBC/dt_ITEM_ALL.txtbin	366	cp932	バルマカーン
romdata/DT/DT_ALL.FBC.z	DT_ITEM_ALL.FBC/dt_ITEM_ALL.txtbin	368	cp932	古びたコート
romdata/DT/DT_ALL.FBC.z	DT_ITEM_ALL.FBC/dt_ITEM_ALL.txtbin	370	cp932	チョコボスーツ
romdata/DT/DT_ALL.FBC.z	DT_ITEM_ALL.FBC/dt_ITEM_ALL.txtbin	372	cp932	リボンの首輪
romdata/DT/DT_ALL.FBC.z	DT_ITEM_ALL.FBC/dt_ITEM_ALL.txtbin	373	cp932	あたらしい首輪
romdata/DT/DT_ALL.FBC.z	DT_ITEM_ALL.FBC/dt_ITEM_ALL.txtbin	374	cp932	どくよけの首輪
romdata/DT/DT_ALL.FBC.z	DT_ITEM_ALL.FBC/dt_ITEM_ALL.txtbin	375	cp932	イカス首輪
romdata/DT/DT_ALL.FBC.z	DT_ITEM_ALL.FBC/dt_ITEM_ALL.txtbin	376	cp932	やみよけの首輪
romdata/DT/DT_ALL.FBC.z	DT_ITEM_ALL.FBC/dt_ITEM_ALL.txtbin	377	cp932	いけてる首輪
romdata/DT/DT_ALL.FBC.z	DT_ITEM_ALL.FBC/dt_ITEM_ALL.txtbin	378	cp932	眠らずの首輪
romdata/DT/DT_ALL.FBC.z	DT_ITEM_ALL.FBC/dt_ITEM_ALL.txtbin	379	cp932	おおきい首輪
romdata/DT/DT_ALL.FBC.z	DT_ITEM_ALL.FBC/dt_ITEM_ALL.txtbin	380	cp932	こんらんよけの首輪
romdata/DT/DT_ALL.FBC.z	DT_ITEM_ALL.FBC/dt_ITEM_ALL.txtbin	381	cp932	おかしい首輪
romdata/DT/DT_ALL.FBC.z	DT_ITEM_ALL.FBC/dt_ITEM_ALL.txtbin	382	cp932	のろまよけの首輪
romdata/DT/DT_ALL.FBC.z	DT_ITEM_ALL.FBC/dt_ITEM_ALL.txtbin	383	cp932	おしゃれな首輪
romdata/DT/DT_ALL.FBC.z	DT_ITEM_ALL.FBC/dt_ITEM_ALL.txtbin	384	cp932	おしゃべりの首輪
romdata/DT/DT_ALL.FBC.z	DT_ITEM_ALL.FBC/dt_ITEM_ALL.txtbin	385	cp932	かっこいい首輪
romdata/DT/DT_ALL.FBC.z	DT_ITEM_ALL.FBC/dt_ITEM_ALL.txtbin	386	cp932	ハラヘラズの首輪
romdata/DT/DT_ALL.FBC.z	DT_ITEM_ALL.FBC/dt_ITEM_ALL.txtbin	387	cp932	かっこわるい首輪
romdata/DT/DT_ALL.FBC.z	DT_ITEM_ALL.FBC/dt_ITEM_ALL.txtbin	388	cp932	ハラヘリの首輪
romdata/DT/DT_ALL.FBC.z	DT_ITEM_ALL.FBC/dt_ITEM_ALL.txtbin	389	cp932	かわいい首輪
romdata/DT/DT_ALL.FBC.z	DT_ITEM_ALL.FBC/dt_ITEM_ALL.txtbin	390	cp932	まもりの首輪
romdata/DT/DT_ALL.FBC.z	DT_ITEM_ALL.FBC/dt_ITEM_ALL.txtbin	391	cp932	きたない首輪
romdata/DT/DT_ALL.FBC.z	DT_ITEM_ALL.FBC/dt_ITEM_ALL.txtbin	392	cp932	ちからの首輪
romdata/DT/DT_ALL.FBC.z	DT_ITEM_ALL.FBC/dt_ITEM_ALL.txtbin	393	cp932	こけむした首輪
romdata/DT/DT_ALL.FBC.z	DT_ITEM_ALL.FBC/dt_ITEM_ALL.txtbin	394	cp932	回復の首輪
romdata/DT/DT_ALL.FBC.z	DT_ITEM_ALL.FBC/dt_ITEM_ALL.txtbin	395	cp932	ごつごつした首輪
romdata/DT/DT_ALL.FBC.z	DT_ITEM_ALL.FBC/dt_ITEM_ALL.txtbin	396	cp932	おつかれの首輪
romdata/DT/DT_ALL.FBC.z	DT_ITEM_ALL.FBC/dt_ITEM_ALL.txtbin	397	cp932	こった首輪
romdata/DT/DT_ALL.FBC.z	DT_ITEM_ALL.FBC/dt_ITEM_ALL.txtbin	398	cp932	ワナよけの首輪
romdata/DT/DT_ALL.FBC.z	DT_ITEM_ALL.FBC/dt_ITEM_ALL.txtbin	399	cp932	サイケな首輪
romdata/DT/DT_ALL.FBC.z	DT_ITEM_ALL.FBC/dt_ITEM_ALL.txtbin	400	cp932	せんりがんの首輪
romdata/DT/DT_ALL.FBC.z	DT_ITEM_ALL.FBC/dt_ITEM_ALL.txtbin	401	cp932	さびてる首輪
romdata/DT/DT_ALL.FBC.z	DT_ITEM_ALL.FBC/dt_ITEM_ALL.txtbin	402	cp932	地図の首輪
romdata/DT/DT_ALL.FBC.z	DT_ITEM_ALL.FBC/dt_ITEM_ALL.txtbin	403	cp932	シブイ首輪
romdata/DT/DT_ALL.FBC.z	DT_ITEM_ALL.FBC/dt_ITEM_ALL.txtbin	404	cp932	忘れずの首輪
romdata/DT/DT_ALL.FBC.z	DT_ITEM_ALL.FBC/dt_ITEM_ALL.txtbin	405	cp932	ジミな首輪
romdata/DT/DT_ALL.FBC.z	DT_ITEM_ALL.FBC/dt_ITEM_ALL.txtbin	406	cp932	かんていの首輪
romdata/DT/DT_ALL.FBC.z	DT_ITEM_ALL.FBC/dt_ITEM_ALL.txtbin	407	cp932	シンプルな首輪
romdata/DT/DT_ALL.FBC.z	DT_ITEM_ALL.FBC/dt_ITEM_ALL.txtbin	408	cp932	えんとうの首輪
romdata/DT/DT_ALL.FBC.z	DT_ITEM_ALL.FBC/dt_ITEM_ALL.txtbin	409	cp932	セクシーな首輪
romdata/DT/DT_ALL.FBC.z	DT_ITEM_ALL.FBC/dt_ITEM_ALL.txtbin	410	cp932	ワザの首輪
romdata/DT/DT_ALL.FBC.z	DT_ITEM_ALL.FBC/dt_ITEM_ALL.txtbin	411	cp932	ダサい首輪
romdata/DT/DT_ALL.FBC.z	DT_ITEM_ALL.FBC/dt_ITEM_ALL.txtbin	412	cp932	ワザヘリの首輪
romdata/DT/DT_ALL.FBC.z	DT_ITEM_ALL.FBC/dt_ITEM_ALL.txtbin	413	cp932	ちいさい首輪
romdata/DT/DT_ALL.FBC.z	DT_ITEM_ALL.FBC/dt_ITEM_ALL.txtbin	414	cp932	ぬすみよけの首輪
romdata/DT/DT_ALL.FBC.z	DT_ITEM_ALL.FBC/dt_ITEM_ALL.txtbin	415	cp932	つやつやした首輪
romdata/DT/DT_ALL.FBC.z	DT_ITEM_ALL.FBC/dt_ITEM_ALL.txtbin	416	cp932	回避の首輪
romdata/DT/DT_ALL.FBC.z	DT_ITEM_ALL.FBC/dt_ITEM_ALL.txtbin	417	cp932	とげのついた首輪
romdata/DT/DT_ALL.FBC.z	DT_ITEM_ALL.FBC/dt_ITEM_ALL.txtbin	418	cp932	スロウの首輪
romdata/DT/DT_ALL.FBC.z	DT_ITEM_ALL.FBC/dt_ITEM_ALL.txtbin	419	cp932	ドロだらけの首輪
romdata/DT/DT_ALL.FBC.z	DT_ITEM_ALL.FBC/dt_ITEM_ALL.txtbin	420	cp932	サイレスの首輪
romdata/DT/DT_ALL.FBC.z	DT_ITEM_ALL.FBC/dt_ITEM_ALL.txtbin	421	cp932	ナイスな首輪
romdata/DT/DT_ALL.FBC.z	DT_ITEM_ALL.FBC/dt_ITEM_ALL.txtbin	422	cp932	ブラインの首輪
romdata/DT/DT_ALL.FBC.z	DT_ITEM_ALL.FBC/dt_ITEM_ALL.txtbin	423	cp932	ハデな首輪
romdata/DT/DT_ALL.FBC.z	DT_ITEM_ALL.FBC/dt_ITEM_ALL.txtbin	424	cp932	宝石の首輪
romdata/DT/DT_ALL.FBC.z	DT_ITEM_ALL.FBC/dt_ITEM_ALL.txtbin	425	cp932	ブカブカな首輪
romdata/DT/DT_ALL.FBC.z	DT_ITEM_ALL.FBC/dt_ITEM_ALL.txtbin	432	cp932	リボンの指輪
romdata/DT/DT_ALL.FBC.z	DT_ITEM_ALL.FBC/dt_ITEM_ALL.txtbin	433	cp932	あたらしい指輪
romdata/DT/DT_ALL.FBC.z	DT_ITEM_ALL.FBC/dt_ITEM_ALL.txtbin	434	cp932	どくよけの指輪
romdata/DT/DT_ALL.FBC.z	DT_ITEM_ALL.FBC/dt_ITEM_ALL.txtbin	435	cp932	イカス指輪
romdata/DT/DT_ALL.FBC.z	DT_ITEM_ALL.FBC/dt_ITEM_ALL.txtbin	436	cp932	やみよけの指輪
romdata/DT/DT_ALL.FBC.z	DT_ITEM_ALL.FBC/dt_ITEM_ALL.txtbin	437	cp932	いけてる指輪
romdata/DT/DT_ALL.FBC.z	DT_ITEM_ALL.FBC/dt_ITEM_ALL.txtbin	438	cp932	眠らずの指輪
romdata/DT/DT_ALL.FBC.z	DT_ITEM_ALL.FBC/dt_ITEM_ALL.txtbin	439	cp932	おおきい指輪
romdata/DT/DT_ALL.FBC.z	DT_ITEM_ALL.FBC/dt_ITEM_ALL.txtbin	440	cp932	こんらんよけの指輪
romdata/DT/DT_ALL.FBC.z	DT_ITEM_ALL.FBC/dt_ITEM_ALL.txtbin	441	cp932	おかしい指輪
romdata/DT/DT_ALL.FBC.z	DT_ITEM_ALL.FBC/dt_ITEM_ALL.txtbin	442	cp932	のろまよけの指輪
romdata/DT/DT_ALL.FBC.z	DT_ITEM_ALL.FBC/dt_ITEM_ALL.txtbin	443	cp932	おしゃれな指輪
romdata/DT/DT_ALL.FBC.z	DT_ITEM_ALL.FBC/dt_ITEM_ALL.txtbin	444	cp932	おしゃべりの指輪
romdata/DT/DT_ALL.FBC.z	DT_ITEM_ALL.FBC/dt_ITEM_ALL.txtbin	445	cp932	かっこいい指輪
romdata/DT/DT_ALL.FBC.z	DT_ITEM_ALL.FBC/dt_ITEM_ALL.txtbin	446	cp932	ハラヘラズの指輪
romdata/DT/DT_ALL.FBC.z	DT_ITEM_ALL.FBC/dt_ITEM_ALL.txtbin	447	cp932	かっこわるい指輪
romdata/DT/DT_ALL.FBC.z	DT_ITEM_ALL.FBC/dt_ITEM_ALL.txtbin	448	cp932	ギャンブラーの指輪
romdata/DT/DT_ALL.FBC.z	DT_ITEM_ALL.FBC/dt_ITEM_ALL.txtbin	449	cp932	かわいい指輪
romdata/DT/DT_ALL.FBC.z	DT_ITEM_ALL.FBC/dt_ITEM_ALL.txtbin	450	cp932	しんちょうな指輪
romdata/DT/DT_ALL.FBC.z	DT_ITEM_ALL.FBC/dt_ITEM_ALL.txtbin	451	cp932	セクシーな指輪
romdata/DT/DT_ALL.FBC.z	DT_ITEM_ALL.FBC/dt_ITEM_ALL.txtbin	452	cp932	目ききの指輪
romdata/DT/DT_ALL.FBC.z	DT_ITEM_ALL.FBC/dt_ITEM_ALL.txtbin	453	cp932	こけむした指輪
romdata/DT/DT_ALL.FBC.z	DT_ITEM_ALL.FBC/dt_ITEM_ALL.txtbin	454	cp932	ワナよけの指輪
romdata/DT/DT_ALL.FBC.z	DT_ITEM_ALL.FBC/dt_ITEM_ALL.txtbin	455	cp932	ごつごつした指輪
romdata/DT/DT_ALL.FBC.z	DT_ITEM_ALL.FBC/dt_ITEM_ALL.txtbin	456	cp932	エースの指輪
romdata/DT/DT_ALL.FBC.z	DT_ITEM_ALL.FBC/dt_ITEM_ALL.txtbin	457	cp932	こった指輪
romdata/DT/DT_ALL.FBC.z	DT_ITEM_ALL.FBC/dt_ITEM_ALL.txtbin	458	cp932	てっぺきの指輪
romdata/DT/DT_ALL.FBC.z	DT_ITEM_ALL.FBC/dt_ITEM_ALL.txtbin	459	cp932	サイケな指輪
romdata/DT/DT_ALL.FBC.z	DT_ITEM_ALL.FBC/dt_ITEM_ALL.txtbin	460	cp932	にげじょうずの指輪
romdata/DT/DT_ALL.FBC.z	DT_ITEM_ALL.FBC/dt_ITEM_ALL.txtbin	461	cp932	さびてる指輪
romdata/DT/DT_ALL.FBC.z	DT_ITEM_ALL.FBC/dt_ITEM_ALL.txtbin	462	cp932	たつじんの指輪
romdata/DT/DT_ALL.FBC.z	DT_ITEM_ALL.FBC/dt_ITEM_ALL.txtbin	463	cp932	シブイ指輪
romdata/DT/DT_ALL.FBC.z	DT_ITEM_ALL.FBC/dt_ITEM_ALL.txtbin	464	cp932	しのびあしの指輪
romdata/DT/DT_ALL.FBC.z	DT_ITEM_ALL.FBC/dt_ITEM_ALL.txtbin	465	cp932	ジミな指輪
romdata/DT/DT_ALL.FBC.z	DT_ITEM_ALL.FBC/dt_ITEM_ALL.txtbin	466	cp932	はたらきものの指輪
romdata/DT/DT_ALL.FBC.z	DT_ITEM_ALL.FBC/dt_ITEM_ALL.txtbin	467	cp932	シンプルな指輪
romdata/DT/DT_ALL.FBC.z	DT_ITEM_ALL.FBC/dt_ITEM_ALL.txtbin	476	cp932	ギサールの野菜
romdata/DT/DT_ALL.FBC.z	DT_ITEM_ALL.FBC/dt_ITEM_ALL.txtbin	477	cp932	アレな野菜
romdata/DT/DT_ALL.FBC.z	DT_ITEM_ALL.FBC/dt_ITEM_ALL.txtbin	478	cp932	大ギサールの野菜
romdata/DT/DT_ALL.FBC.z	DT_ITEM_ALL.FBC/dt_ITEM_ALL.txtbin	479	cp932	ぎりぎりアレな野菜
romdata/DT/DT_ALL.FBC.z	DT_ITEM_ALL.FBC/dt_ITEM_ALL.txtbin	480	cp932	クサールの野菜
romdata/DT/DT_ALL.FBC.z	DT_ITEM_ALL.FBC/dt_ITEM_ALL.txtbin	481	cp932	すごくアレな野菜
romdata/DT/DT_ALL.FBC.z	DT_ITEM_ALL.FBC/dt_ITEM_ALL.txtbin	482	cp932	ネバールの野菜
romdata/DT/DT_ALL.FBC.z	DT_ITEM_ALL.FBC/dt_ITEM_ALL.txtbin	483	cp932	ひどくアレな野菜
romdata/DT/DT_ALL.FBC.z	DT_ITEM_ALL.FBC/dt_ITEM_ALL.txtbin	484	cp932	ダマールの野菜
romdata/DT/DT_ALL.FBC.z	DT_ITEM_ALL.FBC/dt_ITEM_ALL.txtbin	485	cp932	とってもアレな野菜
romdata/DT/DT_ALL.FBC.z	DT_ITEM_ALL.FBC/dt_ITEM_ALL.txtbin	486	cp932	ネムールの野菜
romdata/DT/DT_ALL.FBC.z	DT_ITEM_ALL.FBC/dt_ITEM_ALL.txtbin	487	cp932	アレっぽい野菜
romdata/DT/DT_ALL.FBC.z	DT_ITEM_ALL.FBC/dt_ITEM_ALL.txtbin	488	cp932	フトールの野菜
romdata/DT/DT_ALL.FBC.z	DT_ITEM_ALL.FBC/dt_ITEM_ALL.txtbin	489	cp932	ちょっとアレな野菜
romdata/DT/DT_ALL.FBC.z	DT_ITEM_ALL.FBC/dt_ITEM_ALL.txtbin	490	cp932	ヤセールの野菜
romdata/DT/DT_ALL.FBC.z	DT_ITEM_ALL.FBC/dt_ITEM_ALL.txtbin	491	cp932	アレかも…な野菜
romdata/DT/DT_ALL.FBC.z	DT_ITEM_ALL.FBC/dt_ITEM_ALL.txtbin	494	cp932	クッキー
romdata/DT/DT_ALL.FBC.z	DT_ITEM_ALL.FBC/dt_ITEM_ALL.txtbin	495	cp932	ソレなクッキー
romdata/DT/DT_ALL.FBC.z	DT_ITEM_ALL.FBC/dt_ITEM_ALL.txtbin	496	cp932	大クッキー
romdata/DT/DT_ALL.FBC.z	DT_ITEM_ALL.FBC/dt_ITEM_ALL.txtbin	497	cp932	ぎりぎりソレなクッキー
romdata/DT/DT_ALL.FBC.z	DT_ITEM_ALL.FBC/dt_ITEM_ALL.txtbin	498	cp932	クサールクッキー
romdata/DT/DT_ALL.FBC.z	DT_ITEM_ALL.FBC/dt_ITEM_ALL.txtbin	499	cp932	すごくソレなクッキー
romdata/DT/DT_ALL.FBC.z	DT_ITEM_ALL.FBC/dt_ITEM_ALL.txtbin	500	cp932	ネバールクッキー
romdata/DT/DT_ALL.FBC.z	DT_ITEM_ALL.FBC/dt_ITEM_ALL.txtbin	501	cp932	ひどくソレなクッキー
romdata/DT/DT_ALL.FBC.z	DT_ITEM_ALL.FBC/dt_ITEM_ALL.txtbin	502	cp932	ダマールクッキー
romdata/DT/DT_ALL.FBC.z	DT_ITEM_ALL.FBC/dt_ITEM_ALL.txtbin	503	cp932	とってもソレなクッキー
romdata/DT/DT_ALL.FBC.z	DT_ITEM_ALL.FBC/dt_ITEM_ALL.txtbin	504	cp932	ネムールクッキー
romdata/DT/DT_ALL.FBC.z	DT_ITEM_ALL.FBC/dt_ITEM_ALL.txtbin	505	cp932	ソレっぽいクッキー
romdata/DT/DT_ALL.FBC.z	DT_ITEM_ALL.FBC/dt_ITEM_ALL.txtbin	506	cp932	フトールクッキー
romdata/DT/DT_ALL.FBC.z	DT_ITEM_ALL.FBC/dt_ITEM_ALL.txtbin	507	cp932	ちょっとソレなクッキー
romdata/DT/DT_ALL.FBC.z	DT_ITEM_ALL.FBC/dt_ITEM_ALL.txtbin	508	cp932	ヤセールクッキー
romdata/DT/DT_ALL.FBC.z	DT_ITEM_ALL.FBC/dt_ITEM_ALL.txtbin	509	cp932	ソレかも…なクッキー
romdata/DT/DT_ALL.FBC.z	DT_ITEM_ALL.FBC/dt_ITEM_ALL.txtbin	512	cp932	ポーション
romdata/DT/DT_ALL.FBC.z	DT_ITEM_ALL.FBC/dt_ITEM_ALL.txtbin	513	cp932	アワだった薬
romdata/DT/DT_ALL.FBC.z	DT_ITEM_ALL.FBC/dt_ITEM_ALL.txtbin	514	cp932	ハイポーション
romdata/DT/DT_ALL.FBC.z	DT_ITEM_ALL.FBC/dt_ITEM_ALL.txtbin	515	cp932	いろあせた薬
romdata/DT/DT_ALL.FBC.z	DT_ITEM_ALL.FBC/dt_ITEM_ALL.txtbin	516	cp932	エクスポーション
romdata/DT/DT_ALL.FBC.z	DT_ITEM_ALL.FBC/dt_ITEM_ALL.txtbin	517	cp932	ギトギトの薬
romdata/DT/DT_ALL.FBC.z	DT_ITEM_ALL.FBC/dt_ITEM_ALL.txtbin	518	cp932	マキシポーション
romdata/DT/DT_ALL.FBC.z	DT_ITEM_ALL.FBC/dt_ITEM_ALL.txtbin	519	cp932	キラキラした薬
romdata/DT/DT_ALL.FBC.z	DT_ITEM_ALL.FBC/dt_ITEM_ALL.txtbin	520	cp932	エーテル
romdata/DT/DT_ALL.FBC.z	DT_ITEM_ALL.FBC/dt_ITEM_ALL.txtbin	521	cp932	ギラギラした薬
romdata/DT/DT_ALL.FBC.z	DT_ITEM_ALL.FBC/dt_ITEM_ALL.txtbin	522	cp932	ハイエーテル
romdata/DT/DT_ALL.FBC.z	DT_ITEM_ALL.FBC/dt_ITEM_ALL.txtbin	523	cp932	グニャグニャの薬
romdata/DT/DT_ALL.FBC.z	DT_ITEM_ALL.FBC/dt_ITEM_ALL.txtbin	524	cp932	エーテルターボ
romdata/DT/DT_ALL.FBC.z	DT_ITEM_ALL.FBC/dt_ITEM_ALL.txtbin	525	cp932	ゲロゲロな薬
romdata/DT/DT_ALL.FBC.z	DT_ITEM_ALL.FBC/dt_ITEM_ALL.txtbin	526	cp932	エーテルドライ
romdata/DT/DT_ALL.FBC.z	DT_ITEM_ALL.FBC/dt_ITEM_ALL.txtbin	527	cp932	サラサラした薬
romdata/DT/DT_ALL.FBC.z	DT_ITEM_ALL.FBC/dt_ITEM_ALL.txtbin	528	cp932	エリクサー
romdata/DT/DT_ALL.FBC.z	DT_ITEM_ALL.FBC/dt_ITEM_ALL.txtbin	529	cp932	ザラザラした薬
romdata/DT/DT_ALL.FBC.z	DT_ITEM_ALL.FBC/dt_ITEM_ALL.txtbin	530	cp932	どくけし
romdata/DT/DT_ALL.FBC.z	DT_ITEM_ALL.FBC/dt_ITEM_ALL.txtbin	531	cp932	しっとりした薬
romdata/DT/DT_ALL.FBC.z	DT_ITEM_ALL.FBC/dt_ITEM_ALL.txtbin	532	cp932	やまびこ薬
romdata/DT/DT_ALL.FBC.z	DT_ITEM_ALL.FBC/dt_ITEM_ALL.txtbin	533	cp932	すこししかない薬
romdata/DT/DT_ALL.FBC.z	DT_ITEM_ALL.FBC/dt_ITEM_ALL.txtbin	534	cp932	めぐすり
romdata/DT/DT_ALL.FBC.z	DT_ITEM_ALL.FBC/dt_ITEM_ALL.txtbin	535	cp932	ズルズルの薬
romdata/DT/DT_ALL.FBC.z	DT_ITEM_ALL.FBC/dt_ITEM_ALL.txtbin	536	cp932	ばんのうやく
romdata/DT/DT_ALL.FBC.z	DT_ITEM_ALL.FBC/dt_ITEM_ALL.txtbin	537	cp932	ゼリーじょうの薬
romdata/DT/DT_ALL.FBC.z	DT_ITEM_ALL.FBC/dt_ITEM_ALL.txtbin	538	cp932	フトールの薬
romdata/DT/DT_ALL.FBC.z	DT_ITEM_ALL.FBC/dt_ITEM_ALL.txtbin	539	cp932	たっぷり入った薬
romdata/DT/DT_ALL.FBC.z	DT_ITEM_ALL.FBC/dt_ITEM_ALL.txtbin	540	cp932	ヤセールの薬
romdata/DT/DT_ALL.FBC.z	DT_ITEM_ALL.FBC/dt_ITEM_ALL.txtbin	541	cp932	ツーンとくる薬
romdata/DT/DT_ALL.FBC.z	DT_ITEM_ALL.FBC/dt_ITEM_ALL.txtbin	542	cp932	忘れんぼうの薬
romdata/DT/DT_ALL.FBC.z	DT_ITEM_ALL.FBC/dt_ITEM_ALL.txtbin	543	cp932	ツブツブ入りの薬
romdata/DT/DT_ALL.FBC.z	DT_ITEM_ALL.FBC/dt_ITEM_ALL.txtbin	544	cp932	ばくはつの薬
romdata/DT/DT_ALL.FBC.z	DT_ITEM_ALL.FBC/dt_ITEM_ALL.txtbin	545	cp932	デロデロな薬
romdata/DT/DT_ALL.FBC.z	DT_ITEM_ALL.FBC/dt_ITEM_ALL.txtbin	546	cp932	しお水
romdata/DT/DT_ALL.FBC.z	DT_ITEM_ALL.FBC/dt_ITEM_ALL.txtbin	547	cp932	ドキドキな薬
romdata/DT/DT_ALL.FBC.z	DT_ITEM_ALL.FBC/dt_ITEM_ALL.txtbin	548	cp932	くらやみの薬
romdata/DT/DT_ALL.FBC.z	DT_ITEM_ALL.FBC/dt_ITEM_ALL.txtbin	549	cp932	プルプルした薬
romdata/DT/DT_ALL.FBC.z	DT_ITEM_ALL.FBC/dt_ITEM_ALL.txtbin	550	cp932	サイレスの薬
romdata/DT/DT_ALL.FBC.z	DT_ITEM_ALL.FBC/dt_ITEM_ALL.txtbin	551	cp932	ドロドロの薬
romdata/DT/DT_ALL.FBC.z	DT_ITEM_ALL.FBC/dt_ITEM_ALL.txtbin	552	cp932	どくやく
romdata/DT/DT_ALL.FBC.z	DT_ITEM_ALL.FBC/dt_ITEM_ALL.txtbin	553	cp932	にごった薬
romdata/DT/DT_ALL.FBC.z	DT_ITEM_ALL.FBC/dt_ITEM_ALL.txtbin	554	cp932	すいみん薬
romdata/DT/DT_ALL.FBC.z	DT_ITEM_ALL.FBC/dt_ITEM_ALL.txtbin	555	cp932	ヌメヌメの薬
romdata/DT/DT_ALL.FBC.z	DT_ITEM_ALL.FBC/dt_ITEM_ALL.txtbin	556	cp932	スロウの薬
romdata/DT/DT_ALL.FBC.z	DT_ITEM_ALL.FBC/dt_ITEM_ALL.txtbin	557	cp932	ヌルヌルした薬
romdata/DT/DT_ALL.FBC.z	DT_ITEM_ALL.FBC/dt_ITEM_ALL.txtbin	558	cp932	ヘイストの薬
romdata/DT/DT_ALL.FBC.z	DT_ITEM_ALL.FBC/dt_ITEM_ALL.txtbin	559	cp932	ベトベトした薬
romdata/DT/DT_ALL.FBC.z	DT_ITEM_ALL.FBC/dt_ITEM_ALL.txtbin	560	cp932	ダメージ薬
romdata/DT/DT_ALL.FBC.z	DT_ITEM_ALL.FBC/dt_ITEM_ALL.txtbin	561	cp932	ネチャネチャの薬
romdata/DT/DT_ALL.FBC.z	DT_ITEM_ALL.FBC/dt_ITEM_ALL.txtbin	562	cp932	小悪魔のひやく
romdata/DT/DT_ALL.FBC.z	DT_ITEM_ALL.FBC/dt_ITEM_ALL.txtbin	563	cp932	ネバネバした薬
romdata/DT/DT_ALL.FBC.z	DT_ITEM_ALL.FBC/dt_ITEM_ALL.txtbin	564	cp932	悪魔のひやく
romdata/DT/DT_ALL.FBC.z	DT_ITEM_ALL.FBC/dt_ITEM_ALL.txtbin	565	cp932	パサパサの薬
romdata/DT/DT_ALL.FBC.z	DT_ITEM_ALL.FBC/dt_ITEM_ALL.txtbin	574	cp932	ファイアの本
romdata/DT/DT_ALL.FBC.z	DT_ITEM_ALL.FBC/dt_ITEM_ALL.txtbin	576	cp932	ブリザドの本
romdata/DT/DT_ALL.FBC.z	DT_ITEM_ALL.FBC/dt_ITEM_ALL.txtbin	578	cp932	サンダーの本
romdata/DT/DT_ALL.FBC.z	DT_ITEM_ALL.FBC/dt_ITEM_ALL.txtbin	580	cp932	ディアの本
romdata/DT/DT_ALL.FBC.z	DT_ITEM_ALL.FBC/dt_ITEM_ALL.txtbin	582	cp932	ダークの本
romdata/DT/DT_ALL.FBC.z	DT_ITEM_ALL.FBC/dt_ITEM_ALL.txtbin	584	cp932	ドレインの本
romdata/DT/DT_ALL.FBC.z	DT_ITEM_ALL.FBC/dt_ITEM_ALL.txtbin	586	cp932	ホーリーの本
romdata/DT/DT_ALL.FBC.z	DT_ITEM_ALL.FBC/dt_ITEM_ALL.txtbin	588	cp932	フレアの本
romdata/DT/DT_ALL.FBC.z	DT_ITEM_ALL.FBC/dt_ITEM_ALL.txtbin	590	cp932	メテオの本
romdata/DT/DT_ALL.FBC.z	DT_ITEM_ALL.FBC/dt_ITEM_ALL.txtbin	592	cp932	ポイズンの本
romdata/DT/DT_ALL.FBC.z	DT_ITEM_ALL.FBC/dt_ITEM_ALL.txtbin	594	cp932	スリプルの本
romdata/DT/DT_ALL.FBC.z	DT_ITEM_ALL.FBC/dt_ITEM_ALL.txtbin	596	cp932	サイレスの本
romdata/DT/DT_ALL.FBC.z	DT_ITEM_ALL.FBC/dt_ITEM_ALL.txtbin	598	cp932	ブラインの本
romdata/DT/DT_ALL.FBC.z	DT_ITEM_ALL.FBC/dt_ITEM_ALL.txtbin	600	cp932	コンフュの本
romdata/DT/DT_ALL.FBC.z	DT_ITEM_ALL.FBC/dt_ITEM_ALL.txtbin	602	cp932	ドンムブの本
romdata/DT/DT_ALL.FBC.z	DT_ITEM_ALL.FBC/dt_ITEM_ALL.txtbin	604	cp932	スロウの本
romdata/DT/DT_ALL.FBC.z	DT_ITEM_ALL.FBC/dt_ITEM_ALL.txtbin	606	cp932	プロテスの本
romdata/DT/DT_ALL.FBC.z	DT_ITEM_ALL.FBC/dt_ITEM_ALL.txtbin	608	cp932	シェルの本
romdata/DT/DT_ALL.FBC.z	DT_ITEM_ALL.FBC/dt_ITEM_ALL.txtbin	610	cp932	デスペルの本
romdata/DT/DT_ALL.FBC.z	DT_ITEM_ALL.FBC/dt_ITEM_ALL.txtbin	612	cp932	サイトロの本
romdata/DT/DT_ALL.FBC.z	DT_ITEM_ALL.FBC/dt_ITEM_ALL.txtbin	614	cp932	スリプガの本
romdata/DT/DT_ALL.FBC.z	DT_ITEM_ALL.FBC/dt_ITEM_ALL.txtbin	616	cp932	スロウガの本
romdata/DT/DT_ALL.FBC.z	DT_ITEM_ALL.FBC/dt_ITEM_ALL.txtbin	624	cp932	さびたボルト
romdata/DT/DT_ALL.FBC.z	DT_ITEM_ALL.FBC/dt_ITEM_ALL.txtbin	626	cp932	ファイアボルト
romdata/DT/DT_ALL.FBC.z	DT_ITEM_ALL.FBC/dt_ITEM_ALL.txtbin	628	cp932	アイスボルト
romdata/DT/DT_ALL.FBC.z	DT_ITEM_ALL.FBC/dt_ITEM_ALL.txtbin	630	cp932	サンダーボルト
romdata/DT/DT_ALL.FBC.z	DT_ITEM_ALL.FBC/dt_ITEM_ALL.txtbin	632	cp932	ライトボルト
romdata/DT/DT_ALL.FBC.z	DT_ITEM_ALL.FBC/dt_ITEM_ALL.txtbin	634	cp932	ダークボルト
romdata/DT/DT_ALL.FBC.z	DT_ITEM_ALL.FBC/dt_ITEM_ALL.txtbin	638	cp932	ポイズンボルト
romdata/DT/DT_ALL.FBC.z	DT_ITEM_ALL.FBC/dt_ITEM_ALL.txtbin	640	cp932	サイレスボルト
romdata/DT/DT_ALL.FBC.z	DT_ITEM_ALL.FBC/dt_ITEM_ALL.txtbin	642	cp932	スリプルボルト
romdata/DT/DT_ALL.FBC.z	DT_ITEM_ALL.FBC/dt_ITEM_ALL.txtbin	644	cp932	ブラインボルト
romdata/DT/DT_ALL.FBC.z	DT_ITEM_ALL.FBC/dt_ITEM_ALL.txtbin	646	cp932	スロウボルト
romdata/DT/DT_ALL.FBC.z	DT_ITEM_ALL.FBC/dt_ITEM_ALL.txtbin	648	cp932	イレースボルト
romdata/DT/DT_ALL.FBC.z	DT_ITEM_ALL.FBC/dt_ITEM_ALL.txtbin	650	cp932	ブラッドボルト
romdata/DT/DT_ALL.FBC.z	DT_ITEM_ALL.FBC/dt_ITEM_ALL.txtbin	652	cp932	アシッドボルト
romdata/DT/DT_ALL.FBC.z	DT_ITEM_ALL.FBC/dt_ITEM_ALL.txtbin	654	cp932	ブレイクボルト
romdata/DT/DT_ALL.FBC.z	DT_ITEM_ALL.FBC/dt_ITEM_ALL.txtbin	656	cp932	スタンボルト
romdata/DT/DT_ALL.FBC.z	DT_ITEM_ALL.FBC/dt_ITEM_ALL.txtbin	658	cp932	ドンムブボルト
romdata/DT/DT_ALL.FBC.z	DT_ITEM_ALL.FBC/dt_ITEM_ALL.txtbin	660	cp932	デジョンボルト
romdata/DT/DT_ALL.FBC.z	DT_ITEM_ALL.FBC/dt_ITEM_ALL.txtbin	662	cp932	Ｌｖダウンボルト
romdata/DT/DT_ALL.FBC.z	DT_ITEM_ALL.FBC/dt_ITEM_ALL.txtbin	670	cp932	かんていめがね
romdata/DT/DT_ALL.FBC.z	DT_ITEM_ALL.FBC/dt_ITEM_ALL.txtbin	672	cp932	学者のめがね
romdata/DT/DT_ALL.FBC.z	DT_ITEM_ALL.FBC/dt_ITEM_ALL.txtbin	674	cp932	フェニックスの尾
romdata/DT/DT_ALL.FBC.z	DT_ITEM_ALL.FBC/dt_ITEM_ALL.txtbin	676	cp932	てんしのころも
romdata/DT/DT_ALL.FBC.z	DT_ITEM_ALL.FBC/dt_ITEM_ALL.txtbin	678	cp932	テレポの羽
romdata/DT/DT_ALL.FBC.z	DT_ITEM_ALL.FBC/dt_ITEM_ALL.txtbin	680	cp932	ワープの羽
romdata/DT/DT_ALL.FBC.z	DT_ITEM_ALL.FBC/dt_ITEM_ALL.txtbin	682	cp932	つや出しクリーム
romdata/DT/DT_ALL.FBC.z	DT_ITEM_ALL.FBC/dt_ITEM_ALL.txtbin	684	cp932	サビヨケール
romdata/DT/DT_ALL.FBC.z	DT_ITEM_ALL.FBC/dt_ITEM_ALL.txtbin	686	cp932	ボムのかけら
romdata/DT/DT_ALL.FBC.z	DT_ITEM_ALL.FBC/dt_ITEM_ALL.txtbin	688	cp932	なんきょくの風
romdata/DT/DT_ALL.FBC.z	DT_ITEM_ALL.FBC/dt_ITEM_ALL.txtbin	690	cp932	ゼウスの怒り
romdata/DT/DT_ALL.FBC.z	DT_ITEM_ALL.FBC/dt_ITEM_ALL.txtbin	692	cp932	大地のドラム
romdata/DT/DT_ALL.FBC.z	DT_ITEM_ALL.FBC/dt_ITEM_ALL.txtbin	694	cp932	ヴィレのロザリオ
romdata/DT/DT_ALL.FBC.z	DT_ITEM_ALL.FBC/dt_ITEM_ALL.txtbin	696	cp932	フェニックスの魔石
romdata/DT/DT_ALL.FBC.z	DT_ITEM_ALL.FBC/dt_ITEM_ALL.txtbin	698	cp932	リヴァイアサンの魔石
romdata/DT/DT_ALL.FBC.z	DT_ITEM_ALL.FBC/dt_ITEM_ALL.txtbin	700	cp932	アレクサンダーの魔石
romdata/DT/DT_ALL.FBC.z	DT_ITEM_ALL.FBC/dt_ITEM_ALL.txtbin	702	cp932	イフリートの魔石
romdata/DT/DT_ALL.FBC.z	DT_ITEM_ALL.FBC/dt_ITEM_ALL.txtbin	704	cp932	シヴァの魔石
romdata/DT/DT_ALL.FBC.z	DT_ITEM_ALL.FBC/dt_ITEM_ALL.txtbin	706	cp932	ラムウの魔石
romdata/DT/DT_ALL.FBC.z	DT_ITEM_ALL.FBC/dt_ITEM_ALL.txtbin	708	cp932	バハムートの魔石
romdata/DT/DT_ALL.FBC.z	DT_ITEM_ALL.FBC/dt_ITEM_ALL.txtbin	712	cp932	ふしぎなタネ
romdata/DT/DT_ALL.FBC.z	DT_ITEM_ALL.FBC/dt_ITEM_ALL.txtbin	714	cp932	ラサンの花
romdata/DT/DT_ALL.FBC.z	DT_ITEM_ALL.FBC/dt_ITEM_ALL.txtbin	716	cp932	ルチルの花
romdata/DT/DT_ALL.FBC.z	DT_ITEM_ALL.FBC/dt_ITEM_ALL.txtbin	718	cp932	ピピオの花
romdata/DT/DT_ALL.FBC.z	DT_ITEM_ALL.FBC/dt_ITEM_ALL.txtbin	720	cp932	サラハの花
romdata/DT/DT_ALL.FBC.z	DT_ITEM_ALL.FBC/dt_ITEM_ALL.txtbin	722	cp932	パラムの花
romdata/DT/DT_ALL.FBC.z	DT_ITEM_ALL.FBC/dt_ITEM_ALL.txtbin	724	cp932	ポロフの花
romdata/DT/DT_ALL.FBC.z	DT_ITEM_ALL.FBC/dt_ITEM_ALL.txtbin	726	cp932	カラブの花
romdata/DT/DT_ALL.FBC.z	DT_ITEM_ALL.FBC/dt_ITEM_ALL.txtbin	728	cp932	ゼイオの花
romdata/DT/DT_ALL.FBC.z	DT_ITEM_ALL.FBC/dt_ITEM_ALL.txtbin	734	cp932	クリスタル
romdata/DT/DT_ALL.FBC.z	DT_ITEM_ALL.FBC/dt_ITEM_ALL.txtbin	738	cp932	銅鉱
romdata/DT/DT_ALL.FBC.z	DT_ITEM_ALL.FBC/dt_ITEM_ALL.txtbin	740	cp932	鉄鉱
romdata/DT/DT_ALL.FBC.z	DT_ITEM_ALL.FBC/dt_ITEM_ALL.txtbin	742	cp932	ミスリル鉱
romdata/DT/DT_ALL.FBC.z	DT_ITEM_ALL.FBC/dt_ITEM_ALL.txtbin	744	cp932	ダーク鉱
romdata/DT/DT_ALL.FBC.z	DT_ITEM_ALL.FBC/dt_ITEM_ALL.txtbin	746	cp932	アダマンタイト鉱
romdata/DT/DT_ALL.FBC.z	DT_ITEM_ALL.FBC/dt_ITEM_ALL.txtbin	748	cp932	オリハルコン鉱
romdata/DT/DT_ALL.FBC.z	DT_ITEM_ALL.FBC/dt_ITEM_ALL.txtbin	750	cp932	ダマスカス鉱
romdata/DT/DT_ALL.FBC.z	DT_ITEM_ALL.FBC/dt_ITEM_ALL.txtbin	752	cp932	ゾディアック鉱
romdata/DT/DT_ALL.FBC.z	DT_ITEM_ALL.FBC/dt_ITEM_ALL.txtbin	754	cp932	シロガネ
romdata/DT/DT_ALL.FBC.z	DT_ITEM_ALL.FBC/dt_ITEM_ALL.txtbin	756	cp932	タマハガネ
romdata/DT/DT_ALL.FBC.z	DT_ITEM_ALL.FBC/dt_ITEM_ALL.txtbin	758	cp932	ヒヒイロカネ
romdata/DT/DT_ALL.FBC.z	DT_ITEM_ALL.FBC/dt_ITEM_ALL.txtbin	760	cp932	Ｘコガネ
romdata/DT/DT_ALL.FBC.z	DT_ITEM_ALL.FBC/dt_ITEM_ALL.txtbin	762	cp932	Ｘヒヒイロカネ
romdata/DT/DT_ALL.FBC.z	DT_ITEM_ALL.FBC/dt_ITEM_ALL.txtbin	764	cp932	ガーネット
romdata/DT/DT_ALL.FBC.z	DT_ITEM_ALL.FBC/dt_ITEM_ALL.txtbin	766	cp932	トパーズ
romdata/DT/DT_ALL.FBC.z	DT_ITEM_ALL.FBC/dt_ITEM_ALL.txtbin	768	cp932	アクアマリン
romdata/DT/DT_ALL.FBC.z	DT_ITEM_ALL.FBC/dt_ITEM_ALL.txtbin	770	cp932	エメラルド
romdata/DT/DT_ALL.FBC.z	DT_ITEM_ALL.FBC/dt_ITEM_ALL.txtbin	772	cp932	ルビー
romdata/DT/DT_ALL.FBC.z	DT_ITEM_ALL.FBC/dt_ITEM_ALL.txtbin	774	cp932	サファイア
romdata/DT/DT_ALL.FBC.z	DT_ITEM_ALL.FBC/dt_ITEM_ALL.txtbin	776	cp932	ダイヤモンド
romdata/DT/DT_ALL.FBC.z	DT_ITEM_ALL.FBC/dt_ITEM_ALL.txtbin	778	cp932	コットン玉
romdata/DT/DT_ALL.FBC.z	DT_ITEM_ALL.FBC/dt_ITEM_ALL.txtbin	780	cp932	ウール玉
romdata/DT/DT_ALL.FBC.z	DT_ITEM_ALL.FBC/dt_ITEM_ALL.txtbin	782	cp932	シルク玉
romdata/DT/DT_ALL.FBC.z	DT_ITEM_ALL.FBC/dt_ITEM_ALL.txtbin	784	cp932	ビロード玉
romdata/DT/DT_ALL.FBC.z	DT_ITEM_ALL.FBC/dt_ITEM_ALL.txtbin	786	cp932	Ｘカシミヤ玉
romdata/DT/DT_ALL.FBC.z	DT_ITEM_ALL.FBC/dt_ITEM_ALL.txtbin	788	cp932	骨くず
romdata/DT/DT_ALL.FBC.z	DT_ITEM_ALL.FBC/dt_ITEM_ALL.txtbin	790	cp932	欠けた牙
romdata/DT/DT_ALL.FBC.z	DT_ITEM_ALL.FBC/dt_ITEM_ALL.txtbin	792	cp932	巨大なウロコ
romdata/DT/DT_ALL.FBC.z	DT_ITEM_ALL.FBC/dt_ITEM_ALL.txtbin	794	cp932	Ｘダークマター
romdata/DT/DT_ALL.FBC.z	DT_ITEM_ALL.FBC/dt_ITEM_ALL.txtbin	796	cp932	チョコボの尾羽
romdata/DT/DT_ALL.FBC.z	DT_ITEM_ALL.FBC/dt_ITEM_ALL.txtbin	800	cp932	カードケース
romdata/DT/DT_ALL.FBC.z	DT_ITEM_ALL.FBC/dt_ITEM_ALL.txtbin	802	cp932	ひそひ草
romdata/DT/DT_ALL.FBC.z	DT_ITEM_ALL.FBC/dt_ITEM_ALL.txtbin	804	cp932	記憶のブローチ
romdata/DT/DT_ALL.FBC.z	DT_ITEM_ALL.FBC/dt_ITEM_ALL.txtbin	806	cp932	ぬののカバン
romdata/DT/DT_ALL.FBC.z	DT_ITEM_ALL.FBC/dt_ITEM_ALL.txtbin	808	cp932	こうきゅうカバン
romdata/DT/DT_ALL.FBC.z	DT_ITEM_ALL.FBC/dt_ITEM_ALL.txtbin	810	cp932	ブランドカバン
romdata/DT/DT_ALL.FBC.z	DT_ITEM_ALL.FBC/dt_ITEM_ALL.txtbin	812	cp932	セレブカバン
romdata/DT/DT_ALL.FBC.z	DT_ITEM_ALL.FBC/dt_ITEM_ALL.txtbin	814	cp932	でんせつのカバン
romdata/DT/DT_ALL.FBC.z	DT_ITEM_ALL.FBC/dt_ITEM_ALL.txtbin	816	cp932	カバン
romdata/DT/DT_ALL.FBC.z	DT_ITEM_ALL.FBC/dt_ITEM_ALL.txtbin	818	cp932	バケツ
romdata/DT/DT_ALL.FBC.z	DT_ITEM_ALL.FBC/dt_ITEM_ALL.txtbin	820	cp932	ルアー
romdata/DT/DT_ALL.FBC.z	DT_ITEM_ALL.FBC/dt_ITEM_ALL.txtbin	822	cp932	ＤＸルアー
romdata/DT/DT_ALL.FBC.z	DT_ITEM_ALL.FBC/dt_ITEM_ALL.txtbin	824	cp932	たくみのルアー
romdata/DT/DT_ALL.FBC.z	DT_ITEM_ALL.FBC/dt_ITEM_ALL.txtbin	826	cp932	竜の紋章
romdata/DT/DT_ALL.FBC.z	DT_ITEM_ALL.FBC/dt_ITEM_ALL.txtbin	828	cp932	炎のアミュレット
romdata/DT/DT_ALL.FBC.z	DT_ITEM_ALL.FBC/dt_ITEM_ALL.txtbin	830	cp932	水の腕輪
romdata/DT/DT_ALL.FBC.z	DT_ITEM_ALL.FBC/dt_ITEM_ALL.txtbin	832	cp932	光の杖
romdata/DT/DT_ALL.FBC.z	DT_ITEM_ALL.FBC/dt_ITEM_ALL.txtbin	834	cp932	闇の杖
romdata/DT/DT_ALL.FBC.z	DT_ITEM_ALL.FBC/dt_ITEM_ALL.txtbin	836	cp932	とくせいクッキー
romdata/DT/DT_ALL.FBC.z	DT_ITEM_ALL.FBC/dt_ITEM_ALL.txtbin	838	cp932	炎のリンゴ
romdata/DT/DT_ALL.FBC.z	DT_ITEM_ALL.FBC/dt_ITEM_ALL.txtbin	840	cp932	水のリンゴ
romdata/DT/DT_ALL.FBC.z	DT_ITEM_ALL.FBC/dt_ITEM_ALL.txtbin	842	cp932	光のリンゴ
romdata/DT/DT_ALL.FBC.z	DT_ITEM_ALL.FBC/dt_ITEM_ALL.txtbin	844	cp932	闇のリンゴ
romdata/DT/DT_ALL.FBC.z	DT_ITEM_ALL.FBC/dt_ITEM_ALL.txtbin	846	cp932	世界の記憶１
romdata/DT/DT_ALL.FBC.z	DT_ITEM_ALL.FBC/dt_ITEM_ALL.txtbin	848	cp932	世界の記憶２
romdata/DT/DT_ALL.FBC.z	DT_ITEM_ALL.FBC/dt_ITEM_ALL.txtbin	850	cp932	世界の記憶３
romdata/DT/DT_ALL.FBC.z	DT_ITEM_ALL.FBC/dt_ITEM_ALL.txtbin	852	cp932	ゲイルの記憶
romdata/DT/DT_ALL.FBC.z	DT_ITEM_ALL.FBC/dt_ITEM_ALL.txtbin	854	cp932	シドの記憶
romdata/DT/DT_ALL.FBC.z	DT_ITEM_ALL.FBC/dt_ITEM_ALL.txtbin	856	cp932	フレイアの記憶
romdata/DT/DT_ALL.FBC.z	DT_ITEM_ALL.FBC/dt_ITEM_ALL.txtbin	858	cp932	メーアの記憶
romdata/DT/DT_ALL.FBC.z	DT_ITEM_ALL.FBC/dt_ITEM_ALL.txtbin	860	cp932	シロマの記憶
romdata/DT/DT_ALL.FBC.z	DT_ITEM_ALL.FBC/dt_ITEM_ALL.txtbin	862	cp932	イルマの記憶
romdata/DT/DT_ALL.FBC.z	DT_ITEM_ALL.FBC/dt_ITEM_ALL.txtbin	864	cp932	ローチェの記憶
romdata/DT/DT_ALL.FBC.z	DT_ITEM_ALL.FBC/dt_ITEM_ALL.txtbin	866	cp932	メディットの記憶
romdata/DT/DT_ALL.FBC.z	DT_ITEM_ALL.FBC/dt_ITEM_ALL.txtbin	868	cp932	フローラの記憶
romdata/DT/DT_ALL.FBC.z	DT_ITEM_ALL.FBC/dt_ITEM_ALL.txtbin	870	cp932	マリスの記憶
romdata/DT/DT_ALL.FBC.z	DT_ITEM_ALL.FBC/dt_ITEM_ALL.txtbin	872	cp932	ハリーの記憶
romdata/DT/DT_ALL.FBC.z	DT_ITEM_ALL.FBC/dt_ITEM_ALL.txtbin	874	cp932	シャルロットの記憶
romdata/DT/DT_ALL.FBC.z	DT_ITEM_ALL.FBC/dt_ITEM_ALL.txtbin	876	cp932	ステラの記憶
romdata/DT/DT_ALL.FBC.z	DT_ITEM_ALL.FBC/dt_ITEM_ALL.txtbin	878	cp932	ロディの記憶
romdata/DT/DT_ALL.FBC.z	DT_ITEM_ALL.FBC/dt_ITEM_ALL.txtbin	880	cp932	クレアの記憶
romdata/DT/DT_ALL.FBC.z	DT_ITEM_ALL.FBC/dt_ITEM_ALL.txtbin	882	cp932	ダードラーの記憶
romdata/DT/DT_ALL.FBC.z	DT_ITEM_ALL.FBC/dt_ITEM_ALL.txtbin	884	cp932	ヴォルグの記憶
romdata/DT/DT_ALL.FBC.z	DT_ITEM_ALL.FBC/dt_ITEM_ALL.txtbin	886	cp932	クロマの記憶
romdata/DT/DT_ALL.FBC.z	DT_ITEM_ALL.FBC/dt_ITEM_ALL.txtbin	888	cp932	チョコボの記憶
romdata/DT/DT_ALL.FBC.z	DT_ITEM_ALL.FBC/dt_ITEM_ALL.txtbin	890	cp932	ナイトの記憶
romdata/DT/DT_ALL.FBC.z	DT_ITEM_ALL.FBC/dt_ITEM_ALL.txtbin	892	cp932	シーフの記憶
romdata/DT/DT_ALL.FBC.z	DT_ITEM_ALL.FBC/dt_ITEM_ALL.txtbin	894	cp932	白魔道士の記憶
romdata/DT/DT_ALL.FBC.z	DT_ITEM_ALL.FBC/dt_ITEM_ALL.txtbin	896	cp932	黒魔道士の記憶
romdata/DT/DT_ALL.FBC.z	DT_ITEM_ALL.FBC/dt_ITEM_ALL.txtbin	898	cp932	赤魔道士の記憶
romdata/DT/DT_ALL.FBC.z	DT_ITEM_ALL.FBC/dt_ITEM_ALL.txtbin	900	cp932	踊り子の記憶
romdata/DT/DT_ALL.FBC.z	DT_ITEM_ALL.FBC/dt_ITEM_ALL.txtbin	902	cp932	竜騎士の記憶
romdata/DT/DT_ALL.FBC.z	DT_ITEM_ALL.FBC/dt_ITEM_ALL.txtbin	904	cp932	学者の記憶
romdata/DT/DT_ALL.FBC.z	DT_ITEM_ALL.FBC/dt_ITEM_ALL.txtbin	906	cp932	暗黒騎士の記憶
romdata/DT/DT_ALL.FBC.z	DT_ITEM_ALL.FBC/dt_ITEM_ALL.txtbin	908	cp932	忍者の記憶
romdata/DT/DT_ALL.FBC.z	DT_ITEM_ALL.FBC/dt_ITEM_ALL.txtbin	910	cp932	ヒーローＸの記憶
romdata/DT/DT_ALL.FBC.z	DT_ITEM_ALL.FBC/dt_ITEM_ALL.txtbin	912	cp932	ゲイルの手紙
romdata/DT/DT_ALL.FBC.z	DT_ITEM_ALL.FBC/dt_ITEM_ALL.txtbin	914	cp932	シドの手紙
romdata/DT/DT_ALL.FBC.z	DT_ITEM_ALL.FBC/dt_ITEM_ALL.txtbin	916	cp932	フレイアの手紙
romdata/DT/DT_ALL.FBC.z	DT_ITEM_ALL.FBC/dt_ITEM_ALL.txtbin	918	cp932	メーアの手紙
romdata/DT/DT_ALL.FBC.z	DT_ITEM_ALL.FBC/dt_ITEM_ALL.txtbin	920	cp932	シロマの手紙
romdata/DT/DT_ALL.FBC.z	DT_ITEM_ALL.FBC/dt_ITEM_ALL.txtbin	922	cp932	ローチェの手紙
romdata/DT/DT_ALL.FBC.z	DT_ITEM_ALL.FBC/dt_ITEM_ALL.txtbin	924	cp932	メディットの手紙
romdata/DT/DT_ALL.FBC.z	DT_ITEM_ALL.FBC/dt_ITEM_ALL.txtbin	926	cp932	フローラの手紙
romdata/DT/DT_ALL.FBC.z	DT_ITEM_ALL.FBC/dt_ITEM_ALL.txtbin	928	cp932	マリスの手紙
romdata/DT/DT_ALL.FBC.z	DT_ITEM_ALL.FBC/dt_ITEM_ALL.txtbin	930	cp932	ハリーの手紙
romdata/DT/DT_ALL.FBC.z	DT_ITEM_ALL.FBC/dt_ITEM_ALL.txtbin	932	cp932	シャルロットの手紙
romdata/DT/DT_ALL.FBC.z	DT_ITEM_ALL.FBC/dt_ITEM_ALL.txtbin	934	cp932	ステラの手紙
romdata/DT/DT_ALL.FBC.z	DT_ITEM_ALL.FBC/dt_ITEM_ALL.txtbin	936	cp932	ロディの手紙
romdata/DT/DT_ALL.FBC.z	DT_ITEM_ALL.FBC/dt_ITEM_ALL.txtbin	938	cp932	クレアの手紙
romdata/DT/DT_ALL.FBC.z	DT_ITEM_ALL.FBC/dt_ITEM_ALL.txtbin	940	cp932	ダードラーの手紙
romdata/DT/DT_ALL.FBC.z	DT_ITEM_ALL.FBC/dt_ITEM_ALL.txtbin	942	cp932	ヴォルグの手紙
romdata/DT/DT_ALL.FBC.z	DT_ITEM_ALL.FBC/dt_ITEM_ALL.txtbin	944	cp932	イルマの手紙
romdata/DT/DT_ALL.FBC.z	DT_ITEM_ALL.FBC/dt_ITEM_ALL.txtbin	946	cp932	クロマの手紙
romdata/DT/DT_ALL.FBC.z	DT_ITEM_ALL.FBC/dt_ITEM_ALL.txtbin	948	cp932	ラファエロの手紙
romdata/DT/DT_ALL.FBC.z	DT_ITEM_ALL.FBC/dt_ITEM_ALL.txtbin	950	cp932	謎の人の手紙１
romdata/DT/DT_ALL.FBC.z	DT_ITEM_ALL.FBC/dt_ITEM_ALL.txtbin	952	cp932	謎の人の手紙２
romdata/DT/DT_ALL.FBC.z	DT_ITEM_ALL.FBC/dt_ITEM_ALL.txtbin	954	cp932	謎の人の手紙３
romdata/DT/DT_ALL.FBC.z	DT_ITEM_ALL.FBC/dt_ITEM_ALL.txtbin	956	cp932	謎の人の手紙４
romdata/DT/DT_ALL.FBC.z	DT_ITEM_ALL.FBC/dt_ITEM_ALL.txtbin	958	cp932	謎の人の手紙５
romdata/DT/DT_ALL.FBC.z	DT_ITEM_ALL.FBC/dt_ITEM_ALL.txtbin	960	cp932	謎の人の手紙６
romdata/DT/DT_ALL.FBC.z	DT_ITEM_ALL.FBC/dt_ITEM_ALL.txtbin	962	cp932	謎の人の手紙７
romdata/DT/DT_ALL.FBC.z	DT_ITEM_ALL.FBC/dt_ITEM_ALL.txtbin	964	cp932	ヒーローＸの手紙１
romdata/DT/DT_ALL.FBC.z	DT_ITEM_ALL.FBC/dt_ITEM_ALL.txtbin	966	cp932	ヒーローＸの手紙２
romdata/DT/DT_ALL.FBC.z	DT_ITEM_ALL.FBC/dt_ITEM_ALL.txtbin	968	cp932	ヒーローＸの手紙３
romdata/DT/DT_ALL.FBC.z	DT_ITEM_ALL.FBC/dt_ITEM_ALL.txtbin	970	cp932	ヒーローＸの手紙４
romdata/DT/DT_ALL.FBC.z	DT_ITEM_ALL.FBC/dt_ITEM_ALL.txtbin	972	cp932	ヒーローＸの手紙５
romdata/DT/DT_ALL.FBC.z	DT_ITEM_ALL.FBC/dt_ITEM_ALL.txtbin	974	cp932	ヒーローＸの手紙６
romdata/DT/DT_ALL.FBC.z	DT_ITEM_ALL.FBC/dt_ITEM_ALL.txtbin	976	cp932	ヒーローＸの手紙７
romdata/DT/DT_ALL.FBC.z	DT_ITEM_ALL.FBC/dt_ITEM_ALL.txtbin	978	cp932	ヒーローＸの手紙８
romdata/DT/DT_ALL.FBC.z	DT_ITEM_ALL.FBC/dt_ITEM_ALL.txtbin	980	cp932	ヒーローＸの手紙９
romdata/DT/DT_ALL.FBC.z	DT_ITEM_ALL.FBC/dt_ITEM_ALL.txtbin	982	cp932	ヒーローＸの手紙１０
romdata/DT/DT_ALL.FBC.z	DT_ITEM_ALL.FBC/dt_ITEM_ALL.txtbin	984	cp932	ヒーローＸの手紙１１
romdata/DT/DT_ALL.FBC.z	DT_ITEM_ALL.FBC/dt_ITEM_ALL.txtbin	986	cp932	ヒーローＸの手紙１２
romdata/DT/DT_ALL.FBC.z	DT_ITEM_ALL.FBC/dt_ITEM_ALL.txtbin	988	cp932	ヒーローＸの手紙１３
romdata/DT/DT_ALL.FBC.z	DT_ITEM_ALL.FBC/dt_ITEM_ALL.txtbin	990	cp932	ヒーローＸの手紙１４
romdata/DT/DT_ALL.FBC.z	DT_ITEM_ALL.FBC/dt_ITEM_ALL.txtbin	992	cp932	ロマンチックレターＸ
romdata/DT/DT_ALL.FBC.z	DT_ITEM_ALL.FBC/dt_ITEM_ALL.txtbin	994	cp932	モーグリの手紙１
romdata/DT/DT_ALL.FBC.z	DT_ITEM_ALL.FBC/dt_ITEM_ALL.txtbin	996	cp932	モーグリの手紙２
romdata/DT/DT_ALL.FBC.z	DT_ITEM_ALL.FBC/dt_ITEM_ALL.txtbin	998	cp932	モーグリの手紙３
romdata/DT/DT_ALL.FBC.z	DT_ITEM_ALL.FBC/dt_ITEM_ALL.txtbin	1000	cp932	モーグリの手紙４
romdata/DT/DT_ALL.FBC.z	DT_ITEM_ALL.FBC/dt_ITEM_ALL.txtbin	1002	cp932	ひみつのちけっと１
romdata/DT/DT_ALL.FBC.z	DT_ITEM_ALL.FBC/dt_ITEM_ALL.txtbin	1004	cp932	ひみつのちけっと２
romdata/DT/DT_ALL.FBC.z	DT_ITEM_ALL.FBC/dt_ITEM_ALL.txtbin	1006	cp932	ひみつのちけっと３
romdata/DT/DT_ALL.FBC.z	DT_ITEM_ALL.FBC/dt_ITEM_ALL.txtbin	1008	cp932	みんなの手紙
romdata/DT/DT_ALL.FBC.z	DT_ITEM_ALL.FBC/dt_ITEM_ALL.txtbin	1010	cp932	ピピラ
romdata/DT/DT_ALL.FBC.z	DT_ITEM_ALL.FBC/dt_ITEM_ALL.txtbin	1012	cp932	ハムシー
romdata/DT/DT_ALL.FBC.z	DT_ITEM_ALL.FBC/dt_ITEM_ALL.txtbin	1014	cp932	ブラスローチ
romdata/DT/DT_ALL.FBC.z	DT_ITEM_ALL.FBC/dt_ITEM_ALL.txtbin	1016	cp932	グリーディ
romdata/DT/DT_ALL.FBC.z	DT_ITEM_ALL.FBC/dt_ITEM_ALL.txtbin	1018	cp932	ヴィレナマズ
romdata/DT/DT_ALL.FBC.z	DT_ITEM_ALL.FBC/dt_ITEM_ALL.txtbin	1020	cp932	オーガイール
romdata/DT/DT_ALL.FBC.z	DT_ITEM_ALL.FBC/dt_ITEM_ALL.txtbin	1022	cp932	アラバルウ
romdata/DT/DT_ALL.FBC.z	DT_ITEM_ALL.FBC/dt_ITEM_ALL.txtbin	1024	cp932	ヴェーダルラス
romdata/DT/DT_ALL.FBC.z	DT_ITEM_ALL.FBC/dt_ITEM_ALL.txtbin	1026	cp932	オオイトウ
romdata/DT/DT_ALL.FBC.z	DT_ITEM_ALL.FBC/dt_ITEM_ALL.txtbin	1028	cp932	タイタニックソー
romdata/DT/DT_ALL.FBC.z	DT_ITEM_ALL.FBC/dt_ITEM_ALL.txtbin	1030	cp932	α－２４
romdata/DT/DT_ALL.FBC.z	DT_ITEM_ALL.FBC/dt_ITEM_ALL.txtbin	1032	cp932	グレンのギア
romdata/DT/DT_ALL.FBC.z	DT_ITEM_ALL.FBC/dt_ITEM_ALL.txtbin	1034	cp932	オメガの勲章
romdata/DT/DT_ALL.FBC.z	DT_ITEM_ALL.FBC/dt_ITEM_ALL.txtbin	1036	cp932	飛空艇のせっけいず
romdata/DT/DT_ALL.FBC.z	DT_ITEM_ALL.FBC/dt_ITEM_ALL.txtbin	1038	cp932	フレームパーツ
romdata/DT/DT_ALL.FBC.z	DT_ITEM_ALL.FBC/dt_ITEM_ALL.txtbin	1040	cp932	ウィングパーツ
romdata/DT/DT_ALL.FBC.z	DT_ITEM_ALL.FBC/dt_ITEM_ALL.txtbin	1042	cp932	エンジンパーツ
romdata/DT/DT_ALL.FBC.z	DT_ITEM_ALL.FBC/dt_ITEM_ALL.txtbin	1044	cp932	グレンの日記１
romdata/DT/DT_ALL.FBC.z	DT_ITEM_ALL.FBC/dt_ITEM_ALL.txtbin	1046	cp932	グレンの日記２
romdata/DT/DT_ALL.FBC.z	DT_ITEM_ALL.FBC/dt_ITEM_ALL.txtbin	1048	cp932	グレンの日記３
romdata/DT/DT_ALL.FBC.z	DT_ITEM_ALL.FBC/dt_ITEM_ALL.txtbin	1050	cp932	グレンの日記４
romdata/DT/DT_ALL.FBC.z	DT_ITEM_ALL.FBC/dt_ITEM_ALL.txtbin	1052	cp932	グレンの日記５
romdata/DT/DT_ALL.FBC.z	DT_ITEM_ALL.FBC/dt_ITEM_ALL.txtbin	1054	cp932	グレンの日記６
romdata/DT/DT_ALL.FBC.z	DT_ITEM_ALL.FBC/dt_ITEM_ALL.txtbin	1056	cp932	グレンの日記７
romdata/DT/DT_ALL.FBC.z	DT_ITEM_ALL.FBC/dt_ITEM_ALL.txtbin	1058	cp932	グレンの日記８
romdata/DT/DT_ALL.FBC.z	DT_ITEM_ALL.FBC/dt_ITEM_ALL.txtbin	1060	cp932	グレンの日記９
romdata/DT/DT_ALL.FBC.z	DT_ITEM_ALL.FBC/dt_ITEM_ALL.txtbin	1062	cp932	グレンの日記１０
romdata/DT/DT_ALL.FBC.z	DT_ITEM_ALL.FBC/dt_ITEM_ALL.txtbin	1064	cp932	改造レシピ・上
romdata/DT/DT_ALL.FBC.z	DT_ITEM_ALL.FBC/dt_ITEM_ALL.txtbin	1066	cp932	改造レシピ・中
romdata/DT/DT_ALL.FBC.z	DT_ITEM_ALL.FBC/dt_ITEM_ALL.txtbin	1068	cp932	改造レシピ・下
romdata/DT/DT_ALL.FBC.z	DT_ITEM_ALL.FBC/dt_ITEM_ALL.txtbin	1070	cp932	改造レシピ・極
romdata/DT/DT_ALL.FBC.z	DT_ITEM_ALL.FBC/dt_ITEM_ALL.txtbin	1074	cp932	ダミーカード
romdata/DT/DT_ALL.FBC.z	DT_ITEM_ALL.FBC/dt_ITEM_ALL.txtbin	1076	cp932	пイフリート：火炎弾
romdata/DT/DT_ALL.FBC.z	DT_ITEM_ALL.FBC/dt_ITEM_ALL.txtbin	1078	cp932	пイフリート：火炎弾・改
romdata/DT/DT_ALL.FBC.z	DT_ITEM_ALL.FBC/dt_ITEM_ALL.txtbin	1080	cp932	пイフリート：炎の結界
romdata/DT/DT_ALL.FBC.z	DT_ITEM_ALL.FBC/dt_ITEM_ALL.txtbin	1082	cp932	пイフリート：焦土
romdata/DT/DT_ALL.FBC.z	DT_ITEM_ALL.FBC/dt_ITEM_ALL.txtbin	1084	cp932	пイフリート：山火事
romdata/DT/DT_ALL.FBC.z	DT_ITEM_ALL.FBC/dt_ITEM_ALL.txtbin	1086	cp932	пイフリート：地獄の火炎
romdata/DT/DT_ALL.FBC.z	DT_ITEM_ALL.FBC/dt_ITEM_ALL.txtbin	1088	cp932	пボム：炎のダンス
romdata/DT/DT_ALL.FBC.z	DT_ITEM_ALL.FBC/dt_ITEM_ALL.txtbin	1090	cp932	пボム：守りのトライアングル
romdata/DT/DT_ALL.FBC.z	DT_ITEM_ALL.FBC/dt_ITEM_ALL.txtbin	1092	cp932	пボム：自爆
romdata/DT/DT_ALL.FBC.z	DT_ITEM_ALL.FBC/dt_ITEM_ALL.txtbin	1094	cp932	пボム：自爆・改
romdata/DT/DT_ALL.FBC.z	DT_ITEM_ALL.FBC/dt_ITEM_ALL.txtbin	1096	cp932	пボム：大爆発
romdata/DT/DT_ALL.FBC.z	DT_ITEM_ALL.FBC/dt_ITEM_ALL.txtbin	1098	cp932	пボム：大爆発・改
romdata/DT/DT_ALL.FBC.z	DT_ITEM_ALL.FBC/dt_ITEM_ALL.txtbin	1100	cp932	пラミア：尻尾
romdata/DT/DT_ALL.FBC.z	DT_ITEM_ALL.FBC/dt_ITEM_ALL.txtbin	1102	cp932	пラミア：うたごえ
romdata/DT/DT_ALL.FBC.z	DT_ITEM_ALL.FBC/dt_ITEM_ALL.txtbin	1104	cp932	пラミア：乙女のキッス
romdata/DT/DT_ALL.FBC.z	DT_ITEM_ALL.FBC/dt_ITEM_ALL.txtbin	1106	cp932	пラミア：乙女のキッス・改
romdata/DT/DT_ALL.FBC.z	DT_ITEM_ALL.FBC/dt_ITEM_ALL.txtbin	1108	cp932	пラミア：ゆうわく
romdata/DT/DT_ALL.FBC.z	DT_ITEM_ALL.FBC/dt_ITEM_ALL.txtbin	1110	cp932	пラミア：ゆうわく・改
romdata/DT/DT_ALL.FBC.z	DT_ITEM_ALL.FBC/dt_ITEM_ALL.txtbin	1112	cp932	пフェニックス：炎の一撃
romdata/DT/DT_ALL.FBC.z	DT_ITEM_ALL.FBC/dt_ITEM_ALL.txtbin	1114	cp932	пフェニックス：ファイアバリア
romdata/DT/DT_ALL.FBC.z	DT_ITEM_ALL.FBC/dt_ITEM_ALL.txtbin	1116	cp932	пフェニックス：不死の魂
romdata/DT/DT_ALL.FBC.z	DT_ITEM_ALL.FBC/dt_ITEM_ALL.txtbin	1118	cp932	пフェニックス：不死の魂・改
romdata/DT/DT_ALL.FBC.z	DT_ITEM_ALL.FBC/dt_ITEM_ALL.txtbin	1120	cp932	пフェニックス：転生の炎
romdata/DT/DT_ALL.FBC.z	DT_ITEM_ALL.FBC/dt_ITEM_ALL.txtbin	1122	cp932	пフェニックス：転生の炎・改
romdata/DT/DT_ALL.FBC.z	DT_ITEM_ALL.FBC/dt_ITEM_ALL.txtbin	1124	cp932	пアダマンタイマイ：鉄壁の守り
romdata/DT/DT_ALL.FBC.z	DT_ITEM_ALL.FBC/dt_ITEM_ALL.txtbin	1126	cp932	пアダマンタイマイ：鉄壁の守り・改
romdata/DT/DT_ALL.FBC.z	DT_ITEM_ALL.FBC/dt_ITEM_ALL.txtbin	1128	cp932	пアダマンタイマイ：奇跡の甲羅
romdata/DT/DT_ALL.FBC.z	DT_ITEM_ALL.FBC/dt_ITEM_ALL.txtbin	1130	cp932	пアダマンタイマイ：奇跡の甲羅・改
romdata/DT/DT_ALL.FBC.z	DT_ITEM_ALL.FBC/dt_ITEM_ALL.txtbin	1132	cp932	пアダマンタイマイ：のろい呪い
romdata/DT/DT_ALL.FBC.z	DT_ITEM_ALL.FBC/dt_ITEM_ALL.txtbin	1134	cp932	пアダマンタイマイ：マイティーガード
romdata/DT/DT_ALL.FBC.z	DT_ITEM_ALL.FBC/dt_ITEM_ALL.txtbin	1136	cp932	пサボテンダー：スピニングニードル
romdata/DT/DT_ALL.FBC.z	DT_ITEM_ALL.FBC/dt_ITEM_ALL.txtbin	1138	cp932	пサボテンダー：まちぶせ
romdata/DT/DT_ALL.FBC.z	DT_ITEM_ALL.FBC/dt_ITEM_ALL.txtbin	1140	cp932	пサボテンダー：どくばり
romdata/DT/DT_ALL.FBC.z	DT_ITEM_ALL.FBC/dt_ITEM_ALL.txtbin	1142	cp932	пサボテンダー：光合成
romdata/DT/DT_ALL.FBC.z	DT_ITEM_ALL.FBC/dt_ITEM_ALL.txtbin	1144	cp932	пサボテンダー：針千本
romdata/DT/DT_ALL.FBC.z	DT_ITEM_ALL.FBC/dt_ITEM_ALL.txtbin	1146	cp932	пサボテンダー：針千本・改
romdata/DT/DT_ALL.FBC.z	DT_ITEM_ALL.FBC/dt_ITEM_ALL.txtbin	1148	cp932	пユニコーン：突進
romdata/DT/DT_ALL.FBC.z	DT_ITEM_ALL.FBC/dt_ITEM_ALL.txtbin	1150	cp932	пユニコーン：ヒールキック
romdata/DT/DT_ALL.FBC.z	DT_ITEM_ALL.FBC/dt_ITEM_ALL.txtbin	1152	cp932	пユニコーン：泉水
romdata/DT/DT_ALL.FBC.z	DT_ITEM_ALL.FBC/dt_ITEM_ALL.txtbin	1154	cp932	пユニコーン：泉水・改
romdata/DT/DT_ALL.FBC.z	DT_ITEM_ALL.FBC/dt_ITEM_ALL.txtbin	1156	cp932	пユニコーン：疾風突き
romdata/DT/DT_ALL.FBC.z	DT_ITEM_ALL.FBC/dt_ITEM_ALL.txtbin	1158	cp932	пユニコーン：疾風突き・改
romdata/DT/DT_ALL.FBC.z	DT_ITEM_ALL.FBC/dt_ITEM_ALL.txtbin	1160	cp932	пタイタン：大地の怒り
romdata/DT/DT_ALL.FBC.z	DT_ITEM_ALL.FBC/dt_ITEM_ALL.txtbin	1162	cp932	пタイタン：岩石投げ
romdata/DT/DT_ALL.FBC.z	DT_ITEM_ALL.FBC/dt_ITEM_ALL.txtbin	1164	cp932	пタイタン：大地のこぶし
romdata/DT/DT_ALL.FBC.z	DT_ITEM_ALL.FBC/dt_ITEM_ALL.txtbin	1166	cp932	пタイタン：大地のこぶし・改
romdata/DT/DT_ALL.FBC.z	DT_ITEM_ALL.FBC/dt_ITEM_ALL.txtbin	1168	cp932	пタイタン：地割れ
romdata/DT/DT_ALL.FBC.z	DT_ITEM_ALL.FBC/dt_ITEM_ALL.txtbin	1170	cp932	пタイタン：地割れ・改
romdata/DT/DT_ALL.FBC.z	DT_ITEM_ALL.FBC/dt_ITEM_ALL.txtbin	1172	cp932	пシヴァ：氷の息吹
romdata/DT/DT_ALL.FBC.z	DT_ITEM_ALL.FBC/dt_ITEM_ALL.txtbin	1174	cp932	пシヴァ：鎮火
romdata/DT/DT_ALL.FBC.z	DT_ITEM_ALL.FBC/dt_ITEM_ALL.txtbin	1176	cp932	пシヴァ：鎮火・改
romdata/DT/DT_ALL.FBC.z	DT_ITEM_ALL.FBC/dt_ITEM_ALL.txtbin	1178	cp932	пシヴァ：スノーカーテン
romdata/DT/DT_ALL.FBC.z	DT_ITEM_ALL.FBC/dt_ITEM_ALL.txtbin	1180	cp932	пシヴァ：ダイヤモンドダスト
romdata/DT/DT_ALL.FBC.z	DT_ITEM_ALL.FBC/dt_ITEM_ALL.txtbin	1182	cp932	пシヴァ：天からの一撃
romdata/DT/DT_ALL.FBC.z	DT_ITEM_ALL.FBC/dt_ITEM_ALL.txtbin	1184	cp932	пリヴァイアサン：テールウィップ
romdata/DT/DT_ALL.FBC.z	DT_ITEM_ALL.FBC/dt_ITEM_ALL.txtbin	1186	cp932	пリヴァイアサン：サンダーストーム
romdata/DT/DT_ALL.FBC.z	DT_ITEM_ALL.FBC/dt_ITEM_ALL.txtbin	1188	cp932	пリヴァイアサン：湧き水
romdata/DT/DT_ALL.FBC.z	DT_ITEM_ALL.FBC/dt_ITEM_ALL.txtbin	1190	cp932	пリヴァイアサン：湧き水・改
romdata/DT/DT_ALL.FBC.z	DT_ITEM_ALL.FBC/dt_ITEM_ALL.txtbin	1192	cp932	пリヴァイアサン：タイダルウェイブ
romdata/DT/DT_ALL.FBC.z	DT_ITEM_ALL.FBC/dt_ITEM_ALL.txtbin	1194	cp932	пリヴァイアサン：タイダルウェイブ・改
romdata/DT/DT_ALL.FBC.z	DT_ITEM_ALL.FBC/dt_ITEM_ALL.txtbin	1196	cp932	пミストドラゴン：霧のブレス　　
romdata/DT/DT_ALL.FBC.z	DT_ITEM_ALL.FBC/dt_ITEM_ALL.txtbin	1198	cp932	пミストドラゴン：モクモク
romdata/DT/DT_ALL.FBC.z	DT_ITEM_ALL.FBC/dt_ITEM_ALL.txtbin	1200	cp932	пミストドラゴン：アクアブレス
romdata/DT/DT_ALL.FBC.z	DT_ITEM_ALL.FBC/dt_ITEM_ALL.txtbin	1202	cp932	пミストドラゴン：アクアブレス・改
romdata/DT/DT_ALL.FBC.z	DT_ITEM_ALL.FBC/dt_ITEM_ALL.txtbin	1204	cp932	пミストドラゴン：呪縛の冷気
romdata/DT/DT_ALL.FBC.z	DT_ITEM_ALL.FBC/dt_ITEM_ALL.txtbin	1206	cp932	пミストドラゴン：呪縛の冷気・改
romdata/DT/DT_ALL.FBC.z	DT_ITEM_ALL.FBC/dt_ITEM_ALL.txtbin	1208	cp932	пビスマルク：雑魚ちらし
romdata/DT/DT_ALL.FBC.z	DT_ITEM_ALL.FBC/dt_ITEM_ALL.txtbin	1210	cp932	пビスマルク：のみこむ
romdata/DT/DT_ALL.FBC.z	DT_ITEM_ALL.FBC/dt_ITEM_ALL.txtbin	1212	cp932	пビスマルク：のみこむ・改
romdata/DT/DT_ALL.FBC.z	DT_ITEM_ALL.FBC/dt_ITEM_ALL.txtbin	1214	cp932	пビスマルク：バブルブロウ
romdata/DT/DT_ALL.FBC.z	DT_ITEM_ALL.FBC/dt_ITEM_ALL.txtbin	1216	cp932	пビスマルク：バブルブロウ・改
romdata/DT/DT_ALL.FBC.z	DT_ITEM_ALL.FBC/dt_ITEM_ALL.txtbin	1218	cp932	пビスマルク：メイルシュトロム
romdata/DT/DT_ALL.FBC.z	DT_ITEM_ALL.FBC/dt_ITEM_ALL.txtbin	1220	cp932	пカーバンクル：シャイニングスター
romdata/DT/DT_ALL.FBC.z	DT_ITEM_ALL.FBC/dt_ITEM_ALL.txtbin	1222	cp932	пカーバンクル：クイックスタンプ
romdata/DT/DT_ALL.FBC.z	DT_ITEM_ALL.FBC/dt_ITEM_ALL.txtbin	1224	cp932	пカーバンクル：ルビーの光
romdata/DT/DT_ALL.FBC.z	DT_ITEM_ALL.FBC/dt_ITEM_ALL.txtbin	1226	cp932	пカーバンクル：ルビーの光・改
romdata/DT/DT_ALL.FBC.z	DT_ITEM_ALL.FBC/dt_ITEM_ALL.txtbin	1228	cp932	пカーバンクル：ホーリーガード
romdata/DT/DT_ALL.FBC.z	DT_ITEM_ALL.FBC/dt_ITEM_ALL.txtbin	1230	cp932	пカーバンクル：聖なる歌声
romdata/DT/DT_ALL.FBC.z	DT_ITEM_ALL.FBC/dt_ITEM_ALL.txtbin	1232	cp932	пラムウ：感電
romdata/DT/DT_ALL.FBC.z	DT_ITEM_ALL.FBC/dt_ITEM_ALL.txtbin	1234	cp932	пラムウ：雷雲
romdata/DT/DT_ALL.FBC.z	DT_ITEM_ALL.FBC/dt_ITEM_ALL.txtbin	1236	cp932	пラムウ：電磁場
romdata/DT/DT_ALL.FBC.z	DT_ITEM_ALL.FBC/dt_ITEM_ALL.txtbin	1238	cp932	пラムウ：電磁場・改
romdata/DT/DT_ALL.FBC.z	DT_ITEM_ALL.FBC/dt_ITEM_ALL.txtbin	1240	cp932	пラムウ：裁きの雷
romdata/DT/DT_ALL.FBC.z	DT_ITEM_ALL.FBC/dt_ITEM_ALL.txtbin	1242	cp932	пラムウ：裁きの雷・改
romdata/DT/DT_ALL.FBC.z	DT_ITEM_ALL.FBC/dt_ITEM_ALL.txtbin	1244	cp932	пケット・シー：メガホン
romdata/DT/DT_ALL.FBC.z	DT_ITEM_ALL.FBC/dt_ITEM_ALL.txtbin	1246	cp932	пケット・シー：突撃ラッパ
romdata/DT/DT_ALL.FBC.z	DT_ITEM_ALL.FBC/dt_ITEM_ALL.txtbin	1248	cp932	пケット・シー：突撃ラッパ・改
romdata/DT/DT_ALL.FBC.z	DT_ITEM_ALL.FBC/dt_ITEM_ALL.txtbin	1250	cp932	пケット・シー：キャットレイン
romdata/DT/DT_ALL.FBC.z	DT_ITEM_ALL.FBC/dt_ITEM_ALL.txtbin	1252	cp932	пケット・シー：マーベラスチアー
romdata/DT/DT_ALL.FBC.z	DT_ITEM_ALL.FBC/dt_ITEM_ALL.txtbin	1254	cp932	пケット・シー：マーベラスチアー・改
romdata/DT/DT_ALL.FBC.z	DT_ITEM_ALL.FBC/dt_ITEM_ALL.txtbin	1256	cp932	п鉄巨人：こぶし
romdata/DT/DT_ALL.FBC.z	DT_ITEM_ALL.FBC/dt_ITEM_ALL.txtbin	1258	cp932	п鉄巨人：タックル
romdata/DT/DT_ALL.FBC.z	DT_ITEM_ALL.FBC/dt_ITEM_ALL.txtbin	1260	cp932	п鉄巨人：ビーム
romdata/DT/DT_ALL.FBC.z	DT_ITEM_ALL.FBC/dt_ITEM_ALL.txtbin	1262	cp932	п鉄巨人：ビーム・改
romdata/DT/DT_ALL.FBC.z	DT_ITEM_ALL.FBC/dt_ITEM_ALL.txtbin	1264	cp932	п鉄巨人：兜割り
romdata/DT/DT_ALL.FBC.z	DT_ITEM_ALL.FBC/dt_ITEM_ALL.txtbin	1266	cp932	п鉄巨人：兜割り・改
romdata/DT/DT_ALL.FBC.z	DT_ITEM_ALL.FBC/dt_ITEM_ALL.txtbin	1268	cp932	пオーディーン：斬鉄剣
romdata/DT/DT_ALL.FBC.z	DT_ITEM_ALL.FBC/dt_ITEM_ALL.txtbin	1270	cp932	пオーディーン：斬鉄剣・改
romdata/DT/DT_ALL.FBC.z	DT_ITEM_ALL.FBC/dt_ITEM_ALL.txtbin	1272	cp932	пオーディーン：グングニルの槍
romdata/DT/DT_ALL.FBC.z	DT_ITEM_ALL.FBC/dt_ITEM_ALL.txtbin	1274	cp932	пオーディーン：グングニルの槍・改
romdata/DT/DT_ALL.FBC.z	DT_ITEM_ALL.FBC/dt_ITEM_ALL.txtbin	1276	cp932	пオーディーン：スレイプニル
romdata/DT/DT_ALL.FBC.z	DT_ITEM_ALL.FBC/dt_ITEM_ALL.txtbin	1278	cp932	пオーディーン：暗黒剣
romdata/DT/DT_ALL.FBC.z	DT_ITEM_ALL.FBC/dt_ITEM_ALL.txtbin	1280	cp932	пバハムート：奇襲
romdata/DT/DT_ALL.FBC.z	DT_ITEM_ALL.FBC/dt_ITEM_ALL.txtbin	1282	cp932	пバハムート：メガフレア
romdata/DT/DT_ALL.FBC.z	DT_ITEM_ALL.FBC/dt_ITEM_ALL.txtbin	1284	cp932	пバハムート：メガフレア・改
romdata/DT/DT_ALL.FBC.z	DT_ITEM_ALL.FBC/dt_ITEM_ALL.txtbin	1286	cp932	пバハムート：テラフレア
romdata/DT/DT_ALL.FBC.z	DT_ITEM_ALL.FBC/dt_ITEM_ALL.txtbin	1288	cp932	пバハムート：テラフレア・改
romdata/DT/DT_ALL.FBC.z	DT_ITEM_ALL.FBC/dt_ITEM_ALL.txtbin	1290	cp932	пバハムート：インパルス
romdata/DT/DT_ALL.FBC.z	DT_ITEM_ALL.FBC/dt_ITEM_ALL.txtbin	1292	cp932	пトンベリ：毒霧
romdata/DT/DT_ALL.FBC.z	DT_ITEM_ALL.FBC/dt_ITEM_ALL.txtbin	1294	cp932	пトンベリ：影縫い
romdata/DT/DT_ALL.FBC.z	DT_ITEM_ALL.FBC/dt_ITEM_ALL.txtbin	1296	cp932	пトンベリ：包丁
romdata/DT/DT_ALL.FBC.z	DT_ITEM_ALL.FBC/dt_ITEM_ALL.txtbin	1298	cp932	пトンベリ：みんなの恨み
romdata/DT/DT_ALL.FBC.z	DT_ITEM_ALL.FBC/dt_ITEM_ALL.txtbin	1300	cp932	пトンベリ：みんなの恨み・改
romdata/DT/DT_ALL.FBC.z	DT_ITEM_ALL.FBC/dt_ITEM_ALL.txtbin	1302	cp932	пゴブリン：たたく
romdata/DT/DT_ALL.FBC.z	DT_ITEM_ALL.FBC/dt_ITEM_ALL.txtbin	1304	cp932	пゴブリン：たたく・改
romdata/DT/DT_ALL.FBC.z	DT_ITEM_ALL.FBC/dt_ITEM_ALL.txtbin	1306	cp932	пゴブリン：あばれる
romdata/DT/DT_ALL.FBC.z	DT_ITEM_ALL.FBC/dt_ITEM_ALL.txtbin	1308	cp932	пゴブリン：おおごえ
romdata/DT/DT_ALL.FBC.z	DT_ITEM_ALL.FBC/dt_ITEM_ALL.txtbin	1310	cp932	пゴブリン：メテオ
romdata/DT/DT_ALL.FBC.z	DT_ITEM_ALL.FBC/dt_ITEM_ALL.txtbin	1312	cp932	пテュポーン：ファイアーボール
romdata/DT/DT_ALL.FBC.z	DT_ITEM_ALL.FBC/dt_ITEM_ALL.txtbin	1314	cp932	пテュポーン：いただきます
romdata/DT/DT_ALL.FBC.z	DT_ITEM_ALL.FBC/dt_ITEM_ALL.txtbin	1316	cp932	пテュポーン：鼻息
romdata/DT/DT_ALL.FBC.z	DT_ITEM_ALL.FBC/dt_ITEM_ALL.txtbin	1318	cp932	пテュポーン：ボディープレス
romdata/DT/DT_ALL.FBC.z	DT_ITEM_ALL.FBC/dt_ITEM_ALL.txtbin	1320	cp932	пテュポーン：天地崩壊
romdata/DT/DT_ALL.FBC.z	DT_ITEM_ALL.FBC/dt_ITEM_ALL.txtbin	1322	cp932	пギルガメッシュ：ヒット・ジ・エンド
romdata/DT/DT_ALL.FBC.z	DT_ITEM_ALL.FBC/dt_ITEM_ALL.txtbin	1324	cp932	пギルガメッシュ：三段斬り
romdata/DT/DT_ALL.FBC.z	DT_ITEM_ALL.FBC/dt_ITEM_ALL.txtbin	1326	cp932	пギルガメッシュ：エクスカリパー
romdata/DT/DT_ALL.FBC.z	DT_ITEM_ALL.FBC/dt_ITEM_ALL.txtbin	1328	cp932	пギルガメッシュ：王者の剣
romdata/DT/DT_ALL.FBC.z	DT_ITEM_ALL.FBC/dt_ITEM_ALL.txtbin	1330	cp932	пギルガメッシュ：究極幻想
romdata/DT/DT_ALL.FBC.z	DT_ITEM_ALL.FBC/dt_ITEM_ALL.txtbin	1332	cp932	пオメガ：波動砲
romdata/DT/DT_ALL.FBC.z	DT_ITEM_ALL.FBC/dt_ITEM_ALL.txtbin	1334	cp932	пアルテマウェポン：アルテマ
romdata/DT/DT_ALL.FBC.z	DT_ITEM_ALL.FBC/dt_ITEM_ALL.txtbin	1336	cp932	пラグナロク：メタモルフォース
romdata/DT/DT_ALL.FBC.z	DT_ITEM_ALL.FBC/dt_ITEM_ALL.txtbin	1338	cp932	п神竜：アトミックレイ
romdata/DT/DT_ALL.FBC.z	DT_ITEM_ALL.FBC/dt_ITEM_ALL.txtbin	1340	cp932	пチョコボ：チョコボックル
romdata/DT/DT_ALL.FBC.z	DT_ITEM_ALL.FBC/dt_ITEM_ALL.txtbin	1342	cp932	пマンドラレッド：夢想花
romdata/DT/DT_ALL.FBC.z	DT_ITEM_ALL.FBC/dt_ITEM_ALL.txtbin	1344	cp932	пマンドラゴラ：種まき
romdata/DT/DT_ALL.FBC.z	DT_ITEM_ALL.FBC/dt_ITEM_ALL.txtbin	1346	cp932	пマンドラプリンス：ヘッドバット
romdata/DT/DT_ALL.FBC.z	DT_ITEM_ALL.FBC/dt_ITEM_ALL.txtbin	1348	cp932	пマンドラキング：光の楽園
romdata/DT/DT_ALL.FBC.z	DT_ITEM_ALL.FBC/dt_ITEM_ALL.txtbin	1350	cp932	пマンドラダーク：かすみ草
romdata/DT/DT_ALL.FBC.z	DT_ITEM_ALL.FBC/dt_ITEM_ALL.txtbin	1352	cp932	пオメガ：ロケットパンチ
romdata/DT/DT_ALL.FBC.z	DT_ITEM_ALL.FBC/dt_ITEM_ALL.txtbin	1354	cp932	пアルテマウェポン：シャドウフレア
romdata/DT/DT_ALL.FBC.z	DT_ITEM_ALL.FBC/dt_ITEM_ALL.txtbin	1356	cp932	пラグナロク：破壊のつるぎ
romdata/DT/DT_ALL.FBC.z	DT_ITEM_ALL.FBC/dt_ITEM_ALL.txtbin	1358	cp932	п神竜：心ない天使
romdata/DT/DT_ALL.FBC.z	DT_ITEM_ALL.FBC/dt_ITEM_ALL.txtbin	1360	cp932	пチョコボ：ヒップアタック
romdata/DT/DT_ALL.FBC.z	DT_ITEM_ALL.FBC/dt_ITEM_ALL.txtbin	1362	cp932	ギル
romdata/DT/DT_ALL.FBC.z	DT_ITEM_ALL.FBC/dt_ITEM_ALL.txtbin	1364	cp932	ジョブポイント
romdata/DT/DT_ALL.FBC.z	DT_ITEM_TYPE.FBC/dt_ITEM_TYPE.txtbin	0	cp932	つめ
romdata/DT/DT_ALL.FBC.z	DT_ITEM_TYPE.FBC/dt_ITEM_TYPE.txtbin	1	cp932	ツメ
romdata/DT/DT_ALL.FBC.z	DT_ITEM_TYPE.FBC/dt_ITEM_TYPE.txtbin	2	cp932	くら
romdata/DT/DT_ALL.FBC.z	DT_ITEM_TYPE.FBC/dt_ITEM_TYPE.txtbin	3	cp932	クラ
romdata/DT/DT_ALL.FBC.z	DT_ITEM_TYPE.FBC/dt_ITEM_TYPE.txtbin	4	cp932	首輪
romdata/DT/DT_ALL.FBC.z	DT_ITEM_TYPE.FBC/dt_ITEM_TYPE.txtbin	5	cp932	首輪
romdata/DT/DT_ALL.FBC.z	DT_ITEM_TYPE.FBC/dt_ITEM_TYPE.txtbin	6	cp932	たべもの
romdata/DT/DT_ALL.FBC.z	DT_ITEM_TYPE.FBC/dt_ITEM_TYPE.txtbin	7	cp932	野菜
romdata/DT/DT_ALL.FBC.z	DT_ITEM_TYPE.FBC/dt_ITEM_TYPE.txtbin	8	cp932	くすり
romdata/DT/DT_ALL.FBC.z	DT_ITEM_TYPE.FBC/dt_ITEM_TYPE.txtbin	9	cp932	薬
romdata/DT/DT_ALL.FBC.z	DT_ITEM_TYPE.FBC/dt_ITEM_TYPE.txtbin	10	cp932	もの
romdata/DT/DT_ALL.FBC.z	DT_ITEM_TYPE.FBC/dt_ITEM_TYPE.txtbin	11	cp932	雑貨
romdata/DT/DT_ALL.FBC.z	DT_ITEM_TYPE.FBC/dt_ITEM_TYPE.txtbin	12	cp932	本
romdata/DT/DT_ALL.FBC.z	DT_ITEM_TYPE.FBC/dt_ITEM_TYPE.txtbin	13	cp932	本
romdata/DT/DT_ALL.FBC.z	DT_ITEM_TYPE.FBC/dt_ITEM_TYPE.txtbin	15	cp932	呪い
romdata/DT/DT_ALL.FBC.z	DT_ITEM_TYPE.FBC/dt_ITEM_TYPE.txtbin	17	cp932	デスペル
romdata/DT/DT_ALL.FBC.z	DT_PLY_ABT.FBC/dt_PLY_ABT.txtbin	0	cp932	チョコボキック
romdata/DT/DT_ALL.FBC.z	DT_PLY_ABT.FBC/dt_PLY_ABT.txtbin	1	cp932	チョコボのキックで\nとなりのてきを攻撃
romdata/DT/DT_ALL.FBC.z	DT_PLY_ABT.FBC/dt_PLY_ABT.txtbin	2	cp932	チョコボドロップ
romdata/DT/DT_ALL.FBC.z	DT_PLY_ABT.FBC/dt_PLY_ABT.txtbin	3	cp932	チョコボのおしりで\nまわりのてきを攻撃
romdata/DT/DT_ALL.FBC.z	DT_PLY_ABT.FBC/dt_PLY_ABT.txtbin	4	cp932	チョコボキック改
romdata/DT/DT_ALL.FBC.z	DT_PLY_ABT.FBC/dt_PLY_ABT.txtbin	5	cp932	チョコボのきょうりょくキックで\nとなりのてきをノックバック攻撃
romdata/DT/DT_ALL.FBC.z	DT_PLY_ABT.FBC/dt_PLY_ABT.txtbin	6	cp932	あなほり
romdata/DT/DT_ALL.FBC.z	DT_PLY_ABT.FBC/dt_PLY_ABT.txtbin	7	cp932	フロアであなをほり1回だけアイテム発見\n（カバンがいっぱいの時は使えません）
romdata/DT/DT_ALL.FBC.z	DT_PLY_ABT.FBC/dt_PLY_ABT.txtbin	8	cp932	チョコメット
romdata/DT/DT_ALL.FBC.z	DT_PLY_ABT.FBC/dt_PLY_ABT.txtbin	9	cp932	空からコメットが落ちてくる\n命中地点をばくはつ攻撃
romdata/DT/DT_ALL.FBC.z	DT_PLY_ABT.FBC/dt_PLY_ABT.txtbin	10	cp932	チョコダッシュ
romdata/DT/DT_ALL.FBC.z	DT_PLY_ABT.FBC/dt_PLY_ABT.txtbin	11	cp932	チョコボのダッシュで\nヘイスト　になる
romdata/DT/DT_ALL.FBC.z	DT_PLY_ABT.FBC/dt_PLY_ABT.txtbin	12	cp932	チョコボキック零式
romdata/DT/DT_ALL.FBC.z	DT_PLY_ABT.FBC/dt_PLY_ABT.txtbin	13	cp932	チョコボのひっさつキックで\nとなりのてきをノックバック＆スタン攻撃
romdata/DT/DT_ALL.FBC.z	DT_PLY_ABT.FBC/dt_PLY_ABT.txtbin	14	cp932	チョコボックル
romdata/DT/DT_ALL.FBC.z	DT_PLY_ABT.FBC/dt_PLY_ABT.txtbin	15	cp932	チョコボのひっさつタックルで\nあたりのてきを攻撃
romdata/DT/DT_ALL.FBC.z	DT_PLY_ABT.FBC/dt_PLY_ABT.txtbin	16	cp932	？？？？
romdata/DT/DT_ALL.FBC.z	DT_PLY_ABT.FBC/dt_PLY_ABT.txtbin	17	cp932	チョコボ　ピンチのさいしゅうおうぎ\nとおくのてきをうけているダメージ分の攻撃
romdata/DT/DT_ALL.FBC.z	DT_PLY_ABT.FBC/dt_PLY_ABT.txtbin	18	cp932	ダミー
romdata/DT/DT_ALL.FBC.z	DT_PLY_ABT.FBC/dt_PLY_ABT.txtbin	20	cp932	ダミー
romdata/DT/DT_ALL.FBC.z	DT_PLY_ABT.FBC/dt_PLY_ABT.txtbin	22	cp932	ダミー
romdata/DT/DT_ALL.FBC.z	DT_PLY_ABT.FBC/dt_PLY_ABT.txtbin	24	cp932	ダミー
romdata/DT/DT_ALL.FBC.z	DT_PLY_ABT.FBC/dt_PLY_ABT.txtbin	26	cp932	ダミー
romdata/DT/DT_ALL.FBC.z	DT_PLY_ABT.FBC/dt_PLY_ABT.txtbin	28	cp932	ダミー
romdata/DT/DT_ALL.FBC.z	DT_PLY_ABT.FBC/dt_PLY_ABT.txtbin	30	cp932	ダミー
romdata/DT/DT_ALL.FBC.z	DT_PLY_ABT.FBC/dt_PLY_ABT.txtbin	32	cp932	パワースラッシュ
romdata/DT/DT_ALL.FBC.z	DT_PLY_ABT.FBC/dt_PLY_ABT.txtbin	33	cp932	ナイトに伝わる伝説のワザで\nとなりのてきをノックバック攻撃
romdata/DT/DT_ALL.FBC.z	DT_PLY_ABT.FBC/dt_PLY_ABT.txtbin	34	cp932	サークルブレード
romdata/DT/DT_ALL.FBC.z	DT_PLY_ABT.FBC/dt_PLY_ABT.txtbin	35	cp932	ナイトに伝わるいかりのワザで\nまわりのてきを攻撃
romdata/DT/DT_ALL.FBC.z	DT_PLY_ABT.FBC/dt_PLY_ABT.txtbin	36	cp932	ディレイバスター
romdata/DT/DT_ALL.FBC.z	DT_PLY_ABT.FBC/dt_PLY_ABT.txtbin	37	cp932	ナイトに伝わるいちげきのワザで\nとなりのてきをノックバック＆スロウ攻撃
romdata/DT/DT_ALL.FBC.z	DT_PLY_ABT.FBC/dt_PLY_ABT.txtbin	38	cp932	イージスの盾
romdata/DT/DT_ALL.FBC.z	DT_PLY_ABT.FBC/dt_PLY_ABT.txtbin	39	cp932	ナイトに伝わる守りのワザで\nプロテス　になる
romdata/DT/DT_ALL.FBC.z	DT_PLY_ABT.FBC/dt_PLY_ABT.txtbin	40	cp932	エクスカリバー
romdata/DT/DT_ALL.FBC.z	DT_PLY_ABT.FBC/dt_PLY_ABT.txtbin	41	cp932	ナイトに伝わるひっさつのワザで\n３方向のとなりのてきを攻撃
romdata/DT/DT_ALL.FBC.z	DT_PLY_ABT.FBC/dt_PLY_ABT.txtbin	42	cp932	クライムハザード
romdata/DT/DT_ALL.FBC.z	DT_PLY_ABT.FBC/dt_PLY_ABT.txtbin	43	cp932	ナイトに伝わる悪をうつワザで\n前後左右のとなりのてきをノックバック攻撃
romdata/DT/DT_ALL.FBC.z	DT_PLY_ABT.FBC/dt_PLY_ABT.txtbin	44	cp932	ラグナロク
romdata/DT/DT_ALL.FBC.z	DT_PLY_ABT.FBC/dt_PLY_ABT.txtbin	45	cp932	ナイトに伝わる極みのワザで\nまわりのてきを攻撃
romdata/DT/DT_ALL.FBC.z	DT_PLY_ABT.FBC/dt_PLY_ABT.txtbin	46	cp932	ナイツオブラウンド
romdata/DT/DT_ALL.FBC.z	DT_PLY_ABT.FBC/dt_PLY_ABT.txtbin	47	cp932	伝説の騎士たちのたましいを召喚し\nまわりのてきをノックバック＆スロウ攻撃
romdata/DT/DT_ALL.FBC.z	DT_PLY_ABT.FBC/dt_PLY_ABT.txtbin	48	cp932	ダミー
romdata/DT/DT_ALL.FBC.z	DT_PLY_ABT.FBC/dt_PLY_ABT.txtbin	50	cp932	ダミー
romdata/DT/DT_ALL.FBC.z	DT_PLY_ABT.FBC/dt_PLY_ABT.txtbin	52	cp932	ダミー
romdata/DT/DT_ALL.FBC.z	DT_PLY_ABT.FBC/dt_PLY_ABT.txtbin	54	cp932	ダミー
romdata/DT/DT_ALL.FBC.z	DT_PLY_ABT.FBC/dt_PLY_ABT.txtbin	56	cp932	ダミー
romdata/DT/DT_ALL.FBC.z	DT_PLY_ABT.FBC/dt_PLY_ABT.txtbin	58	cp932	ダミー
romdata/DT/DT_ALL.FBC.z	DT_PLY_ABT.FBC/dt_PLY_ABT.txtbin	60	cp932	ダミー
romdata/DT/DT_ALL.FBC.z	DT_PLY_ABT.FBC/dt_PLY_ABT.txtbin	62	cp932	ダミー
romdata/DT/DT_ALL.FBC.z	DT_PLY_ABT.FBC/dt_PLY_ABT.txtbin	64	cp932	ジャンプ
romdata/DT/DT_ALL.FBC.z	DT_PLY_ABT.FBC/dt_PLY_ABT.txtbin	65	cp932	竜騎士のジャンプで\nとおくのてきを攻撃　移動もできる
romdata/DT/DT_ALL.FBC.z	DT_PLY_ABT.FBC/dt_PLY_ABT.txtbin	66	cp932	フレイムランス
romdata/DT/DT_ALL.FBC.z	DT_PLY_ABT.FBC/dt_PLY_ABT.txtbin	67	cp932	炎のヤリで\nとおくのてきもつらぬいて火攻撃
romdata/DT/DT_ALL.FBC.z	DT_PLY_ABT.FBC/dt_PLY_ABT.txtbin	68	cp932	アイスランス
romdata/DT/DT_ALL.FBC.z	DT_PLY_ABT.FBC/dt_PLY_ABT.txtbin	69	cp932	氷のヤリで\nとおくのてきもつらぬいて氷攻撃
romdata/DT/DT_ALL.FBC.z	DT_PLY_ABT.FBC/dt_PLY_ABT.txtbin	70	cp932	竜剣
romdata/DT/DT_ALL.FBC.z	DT_PLY_ABT.FBC/dt_PLY_ABT.txtbin	71	cp932	竜剣で\nとなりのてきからＨＰをすいとる
romdata/DT/DT_ALL.FBC.z	DT_PLY_ABT.FBC/dt_PLY_ABT.txtbin	72	cp932	ハイジャンプ
romdata/DT/DT_ALL.FBC.z	DT_PLY_ABT.FBC/dt_PLY_ABT.txtbin	73	cp932	竜騎士の大ジャンプで\nとおくのてきを攻撃　移動もできる
romdata/DT/DT_ALL.FBC.z	DT_PLY_ABT.FBC/dt_PLY_ABT.txtbin	74	cp932	ドラゴンパワー
romdata/DT/DT_ALL.FBC.z	DT_PLY_ABT.FBC/dt_PLY_ABT.txtbin	75	cp932	ドラゴンの力をこうりんさせ\nブレイブ　になる
romdata/DT/DT_ALL.FBC.z	DT_PLY_ABT.FBC/dt_PLY_ABT.txtbin	76	cp932	ホーリーランス
romdata/DT/DT_ALL.FBC.z	DT_PLY_ABT.FBC/dt_PLY_ABT.txtbin	77	cp932	聖なるヤリで\n３方向の　とおくのてきもつらぬいて攻撃
romdata/DT/DT_ALL.FBC.z	DT_PLY_ABT.FBC/dt_PLY_ABT.txtbin	78	cp932	グングニル
romdata/DT/DT_ALL.FBC.z	DT_PLY_ABT.FBC/dt_PLY_ABT.txtbin	79	cp932	オーディーンのヤリで\nとおくのてきもつらぬいて攻撃
romdata/DT/DT_ALL.FBC.z	DT_PLY_ABT.FBC/dt_PLY_ABT.txtbin	80	cp932	ダミー
romdata/DT/DT_ALL.FBC.z	DT_PLY_ABT.FBC/dt_PLY_ABT.txtbin	82	cp932	ダミー
romdata/DT/DT_ALL.FBC.z	DT_PLY_ABT.FBC/dt_PLY_ABT.txtbin	84	cp932	ダミー
romdata/DT/DT_ALL.FBC.z	DT_PLY_ABT.FBC/dt_PLY_ABT.txtbin	86	cp932	ダミー
romdata/DT/DT_ALL.FBC.z	DT_PLY_ABT.FBC/dt_PLY_ABT.txtbin	88	cp932	ダミー
romdata/DT/DT_ALL.FBC.z	DT_PLY_ABT.FBC/dt_PLY_ABT.txtbin	90	cp932	ダミー
romdata/DT/DT_ALL.FBC.z	DT_PLY_ABT.FBC/dt_PLY_ABT.txtbin	92	cp932	ダミー
romdata/DT/DT_ALL.FBC.z	DT_PLY_ABT.FBC/dt_PLY_ABT.txtbin	94	cp932	ダミー
romdata/DT/DT_ALL.FBC.z	DT_PLY_ABT.FBC/dt_PLY_ABT.txtbin	96	cp932	暗黒
romdata/DT/DT_ALL.FBC.z	DT_PLY_ABT.FBC/dt_PLY_ABT.txtbin	97	cp932	暗黒の力をよびだし　ＨＰとひきかえに\nとなりのてきを闇攻撃
romdata/DT/DT_ALL.FBC.z	DT_PLY_ABT.FBC/dt_PLY_ABT.txtbin	98	cp932	ダーク
romdata/DT/DT_ALL.FBC.z	DT_PLY_ABT.FBC/dt_PLY_ABT.txtbin	99	cp932	闇の魔法で\nとおくのてきを闇攻撃
romdata/DT/DT_ALL.FBC.z	DT_PLY_ABT.FBC/dt_PLY_ABT.txtbin	100	cp932	めいやく
romdata/DT/DT_ALL.FBC.z	DT_PLY_ABT.FBC/dt_PLY_ABT.txtbin	101	cp932	悪魔とのめいやくで\n防御力とひきかえに　攻撃力をふやす
romdata/DT/DT_ALL.FBC.z	DT_PLY_ABT.FBC/dt_PLY_ABT.txtbin	102	cp932	ブラッドソード
romdata/DT/DT_ALL.FBC.z	DT_PLY_ABT.FBC/dt_PLY_ABT.txtbin	103	cp932	闇の魔剣で\nとなりのてきからＨＰをすいとる
romdata/DT/DT_ALL.FBC.z	DT_PLY_ABT.FBC/dt_PLY_ABT.txtbin	104	cp932	ダークブレイク
romdata/DT/DT_ALL.FBC.z	DT_PLY_ABT.FBC/dt_PLY_ABT.txtbin	105	cp932	闇の力で\n３方向のとなりのてきをノックバック攻撃
romdata/DT/DT_ALL.FBC.z	DT_PLY_ABT.FBC/dt_PLY_ABT.txtbin	106	cp932	ナイトメア
romdata/DT/DT_ALL.FBC.z	DT_PLY_ABT.FBC/dt_PLY_ABT.txtbin	107	cp932	あくむをひきおこし\nまわりのてきを　眠らせる
romdata/DT/DT_ALL.FBC.z	DT_PLY_ABT.FBC/dt_PLY_ABT.txtbin	108	cp932	暗黒剣
romdata/DT/DT_ALL.FBC.z	DT_PLY_ABT.FBC/dt_PLY_ABT.txtbin	109	cp932	暗黒の魔剣で　ＨＰとひきかえに\nとなりのてきをノックバック闇攻撃
romdata/DT/DT_ALL.FBC.z	DT_PLY_ABT.FBC/dt_PLY_ABT.txtbin	110	cp932	カオス
romdata/DT/DT_ALL.FBC.z	DT_PLY_ABT.FBC/dt_PLY_ABT.txtbin	111	cp932	こんとんの力をよびだし\nあたりのてきからＨＰをすいとる
romdata/DT/DT_ALL.FBC.z	DT_PLY_ABT.FBC/dt_PLY_ABT.txtbin	112	cp932	ダミー
romdata/DT/DT_ALL.FBC.z	DT_PLY_ABT.FBC/dt_PLY_ABT.txtbin	114	cp932	ダミー
romdata/DT/DT_ALL.FBC.z	DT_PLY_ABT.FBC/dt_PLY_ABT.txtbin	116	cp932	ダミー
romdata/DT/DT_ALL.FBC.z	DT_PLY_ABT.FBC/dt_PLY_ABT.txtbin	118	cp932	ダミー
romdata/DT/DT_ALL.FBC.z	DT_PLY_ABT.FBC/dt_PLY_ABT.txtbin	120	cp932	ダミー
romdata/DT/DT_ALL.FBC.z	DT_PLY_ABT.FBC/dt_PLY_ABT.txtbin	122	cp932	ダミー
romdata/DT/DT_ALL.FBC.z	DT_PLY_ABT.FBC/dt_PLY_ABT.txtbin	124	cp932	ダミー
romdata/DT/DT_ALL.FBC.z	DT_PLY_ABT.FBC/dt_PLY_ABT.txtbin	126	cp932	ダミー
romdata/DT/DT_ALL.FBC.z	DT_PLY_ABT.FBC/dt_PLY_ABT.txtbin	128	cp932	しゅりけん
romdata/DT/DT_ALL.FBC.z	DT_PLY_ABT.FBC/dt_PLY_ABT.txtbin	129	cp932	シュリケンで\nとおくのてきを攻撃
romdata/DT/DT_ALL.FBC.z	DT_PLY_ABT.FBC/dt_PLY_ABT.txtbin	130	cp932	にとうりゅう
romdata/DT/DT_ALL.FBC.z	DT_PLY_ABT.FBC/dt_PLY_ABT.txtbin	131	cp932	左右のツメをみごとに使い\nヘイスト　になる
romdata/DT/DT_ALL.FBC.z	DT_PLY_ABT.FBC/dt_PLY_ABT.txtbin	132	cp932	火遁の術
romdata/DT/DT_ALL.FBC.z	DT_PLY_ABT.FBC/dt_PLY_ABT.txtbin	133	cp932	火の術で\n３方向のとなりのてきを火攻撃
romdata/DT/DT_ALL.FBC.z	DT_PLY_ABT.FBC/dt_PLY_ABT.txtbin	134	cp932	水遁の術
romdata/DT/DT_ALL.FBC.z	DT_PLY_ABT.FBC/dt_PLY_ABT.txtbin	135	cp932	水の術で\n３方向のとなりのてきを水攻撃
romdata/DT/DT_ALL.FBC.z	DT_PLY_ABT.FBC/dt_PLY_ABT.txtbin	136	cp932	雷迅の術
romdata/DT/DT_ALL.FBC.z	DT_PLY_ABT.FBC/dt_PLY_ABT.txtbin	137	cp932	雷の術で\n３方向のとなりのてきを雷攻撃
romdata/DT/DT_ALL.FBC.z	DT_PLY_ABT.FBC/dt_PLY_ABT.txtbin	138	cp932	かげぬい
romdata/DT/DT_ALL.FBC.z	DT_PLY_ABT.FBC/dt_PLY_ABT.txtbin	139	cp932	てきのカゲをしばり\nとおくのてきを　ドンムブ　にする
romdata/DT/DT_ALL.FBC.z	DT_PLY_ABT.FBC/dt_PLY_ABT.txtbin	140	cp932	けむりだま
romdata/DT/DT_ALL.FBC.z	DT_PLY_ABT.FBC/dt_PLY_ABT.txtbin	141	cp932	けむりだまで　みをかくし\nフロアのどこかにワープ
romdata/DT/DT_ALL.FBC.z	DT_PLY_ABT.FBC/dt_PLY_ABT.txtbin	142	cp932	だっしゅつ
romdata/DT/DT_ALL.FBC.z	DT_PLY_ABT.FBC/dt_PLY_ABT.txtbin	143	cp932	ききをのがれるワザで\nダンジョンから　だっしゅつする
romdata/DT/DT_ALL.FBC.z	DT_PLY_ABT.FBC/dt_PLY_ABT.txtbin	144	cp932	ふうましゅりけん
romdata/DT/DT_ALL.FBC.z	DT_PLY_ABT.FBC/dt_PLY_ABT.txtbin	145	cp932	きょだいなシュリケンで\nとおくのてきをノックバック攻撃
romdata/DT/DT_ALL.FBC.z	DT_PLY_ABT.FBC/dt_PLY_ABT.txtbin	146	cp932	あんさつ
romdata/DT/DT_ALL.FBC.z	DT_PLY_ABT.FBC/dt_PLY_ABT.txtbin	147	cp932	いっしそうでんのひっさつワザで\nてきをスタン攻撃
romdata/DT/DT_ALL.FBC.z	DT_PLY_ABT.FBC/dt_PLY_ABT.txtbin	148	cp932	ダミー
romdata/DT/DT_ALL.FBC.z	DT_PLY_ABT.FBC/dt_PLY_ABT.txtbin	150	cp932	ダミー
romdata/DT/DT_ALL.FBC.z	DT_PLY_ABT.FBC/dt_PLY_ABT.txtbin	152	cp932	ダミー
romdata/DT/DT_ALL.FBC.z	DT_PLY_ABT.FBC/dt_PLY_ABT.txtbin	154	cp932	ダミー
romdata/DT/DT_ALL.FBC.z	DT_PLY_ABT.FBC/dt_PLY_ABT.txtbin	156	cp932	ダミー
romdata/DT/DT_ALL.FBC.z	DT_PLY_ABT.FBC/dt_PLY_ABT.txtbin	158	cp932	ダミー
romdata/DT/DT_ALL.FBC.z	DT_PLY_ABT.FBC/dt_PLY_ABT.txtbin	160	cp932	ぬすむ
romdata/DT/DT_ALL.FBC.z	DT_PLY_ABT.FBC/dt_PLY_ABT.txtbin	161	cp932	てきのアイテムをぬすむ\n（カバンがいっぱいだと使えません）
romdata/DT/DT_ALL.FBC.z	DT_PLY_ABT.FBC/dt_PLY_ABT.txtbin	162	cp932	ブラインニードル
romdata/DT/DT_ALL.FBC.z	DT_PLY_ABT.FBC/dt_PLY_ABT.txtbin	163	cp932	くらやみの薬をぬったハリで\nとおくのてきを　くらやみ　攻撃
romdata/DT/DT_ALL.FBC.z	DT_PLY_ABT.FBC/dt_PLY_ABT.txtbin	164	cp932	しのびあし
romdata/DT/DT_ALL.FBC.z	DT_PLY_ABT.FBC/dt_PLY_ABT.txtbin	165	cp932	音をたてずにあるき\nフロアでねている　てきをおこさない
romdata/DT/DT_ALL.FBC.z	DT_PLY_ABT.FBC/dt_PLY_ABT.txtbin	166	cp932	ポイズンニードル
romdata/DT/DT_ALL.FBC.z	DT_PLY_ABT.FBC/dt_PLY_ABT.txtbin	167	cp932	どくをぬったハリで\nとおくのてきを　どく　攻撃
romdata/DT/DT_ALL.FBC.z	DT_PLY_ABT.FBC/dt_PLY_ABT.txtbin	168	cp932	けいかい
romdata/DT/DT_ALL.FBC.z	DT_PLY_ABT.FBC/dt_PLY_ABT.txtbin	169	cp932	シーフのじょうほうで　マップがわかり\nてき　ワナ　アイテムのいちを知る
romdata/DT/DT_ALL.FBC.z	DT_PLY_ABT.FBC/dt_PLY_ABT.txtbin	170	cp932	ぶんどる
romdata/DT/DT_ALL.FBC.z	DT_PLY_ABT.FBC/dt_PLY_ABT.txtbin	171	cp932	てきのアイテムをぬすみノックバック攻撃\n（カバンがいっぱいだと使えません）
romdata/DT/DT_ALL.FBC.z	DT_PLY_ABT.FBC/dt_PLY_ABT.txtbin	172	cp932	ギルをぬすむ
romdata/DT/DT_ALL.FBC.z	DT_PLY_ABT.FBC/dt_PLY_ABT.txtbin	173	cp932	目にもとまらぬはやわざで\nてきのギルをぬすむ
romdata/DT/DT_ALL.FBC.z	DT_PLY_ABT.FBC/dt_PLY_ABT.txtbin	174	cp932	トレジャーハント
romdata/DT/DT_ALL.FBC.z	DT_PLY_ABT.FBC/dt_PLY_ABT.txtbin	175	cp932	シーフのワザで\nてきがアイテムを落としやすくなる
romdata/DT/DT_ALL.FBC.z	DT_PLY_ABT.FBC/dt_PLY_ABT.txtbin	176	cp932	とんずら
romdata/DT/DT_ALL.FBC.z	DT_PLY_ABT.FBC/dt_PLY_ABT.txtbin	177	cp932	いちもくさんに　みをかくし\nフロアのどこかにワープ
romdata/DT/DT_ALL.FBC.z	DT_PLY_ABT.FBC/dt_PLY_ABT.txtbin	178	cp932	ちょこまかうごく
romdata/DT/DT_ALL.FBC.z	DT_PLY_ABT.FBC/dt_PLY_ABT.txtbin	179	cp932	シーフのすばやい動きで\nヘイスト　になる
romdata/DT/DT_ALL.FBC.z	DT_PLY_ABT.FBC/dt_PLY_ABT.txtbin	180	cp932	ダミー
romdata/DT/DT_ALL.FBC.z	DT_PLY_ABT.FBC/dt_PLY_ABT.txtbin	182	cp932	ダミー
romdata/DT/DT_ALL.FBC.z	DT_PLY_ABT.FBC/dt_PLY_ABT.txtbin	184	cp932	ダミー
romdata/DT/DT_ALL.FBC.z	DT_PLY_ABT.FBC/dt_PLY_ABT.txtbin	186	cp932	ダミー
romdata/DT/DT_ALL.FBC.z	DT_PLY_ABT.FBC/dt_PLY_ABT.txtbin	188	cp932	ダミー
romdata/DT/DT_ALL.FBC.z	DT_PLY_ABT.FBC/dt_PLY_ABT.txtbin	190	cp932	ダミー
romdata/DT/DT_ALL.FBC.z	DT_PLY_ABT.FBC/dt_PLY_ABT.txtbin	192	cp932	本のちから
romdata/DT/DT_ALL.FBC.z	DT_PLY_ABT.FBC/dt_PLY_ABT.txtbin	193	cp932	本の力を使い　とおくのてきを\n火　氷　雷のどれかで攻撃
romdata/DT/DT_ALL.FBC.z	DT_PLY_ABT.FBC/dt_PLY_ABT.txtbin	194	cp932	かんてい
romdata/DT/DT_ALL.FBC.z	DT_PLY_ABT.FBC/dt_PLY_ABT.txtbin	195	cp932	学者のちしきで\nカバンのアイテムをすべて鑑定する
romdata/DT/DT_ALL.FBC.z	DT_PLY_ABT.FBC/dt_PLY_ABT.txtbin	196	cp932	たんさく
romdata/DT/DT_ALL.FBC.z	DT_PLY_ABT.FBC/dt_PLY_ABT.txtbin	197	cp932	学者のちょうさで　マップがわかり\nてき　ワナ　アイテムのいちを知る
romdata/DT/DT_ALL.FBC.z	DT_PLY_ABT.FBC/dt_PLY_ABT.txtbin	198	cp932	ばんのうやく
romdata/DT/DT_ALL.FBC.z	DT_PLY_ABT.FBC/dt_PLY_ABT.txtbin	199	cp932	ばんのうやくをちょうごうし\nじょうたいを回復する
romdata/DT/DT_ALL.FBC.z	DT_PLY_ABT.FBC/dt_PLY_ABT.txtbin	200	cp932	ひみつの薬
romdata/DT/DT_ALL.FBC.z	DT_PLY_ABT.FBC/dt_PLY_ABT.txtbin	201	cp932	学者たちがいそがしい時にのむ薬で\nＨＰとおなかを回復する
romdata/DT/DT_ALL.FBC.z	DT_PLY_ABT.FBC/dt_PLY_ABT.txtbin	202	cp932	薬の知識
romdata/DT/DT_ALL.FBC.z	DT_PLY_ABT.FBC/dt_PLY_ABT.txtbin	203	cp932	正しい薬の　のみかたで\nしばらく　薬のこうかが上がる
romdata/DT/DT_ALL.FBC.z	DT_PLY_ABT.FBC/dt_PLY_ABT.txtbin	204	cp932	本の知識
romdata/DT/DT_ALL.FBC.z	DT_PLY_ABT.FBC/dt_PLY_ABT.txtbin	205	cp932	正しい本の　読みかたで\nしばらく　本のこうかが上がる
romdata/DT/DT_ALL.FBC.z	DT_PLY_ABT.FBC/dt_PLY_ABT.txtbin	206	cp932	発明
romdata/DT/DT_ALL.FBC.z	DT_PLY_ABT.FBC/dt_PLY_ABT.txtbin	207	cp932	フロアでじっけんし1回だけアイテム発明\n（カバンがいっぱいの時は使えません）
romdata/DT/DT_ALL.FBC.z	DT_PLY_ABT.FBC/dt_PLY_ABT.txtbin	208	cp932	本の真価
romdata/DT/DT_ALL.FBC.z	DT_PLY_ABT.FBC/dt_PLY_ABT.txtbin	209	cp932	本の真なる力を使い　フレア　メテオ\nスリプガ　スロウガ　のどれかで攻撃
romdata/DT/DT_ALL.FBC.z	DT_PLY_ABT.FBC/dt_PLY_ABT.txtbin	210	cp932	ダミー
romdata/DT/DT_ALL.FBC.z	DT_PLY_ABT.FBC/dt_PLY_ABT.txtbin	212	cp932	ダミー
romdata/DT/DT_ALL.FBC.z	DT_PLY_ABT.FBC/dt_PLY_ABT.txtbin	214	cp932	ダミー
romdata/DT/DT_ALL.FBC.z	DT_PLY_ABT.FBC/dt_PLY_ABT.txtbin	216	cp932	ダミー
romdata/DT/DT_ALL.FBC.z	DT_PLY_ABT.FBC/dt_PLY_ABT.txtbin	218	cp932	ダミー
romdata/DT/DT_ALL.FBC.z	DT_PLY_ABT.FBC/dt_PLY_ABT.txtbin	220	cp932	ダミー
romdata/DT/DT_ALL.FBC.z	DT_PLY_ABT.FBC/dt_PLY_ABT.txtbin	222	cp932	ダミー
romdata/DT/DT_ALL.FBC.z	DT_PLY_ABT.FBC/dt_PLY_ABT.txtbin	224	cp932	ファイア
romdata/DT/DT_ALL.FBC.z	DT_PLY_ABT.FBC/dt_PLY_ABT.txtbin	225	cp932	火の魔法で\nとおくのてきを火攻撃
romdata/DT/DT_ALL.FBC.z	DT_PLY_ABT.FBC/dt_PLY_ABT.txtbin	226	cp932	ブリザド
romdata/DT/DT_ALL.FBC.z	DT_PLY_ABT.FBC/dt_PLY_ABT.txtbin	227	cp932	氷の魔法で\nとおくのてきを氷攻撃
romdata/DT/DT_ALL.FBC.z	DT_PLY_ABT.FBC/dt_PLY_ABT.txtbin	228	cp932	サンダー
romdata/DT/DT_ALL.FBC.z	DT_PLY_ABT.FBC/dt_PLY_ABT.txtbin	229	cp932	雷の魔法で\nとおくのてきを雷攻撃
romdata/DT/DT_ALL.FBC.z	DT_PLY_ABT.FBC/dt_PLY_ABT.txtbin	230	cp932	スリプル
romdata/DT/DT_ALL.FBC.z	DT_PLY_ABT.FBC/dt_PLY_ABT.txtbin	231	cp932	眠りの魔法で\nとおくのてきを　眠らせる
romdata/DT/DT_ALL.FBC.z	DT_PLY_ABT.FBC/dt_PLY_ABT.txtbin	232	cp932	ドレイン
romdata/DT/DT_ALL.FBC.z	DT_PLY_ABT.FBC/dt_PLY_ABT.txtbin	233	cp932	闇の魔法で\nとおくのてきからＨＰをすいとる
romdata/DT/DT_ALL.FBC.z	DT_PLY_ABT.FBC/dt_PLY_ABT.txtbin	234	cp932	マバリア
romdata/DT/DT_ALL.FBC.z	DT_PLY_ABT.FBC/dt_PLY_ABT.txtbin	235	cp932	魔法をふせぐ反魔法フィールドで\nマバリア　になる
romdata/DT/DT_ALL.FBC.z	DT_PLY_ABT.FBC/dt_PLY_ABT.txtbin	236	cp932	ファイガ
romdata/DT/DT_ALL.FBC.z	DT_PLY_ABT.FBC/dt_PLY_ABT.txtbin	237	cp932	じごくの炎で\nあたりのてきを火攻撃
romdata/DT/DT_ALL.FBC.z	DT_PLY_ABT.FBC/dt_PLY_ABT.txtbin	238	cp932	ブリザガ
romdata/DT/DT_ALL.FBC.z	DT_PLY_ABT.FBC/dt_PLY_ABT.txtbin	239	cp932	ごっかんの氷で\nあたりのてきを氷攻撃
romdata/DT/DT_ALL.FBC.z	DT_PLY_ABT.FBC/dt_PLY_ABT.txtbin	240	cp932	サンダガ
romdata/DT/DT_ALL.FBC.z	DT_PLY_ABT.FBC/dt_PLY_ABT.txtbin	241	cp932	天上の雷で\nあたりのてきを雷攻撃
romdata/DT/DT_ALL.FBC.z	DT_PLY_ABT.FBC/dt_PLY_ABT.txtbin	242	cp932	クエイク
romdata/DT/DT_ALL.FBC.z	DT_PLY_ABT.FBC/dt_PLY_ABT.txtbin	243	cp932	じしんの魔法で\nあたりのてきをスタン攻撃
romdata/DT/DT_ALL.FBC.z	DT_PLY_ABT.FBC/dt_PLY_ABT.txtbin	244	cp932	チャージ
romdata/DT/DT_ALL.FBC.z	DT_PLY_ABT.FBC/dt_PLY_ABT.txtbin	245	cp932	魔力の集中に\n成功すればＳＰを回復
romdata/DT/DT_ALL.FBC.z	DT_PLY_ABT.FBC/dt_PLY_ABT.txtbin	246	cp932	フレア
romdata/DT/DT_ALL.FBC.z	DT_PLY_ABT.FBC/dt_PLY_ABT.txtbin	247	cp932	たいようの　ねつと光で\nとおくのてきを攻撃
romdata/DT/DT_ALL.FBC.z	DT_PLY_ABT.FBC/dt_PLY_ABT.txtbin	248	cp932	メテオ
romdata/DT/DT_ALL.FBC.z	DT_PLY_ABT.FBC/dt_PLY_ABT.txtbin	249	cp932	天空からいん石を召喚し\nあたりのてきを攻撃
romdata/DT/DT_ALL.FBC.z	DT_PLY_ABT.FBC/dt_PLY_ABT.txtbin	250	cp932	ダミー
romdata/DT/DT_ALL.FBC.z	DT_PLY_ABT.FBC/dt_PLY_ABT.txtbin	252	cp932	ダミー
romdata/DT/DT_ALL.FBC.z	DT_PLY_ABT.FBC/dt_PLY_ABT.txtbin	254	cp932	ダミー
romdata/DT/DT_ALL.FBC.z	DT_PLY_ABT.FBC/dt_PLY_ABT.txtbin	256	cp932	ケアル
romdata/DT/DT_ALL.FBC.z	DT_PLY_ABT.FBC/dt_PLY_ABT.txtbin	257	cp932	いやしの魔法で\nＨＰを回復する
romdata/DT/DT_ALL.FBC.z	DT_PLY_ABT.FBC/dt_PLY_ABT.txtbin	258	cp932	プロテス
romdata/DT/DT_ALL.FBC.z	DT_PLY_ABT.FBC/dt_PLY_ABT.txtbin	259	cp932	魔法のたてで\nプロテス　になる
romdata/DT/DT_ALL.FBC.z	DT_PLY_ABT.FBC/dt_PLY_ABT.txtbin	260	cp932	シェル
romdata/DT/DT_ALL.FBC.z	DT_PLY_ABT.FBC/dt_PLY_ABT.txtbin	261	cp932	魔法の守りで\nシェル　になる
romdata/DT/DT_ALL.FBC.z	DT_PLY_ABT.FBC/dt_PLY_ABT.txtbin	262	cp932	エスケプ
romdata/DT/DT_ALL.FBC.z	DT_PLY_ABT.FBC/dt_PLY_ABT.txtbin	263	cp932	神のすくいで\nフロアのどこかにワープ
romdata/DT/DT_ALL.FBC.z	DT_PLY_ABT.FBC/dt_PLY_ABT.txtbin	264	cp932	ディア
romdata/DT/DT_ALL.FBC.z	DT_PLY_ABT.FBC/dt_PLY_ABT.txtbin	265	cp932	光の魔法で\nとおくのてきを光攻撃
romdata/DT/DT_ALL.FBC.z	DT_PLY_ABT.FBC/dt_PLY_ABT.txtbin	266	cp932	サイレス
romdata/DT/DT_ALL.FBC.z	DT_PLY_ABT.FBC/dt_PLY_ABT.txtbin	267	cp932	封じの魔法で\nとおくのてきを　ちんもく　にする
romdata/DT/DT_ALL.FBC.z	DT_PLY_ABT.FBC/dt_PLY_ABT.txtbin	268	cp932	ケアルラ
romdata/DT/DT_ALL.FBC.z	DT_PLY_ABT.FBC/dt_PLY_ABT.txtbin	269	cp932	大いなるいやしの魔法で\nＨＰを回復する
romdata/DT/DT_ALL.FBC.z	DT_PLY_ABT.FBC/dt_PLY_ABT.txtbin	270	cp932	スロウ
romdata/DT/DT_ALL.FBC.z	DT_PLY_ABT.FBC/dt_PLY_ABT.txtbin	271	cp932	光のくさりで\nとおくのてきを　スロウ　にする
romdata/DT/DT_ALL.FBC.z	DT_PLY_ABT.FBC/dt_PLY_ABT.txtbin	272	cp932	エスナ
romdata/DT/DT_ALL.FBC.z	DT_PLY_ABT.FBC/dt_PLY_ABT.txtbin	273	cp932	きよめの魔法で\nじょうたいを回復する
romdata/DT/DT_ALL.FBC.z	DT_PLY_ABT.FBC/dt_PLY_ABT.txtbin	274	cp932	マバリア
romdata/DT/DT_ALL.FBC.z	DT_PLY_ABT.FBC/dt_PLY_ABT.txtbin	275	cp932	魔法をふせぐ神のことばで\nマバリア　になる
romdata/DT/DT_ALL.FBC.z	DT_PLY_ABT.FBC/dt_PLY_ABT.txtbin	276	cp932	デスペル
romdata/DT/DT_ALL.FBC.z	DT_PLY_ABT.FBC/dt_PLY_ABT.txtbin	277	cp932	神のおんけいで\nそうびしたアイテムの呪いをとく
romdata/DT/DT_ALL.FBC.z	DT_PLY_ABT.FBC/dt_PLY_ABT.txtbin	278	cp932	チャージ
romdata/DT/DT_ALL.FBC.z	DT_PLY_ABT.FBC/dt_PLY_ABT.txtbin	279	cp932	神へのいのりが\n成功すればＳＰを回復
romdata/DT/DT_ALL.FBC.z	DT_PLY_ABT.FBC/dt_PLY_ABT.txtbin	280	cp932	ケアルガ
romdata/DT/DT_ALL.FBC.z	DT_PLY_ABT.FBC/dt_PLY_ABT.txtbin	281	cp932	極めたいやしの魔法で\nＨＰを回復する
romdata/DT/DT_ALL.FBC.z	DT_PLY_ABT.FBC/dt_PLY_ABT.txtbin	282	cp932	ホーリー
romdata/DT/DT_ALL.FBC.z	DT_PLY_ABT.FBC/dt_PLY_ABT.txtbin	283	cp932	聖なる光で\nとおくのてきを光攻撃
romdata/DT/DT_ALL.FBC.z	DT_PLY_ABT.FBC/dt_PLY_ABT.txtbin	284	cp932	テレポ
romdata/DT/DT_ALL.FBC.z	DT_PLY_ABT.FBC/dt_PLY_ABT.txtbin	285	cp932	かいきの　みことばで\nダンジョンから　だっしゅつする
romdata/DT/DT_ALL.FBC.z	DT_PLY_ABT.FBC/dt_PLY_ABT.txtbin	286	cp932	リレイズ
romdata/DT/DT_ALL.FBC.z	DT_PLY_ABT.FBC/dt_PLY_ABT.txtbin	287	cp932	聖なる印でまもられている間\nフロアでたおれても復活できる
romdata/DT/DT_ALL.FBC.z	DT_PLY_ABT.FBC/dt_PLY_ABT.txtbin	288	cp932	トゥキック
romdata/DT/DT_ALL.FBC.z	DT_PLY_ABT.FBC/dt_PLY_ABT.txtbin	289	cp932	きたえられた　つまさきで\nとなりのてきをノックバック攻撃
romdata/DT/DT_ALL.FBC.z	DT_PLY_ABT.FBC/dt_PLY_ABT.txtbin	290	cp932	ピルエット
romdata/DT/DT_ALL.FBC.z	DT_PLY_ABT.FBC/dt_PLY_ABT.txtbin	291	cp932	うつくしい　ターンで\nまわりのてきをノックバック攻撃
romdata/DT/DT_ALL.FBC.z	DT_PLY_ABT.FBC/dt_PLY_ABT.txtbin	292	cp932	ヒップアタック
romdata/DT/DT_ALL.FBC.z	DT_PLY_ABT.FBC/dt_PLY_ABT.txtbin	293	cp932	はくりょくのある　おしりで\nとなりのてきをスタン攻撃
romdata/DT/DT_ALL.FBC.z	DT_PLY_ABT.FBC/dt_PLY_ABT.txtbin	294	cp932	おやすみダンス
romdata/DT/DT_ALL.FBC.z	DT_PLY_ABT.FBC/dt_PLY_ABT.txtbin	295	cp932	眠りをさそうダンスで\nまわりのてきを　眠らせる
romdata/DT/DT_ALL.FBC.z	DT_PLY_ABT.FBC/dt_PLY_ABT.txtbin	296	cp932	パドゥシャ
romdata/DT/DT_ALL.FBC.z	DT_PLY_ABT.FBC/dt_PLY_ABT.txtbin	297	cp932	ねこのような　あゆみで\nフロアでねている　てきをおこさない
romdata/DT/DT_ALL.FBC.z	DT_PLY_ABT.FBC/dt_PLY_ABT.txtbin	298	cp932	剣の舞
romdata/DT/DT_ALL.FBC.z	DT_PLY_ABT.FBC/dt_PLY_ABT.txtbin	299	cp932	ふれれば切れる　つるぎのまいで\nあたりのてきを攻撃
romdata/DT/DT_ALL.FBC.z	DT_PLY_ABT.FBC/dt_PLY_ABT.txtbin	300	cp932	めいそう
romdata/DT/DT_ALL.FBC.z	DT_PLY_ABT.FBC/dt_PLY_ABT.txtbin	301	cp932	こころをおちつかせる　めいそうに\n成功すればＳＰ回復
romdata/DT/DT_ALL.FBC.z	DT_PLY_ABT.FBC/dt_PLY_ABT.txtbin	302	cp932	ファイナルダンス
romdata/DT/DT_ALL.FBC.z	DT_PLY_ABT.FBC/dt_PLY_ABT.txtbin	303	cp932	からだをいやすなめらかなダンスで\nＨＰとじょうたいを回復する
romdata/DT/DT_ALL.FBC.z	DT_PLY_ABT.FBC/dt_PLY_ABT.txtbin	304	cp932	クイックステップ
romdata/DT/DT_ALL.FBC.z	DT_PLY_ABT.FBC/dt_PLY_ABT.txtbin	305	cp932	目にもとまらぬステップで\nヘイスト　になる
romdata/DT/DT_ALL.FBC.z	DT_PLY_ABT.FBC/dt_PLY_ABT.txtbin	306	cp932	ダミー
romdata/DT/DT_ALL.FBC.z	DT_PLY_ABT.FBC/dt_PLY_ABT.txtbin	308	cp932	ダミー
romdata/DT/DT_ALL.FBC.z	DT_PLY_ABT.FBC/dt_PLY_ABT.txtbin	310	cp932	ダミー
romdata/DT/DT_ALL.FBC.z	DT_PLY_ABT.FBC/dt_PLY_ABT.txtbin	312	cp932	ダミー
romdata/DT/DT_ALL.FBC.z	DT_PLY_ABT.FBC/dt_PLY_ABT.txtbin	314	cp932	ダミー
romdata/DT/DT_ALL.FBC.z	DT_PLY_ABT.FBC/dt_PLY_ABT.txtbin	316	cp932	ダミー
romdata/DT/DT_ALL.FBC.z	DT_PLY_ABT.FBC/dt_PLY_ABT.txtbin	318	cp932	ダミー
romdata/DT/DT_ALL.FBC.z	DT_PLY_ABT.FBC/dt_PLY_ABT.txtbin	320	cp932	ケアル
romdata/DT/DT_ALL.FBC.z	DT_PLY_ABT.FBC/dt_PLY_ABT.txtbin	321	cp932	いやしの魔法で\nＨＰを回復する
romdata/DT/DT_ALL.FBC.z	DT_PLY_ABT.FBC/dt_PLY_ABT.txtbin	322	cp932	ファイア
romdata/DT/DT_ALL.FBC.z	DT_PLY_ABT.FBC/dt_PLY_ABT.txtbin	323	cp932	火の魔法で\nとおくのてきを火攻撃
romdata/DT/DT_ALL.FBC.z	DT_PLY_ABT.FBC/dt_PLY_ABT.txtbin	324	cp932	ブリザド
romdata/DT/DT_ALL.FBC.z	DT_PLY_ABT.FBC/dt_PLY_ABT.txtbin	325	cp932	氷の魔法で\nとおくのてきを氷攻撃
romdata/DT/DT_ALL.FBC.z	DT_PLY_ABT.FBC/dt_PLY_ABT.txtbin	326	cp932	サンダー
romdata/DT/DT_ALL.FBC.z	DT_PLY_ABT.FBC/dt_PLY_ABT.txtbin	327	cp932	雷の魔法で\nとおくのてきを雷攻撃
romdata/DT/DT_ALL.FBC.z	DT_PLY_ABT.FBC/dt_PLY_ABT.txtbin	328	cp932	プロテス
romdata/DT/DT_ALL.FBC.z	DT_PLY_ABT.FBC/dt_PLY_ABT.txtbin	329	cp932	魔法のたてで\nプロテス　になる
romdata/DT/DT_ALL.FBC.z	DT_PLY_ABT.FBC/dt_PLY_ABT.txtbin	330	cp932	シェル
romdata/DT/DT_ALL.FBC.z	DT_PLY_ABT.FBC/dt_PLY_ABT.txtbin	331	cp932	魔法の守りで\nシェル　になる
romdata/DT/DT_ALL.FBC.z	DT_PLY_ABT.FBC/dt_PLY_ABT.txtbin	332	cp932	スリプル
romdata/DT/DT_ALL.FBC.z	DT_PLY_ABT.FBC/dt_PLY_ABT.txtbin	333	cp932	眠りの魔法で\nとおくのてきを　眠らせる
romdata/DT/DT_ALL.FBC.z	DT_PLY_ABT.FBC/dt_PLY_ABT.txtbin	334	cp932	サイレス
romdata/DT/DT_ALL.FBC.z	DT_PLY_ABT.FBC/dt_PLY_ABT.txtbin	335	cp932	封じの魔法で\nとおくのてきを　ちんもく　にする
romdata/DT/DT_ALL.FBC.z	DT_PLY_ABT.FBC/dt_PLY_ABT.txtbin	336	cp932	エスナ
romdata/DT/DT_ALL.FBC.z	DT_PLY_ABT.FBC/dt_PLY_ABT.txtbin	337	cp932	きよめの魔法で\nじょうたいを回復する
romdata/DT/DT_ALL.FBC.z	DT_PLY_ABT.FBC/dt_PLY_ABT.txtbin	338	cp932	ドレイン
romdata/DT/DT_ALL.FBC.z	DT_PLY_ABT.FBC/dt_PLY_ABT.txtbin	339	cp932	闇の魔法で\nとおくのてきからＨＰをすいとる
romdata/DT/DT_ALL.FBC.z	DT_PLY_ABT.FBC/dt_PLY_ABT.txtbin	340	cp932	スロウ
romdata/DT/DT_ALL.FBC.z	DT_PLY_ABT.FBC/dt_PLY_ABT.txtbin	341	cp932	光のくさりで\nとおくのてきを　スロウ　にする
romdata/DT/DT_ALL.FBC.z	DT_PLY_ABT.FBC/dt_PLY_ABT.txtbin	342	cp932	マクシム
romdata/DT/DT_ALL.FBC.z	DT_PLY_ABT.FBC/dt_PLY_ABT.txtbin	343	cp932	じゅんすいな魔法の力で\nあたりのてきを攻撃
romdata/DT/DT_ALL.FBC.z	DT_PLY_ABT.FBC/dt_PLY_ABT.txtbin	344	cp932	れんぞくま
romdata/DT/DT_ALL.FBC.z	DT_PLY_ABT.FBC/dt_PLY_ABT.txtbin	345	cp932	かいてんする魔法の輪から\nＳＰを使わずにアビリティをれんぱつ
romdata/DT/DT_ALL.FBC.z	DT_PLY_ABT.FBC/dt_PLY_ABT.txtbin	346	cp932	ダミー
romdata/DT/DT_ALL.FBC.z	DT_PLY_ABT.FBC/dt_PLY_ABT.txtbin	348	cp932	ダミー
romdata/DT/DT_ALL.FBC.z	DT_PLY_ABT.FBC/dt_PLY_ABT.txtbin	350	cp932	ダミー
romdata/DT/DT_ALL.FBC.z	DT_PLY_ABT.FBC/dt_PLY_ABT.txtbin	352	cp932	チョコっとＸ
romdata/DT/DT_ALL.FBC.z	DT_PLY_ABT.FBC/dt_PLY_ABT.txtbin	353	cp932	ヒーローＸ　じまんのワザで\nＸ方向のてきを攻撃
romdata/DT/DT_ALL.FBC.z	DT_PLY_ABT.FBC/dt_PLY_ABT.txtbin	354	cp932	チョコボキックＸ
romdata/DT/DT_ALL.FBC.z	DT_PLY_ABT.FBC/dt_PLY_ABT.txtbin	355	cp932	ヒーローＸ　とくいのワザで\nとなりのてきをノックバック攻撃
romdata/DT/DT_ALL.FBC.z	DT_PLY_ABT.FBC/dt_PLY_ABT.txtbin	356	cp932	テレポートＸ
romdata/DT/DT_ALL.FBC.z	DT_PLY_ABT.FBC/dt_PLY_ABT.txtbin	357	cp932	ヒーローＸ　ピンチのワザで\nフロアのどこかにワープ
romdata/DT/DT_ALL.FBC.z	DT_PLY_ABT.FBC/dt_PLY_ABT.txtbin	358	cp932	さいみんＸ
romdata/DT/DT_ALL.FBC.z	DT_PLY_ABT.FBC/dt_PLY_ABT.txtbin	359	cp932	ヒーローＸ　トークのワザで\nとおくのてきを　眠らせる
romdata/DT/DT_ALL.FBC.z	DT_PLY_ABT.FBC/dt_PLY_ABT.txtbin	360	cp932	カードハントＸ
romdata/DT/DT_ALL.FBC.z	DT_PLY_ABT.FBC/dt_PLY_ABT.txtbin	361	cp932	ヒーローＸ　トレードのワザで\nてきがカードを落としやすくなる
romdata/DT/DT_ALL.FBC.z	DT_PLY_ABT.FBC/dt_PLY_ABT.txtbin	362	cp932	ぶんどりＸ
romdata/DT/DT_ALL.FBC.z	DT_PLY_ABT.FBC/dt_PLY_ABT.txtbin	363	cp932	ヒーローＸ　てきのアイテムをぬすみ攻撃\n （カバンがいっぱいだと使えません）
romdata/DT/DT_ALL.FBC.z	DT_PLY_ABT.FBC/dt_PLY_ABT.txtbin	364	cp932	チョコダッシュＸ
romdata/DT/DT_ALL.FBC.z	DT_PLY_ABT.FBC/dt_PLY_ABT.txtbin	365	cp932	ヒーローＸ　おどろきのワザで\nヘイスト　になる
romdata/DT/DT_ALL.FBC.z	DT_PLY_ABT.FBC/dt_PLY_ABT.txtbin	366	cp932	チョコビームＸ
romdata/DT/DT_ALL.FBC.z	DT_PLY_ABT.FBC/dt_PLY_ABT.txtbin	367	cp932	ヒーローＸ　ひっさつのワザで\nとおくのてきもつらぬく　Ｘビーム攻撃
romdata/DT/DT_ALL.FBC.z	DT_PLY_ABT.FBC/dt_PLY_ABT.txtbin	368	cp932	ダミー
romdata/DT/DT_ALL.FBC.z	DT_PLY_ABT.FBC/dt_PLY_ABT.txtbin	370	cp932	ダミー
romdata/DT/DT_ALL.FBC.z	DT_PLY_ABT.FBC/dt_PLY_ABT.txtbin	372	cp932	ダミー
romdata/DT/DT_ALL.FBC.z	DT_PLY_ABT.FBC/dt_PLY_ABT.txtbin	374	cp932	ダミー
romdata/DT/DT_ALL.FBC.z	DT_PLY_ABT.FBC/dt_PLY_ABT.txtbin	376	cp932	ダミー
romdata/DT/DT_ALL.FBC.z	DT_PLY_ABT.FBC/dt_PLY_ABT.txtbin	378	cp932	ダミー
romdata/DT/DT_ALL.FBC.z	DT_PLY_ABT.FBC/dt_PLY_ABT.txtbin	380	cp932	ダミー
romdata/DT/DT_ALL.FBC.z	DT_PLY_ABT.FBC/dt_PLY_ABT.txtbin	382	cp932	ダミー
romdata/DT/DT_ALL.FBC.z	DT_PLY_ABT.FBC/dt_PLY_ABT.txtbin	384	cp932	インフィニットストライク
romdata/DT/DT_ALL.FBC.z	DT_PLY_ABT.FBC/dt_PLY_ABT.txtbin	385	cp932	３方向に攻撃するＡ．Ｒ．Ｔ．\nＳＰりょうで　いりょくが　へんか
romdata/DT/DT_ALL.FBC.z	DT_PLY_ABT.FBC/dt_PLY_ABT.txtbin	386	cp932	ライトニングドライヴ
romdata/DT/DT_ALL.FBC.z	DT_PLY_ABT.FBC/dt_PLY_ABT.txtbin	387	cp932	てきをつらぬくＡ．Ｒ．Ｔ．\nＳＰりょうで　いりょくが　へんか
romdata/DT/DT_ALL.FBC.z	DT_PLY_ABT.FBC/dt_PLY_ABT.txtbin	388	cp932	ファイナリティバースト
romdata/DT/DT_ALL.FBC.z	DT_PLY_ABT.FBC/dt_PLY_ABT.txtbin	389	cp932	命中ちてんでばくはつするＡ．Ｒ．Ｔ．\nＳＰりょうで　いりょくが　へんか
romdata/DT/DT_ALL.FBC.z	DT_PLY_ABT.FBC/dt_PLY_ABT.txtbin	390	cp932	アルティメットブラスト
romdata/DT/DT_ALL.FBC.z	DT_PLY_ABT.FBC/dt_PLY_ABT.txtbin	391	cp932	一撃のいりょくを極めたＡ．Ｒ．Ｔ．\nＳＰりょうで　いりょくが　へんか
romdata/DT/DT_ALL.FBC.z	DT_PLY_ABT.FBC/dt_PLY_ABT.txtbin	392	cp932	ダミー
romdata/DT/DT_ALL.FBC.z	DT_PLY_ABT.FBC/dt_PLY_ABT.txtbin	394	cp932	ダミー
romdata/DT/DT_ALL.FBC.z	DT_PLY_ABT.FBC/dt_PLY_ABT.txtbin	396	cp932	ダミー
romdata/DT/DT_ALL.FBC.z	DT_PLY_ABT.FBC/dt_PLY_ABT.txtbin	398	cp932	ダミー
romdata/DT/DT_ALL.FBC.z	DT_PLY_ABT.FBC/dt_PLY_ABT.txtbin	400	cp932	ダミー
romdata/DT/DT_ALL.FBC.z	DT_PLY_ABT.FBC/dt_PLY_ABT.txtbin	402	cp932	ダミー
romdata/DT/DT_ALL.FBC.z	DT_PLY_ABT.FBC/dt_PLY_ABT.txtbin	404	cp932	ダミー
romdata/DT/DT_ALL.FBC.z	DT_PLY_ABT.FBC/dt_PLY_ABT.txtbin	406	cp932	ダミー
romdata/DT/DT_ALL.FBC.z	DT_PLY_ABT.FBC/dt_PLY_ABT.txtbin	408	cp932	ダミー
romdata/DT/DT_ALL.FBC.z	DT_PLY_ABT.FBC/dt_PLY_ABT.txtbin	410	cp932	ダミー
romdata/DT/DT_ALL.FBC.z	DT_PLY_ABT.FBC/dt_PLY_ABT.txtbin	412	cp932	ダミー
romdata/DT/DT_ALL.FBC.z	DT_PLY_ABT.FBC/dt_PLY_ABT.txtbin	414	cp932	ダミー
romdata/DT/DT_ALL.FBC.z	DT_PLY_JOBPARAM.FBC/dt_PLY_JOBPARAM.txtbin	0	cp932	すっぴん
romdata/DT/DT_ALL.FBC.z	DT_PLY_JOBPARAM.FBC/dt_PLY_JOBPARAM.txtbin	1	cp932	ナイト
romdata/DT/DT_ALL.FBC.z	DT_PLY_JOBPARAM.FBC/dt_PLY_JOBPARAM.txtbin	2	cp932	竜騎士
romdata/DT/DT_ALL.FBC.z	DT_PLY_JOBPARAM.FBC/dt_PLY_JOBPARAM.txtbin	3	cp932	暗黒騎士
romdata/DT/DT_ALL.FBC.z	DT_PLY_JOBPARAM.FBC/dt_PLY_JOBPARAM.txtbin	4	cp932	忍者
romdata/DT/DT_ALL.FBC.z	DT_PLY_JOBPARAM.FBC/dt_PLY_JOBPARAM.txtbin	5	cp932	シーフ
romdata/DT/DT_ALL.FBC.z	DT_PLY_JOBPARAM.FBC/dt_PLY_JOBPARAM.txtbin	6	cp932	学者
romdata/DT/DT_ALL.FBC.z	DT_PLY_JOBPARAM.FBC/dt_PLY_JOBPARAM.txtbin	7	cp932	黒魔道士
romdata/DT/DT_ALL.FBC.z	DT_PLY_JOBPARAM.FBC/dt_PLY_JOBPARAM.txtbin	8	cp932	白魔道士
romdata/DT/DT_ALL.FBC.z	DT_PLY_JOBPARAM.FBC/dt_PLY_JOBPARAM.txtbin	9	cp932	踊り子
romdata/DT/DT_ALL.FBC.z	DT_PLY_JOBPARAM.FBC/dt_PLY_JOBPARAM.txtbin	10	cp932	赤魔道士
romdata/DT/DT_ALL.FBC.z	DT_PLY_JOBPARAM.FBC/dt_PLY_JOBPARAM.txtbin	11	cp932	ヒーローX
romdata/DT/DT_ALL.FBC.z	DT_PLY_JOBPARAM.FBC/dt_PLY_JOBPARAM.txtbin	12	cp932	シド
romdata/DT/DT_ALL.FBC.z	DT_SYSMSG.FBC/dt_SYSMSG.txtbin	0	utf-8	{15}CT}1~い \n{15}CT}1~うう \n{15}CT}1~お\n
romdata/DT/DT_ALL.FBC.z	DT_SYSMSG.FBC/dt_SYSMSG.txtbin	1	utf-8	{ESC}RD}1~モンスターハウス！！{ESC}WT}1~
romdata/DT/DT_ALL.FBC.z	DT_SYSMSG.FBC/dt_SYSMSG.txtbin	2	utf-8	{ESC}GR}1~{03}{ESC}WT}1~は じっけん をした\n
romdata/DT/DT_ALL.FBC.z	DT_SYSMSG.FBC/dt_SYSMSG.txtbin	3	utf-8	{04}}0~にはきかなかった！\n
romdata/DT/DT_ALL.FBC.z	DT_SYSMSG.FBC/dt_SYSMSG.txtbin	4	utf-8	э\n
romdata/DT/DT_ALL.FBC.z	DT_SYSMSG.FBC/dt_SYSMSG.txtbin	9	utf-8	チョコボ\n
romdata/DT/DT_ALL.FBC.z	DT_SYSMSG.FBC/dt_SYSMSG.txtbin	10	utf-8	シド\n
romdata/DT/DT_ALL.FBC.z	DT_SYSMSG.FBC/dt_SYSMSG.txtbin	11	utf-8	{15}CT}1~アイテム
romdata/DT/DT_ALL.FBC.z	DT_SYSMSG.FBC/dt_SYSMSG.txtbin	12	utf-8	{15}CT}1~セーブする\n
romdata/DT/DT_ALL.FBC.z	DT_SYSMSG.FBC/dt_SYSMSG.txtbin	13	utf-8	{15}CT}1~ステータス
romdata/DT/DT_ALL.FBC.z	DT_SYSMSG.FBC/dt_SYSMSG.txtbin	14	utf-8	{15}CT}1~АБВГДЕ\n
romdata/DT/DT_ALL.FBC.z	DT_SYSMSG.FBC/dt_SYSMSG.txtbin	15	utf-8	{15}CT}1~アビリティ
romdata/DT/DT_ALL.FBC.z	DT_SYSMSG.FBC/dt_SYSMSG.txtbin	16	utf-8	{15}CT}1~あしもと
romdata/DT/DT_ALL.FBC.z	DT_SYSMSG.FBC/dt_SYSMSG.txtbin	17	utf-8	{15}CT}1~ログをみる\n
romdata/DT/DT_ALL.FBC.z	DT_SYSMSG.FBC/dt_SYSMSG.txtbin	18	utf-8	{15}CT}1~システム
romdata/DT/DT_ALL.FBC.z	DT_SYSMSG.FBC/dt_SYSMSG.txtbin	26	utf-8	ээ{08}}8~{05}}7~
romdata/DT/DT_ALL.FBC.z	DT_SYSMSG.FBC/dt_SYSMSG.txtbin	30	utf-8	こうげきэ%d→%d \nきたえるэ%d/%dээээ印：%s%s%s%s%s%s%s%s
romdata/DT/DT_ALL.FBC.z	DT_SYSMSG.FBC/dt_SYSMSG.txtbin	31	utf-8	ぼうぎょэ%d→%d \nきたえるэ%d/%dээээ印：%s%s%s%s%s%s%s%s
romdata/DT/DT_ALL.FBC.z	DT_SYSMSG.FBC/dt_SYSMSG.txtbin	38	utf-8	б
romdata/DT/DT_ALL.FBC.z	DT_SYSMSG.FBC/dt_SYSMSG.txtbin	39	utf-8	{15}CT}1~{ESC}BC}1~①②й{ESC}WT}1~{18}}0~Л┼{06}}11~┼┛{ESC}BC}1~й③④{ESC}WT}1~
romdata/DT/DT_ALL.FBC.z	DT_SYSMSG.FBC/dt_SYSMSG.txtbin	40	utf-8	{19}}0~{17}}0~にジョブチェンジ！\n
romdata/DT/DT_ALL.FBC.z	DT_SYSMSG.FBC/dt_SYSMSG.txtbin	41	utf-8	{19}}1~{ESC}GR}1~{03}{ESC}WT}1~の攻撃！\n
romdata/DT/DT_ALL.FBC.z	DT_SYSMSG.FBC/dt_SYSMSG.txtbin	42	utf-8	{04}}0~の攻撃！\n
romdata/DT/DT_ALL.FBC.z	DT_SYSMSG.FBC/dt_SYSMSG.txtbin	43	utf-8	{ESC}GR}1~{03}{ESC}WT}1~は攻撃をかわした！\n
romdata/DT/DT_ALL.FBC.z	DT_SYSMSG.FBC/dt_SYSMSG.txtbin	44	utf-8	{04}}0~は攻撃をかわした！\n
romdata/DT/DT_ALL.FBC.z	DT_SYSMSG.FBC/dt_SYSMSG.txtbin	45	utf-8	ＭＩＳＳ！！\n
romdata/DT/DT_ALL.FBC.z	DT_SYSMSG.FBC/dt_SYSMSG.txtbin	46	utf-8	{04}}0~に{ESC}RD}1~{06}}13~{ESC}WT}1~のダメージ！\n
romdata/DT/DT_ALL.FBC.z	DT_SYSMSG.FBC/dt_SYSMSG.txtbin	47	utf-8	{ESC}GR}1~{03}{ESC}WT}1~に{ESC}RD}1~{06}}12~{ESC}WT}1~のダメージ！\n
romdata/DT/DT_ALL.FBC.z	DT_SYSMSG.FBC/dt_SYSMSG.txtbin	48	utf-8	{04}}0~を倒した！\n
romdata/DT/DT_ALL.FBC.z	DT_SYSMSG.FBC/dt_SYSMSG.txtbin	49	utf-8	{ESC}GR}1~{03}{ESC}WT}1~は{ESC}GR}1~{06}}12~{ESC}WT}1~┯┨┠を手に入れた
romdata/DT/DT_ALL.FBC.z	DT_SYSMSG.FBC/dt_SYSMSG.txtbin	50	utf-8	{ESC}GR}1~{03}{ESC}WT}1~は力尽きてしまった…
romdata/DT/DT_ALL.FBC.z	DT_SYSMSG.FBC/dt_SYSMSG.txtbin	51	utf-8	{ESC}YL}1~クリティカルヒット！{ESC}WT}1~
romdata/DT/DT_ALL.FBC.z	DT_SYSMSG.FBC/dt_SYSMSG.txtbin	52	utf-8	{19}}0~{ESC}GR}1~{03}{ESC}WT}1~はレベルが上がった！\n
romdata/DT/DT_ALL.FBC.z	DT_SYSMSG.FBC/dt_SYSMSG.txtbin	53	utf-8	{ESC}BW}1~{10}}0~{ESC}WT}1~のワナだ！\n
romdata/DT/DT_ALL.FBC.z	DT_SYSMSG.FBC/dt_SYSMSG.txtbin	54	utf-8	ワナは発動しなかった！\n
romdata/DT/DT_ALL.FBC.z	DT_SYSMSG.FBC/dt_SYSMSG.txtbin	55	utf-8	{04}}0~のアビリティ：{0B}}1~{ESC}BL}1~！{ESC}WT}1~
romdata/DT/DT_ALL.FBC.z	DT_SYSMSG.FBC/dt_SYSMSG.txtbin	56	utf-8	{ESC}GR}1~{03}{ESC}WT}1~のアビリティ：{0B}}3~{ESC}BL}1~！{ESC}WT}1~
romdata/DT/DT_ALL.FBC.z	DT_SYSMSG.FBC/dt_SYSMSG.txtbin	57	utf-8	{04}}0~は{ESC}YL}1~ギル{ESC}WT}1~を落とした！\n
romdata/DT/DT_ALL.FBC.z	DT_SYSMSG.FBC/dt_SYSMSG.txtbin	58	utf-8	{04}}0~は{ESC}BL}1~ジョブポイント{ESC}WT}1~を落とした！\n
romdata/DT/DT_ALL.FBC.z	DT_SYSMSG.FBC/dt_SYSMSG.txtbin	59	utf-8	{ESC}YL}1~{05}}11~{ESC}WT}1~をそうびした
romdata/DT/DT_ALL.FBC.z	DT_SYSMSG.FBC/dt_SYSMSG.txtbin	60	utf-8	{ESC}YL}1~{05}}11~{ESC}WT}1~をはずした\n
romdata/DT/DT_ALL.FBC.z	DT_SYSMSG.FBC/dt_SYSMSG.txtbin	61	utf-8	{ESC}YL}1~{05}}11~{ESC}WT}1~をひろった\n
romdata/DT/DT_ALL.FBC.z	DT_SYSMSG.FBC/dt_SYSMSG.txtbin	62	utf-8	{ESC}YL}1~{05}}11~{ESC}WT}1~をおいた
romdata/DT/DT_ALL.FBC.z	DT_SYSMSG.FBC/dt_SYSMSG.txtbin	63	utf-8	{ESC}YL}1~{05}}14~{ESC}WT}1~にのった\n
romdata/DT/DT_ALL.FBC.z	DT_SYSMSG.FBC/dt_SYSMSG.txtbin	64	utf-8	{ESC}YL}1~{05}}14~{ESC}WT}1~はもちきれなかった\n
romdata/DT/DT_ALL.FBC.z	DT_SYSMSG.FBC/dt_SYSMSG.txtbin	65	utf-8	{ESC}GR}1~{03}{ESC}WT}1~は{ESC}YL}1~{05}}11~{ESC}WT}1~を使った\n
romdata/DT/DT_ALL.FBC.z	DT_SYSMSG.FBC/dt_SYSMSG.txtbin	66	utf-8	{ESC}GR}1~{03}{ESC}WT}1~はＨＰが{ESC}GR}1~{06}}12~{ESC}WT}1~回復した
romdata/DT/DT_ALL.FBC.z	DT_SYSMSG.FBC/dt_SYSMSG.txtbin	67	utf-8	{ESC}GR}1~{03}{ESC}WT}1~は{ESC}GR}1~おなかがふくれた{ESC}WT}1~
romdata/DT/DT_ALL.FBC.z	DT_SYSMSG.FBC/dt_SYSMSG.txtbin	68	utf-8	{ESC}YL}1~{05}}41~{ESC}WT}1~はしょうめつした…
romdata/DT/DT_ALL.FBC.z	DT_SYSMSG.FBC/dt_SYSMSG.txtbin	69	utf-8	{ESC}GR}1~{03}{ESC}WT}1~は{ESC}PP}1~ パワブレ {ESC}WT}1~になった！！\n
romdata/DT/DT_ALL.FBC.z	DT_SYSMSG.FBC/dt_SYSMSG.txtbin	70	utf-8	{ESC}GR}1~{03}{ESC}WT}1~の{ESC}PP}1~攻撃力が下がった！！{ESC}WT}1~
romdata/DT/DT_ALL.FBC.z	DT_SYSMSG.FBC/dt_SYSMSG.txtbin	71	utf-8	{ESC}GR}1~{03}{ESC}WT}1~は{ESC}YL}1~{05}}14~{ESC}WT}1~をけった！\n
romdata/DT/DT_ALL.FBC.z	DT_SYSMSG.FBC/dt_SYSMSG.txtbin	72	utf-8	{ESC}GR}1~{03}{ESC}WT}1~は{ESC}YL}1~{05}}11~{ESC}WT}1~をけった！\n
romdata/DT/DT_ALL.FBC.z	DT_SYSMSG.FBC/dt_SYSMSG.txtbin	73	utf-8	{ESC}GR}1~{03}{ESC}WT}1~のＡ．Ｒ．Ｔ．：{0B}}3~{ESC}BL}1~！{ESC}WT}1~
romdata/DT/DT_ALL.FBC.z	DT_SYSMSG.FBC/dt_SYSMSG.txtbin	74	utf-8	{ESC}GR}1~{03}{ESC}WT}1~は パワブレ がきれた
romdata/DT/DT_ALL.FBC.z	DT_SYSMSG.FBC/dt_SYSMSG.txtbin	75	utf-8	{04}}0~は パワブレ になった\n
romdata/DT/DT_ALL.FBC.z	DT_SYSMSG.FBC/dt_SYSMSG.txtbin	76	utf-8	{04}}0~は眠った\n
romdata/DT/DT_ALL.FBC.z	DT_SYSMSG.FBC/dt_SYSMSG.txtbin	77	utf-8	{ESC}GR}1~{03}{ESC}WT}1~は目をさました
romdata/DT/DT_ALL.FBC.z	DT_SYSMSG.FBC/dt_SYSMSG.txtbin	78	utf-8	{04}}0~は目をさました
romdata/DT/DT_ALL.FBC.z	DT_SYSMSG.FBC/dt_SYSMSG.txtbin	79	utf-8	{ESC}GR}1~{03}{ESC}WT}1~の{ESC}GR}1~攻撃力が上がった！{ESC}WT}1~
romdata/DT/DT_ALL.FBC.z	DT_SYSMSG.FBC/dt_SYSMSG.txtbin	80	utf-8	{ESC}GR}1~{03}{ESC}WT}1~の{ESC}GR}1~防御力が上がった！{ESC}WT}1~
romdata/DT/DT_ALL.FBC.z	DT_SYSMSG.FBC/dt_SYSMSG.txtbin	81	utf-8	{19}}0~{ESC}BW}1~あやしいけはいがする…{ESC}WT}1~
romdata/DT/DT_ALL.FBC.z	DT_SYSMSG.FBC/dt_SYSMSG.txtbin	82	utf-8	{04}}0~は{ESC}YL}1~{05}}42~{ESC}WT}1~を落とした
romdata/DT/DT_ALL.FBC.z	DT_SYSMSG.FBC/dt_SYSMSG.txtbin	83	utf-8	{04}}0~の こんらん がとけた
romdata/DT/DT_ALL.FBC.z	DT_SYSMSG.FBC/dt_SYSMSG.txtbin	84	utf-8	{ESC}GR}1~{03}{ESC}WT}1~の こんらん がとけた
romdata/DT/DT_ALL.FBC.z	DT_SYSMSG.FBC/dt_SYSMSG.txtbin	85	utf-8	{04}}0~の くらやみ がなおった\n
romdata/DT/DT_ALL.FBC.z	DT_SYSMSG.FBC/dt_SYSMSG.txtbin	86	utf-8	{04}}0~の どく がきえた
romdata/DT/DT_ALL.FBC.z	DT_SYSMSG.FBC/dt_SYSMSG.txtbin	87	utf-8	{ESC}GR}1~{03}{ESC}WT}1~の どく がきえた
romdata/DT/DT_ALL.FBC.z	DT_SYSMSG.FBC/dt_SYSMSG.txtbin	88	utf-8	{04}}0~の ヘイスト がきれた
romdata/DT/DT_ALL.FBC.z	DT_SYSMSG.FBC/dt_SYSMSG.txtbin	89	utf-8	{ESC}GR}1~{03}{ESC}WT}1~の ヘイスト がきれた
romdata/DT/DT_ALL.FBC.z	DT_SYSMSG.FBC/dt_SYSMSG.txtbin	90	utf-8	{ESC}GR}1~{03}{ESC}WT}1~の スロウ がとけた
romdata/DT/DT_ALL.FBC.z	DT_SYSMSG.FBC/dt_SYSMSG.txtbin	91	utf-8	{04}}0~はＨＰが{ESC}GR}1~{06}}13~{ESC}WT}1~回復した
romdata/DT/DT_ALL.FBC.z	DT_SYSMSG.FBC/dt_SYSMSG.txtbin	92	utf-8	{04}}0~の シェル がきれた
romdata/DT/DT_ALL.FBC.z	DT_SYSMSG.FBC/dt_SYSMSG.txtbin	93	utf-8	{ESC}GR}1~{03}{ESC}WT}1~の シェル がきれた
romdata/DT/DT_ALL.FBC.z	DT_SYSMSG.FBC/dt_SYSMSG.txtbin	94	utf-8	{04}}0~の プロテス がきれた
romdata/DT/DT_ALL.FBC.z	DT_SYSMSG.FBC/dt_SYSMSG.txtbin	95	utf-8	{ESC}GR}1~{03}{ESC}WT}1~の プロテス がきれた
romdata/DT/DT_ALL.FBC.z	DT_SYSMSG.FBC/dt_SYSMSG.txtbin	96	utf-8	{04}}0~は こんらん した
romdata/DT/DT_ALL.FBC.z	DT_SYSMSG.FBC/dt_SYSMSG.txtbin	97	utf-8	{19}}0~{ESC}GR}1~{03}{ESC}WT}1~は{ESC}PP}1~ こんらん {ESC}WT}1~した！！\n
romdata/DT/DT_ALL.FBC.z	DT_SYSMSG.FBC/dt_SYSMSG.txtbin	98	utf-8	{04}}0~は くらやみ につつまれた
romdata/DT/DT_ALL.FBC.z	DT_SYSMSG.FBC/dt_SYSMSG.txtbin	99	utf-8	{19}}0~{ESC}GR}1~{03}{ESC}WT}1~は{ESC}PP}1~ くらやみ {ESC}WT}1~につつまれた！！\n
romdata/DT/DT_ALL.FBC.z	DT_SYSMSG.FBC/dt_SYSMSG.txtbin	100	utf-8	{04}}0~は どく におかされた\n
romdata/DT/DT_ALL.FBC.z	DT_SYSMSG.FBC/dt_SYSMSG.txtbin	101	utf-8	{19}}0~{ESC}GR}1~{03}{ESC}WT}1~は{ESC}PP}1~ どく {ESC}WT}1~におかされてしまった！！\n
romdata/DT/DT_ALL.FBC.z	DT_SYSMSG.FBC/dt_SYSMSG.txtbin	102	utf-8	{04}}0~は スロウ になった\n
romdata/DT/DT_ALL.FBC.z	DT_SYSMSG.FBC/dt_SYSMSG.txtbin	103	utf-8	{19}}0~{ESC}GR}1~{03}{ESC}WT}1~は{ESC}PP}1~ スロウ {ESC}WT}1~になった！！\n
romdata/DT/DT_ALL.FBC.z	DT_SYSMSG.FBC/dt_SYSMSG.txtbin	104	utf-8	{04}}0~は ヘイスト になった\n
romdata/DT/DT_ALL.FBC.z	DT_SYSMSG.FBC/dt_SYSMSG.txtbin	105	utf-8	{19}}0~{ESC}GR}1~{03}{ESC}WT}1~は{ESC}GR}1~ ヘイスト {ESC}WT}1~になった！\n
romdata/DT/DT_ALL.FBC.z	DT_SYSMSG.FBC/dt_SYSMSG.txtbin	106	utf-8	{04}}0~は プロテス になった\n
romdata/DT/DT_ALL.FBC.z	DT_SYSMSG.FBC/dt_SYSMSG.txtbin	107	utf-8	{ESC}GR}1~{03}{ESC}WT}1~は{ESC}GR}1~ プロテス {ESC}WT}1~になった！\n
romdata/DT/DT_ALL.FBC.z	DT_SYSMSG.FBC/dt_SYSMSG.txtbin	108	utf-8	{04}}0~は シェル になった\n
romdata/DT/DT_ALL.FBC.z	DT_SYSMSG.FBC/dt_SYSMSG.txtbin	109	utf-8	{ESC}GR}1~{03}{ESC}WT}1~は{ESC}GR}1~ シェル {ESC}WT}1~になった！\n
romdata/DT/DT_ALL.FBC.z	DT_SYSMSG.FBC/dt_SYSMSG.txtbin	110	utf-8	{04}}0~の攻撃力が下がった\n
romdata/DT/DT_ALL.FBC.z	DT_SYSMSG.FBC/dt_SYSMSG.txtbin	111	utf-8	{19}}0~{ESC}GR}1~{03}{ESC}WT}1~は{ESC}PP}1~眠ってしまった！！{ESC}WT}1~
romdata/DT/DT_ALL.FBC.z	DT_SYSMSG.FBC/dt_SYSMSG.txtbin	112	utf-8	{ESC}YL}1~{05}}41~{ESC}WT}1~を鑑定した\n
romdata/DT/DT_ALL.FBC.z	DT_SYSMSG.FBC/dt_SYSMSG.txtbin	113	utf-8	{19}}0~{ESC}PP}1~まんぷくどがすい取られた！！{ESC}WT}1~
romdata/DT/DT_ALL.FBC.z	DT_SYSMSG.FBC/dt_SYSMSG.txtbin	114	utf-8	リレイズのこうか　{ESC}GR}1~{03}{ESC}WT}1~は復活した！！\n
romdata/DT/DT_ALL.FBC.z	DT_SYSMSG.FBC/dt_SYSMSG.txtbin	115	utf-8	{19}}0~{ESC}YL}1~{05}}11~{ESC}WT}1~が{ESC}BW}1~呪われてしまった！！{ESC}WT}1~
romdata/DT/DT_ALL.FBC.z	DT_SYSMSG.FBC/dt_SYSMSG.txtbin	116	utf-8	{19}}0~{ESC}YL}1~{05}}11~{ESC}WT}1~が{ESC}BW}1~さびてしまった！！{ESC}WT}1~
romdata/DT/DT_ALL.FBC.z	DT_SYSMSG.FBC/dt_SYSMSG.txtbin	117	utf-8	{ESC}GR}1~呪いが とけた！{ESC}WT}1~
romdata/DT/DT_ALL.FBC.z	DT_SYSMSG.FBC/dt_SYSMSG.txtbin	118	utf-8	{19}}0~{ESC}PP}1~ＳＰがはんぶんになってしまった！{ESC}WT}1~
romdata/DT/DT_ALL.FBC.z	DT_SYSMSG.FBC/dt_SYSMSG.txtbin	119	utf-8	{04}}0~は パワブレ がきれた
romdata/DT/DT_ALL.FBC.z	DT_SYSMSG.FBC/dt_SYSMSG.txtbin	120	utf-8	{19}}0~{ESC}YL}1~{05}}11~{ESC}WT}1~が{ESC}PP}1~盗まれた！！{ESC}WT}1~
romdata/DT/DT_ALL.FBC.z	DT_SYSMSG.FBC/dt_SYSMSG.txtbin	121	utf-8	{ESC}GR}1~ＳＰが回復した！{ESC}WT}1~
romdata/DT/DT_ALL.FBC.z	DT_SYSMSG.FBC/dt_SYSMSG.txtbin	122	utf-8	{04}}0~の ちんもく がとけた
romdata/DT/DT_ALL.FBC.z	DT_SYSMSG.FBC/dt_SYSMSG.txtbin	123	utf-8	{ESC}GR}1~{03}{ESC}WT}1~の ちんもく がとけた
romdata/DT/DT_ALL.FBC.z	DT_SYSMSG.FBC/dt_SYSMSG.txtbin	124	utf-8	{04}}0~は マバリア がとけた
romdata/DT/DT_ALL.FBC.z	DT_SYSMSG.FBC/dt_SYSMSG.txtbin	125	utf-8	{04}}0~は ちんもく になった\n
romdata/DT/DT_ALL.FBC.z	DT_SYSMSG.FBC/dt_SYSMSG.txtbin	126	utf-8	{19}}0~{ESC}GR}1~{03}{ESC}WT}1~は{ESC}PP}1~ ちんもく {ESC}WT}1~になった！！\n
romdata/DT/DT_ALL.FBC.z	DT_SYSMSG.FBC/dt_SYSMSG.txtbin	127	utf-8	{04}}0~は マバリア になった\n
romdata/DT/DT_ALL.FBC.z	DT_SYSMSG.FBC/dt_SYSMSG.txtbin	128	utf-8	{ESC}GR}1~{03}{ESC}WT}1~は{ESC}GR}1~ マバリア {ESC}WT}1~になった\n
romdata/DT/DT_ALL.FBC.z	DT_SYSMSG.FBC/dt_SYSMSG.txtbin	129	utf-8	{04}}0~は スタン した
romdata/DT/DT_ALL.FBC.z	DT_SYSMSG.FBC/dt_SYSMSG.txtbin	130	utf-8	{19}}0~{ESC}GR}1~{03}{ESC}WT}1~は{ESC}PP}1~ スタン {ESC}WT}1~した！！\n
romdata/DT/DT_ALL.FBC.z	DT_SYSMSG.FBC/dt_SYSMSG.txtbin	131	utf-8	{ESC}GR}1~{03}{ESC}WT}1~は マバリア がとけた
romdata/DT/DT_ALL.FBC.z	DT_SYSMSG.FBC/dt_SYSMSG.txtbin	132	utf-8	{ESC}GR}1~このフロアで１回だけ復活できる！{ESC}WT}1~
romdata/DT/DT_ALL.FBC.z	DT_SYSMSG.FBC/dt_SYSMSG.txtbin	133	utf-8	{ESC}GR}1~{03}{ESC}WT}1~は{ESC}PP}1~ アマブレ {ESC}WT}1~になった！！\n
romdata/DT/DT_ALL.FBC.z	DT_SYSMSG.FBC/dt_SYSMSG.txtbin	134	utf-8	{ESC}GR}1~{03}{ESC}WT}1~は{ESC}PP}1~ ドンムブ {ESC}WT}1~で動けない！！\n
romdata/DT/DT_ALL.FBC.z	DT_SYSMSG.FBC/dt_SYSMSG.txtbin	135	utf-8	{04}}0~の ドンムブ がとけた
romdata/DT/DT_ALL.FBC.z	DT_SYSMSG.FBC/dt_SYSMSG.txtbin	136	utf-8	{ESC}GR}1~{03}{ESC}WT}1~の ドンムブ がとけた
romdata/DT/DT_ALL.FBC.z	DT_SYSMSG.FBC/dt_SYSMSG.txtbin	137	utf-8	{04}}0~は ドンムブ になった\n
romdata/DT/DT_ALL.FBC.z	DT_SYSMSG.FBC/dt_SYSMSG.txtbin	138	utf-8	{19}}1~{ESC}GR}1~{03}{ESC}WT}1~は{ESC}PP}1~ ドンムブ {ESC}WT}1~になった！！\n
romdata/DT/DT_ALL.FBC.z	DT_SYSMSG.FBC/dt_SYSMSG.txtbin	139	utf-8	{ESC}GR}1~{03}{ESC}WT}1~の{ESC}PP}1~防御力が下がった！！{ESC}WT}1~
romdata/DT/DT_ALL.FBC.z	DT_SYSMSG.FBC/dt_SYSMSG.txtbin	140	utf-8	{ESC}GR}1~{03}{ESC}WT}1~は アマブレ がきれた
romdata/DT/DT_ALL.FBC.z	DT_SYSMSG.FBC/dt_SYSMSG.txtbin	141	utf-8	{04}}0~は{ESC}YL}1~пポップアップカード{ESC}WT}1~を落とした
romdata/DT/DT_ALL.FBC.z	DT_SYSMSG.FBC/dt_SYSMSG.txtbin	142	utf-8	{04}}0~は アマブレ になった\n
romdata/DT/DT_ALL.FBC.z	DT_SYSMSG.FBC/dt_SYSMSG.txtbin	143	utf-8	{04}}0~の防御力が下がった\n
romdata/DT/DT_ALL.FBC.z	DT_SYSMSG.FBC/dt_SYSMSG.txtbin	144	utf-8	{ESC}GR}1~{03}のさいだいＳＰがふえた！{ESC}WT}1~
romdata/DT/DT_ALL.FBC.z	DT_SYSMSG.FBC/dt_SYSMSG.txtbin	145	utf-8	{ESC}YL}1~{05}}11~{ESC}WT}1~が{ESC}PP}1~くさってしまった！！{ESC}WT}1~
romdata/DT/DT_ALL.FBC.z	DT_SYSMSG.FBC/dt_SYSMSG.txtbin	146	utf-8	{ESC}PP}1~カバンのアイテムが　すべて未鑑定になった！！{ESC}WT}1~
romdata/DT/DT_ALL.FBC.z	DT_SYSMSG.FBC/dt_SYSMSG.txtbin	147	utf-8	{ESC}GR}1~{03}は少しふとったかも{ESC}WT}1~
romdata/DT/DT_ALL.FBC.z	DT_SYSMSG.FBC/dt_SYSMSG.txtbin	148	utf-8	{ESC}GR}1~{03}{ESC}WT}1~は少し{ESC}PP}1~やせたかも{ESC}WT}1~
romdata/DT/DT_ALL.FBC.z	DT_SYSMSG.FBC/dt_SYSMSG.txtbin	149	utf-8	{ESC}GR}1~{03}は防御力と引きかえに 攻撃力をえた！{ESC}WT}1~
romdata/DT/DT_ALL.FBC.z	DT_SYSMSG.FBC/dt_SYSMSG.txtbin	150	utf-8	{ESC}GR}1~{03}{ESC}WT}1~の めいやく がきれた
romdata/DT/DT_ALL.FBC.z	DT_SYSMSG.FBC/dt_SYSMSG.txtbin	151	utf-8	{ESC}GR}1~{03}はてきをおこさずに歩ける！{ESC}WT}1~
romdata/DT/DT_ALL.FBC.z	DT_SYSMSG.FBC/dt_SYSMSG.txtbin	152	utf-8	{ESC}GR}1~{03}{ESC}WT}1~の しのびあし がきれた
romdata/DT/DT_ALL.FBC.z	DT_SYSMSG.FBC/dt_SYSMSG.txtbin	153	utf-8	{ESC}GR}1~てきが　アイテムを落としやすくなった！{ESC}WT}1~
romdata/DT/DT_ALL.FBC.z	DT_SYSMSG.FBC/dt_SYSMSG.txtbin	154	utf-8	{ESC}GR}1~{03}{ESC}WT}1~の トレジャーハント がきれた
romdata/DT/DT_ALL.FBC.z	DT_SYSMSG.FBC/dt_SYSMSG.txtbin	155	utf-8	{ESC}GR}1~{03}は薬をうまく使えるようになった！{ESC}WT}1~
romdata/DT/DT_ALL.FBC.z	DT_SYSMSG.FBC/dt_SYSMSG.txtbin	156	utf-8	{ESC}GR}1~{03}{ESC}WT}1~の 薬の知識 がきれた
romdata/DT/DT_ALL.FBC.z	DT_SYSMSG.FBC/dt_SYSMSG.txtbin	157	utf-8	{ESC}GR}1~{03}は本がよく読めるようになった！{ESC}WT}1~
romdata/DT/DT_ALL.FBC.z	DT_SYSMSG.FBC/dt_SYSMSG.txtbin	158	utf-8	{ESC}GR}1~{03}{ESC}WT}1~の 本の知識 がきれた
romdata/DT/DT_ALL.FBC.z	DT_SYSMSG.FBC/dt_SYSMSG.txtbin	159	utf-8	ちょっと　おなかが　すいてきた
romdata/DT/DT_ALL.FBC.z	DT_SYSMSG.FBC/dt_SYSMSG.txtbin	160	utf-8	{ESC}GR}1~{03}{ESC}WT}1~の{ESC}PP}1~ＳＰがなくなった！！{ESC}WT}1~
romdata/DT/DT_ALL.FBC.z	DT_SYSMSG.FBC/dt_SYSMSG.txtbin	161	utf-8	{04}}0~は　停止している
romdata/DT/DT_ALL.FBC.z	DT_SYSMSG.FBC/dt_SYSMSG.txtbin	162	utf-8	{04}}0~に　力があつまっている
romdata/DT/DT_ALL.FBC.z	DT_SYSMSG.FBC/dt_SYSMSG.txtbin	163	utf-8	{04}}0~の　動きが止まった\n
romdata/DT/DT_ALL.FBC.z	DT_SYSMSG.FBC/dt_SYSMSG.txtbin	164	utf-8	{04}}0~は　立ち上がった！\n
romdata/DT/DT_ALL.FBC.z	DT_SYSMSG.FBC/dt_SYSMSG.txtbin	165	utf-8	{ESC}RD}1~しにがみが あらわれた！{ESC}WT}1~
romdata/DT/DT_ALL.FBC.z	DT_SYSMSG.FBC/dt_SYSMSG.txtbin	166	utf-8	{19}}0~{ESC}GR}1~{03}{ESC}WT}1~はてんそうされた
romdata/DT/DT_ALL.FBC.z	DT_SYSMSG.FBC/dt_SYSMSG.txtbin	167	utf-8	{04}}0~は アマブレ がきれた
romdata/DT/DT_ALL.FBC.z	DT_SYSMSG.FBC/dt_SYSMSG.txtbin	168	utf-8	{ESC}RD}1~そうび{ESC}WT}1~をはずしてください
romdata/DT/DT_ALL.FBC.z	DT_SYSMSG.FBC/dt_SYSMSG.txtbin	169	utf-8	{ESC}GR}1~{03}{ESC}WT}1~は{ESC}GR}1~ バリア {ESC}WT}1~になった\n
romdata/DT/DT_ALL.FBC.z	DT_SYSMSG.FBC/dt_SYSMSG.txtbin	170	utf-8	あしもとには もうアイテムをおけない\n
romdata/DT/DT_ALL.FBC.z	DT_SYSMSG.FBC/dt_SYSMSG.txtbin	171	utf-8	{ESC}GR}1~{03}{ESC}WT}1~は バリア がとけた
romdata/DT/DT_ALL.FBC.z	DT_SYSMSG.FBC/dt_SYSMSG.txtbin	172	utf-8	{ESC}BW}1~呪いのせいで はずせない！！{ESC}WT}1~
romdata/DT/DT_ALL.FBC.z	DT_SYSMSG.FBC/dt_SYSMSG.txtbin	173	utf-8	{ESC}GR}1~{03}{ESC}WT}1~にはきかなかった！\n
romdata/DT/DT_ALL.FBC.z	DT_SYSMSG.FBC/dt_SYSMSG.txtbin	174	utf-8	{04}}0~はレベルが上がった！\n
romdata/DT/DT_ALL.FBC.z	DT_SYSMSG.FBC/dt_SYSMSG.txtbin	175	utf-8	{04}}0~の攻撃力が上がった！\n
romdata/DT/DT_ALL.FBC.z	DT_SYSMSG.FBC/dt_SYSMSG.txtbin	176	utf-8	{04}}0~の防御力が上がった！\n
romdata/DT/DT_ALL.FBC.z	DT_SYSMSG.FBC/dt_SYSMSG.txtbin	177	utf-8	{19}}0~{ESC}PP}1~あやしいけはいが！！！{ESC}WT}1~
romdata/DT/DT_ALL.FBC.z	DT_SYSMSG.FBC/dt_SYSMSG.txtbin	178	utf-8	{ESC}YL}1~{05}}41~{ESC}WT}1~だった\n
romdata/DT/DT_ALL.FBC.z	DT_SYSMSG.FBC/dt_SYSMSG.txtbin	179	utf-8	{04}}0~は バリア になった\n
romdata/DT/DT_ALL.FBC.z	DT_SYSMSG.FBC/dt_SYSMSG.txtbin	180	utf-8	{04}}0~の バリア がとけた
romdata/DT/DT_ALL.FBC.z	DT_SYSMSG.FBC/dt_SYSMSG.txtbin	181	utf-8	{04}}0~の スロウ がとけた
romdata/DT/DT_ALL.FBC.z	DT_SYSMSG.FBC/dt_SYSMSG.txtbin	182	utf-8	{ESC}GR}1~{03}{ESC}WT}1~のドラゴンパワーがきれた
romdata/DT/DT_ALL.FBC.z	DT_SYSMSG.FBC/dt_SYSMSG.txtbin	183	utf-8	{ESC}GR}1~{03}はぜんかいした！{ESC}WT}1~
romdata/DT/DT_ALL.FBC.z	DT_SYSMSG.FBC/dt_SYSMSG.txtbin	184	utf-8	{ESC}GR}1~{03}{ESC}WT}1~は{ESC}YL}1~{05}}11~{ESC}WT}1~を手に入れた
romdata/DT/DT_ALL.FBC.z	DT_SYSMSG.FBC/dt_SYSMSG.txtbin	185	utf-8	{04}}0~の心がていこうしている
romdata/DT/DT_ALL.FBC.z	DT_SYSMSG.FBC/dt_SYSMSG.txtbin	186	utf-8	{04}}0~の ブレイブ がきれた
romdata/DT/DT_ALL.FBC.z	DT_SYSMSG.FBC/dt_SYSMSG.txtbin	187	utf-8	{19}}0~{ESC}GR}1~{03}{ESC}WT}1~のジョブレベルが上がった！\n
romdata/DT/DT_ALL.FBC.z	DT_SYSMSG.FBC/dt_SYSMSG.txtbin	188	utf-8	{ESC}GR}1~{03}{ESC}WT}1~は{ESC}YL}1~{05}}14~{ESC}WT}1~を使った\n
romdata/DT/DT_ALL.FBC.z	DT_SYSMSG.FBC/dt_SYSMSG.txtbin	189	utf-8	{ESC}GR}1~成功{ESC}WT}1~　{ESC}YL}1~{05}}11~{ESC}WT}1~　ができた
romdata/DT/DT_ALL.FBC.z	DT_SYSMSG.FBC/dt_SYSMSG.txtbin	190	utf-8	{ESC}GR}1~{03}{ESC}WT}1~は{ESC}BL}1~{06}}12~{ESC}WT}1~╋┠を手に入れた
romdata/DT/DT_ALL.FBC.z	DT_SYSMSG.FBC/dt_SYSMSG.txtbin	191	utf-8	{ESC}GR}1~{03}{ESC}WT}1~は{ESC}YL}1~{06}}12~{ESC}WT}1~┣┳を手に入れた
romdata/DT/DT_ALL.FBC.z	DT_SYSMSG.FBC/dt_SYSMSG.txtbin	192	utf-8	{ESC}GR}1~{03}{ESC}WT}1~の くらやみ がなおった\n
romdata/DT/DT_ALL.FBC.z	DT_SYSMSG.FBC/dt_SYSMSG.txtbin	193	utf-8	{ESC}GR}1~{03}は魔法をれんぱつできる！{ESC}WT}1~
romdata/DT/DT_ALL.FBC.z	DT_SYSMSG.FBC/dt_SYSMSG.txtbin	194	utf-8	{ESC}GR}1~{03}{ESC}WT}1~は れんぞくま がきれた
romdata/DT/DT_ALL.FBC.z	DT_SYSMSG.FBC/dt_SYSMSG.txtbin	195	utf-8	{ESC}GR}1~てきが　カードを落としやすくなった！{ESC}WT}1~
romdata/DT/DT_ALL.FBC.z	DT_SYSMSG.FBC/dt_SYSMSG.txtbin	196	utf-8	{ESC}GR}1~{03}{ESC}WT}1~は カードハントＸ がきれた
romdata/DT/DT_ALL.FBC.z	DT_SYSMSG.FBC/dt_SYSMSG.txtbin	197	utf-8	{ESC}YL}1~{05}}11~{ESC}WT}1~は かがやきをました！\n
romdata/DT/DT_ALL.FBC.z	DT_SYSMSG.FBC/dt_SYSMSG.txtbin	198	utf-8	{ESC}YL}1~{05}}11~{ESC}WT}1~は さびなくなった！\n
romdata/DT/DT_ALL.FBC.z	DT_SYSMSG.FBC/dt_SYSMSG.txtbin	199	utf-8	{ESC}GR}1~カバンのアイテムが　すべて鑑定された！{ESC}WT}1~
romdata/DT/DT_ALL.FBC.z	DT_SYSMSG.FBC/dt_SYSMSG.txtbin	202	utf-8	{15}CT}1~つかう
romdata/DT/DT_ALL.FBC.z	DT_SYSMSG.FBC/dt_SYSMSG.txtbin	203	utf-8	{15}CT}1~たべる\n
romdata/DT/DT_ALL.FBC.z	DT_SYSMSG.FBC/dt_SYSMSG.txtbin	204	utf-8	{15}CT}1~のむ
romdata/DT/DT_ALL.FBC.z	DT_SYSMSG.FBC/dt_SYSMSG.txtbin	205	utf-8	{15}CT}1~うつ
romdata/DT/DT_ALL.FBC.z	DT_SYSMSG.FBC/dt_SYSMSG.txtbin	206	utf-8	{15}CT}1~そうび
romdata/DT/DT_ALL.FBC.z	DT_SYSMSG.FBC/dt_SYSMSG.txtbin	207	utf-8	{15}CT}1~はずす
romdata/DT/DT_ALL.FBC.z	DT_SYSMSG.FBC/dt_SYSMSG.txtbin	208	utf-8	{15}CT}1~ける
romdata/DT/DT_ALL.FBC.z	DT_SYSMSG.FBC/dt_SYSMSG.txtbin	209	utf-8	{15}CT}1~おく
romdata/DT/DT_ALL.FBC.z	DT_SYSMSG.FBC/dt_SYSMSG.txtbin	210	utf-8	{15}CT}1~せつめい
romdata/DT/DT_ALL.FBC.z	DT_SYSMSG.FBC/dt_SYSMSG.txtbin	211	utf-8	{15}CT}1~すてる\n
romdata/DT/DT_ALL.FBC.z	DT_SYSMSG.FBC/dt_SYSMSG.txtbin	212	utf-8	{15}CT}1~ひろう
romdata/DT/DT_ALL.FBC.z	DT_SYSMSG.FBC/dt_SYSMSG.txtbin	213	utf-8	{15}CT}1~こうかん
romdata/DT/DT_ALL.FBC.z	DT_SYSMSG.FBC/dt_SYSMSG.txtbin	214	utf-8	{15}CT}1~はい\n
romdata/DT/DT_ALL.FBC.z	DT_SYSMSG.FBC/dt_SYSMSG.txtbin	215	utf-8	{15}CT}1~いいえ\n
romdata/DT/DT_ALL.FBC.z	DT_SYSMSG.FBC/dt_SYSMSG.txtbin	216	utf-8	Л┼{02}}12~{08}}12~{05}}15~
romdata/DT/DT_ALL.FBC.z	DT_SYSMSG.FBC/dt_SYSMSG.txtbin	217	utf-8	{15}CT}1~けってい\n
romdata/DT/DT_ALL.FBC.z	DT_SYSMSG.FBC/dt_SYSMSG.txtbin	218	utf-8	{15}CT}1~やめる\n
romdata/DT/DT_ALL.FBC.z	DT_SYSMSG.FBC/dt_SYSMSG.txtbin	221	utf-8	{15}CT}1~ショートカット
romdata/DT/DT_ALL.FBC.z	DT_SYSMSG.FBC/dt_SYSMSG.txtbin	223	utf-8	э{02}}13~{0B}}6~
romdata/DT/DT_ALL.FBC.z	DT_SYSMSG.FBC/dt_SYSMSG.txtbin	224	utf-8	э{02}}14~{0B}}7~
romdata/DT/DT_ALL.FBC.z	DT_SYSMSG.FBC/dt_SYSMSG.txtbin	225	utf-8	э{02}}15~{0B}}8~
romdata/DT/DT_ALL.FBC.z	DT_SYSMSG.FBC/dt_SYSMSG.txtbin	226	utf-8	э{02}}16~{0B}}9~
romdata/DT/DT_ALL.FBC.z	DT_SYSMSG.FBC/dt_SYSMSG.txtbin	227	utf-8	э{02}}17~{0B}}10~
romdata/DT/DT_ALL.FBC.z	DT_SYSMSG.FBC/dt_SYSMSG.txtbin	228	utf-8	э{02}}18~{0B}}11~
romdata/DT/DT_ALL.FBC.z	DT_SYSMSG.FBC/dt_SYSMSG.txtbin	229	utf-8	э{02}}19~{0B}}12~
romdata/DT/DT_ALL.FBC.z	DT_SYSMSG.FBC/dt_SYSMSG.txtbin	231	utf-8	{15}CT}1~中断する
romdata/DT/DT_ALL.FBC.z	DT_SYSMSG.FBC/dt_SYSMSG.txtbin	233	utf-8	こうげき
romdata/DT/DT_ALL.FBC.z	DT_SYSMSG.FBC/dt_SYSMSG.txtbin	234	utf-8	ぼうぎょ\n
romdata/DT/DT_ALL.FBC.z	DT_SYSMSG.FBC/dt_SYSMSG.txtbin	235	utf-8	まりょく\n
romdata/DT/DT_ALL.FBC.z	DT_SYSMSG.FBC/dt_SYSMSG.txtbin	236	utf-8	せいしん
romdata/DT/DT_ALL.FBC.z	DT_SYSMSG.FBC/dt_SYSMSG.txtbin	245	utf-8	こうげきэ%d{ESC}GR}1~→%d{ESC}WT}1~ \nきたえるэ%d/%dээээ印：%s%s%s%s%s%s%s%s
romdata/DT/DT_ALL.FBC.z	DT_SYSMSG.FBC/dt_SYSMSG.txtbin	246	utf-8	ぼうぎょэ%d{ESC}GR}1~→%d{ESC}WT}1~ \nきたえるэ%d/%dээээ印：%s%s%s%s%s%s%s%s
romdata/DT/DT_ALL.FBC.z	DT_SYSMSG.FBC/dt_SYSMSG.txtbin	247	utf-8	こうげきэ%d{ESC}PK}1~→%d{ESC}WT}1~ \nきたえるэ%d/%dээээ印：%s%s%s%s%s%s%s%s
romdata/DT/DT_ALL.FBC.z	DT_SYSMSG.FBC/dt_SYSMSG.txtbin	248	utf-8	ぼうぎょэ%d{ESC}PK}1~→%d{ESC}WT}1~ \nきたえるэ%d/%dээээ印：%s%s%s%s%s%s%s%s
romdata/DT/DT_ALL.FBC.z	DT_SYSMSG.FBC/dt_SYSMSG.txtbin	249	utf-8	{15}CT}1~改造
romdata/DT/DT_ALL.FBC.z	DT_SYSMSG.FBC/dt_SYSMSG.txtbin	271	utf-8	{15}CT}1~買う\n
romdata/DT/DT_ALL.FBC.z	DT_SYSMSG.FBC/dt_SYSMSG.txtbin	272	utf-8	{15}CT}1~売る\n
romdata/DT/DT_ALL.FBC.z	DT_SYSMSG.FBC/dt_SYSMSG.txtbin	274	utf-8	{15}CT}1~きたえる
romdata/DT/DT_ALL.FBC.z	DT_SYSMSG.FBC/dt_SYSMSG.txtbin	275	utf-8	{15}CT}1~合成
romdata/DT/DT_ALL.FBC.z	DT_SYSMSG.FBC/dt_SYSMSG.txtbin	276	utf-8	{15}CT}1~印を消す
romdata/DT/DT_ALL.FBC.z	DT_SYSMSG.FBC/dt_SYSMSG.txtbin	277	utf-8	я\n
romdata/DT/DT_ALL.FBC.z	DT_SYSMSG.FBC/dt_SYSMSG.txtbin	278	utf-8	ю\n
romdata/DT/DT_ALL.FBC.z	DT_SYSMSG.FBC/dt_SYSMSG.txtbin	279	utf-8	ш\n
romdata/DT/DT_ALL.FBC.z	DT_SYSMSG.FBC/dt_SYSMSG.txtbin	280	utf-8	щ\n
romdata/DT/DT_ALL.FBC.z	DT_SYSMSG.FBC/dt_SYSMSG.txtbin	281	utf-8	ъ\n
romdata/DT/DT_ALL.FBC.z	DT_SYSMSG.FBC/dt_SYSMSG.txtbin	282	utf-8	ы\n
romdata/DT/DT_ALL.FBC.z	DT_SYSMSG.FBC/dt_SYSMSG.txtbin	283	utf-8	ь\n
romdata/DT/DT_ALL.FBC.z	DT_SYSMSG.FBC/dt_SYSMSG.txtbin	284	utf-8	п
romdata/DT/DT_ALL.FBC.z	DT_SYSMSG.FBC/dt_SYSMSG.txtbin	285	utf-8	р
romdata/DT/DT_ALL.FBC.z	DT_SYSMSG.FBC/dt_SYSMSG.txtbin	286	utf-8	с\n
romdata/DT/DT_ALL.FBC.z	DT_SYSMSG.FBC/dt_SYSMSG.txtbin	287	utf-8	т\n
romdata/DT/DT_ALL.FBC.z	DT_SYSMSG.FBC/dt_SYSMSG.txtbin	288	utf-8	у\n
romdata/DT/DT_ALL.FBC.z	DT_SYSMSG.FBC/dt_SYSMSG.txtbin	289	utf-8	ф\n
romdata/DT/DT_ALL.FBC.z	DT_SYSMSG.FBC/dt_SYSMSG.txtbin	290	utf-8	х\n
romdata/DT/DT_ALL.FBC.z	DT_SYSMSG.FBC/dt_SYSMSG.txtbin	291	utf-8	ц\n
romdata/DT/DT_ALL.FBC.z	DT_SYSMSG.FBC/dt_SYSMSG.txtbin	292	utf-8	ч\n
romdata/DT/DT_ALL.FBC.z	DT_SYSMSG.FBC/dt_SYSMSG.txtbin	294	utf-8	{15}CT}1~あずける
romdata/DT/DT_ALL.FBC.z	DT_SYSMSG.FBC/dt_SYSMSG.txtbin	295	utf-8	{15}CT}1~うけとる\n
romdata/DT/DT_ALL.FBC.z	DT_SYSMSG.FBC/dt_SYSMSG.txtbin	296	utf-8	Л┼{02}}20~{08}}15~{05}}19~
romdata/DT/DT_ALL.FBC.z	DT_SYSMSG.FBC/dt_SYSMSG.txtbin	297	utf-8	эごうけいэээ{06}}66~こ\n
romdata/DT/DT_ALL.FBC.z	DT_SYSMSG.FBC/dt_SYSMSG.txtbin	311	utf-8	Л┼{02}}10~{08}}13~{05}}16~
romdata/DT/DT_ALL.FBC.z	DT_SYSMSG.FBC/dt_SYSMSG.txtbin	312	utf-8	Л┼{02}}11~{08}}14~{05}}17~
romdata/DT/DT_ALL.FBC.z	DT_SYSMSG.FBC/dt_SYSMSG.txtbin	314	utf-8	йэ強くしたいそうび (ベース)
romdata/DT/DT_ALL.FBC.z	DT_SYSMSG.FBC/dt_SYSMSG.txtbin	315	utf-8	йэベースにくわえるそうび
romdata/DT/DT_ALL.FBC.z	DT_SYSMSG.FBC/dt_SYSMSG.txtbin	316	utf-8	{15}CT}1~すすむ
romdata/DT/DT_ALL.FBC.z	DT_SYSMSG.FBC/dt_SYSMSG.txtbin	318	utf-8	つぎのフロアへ　すすみますか？\n
romdata/DT/DT_ALL.FBC.z	DT_SYSMSG.FBC/dt_SYSMSG.txtbin	319	utf-8	э？？？？\n
romdata/DT/DT_ALL.FBC.z	DT_SYSMSG.FBC/dt_SYSMSG.txtbin	320	utf-8	{15}RT}1~гдеё{ESC}YL}1~┼в
romdata/DT/DT_ALL.FBC.z	DT_SYSMSG.FBC/dt_SYSMSG.txtbin	321	utf-8	{15}RT}1~гдеёо{06}}52~
romdata/DT/DT_ALL.FBC.z	DT_SYSMSG.FBC/dt_SYSMSG.txtbin	322	utf-8	{15}RT}1~гдеёжзийкл{06}}51~мз
romdata/DT/DT_ALL.FBC.z	DT_SYSMSG.FBC/dt_SYSMSG.txtbin	323	utf-8	э{0B}}13~
romdata/DT/DT_ALL.FBC.z	DT_SYSMSG.FBC/dt_SYSMSG.txtbin	324	utf-8	э{0B}}14~
romdata/DT/DT_ALL.FBC.z	DT_SYSMSG.FBC/dt_SYSMSG.txtbin	325	utf-8	э{0B}}15~
romdata/DT/DT_ALL.FBC.z	DT_SYSMSG.FBC/dt_SYSMSG.txtbin	326	utf-8	э{0B}}16~
romdata/DT/DT_ALL.FBC.z	DT_SYSMSG.FBC/dt_SYSMSG.txtbin	327	utf-8	э{0B}}17~
romdata/DT/DT_ALL.FBC.z	DT_SYSMSG.FBC/dt_SYSMSG.txtbin	328	utf-8	э{0B}}18~
romdata/DT/DT_ALL.FBC.z	DT_SYSMSG.FBC/dt_SYSMSG.txtbin	329	utf-8	э{0B}}19~
romdata/DT/DT_ALL.FBC.z	DT_SYSMSG.FBC/dt_SYSMSG.txtbin	331	utf-8	こうげきээ%sэまりょくээ%s \nぼうぎょэйЛ┼%sэせいしん┼йй%s
romdata/DT/DT_ALL.FBC.z	DT_SYSMSG.FBC/dt_SYSMSG.txtbin	333	utf-8	{15}CT}1~{ESC}YL}1~вввэジョブマスターэввв
romdata/DT/DT_ALL.FBC.z	DT_SYSMSG.FBC/dt_SYSMSG.txtbin	334	utf-8	{ESC}GY}1~？？？\n
romdata/DT/DT_ALL.FBC.z	DT_SYSMSG.FBC/dt_SYSMSG.txtbin	335	utf-8	{15}RT}1~гдеёо{06}}53~
romdata/DT/DT_ALL.FBC.z	DT_SYSMSG.FBC/dt_SYSMSG.txtbin	336	utf-8	{15}RT}1~гдеёо{06}}54~
romdata/DT/DT_ALL.FBC.z	DT_SYSMSG.FBC/dt_SYSMSG.txtbin	337	utf-8	{15}RT}1~гдеёо{06}}55~
romdata/DT/DT_ALL.FBC.z	DT_SYSMSG.FBC/dt_SYSMSG.txtbin	338	utf-8	{15}RT}1~гдеёо{06}}56~
romdata/DT/DT_ALL.FBC.z	DT_SYSMSG.FBC/dt_SYSMSG.txtbin	339	utf-8	{15}RT}1~гдеёо{06}}57~
romdata/DT/DT_ALL.FBC.z	DT_SYSMSG.FBC/dt_SYSMSG.txtbin	340	utf-8	{15}RT}1~гдеёо{06}}58~
romdata/DT/DT_ALL.FBC.z	DT_SYSMSG.FBC/dt_SYSMSG.txtbin	341	utf-8	{15}RT}1~гдеёо{06}}59~
romdata/DT/DT_ALL.FBC.z	DT_SYSMSG.FBC/dt_SYSMSG.txtbin	342	utf-8	{15}RT}1~гдеёо{06}}60~
romdata/DT/DT_ALL.FBC.z	DT_SYSMSG.FBC/dt_SYSMSG.txtbin	343	utf-8	{15}RT}1~гдеёо{06}}61~
romdata/DT/DT_ALL.FBC.z	DT_SYSMSG.FBC/dt_SYSMSG.txtbin	344	utf-8	{15}RT}1~гдеёо{06}}62~
romdata/DT/DT_ALL.FBC.z	DT_SYSMSG.FBC/dt_SYSMSG.txtbin	345	utf-8	{15}RT}1~гдеёо{06}}63~
romdata/DT/DT_ALL.FBC.z	DT_SYSMSG.FBC/dt_SYSMSG.txtbin	346	utf-8	{15}CT}1~ЁЖЗИЙКЁ\n
romdata/DT/DT_ALL.FBC.z	DT_SYSMSG.FBC/dt_SYSMSG.txtbin	347	utf-8	こうげきээ%d{ESC}GY}1~→???{ESC}WT}1~эまりょくээ%d{ESC}GY}1~→???{ESC}WT}1~ \nぼうぎょэйЛ┼%d{ESC}GY}1~→???{ESC}WT}1~эせいしん┼йй%d{ESC}GY}1~→???{ESC}WT}1~
romdata/DT/DT_ALL.FBC.z	DT_SYSMSG.FBC/dt_SYSMSG.txtbin	348	utf-8	データを初期化中ですⅠ
romdata/DT/DT_ALL.FBC.z	DT_SYSMSG.FBC/dt_SYSMSG.txtbin	349	utf-8	データを初期化できませんでした
romdata/DT/DT_ALL.FBC.z	DT_SYSMSG.FBC/dt_SYSMSG.txtbin	350	utf-8	データが壊れています\n
romdata/DT/DT_ALL.FBC.z	DT_SYSMSG.FBC/dt_SYSMSG.txtbin	351	utf-8	データを読めませんでした
romdata/DT/DT_ALL.FBC.z	DT_SYSMSG.FBC/dt_SYSMSG.txtbin	352	utf-8	データを書けませんでした
romdata/DT/DT_ALL.FBC.z	DT_SYSMSG.FBC/dt_SYSMSG.txtbin	353	utf-8	電源をOFFにして　カードを差し込み直してください
romdata/DT/DT_ALL.FBC.z	DT_SYSMSG.FBC/dt_SYSMSG.txtbin	354	utf-8	щを押すとデータを初期化して先に進みます\n
romdata/DT/DT_ALL.FBC.z	DT_SYSMSG.FBC/dt_SYSMSG.txtbin	355	utf-8	セーブしています {ESC}RD}1~電源をOFFにしたり \nＤＳカードをぬかないでください{ESC}WT}1~
romdata/DT/DT_ALL.FBC.z	DT_SYSMSG.FBC/dt_SYSMSG.txtbin	356	utf-8	セーブが終わりました {ESC}RD}1~再開後は 中断するか \nフィールドでセーブ後　電源をOFFにしてください{ESC}WT}1~{13}
romdata/DT/DT_ALL.FBC.z	DT_SYSMSG.FBC/dt_SYSMSG.txtbin	357	utf-8	{ESC}BW}1~中断モード{ESC}WT}1~でセーブしています　{ESC}RD}1~電源をOFFにしたり \nDSカードをぬかないでください{ESC}WT}1~
romdata/DT/DT_ALL.FBC.z	DT_SYSMSG.FBC/dt_SYSMSG.txtbin	379	utf-8	%d→%d
romdata/DT/DT_ALL.FBC.z	DT_SYSMSG.FBC/dt_SYSMSG.txtbin	380	utf-8	%d{ESC}GR}1~→%d{ESC}WT}1~
romdata/DT/DT_ALL.FBC.z	DT_SYSMSG.FBC/dt_SYSMSG.txtbin	381	utf-8	%d{ESC}PK}1~→%d{ESC}WT}1~
romdata/DT/DT_ALL.FBC.z	DT_SYSMSG.FBC/dt_SYSMSG.txtbin	382	utf-8	{15}CT}1~гдеёй{06}}52~
romdata/DT/DT_ALL.FBC.z	DT_SYSMSG.FBC/dt_SYSMSG.txtbin	383	utf-8	{15}CT}1~гдеёй{ESC}YL}1~в
romdata/DT/DT_ALL.FBC.z	DT_SYSMSG.FBC/dt_SYSMSG.txtbin	384	utf-8	{15}RT}1~{ESC}GY}1~гдеёжзийкл{ESC}WT}1~{06}}51~{ESC}GY}1~мз{ESC}WT}1~
romdata/DT/DT_ALL.FBC.z	DT_SYSMSG.FBC/dt_SYSMSG.txtbin	385	utf-8	よろしいですか？\n
romdata/DT/DT_ALL.FBC.z	DT_SYSMSG.FBC/dt_SYSMSG.txtbin	386	utf-8	だっしゅつしますか？\n
romdata/DT/DT_ALL.FBC.z	DT_SYSMSG.FBC/dt_SYSMSG.txtbin	387	utf-8	セーブしますか？\n
romdata/DT/DT_ALL.FBC.z	DT_SYSMSG.FBC/dt_SYSMSG.txtbin	388	utf-8	{15}CT}1~だっしゅつ
romdata/DT/DT_ALL.FBC.z	DT_SYSMSG.FBC/dt_SYSMSG.txtbin	389	utf-8	{ESC}RD}1~そうび{ESC}WT}1~のへんこうができます　　ダンジョンでは　 \nアイテムを使ったり ショートカットせっていも できます\n
romdata/DT/DT_ALL.FBC.z	DT_SYSMSG.FBC/dt_SYSMSG.txtbin	390	utf-8	{ESC}GR}1~{03}{ESC}WT}1~にかんする　じょうほうをひょうじします\n
romdata/DT/DT_ALL.FBC.z	DT_SYSMSG.FBC/dt_SYSMSG.txtbin	391	utf-8	だいじなものの　せつめいをみることができます\n
romdata/DT/DT_ALL.FBC.z	DT_SYSMSG.FBC/dt_SYSMSG.txtbin	392	utf-8	セーブすることができます\n
romdata/DT/DT_ALL.FBC.z	DT_SYSMSG.FBC/dt_SYSMSG.txtbin	393	utf-8	ゲームを中断します{ESC}RD}1~ 一部のダンジョン・とくべつ \nフロア・ショップ・鍛冶屋では中断できません{ESC}WT}1~
romdata/DT/DT_ALL.FBC.z	DT_SYSMSG.FBC/dt_SYSMSG.txtbin	394	utf-8	{ESC}RD}1~アビリティ{ESC}WT}1~をつかえます \nショートカットせっていも　ここから
romdata/DT/DT_ALL.FBC.z	DT_SYSMSG.FBC/dt_SYSMSG.txtbin	395	utf-8	あしもとにあるアイテムを　使ったり \nカバンのアイテムと　交換したりできます\n
romdata/DT/DT_ALL.FBC.z	DT_SYSMSG.FBC/dt_SYSMSG.txtbin	396	utf-8	ダンジョンでおこった　さいきんのできごとを \nふりかえることが　できます\n
romdata/DT/DT_ALL.FBC.z	DT_SYSMSG.FBC/dt_SYSMSG.txtbin	399	utf-8	⑪
romdata/DT/DT_ALL.FBC.z	DT_SYSMSG.FBC/dt_SYSMSG.txtbin	400	utf-8	{ESC}YL}1~в
romdata/DT/DT_ALL.FBC.z	DT_SYSMSG.FBC/dt_SYSMSG.txtbin	402	utf-8	{ESC}PP}1~？？？？？？？？？？？？？？？ \n？？？？？？？？？？？？？？？{ESC}WT}1~
romdata/DT/DT_ALL.FBC.z	DT_SYSMSG.FBC/dt_SYSMSG.txtbin	403	utf-8	アイテムメニュー
romdata/DT/DT_ALL.FBC.z	DT_SYSMSG.FBC/dt_SYSMSG.txtbin	404	utf-8	アビリティメニュー
romdata/DT/DT_ALL.FBC.z	DT_SYSMSG.FBC/dt_SYSMSG.txtbin	409	utf-8	шを押しながら　щъыьを押すと　ショートカットに \nせっていできます　{ESC}YL}1~⑤⑧⑨⑩を押すと　リセットできます{ESC}WT}1~
romdata/DT/DT_ALL.FBC.z	DT_SYSMSG.FBC/dt_SYSMSG.txtbin	410	utf-8	ЧШЩЪ
romdata/DT/DT_ALL.FBC.z	DT_SYSMSG.FBC/dt_SYSMSG.txtbin	411	utf-8	{ESC}YL}1~Ц{ESC}WT}1~
romdata/DT/DT_ALL.FBC.z	DT_SYSMSG.FBC/dt_SYSMSG.txtbin	412	utf-8	{ESC}WT}1~Х
romdata/DT/DT_ALL.FBC.z	DT_SYSMSG.FBC/dt_SYSMSG.txtbin	413	utf-8	эш+щ\n
romdata/DT/DT_ALL.FBC.z	DT_SYSMSG.FBC/dt_SYSMSG.txtbin	414	utf-8	эш+ъ\n
romdata/DT/DT_ALL.FBC.z	DT_SYSMSG.FBC/dt_SYSMSG.txtbin	415	utf-8	эш+ы\n
romdata/DT/DT_ALL.FBC.z	DT_SYSMSG.FBC/dt_SYSMSG.txtbin	416	utf-8	эш+ь\n
romdata/DT/DT_ALL.FBC.z	DT_SYSMSG.FBC/dt_SYSMSG.txtbin	417	utf-8	{ESC}BL}1~Ц{ESC}WT}1~
romdata/DT/DT_ALL.FBC.z	DT_SYSMSG.FBC/dt_SYSMSG.txtbin	418	utf-8	{ESC}BW}1~中断モード{ESC}WT}1~でセーブして終了します \n{ESC}RD}1~中断モードのデータは　一度だけ再開できます{ESC}WT}1~
romdata/DT/DT_ALL.FBC.z	DT_SYSMSG.FBC/dt_SYSMSG.txtbin	419	utf-8	{15}CT}1~じっけん
romdata/DT/DT_ALL.FBC.z	DT_SYSMSG.FBC/dt_SYSMSG.txtbin	420	utf-8	{15}CT}1~┷┿┝ム┰ず┥る\n
romdata/DT/DT_ALL.FBC.z	DT_SYSMSG.FBC/dt_SYSMSG.txtbin	421	utf-8	{15}CT}1~┷┿┝ム┸┥╂る
romdata/DT/DT_ALL.FBC.z	DT_SYSMSG.FBC/dt_SYSMSG.txtbin	422	utf-8	{15}CT}1~ギルあずける
romdata/DT/DT_ALL.FBC.z	DT_SYSMSG.FBC/dt_SYSMSG.txtbin	423	utf-8	{15}CT}1~ギルひきだす\n
romdata/DT/DT_ALL.FBC.z	DT_SYSMSG.FBC/dt_SYSMSG.txtbin	428	utf-8	С
romdata/DT/DT_ALL.FBC.z	DT_SYSMSG.FBC/dt_SYSMSG.txtbin	429	utf-8	{ESC}YL}1~9999999{ESC}WT}1~┣┳まで　あずけられますが \n{ESC}RD}1~それ以上は　すてられることになります！！{ESC}WT}1~
romdata/DT/DT_ALL.FBC.z	DT_SYSMSG.FBC/dt_SYSMSG.txtbin	430	utf-8	{ESC}YL}1~999999{ESC}WT}1~┣┳まで　ひきだせますが \n{ESC}RD}1~それ以上は　すてられることになります！！{ESC}WT}1~
romdata/DT/DT_ALL.FBC.z	DT_SYSMSG.FBC/dt_SYSMSG.txtbin	431	utf-8	эあずける{ESC}YL}1~ギル{ESC}WT}1~をきめてください
romdata/DT/DT_ALL.FBC.z	DT_SYSMSG.FBC/dt_SYSMSG.txtbin	432	utf-8	эひきだす{ESC}YL}1~ギル{ESC}WT}1~をきめてください
romdata/DT/DT_ALL.FBC.z	DT_SYSMSG.FBC/dt_SYSMSG.txtbin	435	utf-8	{15}CT}1~ひきだす\n
romdata/DT/DT_ALL.FBC.z	DT_SYSMSG.FBC/dt_SYSMSG.txtbin	438	utf-8	%sЛ%s%s%s%s%s%s%s%s%s%s%s%s
romdata/DT/DT_ALL.FBC.z	DT_SYSMSG.FBC/dt_SYSMSG.txtbin	439	utf-8	{ESC}GR}1~й┼аЫТЭЮЯ{ESC}WT}1~
romdata/DT/DT_ALL.FBC.z	DT_SYSMSG.FBC/dt_SYSMSG.txtbin	440	utf-8	{ESC}GR}1~й┼вЫТЭЮЯ{ESC}WT}1~
romdata/DT/DT_ALL.FBC.z	DT_SYSMSG.FBC/dt_SYSMSG.txtbin	441	utf-8	{ESC}GR}1~す{ESC}WT}1~
romdata/DT/DT_ALL.FBC.z	DT_SYSMSG.FBC/dt_SYSMSG.txtbin	442	utf-8	す\n
romdata/DT/DT_ALL.FBC.z	DT_SYSMSG.FBC/dt_SYSMSG.txtbin	443	utf-8	{ESC}GR}1~ナ{ESC}WT}1~
romdata/DT/DT_ALL.FBC.z	DT_SYSMSG.FBC/dt_SYSMSG.txtbin	444	utf-8	ナ\n
romdata/DT/DT_ALL.FBC.z	DT_SYSMSG.FBC/dt_SYSMSG.txtbin	445	utf-8	{ESC}GR}1~竜{ESC}WT}1~
romdata/DT/DT_ALL.FBC.z	DT_SYSMSG.FBC/dt_SYSMSG.txtbin	446	utf-8	竜\n
romdata/DT/DT_ALL.FBC.z	DT_SYSMSG.FBC/dt_SYSMSG.txtbin	447	utf-8	{ESC}GR}1~暗{ESC}WT}1~
romdata/DT/DT_ALL.FBC.z	DT_SYSMSG.FBC/dt_SYSMSG.txtbin	448	utf-8	暗\n
romdata/DT/DT_ALL.FBC.z	DT_SYSMSG.FBC/dt_SYSMSG.txtbin	449	utf-8	{ESC}GR}1~忍{ESC}WT}1~
romdata/DT/DT_ALL.FBC.z	DT_SYSMSG.FBC/dt_SYSMSG.txtbin	450	utf-8	忍\n
romdata/DT/DT_ALL.FBC.z	DT_SYSMSG.FBC/dt_SYSMSG.txtbin	451	utf-8	{ESC}GR}1~シ{ESC}WT}1~
romdata/DT/DT_ALL.FBC.z	DT_SYSMSG.FBC/dt_SYSMSG.txtbin	452	utf-8	シ
romdata/DT/DT_ALL.FBC.z	DT_SYSMSG.FBC/dt_SYSMSG.txtbin	453	utf-8	{ESC}GR}1~学{ESC}WT}1~
romdata/DT/DT_ALL.FBC.z	DT_SYSMSG.FBC/dt_SYSMSG.txtbin	454	utf-8	学
romdata/DT/DT_ALL.FBC.z	DT_SYSMSG.FBC/dt_SYSMSG.txtbin	455	utf-8	{ESC}GR}1~黒{ESC}WT}1~
romdata/DT/DT_ALL.FBC.z	DT_SYSMSG.FBC/dt_SYSMSG.txtbin	456	utf-8	黒\n
romdata/DT/DT_ALL.FBC.z	DT_SYSMSG.FBC/dt_SYSMSG.txtbin	457	utf-8	{ESC}GR}1~白{ESC}WT}1~
romdata/DT/DT_ALL.FBC.z	DT_SYSMSG.FBC/dt_SYSMSG.txtbin	458	utf-8	白
romdata/DT/DT_ALL.FBC.z	DT_SYSMSG.FBC/dt_SYSMSG.txtbin	459	utf-8	{ESC}GR}1~踊{ESC}WT}1~
romdata/DT/DT_ALL.FBC.z	DT_SYSMSG.FBC/dt_SYSMSG.txtbin	460	utf-8	踊\n
romdata/DT/DT_ALL.FBC.z	DT_SYSMSG.FBC/dt_SYSMSG.txtbin	461	utf-8	{ESC}GR}1~赤{ESC}WT}1~
romdata/DT/DT_ALL.FBC.z	DT_SYSMSG.FBC/dt_SYSMSG.txtbin	462	utf-8	赤
romdata/DT/DT_ALL.FBC.z	DT_SYSMSG.FBC/dt_SYSMSG.txtbin	465	utf-8	{ESC}GY}1~？{ESC}WT}1~
romdata/DT/DT_ALL.FBC.z	DT_SYSMSG.FBC/dt_SYSMSG.txtbin	466	utf-8	{15}CT}1~{03}のＬｖ\n
romdata/DT/DT_ALL.FBC.z	DT_SYSMSG.FBC/dt_SYSMSG.txtbin	468	utf-8	{15}CT}1~ジョブＬｖ\n
romdata/DT/DT_ALL.FBC.z	DT_SYSMSG.FBC/dt_SYSMSG.txtbin	471	utf-8	{03}のＬｖとジョブＬｖをきめてください \nさいこうきろく：Ｌｖ%dээジョブＬｖ%d
romdata/DT/DT_ALL.FBC.z	DT_SYSMSG.FBC/dt_SYSMSG.txtbin	472	utf-8	{03}のＬｖとジョブＬｖをきめてください \nさいこうきろく：Ｌｖ%dээジョブＬｖ{ESC}YL}1~в{ESC}WT}1~
romdata/DT/DT_ALL.FBC.z	DT_SYSMSG.FBC/dt_SYSMSG.txtbin	474	utf-8	ポップアップカード\n
romdata/DT/DT_ALL.FBC.z	DT_SYSMSG.FBC/dt_SYSMSG.txtbin	475	utf-8	{15}CT}1~思い出の鏡
romdata/DT/DT_ALL.FBC.z	DT_SYSMSG.FBC/dt_SYSMSG.txtbin	478	utf-8	э{02}}28~┼{18}}1~
romdata/DT/DT_ALL.FBC.z	DT_SYSMSG.FBC/dt_SYSMSG.txtbin	479	utf-8	э{02}}29~┼{18}}2~
romdata/DT/DT_ALL.FBC.z	DT_SYSMSG.FBC/dt_SYSMSG.txtbin	480	utf-8	э{02}}30~┼{18}}3~
romdata/DT/DT_ALL.FBC.z	DT_SYSMSG.FBC/dt_SYSMSG.txtbin	481	utf-8	э{02}}31~┼{18}}4~
romdata/DT/DT_ALL.FBC.z	DT_SYSMSG.FBC/dt_SYSMSG.txtbin	482	utf-8	э{02}}32~┼{18}}5~
romdata/DT/DT_ALL.FBC.z	DT_SYSMSG.FBC/dt_SYSMSG.txtbin	483	utf-8	э{02}}33~┼{18}}6~
romdata/DT/DT_ALL.FBC.z	DT_SYSMSG.FBC/dt_SYSMSG.txtbin	484	utf-8	э{02}}34~┼{18}}7~
romdata/DT/DT_ALL.FBC.z	DT_SYSMSG.FBC/dt_SYSMSG.txtbin	485	utf-8	э{02}}28~┼{18}}8~
romdata/DT/DT_ALL.FBC.z	DT_SYSMSG.FBC/dt_SYSMSG.txtbin	486	utf-8	э{02}}29~┼{18}}9~
romdata/DT/DT_ALL.FBC.z	DT_SYSMSG.FBC/dt_SYSMSG.txtbin	487	utf-8	э{02}}30~┼{18}}10~
romdata/DT/DT_ALL.FBC.z	DT_SYSMSG.FBC/dt_SYSMSG.txtbin	488	utf-8	э{02}}31~┼{18}}11~
romdata/DT/DT_ALL.FBC.z	DT_SYSMSG.FBC/dt_SYSMSG.txtbin	489	utf-8	э{02}}32~┼{18}}12~
romdata/DT/DT_ALL.FBC.z	DT_SYSMSG.FBC/dt_SYSMSG.txtbin	490	utf-8	э{02}}33~┼{18}}13~
romdata/DT/DT_ALL.FBC.z	DT_SYSMSG.FBC/dt_SYSMSG.txtbin	491	utf-8	э{02}}34~┼{18}}14~
romdata/DT/DT_ALL.FBC.z	DT_SYSMSG.FBC/dt_SYSMSG.txtbin	493	utf-8	э？？？？？？\n
romdata/DT/DT_ALL.FBC.z	DT_SYSMSG.FBC/dt_SYSMSG.txtbin	494	utf-8	Ф
romdata/DT/DT_ALL.FBC.z	DT_SYSMSG.FBC/dt_SYSMSG.txtbin	495	utf-8	У
romdata/DT/DT_ALL.FBC.z	DT_SYSMSG.FBC/dt_SYSMSG.txtbin	496	utf-8	┗\n
romdata/DT/DT_ALL.FBC.z	DT_SYSMSG.FBC/dt_SYSMSG.txtbin	497	utf-8	{15}CT}1~10Ｆ
romdata/DT/DT_ALL.FBC.z	DT_SYSMSG.FBC/dt_SYSMSG.txtbin	498	utf-8	{15}CT}1~11Ｆ
romdata/DT/DT_ALL.FBC.z	DT_SYSMSG.FBC/dt_SYSMSG.txtbin	499	utf-8	{15}CT}1~21Ｆ
romdata/DT/DT_ALL.FBC.z	DT_SYSMSG.FBC/dt_SYSMSG.txtbin	500	utf-8	{15}CT}1~31Ｆ
romdata/DT/DT_ALL.FBC.z	DT_SYSMSG.FBC/dt_SYSMSG.txtbin	501	utf-8	{15}CT}1~41Ｆ
romdata/DT/DT_ALL.FBC.z	DT_SYSMSG.FBC/dt_SYSMSG.txtbin	502	utf-8	{15}CT}1~66Ｆ
romdata/DT/DT_ALL.FBC.z	DT_SYSMSG.FBC/dt_SYSMSG.txtbin	503	utf-8	{15}CT}1~20Ｆ
romdata/DT/DT_ALL.FBC.z	DT_SYSMSG.FBC/dt_SYSMSG.txtbin	505	utf-8	{15}CT}1~試練の鏡
romdata/DT/DT_ALL.FBC.z	DT_SYSMSG.FBC/dt_SYSMSG.txtbin	506	utf-8	Л┼{02}}35~{08}}20~{05}}20~
romdata/DT/DT_ALL.FBC.z	DT_SYSMSG.FBC/dt_SYSMSG.txtbin	507	utf-8	эごうけいэээ{06}}75~こ\n
romdata/DT/DT_ALL.FBC.z	DT_SYSMSG.FBC/dt_SYSMSG.txtbin	514	utf-8	Л┼{02}}36~{08}}21~{05}}21~
romdata/DT/DT_ALL.FBC.z	DT_SYSMSG.FBC/dt_SYSMSG.txtbin	515	utf-8	Л┼э{08}}22~{05}}22~
romdata/DT/DT_ALL.FBC.z	DT_SYSMSG.FBC/dt_SYSMSG.txtbin	518	utf-8	こうげき力э%d{11}}0~→%d{ESC}WT}1~эきたえるMAXэ%d{11}}2~→%d{ESC}WT}1~ \n印：%s%s%s%s%s%s%s{11}}3~→%s%s%s%s%s%s%s{ESC}WT}1~
romdata/DT/DT_ALL.FBC.z	DT_SYSMSG.FBC/dt_SYSMSG.txtbin	519	utf-8	ぼうぎょ力э%d{11}}1~→%d{ESC}WT}1~эきたえるMAXэ%d{11}}2~→%d{ESC}WT}1~ \n印：%s%s%s%s%s%s%s{11}}3~→%s%s%s%s%s%s%s{ESC}WT}1~
romdata/DT/DT_ALL.FBC.z	DT_SYSMSG.FBC/dt_SYSMSG.txtbin	528	utf-8	э{02}}37~{08}}23~{05}}30~
romdata/DT/DT_ALL.FBC.z	DT_SYSMSG.FBC/dt_SYSMSG.txtbin	529	utf-8	ээ{05}}31~
romdata/DT/DT_ALL.FBC.z	DT_SYSMSG.FBC/dt_SYSMSG.txtbin	530	utf-8	{15}CT}1~Ａ．Ｒ．Ｔ．\n
romdata/DT/DT_ALL.FBC.z	DT_SYSMSG.FBC/dt_SYSMSG.txtbin	531	utf-8	Ａ．Ｒ．Ｔ．メニュー
romdata/DT/DT_ALL.FBC.z	DT_SYSMSG.FBC/dt_SYSMSG.txtbin	532	utf-8	ээээ{02}}38~{08}}24~{05}}32~
romdata/DT/DT_ALL.FBC.z	DT_SYSMSG.FBC/dt_SYSMSG.txtbin	533	utf-8	{ESC}YL}1~これ以上の改造はできません{ESC}WT}1~
romdata/DT/DT_ALL.FBC.z	DT_SYSMSG.FBC/dt_SYSMSG.txtbin	534	utf-8	そざいがあれば　ギアやコートを改造できます \n改造したい　ギアかコートをえらんでください{13}
romdata/DT/DT_ALL.FBC.z	DT_SYSMSG.FBC/dt_SYSMSG.txtbin	535	utf-8	改造できます{13}
romdata/DT/DT_ALL.FBC.z	DT_SYSMSG.FBC/dt_SYSMSG.txtbin	536	utf-8	эээ{08}}25~{05}}33~{06}}84~
romdata/DT/DT_ALL.FBC.z	DT_SYSMSG.FBC/dt_SYSMSG.txtbin	537	utf-8	эээ{08}}26~{05}}34~{06}}85~
romdata/DT/DT_ALL.FBC.z	DT_SYSMSG.FBC/dt_SYSMSG.txtbin	538	utf-8	эээ{08}}27~{05}}35~{06}}86~
romdata/DT/DT_ALL.FBC.z	DT_SYSMSG.FBC/dt_SYSMSG.txtbin	539	utf-8	эээ{08}}28~{05}}36~{06}}87~
romdata/DT/DT_ALL.FBC.z	DT_SYSMSG.FBC/dt_SYSMSG.txtbin	540	utf-8	эээ{08}}29~{05}}37~{06}}88~
romdata/DT/DT_ALL.FBC.z	DT_SYSMSG.FBC/dt_SYSMSG.txtbin	541	utf-8	эээ{08}}30~{05}}38~{06}}89~
romdata/DT/DT_ALL.FBC.z	DT_SYSMSG.FBC/dt_SYSMSG.txtbin	542	utf-8	эээ{08}}31~{05}}39~{06}}90~
romdata/DT/DT_ALL.FBC.z	DT_SYSMSG.FBC/dt_SYSMSG.txtbin	543	utf-8	{15}RT}1~{06}}77~э\n
romdata/DT/DT_ALL.FBC.z	DT_SYSMSG.FBC/dt_SYSMSG.txtbin	544	utf-8	{15}RT}1~{06}}78~э\n
romdata/DT/DT_ALL.FBC.z	DT_SYSMSG.FBC/dt_SYSMSG.txtbin	545	utf-8	{15}RT}1~{06}}79~э\n
romdata/DT/DT_ALL.FBC.z	DT_SYSMSG.FBC/dt_SYSMSG.txtbin	546	utf-8	{15}RT}1~{06}}80~э\n
romdata/DT/DT_ALL.FBC.z	DT_SYSMSG.FBC/dt_SYSMSG.txtbin	547	utf-8	{15}RT}1~{06}}81~э\n
romdata/DT/DT_ALL.FBC.z	DT_SYSMSG.FBC/dt_SYSMSG.txtbin	548	utf-8	{15}RT}1~{06}}82~э\n
romdata/DT/DT_ALL.FBC.z	DT_SYSMSG.FBC/dt_SYSMSG.txtbin	549	utf-8	{15}RT}1~{06}}83~э\n
romdata/DT/DT_ALL.FBC.z	DT_SYSMSG.FBC/dt_SYSMSG.txtbin	550	utf-8	йЛ┼{02}}39~{08}}32~{05}}40~
romdata/DT/DT_ALL.FBC.z	DT_SYSMSG.FBC/dt_SYSMSG.txtbin	554	utf-8	Л┼{02}}38~{08}}24~{05}}32~
romdata/DT/DT_ALL.FBC.z	DT_SYSMSG.FBC/dt_SYSMSG.txtbin	555	utf-8	{ESC}RD}1~Ａ．Ｒ．Ｔ．{ESC}WT}1~をつかえます \nショートカットせっていも　ここから
romdata/DT/DT_ALL.FBC.z	DT_SYSMSG.FBC/dt_SYSMSG.txtbin	566	utf-8	{ESC}YL}1~そざいが足りないので　改造できません{13}
romdata/DT/DT_ALL.FBC.z	DT_SYSMSG.FBC/dt_SYSMSG.txtbin	567	utf-8	{ESC}YL}1~呪われているので　改造できません{13}
romdata/DT/DT_ALL.FBC.z	DT_SYSMSG.FBC/dt_SYSMSG.txtbin	568	utf-8	{ESC}YL}1~未鑑定アイテムなので　改造できません{13}
romdata/DT/DT_ALL.FBC.z	DT_SYSMSG.FBC/dt_SYSMSG.txtbin	569	utf-8	{15}RT}1~гдеёо{06}}91~
romdata/DT/DT_ALL.FBC.z	DT_SYSMSG.FBC/dt_SYSMSG.txtbin	574	utf-8	{ESC}PP}1~？？？？？？？？？？？？？？ \n？？？？？？？？？？？？？？ \n？？？？？？？？？？？？？？ \n？？？？？？？？？？？？？？ \n？？？？？？？？？？？？？？{ESC}WT}1~
romdata/DT/DT_ALL.FBC.z	DT_SYSMSG.FBC/dt_SYSMSG.txtbin	575	utf-8	{ESC}PP}1~？？？？？？？？？？？？？？{ESC}WT}1~
romdata/DT/DT_ALL.FBC.z	DT_SYSMSG.FBC/dt_SYSMSG.txtbin	582	utf-8	{ESC}RD}1~そうび{ESC}WT}1~をはずしてください{13}
romdata/DT/DT_ALL.FBC.z	DT_SYSMSG.FBC/dt_SYSMSG.txtbin	583	utf-8	{ESC}BW}1~呪いのせいで はずせない！！{13}
romdata/DT/DT_ALL.FBC.z	DT_SYSMSG.FBC/dt_SYSMSG.txtbin	598	utf-8	おなかがすいて　フラフラしてきた…
romdata/DT/DT_ALL.FBC.z	DT_SYSMSG.FBC/dt_SYSMSG.txtbin	599	utf-8	{ESC}RD}1~おなかがペコペコで　倒れそうだ…{ESC}WT}1~
romdata/DT/DT_ALL.FBC.z	DT_SYSMSG.FBC/dt_SYSMSG.txtbin	600	utf-8	{ESC}GR}1~このフロアのマップが 分かるようになった！{ESC}WT}1~
romdata/DT/DT_ALL.FBC.z	DT_SYSMSG.FBC/dt_SYSMSG.txtbin	601	utf-8	しかし　なにも　おこらなかった\n
romdata/DT/DT_ALL.FBC.z	DT_SYSMSG.FBC/dt_SYSMSG.txtbin	602	utf-8	{ESC}GR}1~{03}{ESC}WT}1~の リレイズ がきれた
romdata/DT/DT_ALL.FBC.z	DT_SYSMSG.FBC/dt_SYSMSG.txtbin	603	utf-8	しかし あしもとがいっぱいだったので やめた\n
romdata/DT/DT_ALL.FBC.z	DT_SYSMSG.FBC/dt_SYSMSG.txtbin	604	utf-8	{ESC}GR}1~{03}{ESC}WT}1~は {ESC}PP}1~マップを忘れてしまった！！{ESC}WT}1~
romdata/DT/DT_ALL.FBC.z	DT_SYSMSG.FBC/dt_SYSMSG.txtbin	605	utf-8	{ESC}YL}1~{05}}14~{ESC}WT}1~は かがやきをました！\n
romdata/DT/DT_ALL.FBC.z	DT_SYSMSG.FBC/dt_SYSMSG.txtbin	606	utf-8	{ESC}YL}1~{05}}14~{ESC}WT}1~は さびなくなった！\n
romdata/DT/DT_ALL.FBC.z	DT_SYSMSG.FBC/dt_SYSMSG.txtbin	607	utf-8	{ESC}GR}1~成功{ESC}WT}1~　{ESC}YL}1~{05}}14~{ESC}WT}1~　ができた
romdata/DT/DT_ALL.FBC.z	DT_SYSMSG.FBC/dt_SYSMSG.txtbin	608	utf-8	{ESC}PP}1~失敗{ESC}WT}1~　{ESC}YL}1~{05}}11~{ESC}WT}1~　がなくなった\n
romdata/DT/DT_ALL.FBC.z	DT_SYSMSG.FBC/dt_SYSMSG.txtbin	609	utf-8	{ESC}PP}1~失敗{ESC}WT}1~　{ESC}YL}1~{05}}14~{ESC}WT}1~　がなくなった\n
romdata/DT/DT_ITEM_ALL_TXT0.FBC	dt_ITEM_ALL_TXT0.txtbin	186	cp932	悪いこうか　をふせぐ　くびわ
romdata/DT/DT_ITEM_ALL_TXT0.FBC	dt_ITEM_ALL_TXT0.txtbin	187	cp932	どく　をふせぐ　くびわ
romdata/DT/DT_ITEM_ALL_TXT0.FBC	dt_ITEM_ALL_TXT0.txtbin	188	cp932	くらやみ　をふせぐ　くびわ
romdata/DT/DT_ITEM_ALL_TXT0.FBC	dt_ITEM_ALL_TXT0.txtbin	189	cp932	すいみん　をふせぐ　くびわ
romdata/DT/DT_ITEM_ALL_TXT0.FBC	dt_ITEM_ALL_TXT0.txtbin	190	cp932	こんらん　をふせぐ　くびわ
romdata/DT/DT_ITEM_ALL_TXT0.FBC	dt_ITEM_ALL_TXT0.txtbin	191	cp932	スロウ　をふせぐ　くびわ
romdata/DT/DT_ITEM_ALL_TXT0.FBC	dt_ITEM_ALL_TXT0.txtbin	192	cp932	ちんもく　をふせぐ　くびわ
romdata/DT/DT_ITEM_ALL_TXT0.FBC	dt_ITEM_ALL_TXT0.txtbin	193	cp932	おなかが　へらなくなる　くびわ
romdata/DT/DT_ITEM_ALL_TXT0.FBC	dt_ITEM_ALL_TXT0.txtbin	194	cp932	おなかが　どんどんへる　くびわ
romdata/DT/DT_ITEM_ALL_TXT0.FBC	dt_ITEM_ALL_TXT0.txtbin	195	cp932	防御力が上がる　くびわ
romdata/DT/DT_ITEM_ALL_TXT0.FBC	dt_ITEM_ALL_TXT0.txtbin	196	cp932	攻撃力が上がる　くびわ
romdata/DT/DT_ITEM_ALL_TXT0.FBC	dt_ITEM_ALL_TXT0.txtbin	197	cp932	ＨＰがどんどん回復する　くびわ
romdata/DT/DT_ITEM_ALL_TXT0.FBC	dt_ITEM_ALL_TXT0.txtbin	198	cp932	ＨＰが回復しにくくなる　くびわ
romdata/DT/DT_ITEM_ALL_TXT0.FBC	dt_ITEM_ALL_TXT0.txtbin	199	cp932	ワナをふまなくなる　くびわ
romdata/DT/DT_ITEM_ALL_TXT0.FBC	dt_ITEM_ALL_TXT0.txtbin	200	cp932	てきの居場所がわかる　くびわ
romdata/DT/DT_ITEM_ALL_TXT0.FBC	dt_ITEM_ALL_TXT0.txtbin	201	cp932	今いるフロアのマップがわかる　くびわ
romdata/DT/DT_ITEM_ALL_TXT0.FBC	dt_ITEM_ALL_TXT0.txtbin	202	cp932	覚えたマップをわすれない　くびわ
romdata/DT/DT_ITEM_ALL_TXT0.FBC	dt_ITEM_ALL_TXT0.txtbin	203	cp932	アイテムをかんていする　くびわ
romdata/DT/DT_ITEM_ALL_TXT0.FBC	dt_ITEM_ALL_TXT0.txtbin	204	cp932	遠くまでけることができるようになる　くびわ
romdata/DT/DT_ITEM_ALL_TXT0.FBC	dt_ITEM_ALL_TXT0.txtbin	205	cp932	ＳＰがどんどん回復する　くびわ
romdata/DT/DT_ITEM_ALL_TXT0.FBC	dt_ITEM_ALL_TXT0.txtbin	206	cp932	ＳＰが回復しなくなる　くびわ
romdata/DT/DT_ITEM_ALL_TXT0.FBC	dt_ITEM_ALL_TXT0.txtbin	207	cp932	ぬすまれなくなる　くびわ
romdata/DT/DT_ITEM_ALL_TXT0.FBC	dt_ITEM_ALL_TXT0.txtbin	208	cp932	攻撃を　かわしやすくなる　くびわ
romdata/DT/DT_ITEM_ALL_TXT0.FBC	dt_ITEM_ALL_TXT0.txtbin	209	cp932	スロウ　になる　くびわ
romdata/DT/DT_ITEM_ALL_TXT0.FBC	dt_ITEM_ALL_TXT0.txtbin	210	cp932	ちんもく　になる　くびわ
romdata/DT/DT_ITEM_ALL_TXT0.FBC	dt_ITEM_ALL_TXT0.txtbin	211	cp932	くらやみ　になってしまう
romdata/DT/DT_ITEM_ALL_TXT0.FBC	dt_ITEM_ALL_TXT0.txtbin	212	cp932	とても　きれいな　くびわ
romdata/DT/DT_ITEM_ALL_TXT0.FBC	dt_ITEM_ALL_TXT0.txtbin	216	cp932	悪いこうかをふせぐ　ゆびわ
romdata/DT/DT_ITEM_ALL_TXT0.FBC	dt_ITEM_ALL_TXT0.txtbin	217	cp932	どく　をふせぐ　ゆびわ
romdata/DT/DT_ITEM_ALL_TXT0.FBC	dt_ITEM_ALL_TXT0.txtbin	218	cp932	くらやみ　をふせぐ　ゆびわ
romdata/DT/DT_ITEM_ALL_TXT0.FBC	dt_ITEM_ALL_TXT0.txtbin	219	cp932	眠り　をふせぐ　ゆびわ
romdata/DT/DT_ITEM_ALL_TXT0.FBC	dt_ITEM_ALL_TXT0.txtbin	220	cp932	こんらん　をふせぐ　ゆびわ
romdata/DT/DT_ITEM_ALL_TXT0.FBC	dt_ITEM_ALL_TXT0.txtbin	221	cp932	スロウ　をふせぐ　ゆびわ
romdata/DT/DT_ITEM_ALL_TXT0.FBC	dt_ITEM_ALL_TXT0.txtbin	222	cp932	ちんもく　をふせぐ　ゆびわ
romdata/DT/DT_ITEM_ALL_TXT0.FBC	dt_ITEM_ALL_TXT0.txtbin	223	cp932	おなか　がへらない　ゆびわ
romdata/DT/DT_ITEM_ALL_TXT0.FBC	dt_ITEM_ALL_TXT0.txtbin	224	cp932	ギャンブラーに \nふさわしい　ゆびわ
romdata/DT/DT_ITEM_ALL_TXT0.FBC	dt_ITEM_ALL_TXT0.txtbin	225	cp932	スロウ　になるが \nワナ　をふまなくなる　ゆびわ
romdata/DT/DT_ITEM_ALL_TXT0.FBC	dt_ITEM_ALL_TXT0.txtbin	226	cp932	アイテムをかんていする　ゆびわ
romdata/DT/DT_ITEM_ALL_TXT0.FBC	dt_ITEM_ALL_TXT0.txtbin	227	cp932	ワナをふまなくなる　ゆびわ
romdata/DT/DT_ITEM_ALL_TXT0.FBC	dt_ITEM_ALL_TXT0.txtbin	228	cp932	エースと　よばれるものに \nふさわしい　ゆびわ
romdata/DT/DT_ITEM_ALL_TXT0.FBC	dt_ITEM_ALL_TXT0.txtbin	229	cp932	まもりを　かためた　ゆびわ
romdata/DT/DT_ITEM_ALL_TXT0.FBC	dt_ITEM_ALL_TXT0.txtbin	230	cp932	てき からにげるのに \nべんりな　ゆびわ
romdata/DT/DT_ITEM_ALL_TXT0.FBC	dt_ITEM_ALL_TXT0.txtbin	231	cp932	防御・力・歩きの回復があがるが \nおなかがへりやすくなる　ゆびわ
romdata/DT/DT_ITEM_ALL_TXT0.FBC	dt_ITEM_ALL_TXT0.txtbin	232	cp932	スロウになるが \nてきをおこさない　ゆびわ
romdata/DT/DT_ITEM_ALL_TXT0.FBC	dt_ITEM_ALL_TXT0.txtbin	233	cp932	眠り　スロウ　をふせぐが \n歩いてもＨＰがかいふくしなくなる　ゆびわ
romdata/DT/DT_ITEM_ALL_TXT0.FBC	dt_ITEM_ALL_TXT0.txtbin	238	cp932	おなかが　ふくれる
romdata/DT/DT_ITEM_ALL_TXT0.FBC	dt_ITEM_ALL_TXT0.txtbin	239	cp932	おなかが　すごくふくれる
romdata/DT/DT_ITEM_ALL_TXT0.FBC	dt_ITEM_ALL_TXT0.txtbin	240	cp932	{ESC}YL}1~ギサールの野菜{ESC}WT}1~ににているが…
romdata/DT/DT_ITEM_ALL_TXT0.FBC	dt_ITEM_ALL_TXT0.txtbin	241	cp932	{ESC}YL}1~ギサールの野菜{ESC}WT}1~ににているが…
romdata/DT/DT_ITEM_ALL_TXT0.FBC	dt_ITEM_ALL_TXT0.txtbin	242	cp932	{ESC}YL}1~ギサールの野菜{ESC}WT}1~ににているが…
romdata/DT/DT_ITEM_ALL_TXT0.FBC	dt_ITEM_ALL_TXT0.txtbin	243	cp932	{ESC}YL}1~ギサールの野菜{ESC}WT}1~ににているが…
romdata/DT/DT_ITEM_ALL_TXT0.FBC	dt_ITEM_ALL_TXT0.txtbin	244	cp932	{ESC}YL}1~ギサールの野菜{ESC}WT}1~ににているが…
romdata/DT/DT_ITEM_ALL_TXT0.FBC	dt_ITEM_ALL_TXT0.txtbin	245	cp932	{ESC}YL}1~ギサールの野菜{ESC}WT}1~ににているが…
romdata/DT/DT_ITEM_ALL_TXT0.FBC	dt_ITEM_ALL_TXT0.txtbin	247	cp932	おなかがふくれるクッキー
romdata/DT/DT_ITEM_ALL_TXT0.FBC	dt_ITEM_ALL_TXT0.txtbin	248	cp932	すごくおなかがふくれるクッキー
romdata/DT/DT_ITEM_ALL_TXT0.FBC	dt_ITEM_ALL_TXT0.txtbin	249	cp932	カビのはえているクッキー
romdata/DT/DT_ITEM_ALL_TXT0.FBC	dt_ITEM_ALL_TXT0.txtbin	250	cp932	ちょっとしけっているクッキー
romdata/DT/DT_ITEM_ALL_TXT0.FBC	dt_ITEM_ALL_TXT0.txtbin	251	cp932	おいしすぎてこえもでないクッキー
romdata/DT/DT_ITEM_ALL_TXT0.FBC	dt_ITEM_ALL_TXT0.txtbin	252	cp932	たべるとねむけがおそうクッキー
romdata/DT/DT_ITEM_ALL_TXT0.FBC	dt_ITEM_ALL_TXT0.txtbin	253	cp932	高カロリーでふとるクッキー
romdata/DT/DT_ITEM_ALL_TXT0.FBC	dt_ITEM_ALL_TXT0.txtbin	254	cp932	ダイエットにつかうクッキー
romdata/DT/DT_ITEM_ALL_TXT0.FBC	dt_ITEM_ALL_TXT0.txtbin	256	cp932	ＨＰが少し回復するくすり
romdata/DT/DT_ITEM_ALL_TXT0.FBC	dt_ITEM_ALL_TXT0.txtbin	257	cp932	ＨＰが中くらい回復する \n魔法のくすり
romdata/DT/DT_ITEM_ALL_TXT0.FBC	dt_ITEM_ALL_TXT0.txtbin	258	cp932	ＨＰが大きく回復する \n魔法のひやく
romdata/DT/DT_ITEM_ALL_TXT0.FBC	dt_ITEM_ALL_TXT0.txtbin	259	cp932	ＨＰがもっとも回復する \nいだいなる　ひやく
romdata/DT/DT_ITEM_ALL_TXT0.FBC	dt_ITEM_ALL_TXT0.txtbin	260	cp932	ＳＰが少し回復するくすり
romdata/DT/DT_ITEM_ALL_TXT0.FBC	dt_ITEM_ALL_TXT0.txtbin	261	cp932	ＳＰが中くらい回復する \n魔法のくすり
romdata/DT/DT_ITEM_ALL_TXT0.FBC	dt_ITEM_ALL_TXT0.txtbin	262	cp932	ＳＰが大きく回復する \n魔法の　ひやく
romdata/DT/DT_ITEM_ALL_TXT0.FBC	dt_ITEM_ALL_TXT0.txtbin	263	cp932	ＳＰがもっとも回復する \nいだいなるひやく
romdata/DT/DT_ITEM_ALL_TXT0.FBC	dt_ITEM_ALL_TXT0.txtbin	264	cp932	ＨＰ　ＳＰ　おなか　を \nぜんかいする　れいやく
romdata/DT/DT_ITEM_ALL_TXT0.FBC	dt_ITEM_ALL_TXT0.txtbin	265	cp932	どく　を　 \n回復するくすり
romdata/DT/DT_ITEM_ALL_TXT0.FBC	dt_ITEM_ALL_TXT0.txtbin	266	cp932	ちんもく　を \n回復するくすり
romdata/DT/DT_ITEM_ALL_TXT0.FBC	dt_ITEM_ALL_TXT0.txtbin	267	cp932	くらやみ　を　 \n回復するくすり
romdata/DT/DT_ITEM_ALL_TXT0.FBC	dt_ITEM_ALL_TXT0.txtbin	268	cp932	すべての　状態いじょうを \n回復するくすり
romdata/DT/DT_ITEM_ALL_TXT0.FBC	dt_ITEM_ALL_TXT0.txtbin	269	cp932	のむと　おなかの最大があがるくすり
romdata/DT/DT_ITEM_ALL_TXT0.FBC	dt_ITEM_ALL_TXT0.txtbin	270	cp932	のむと　おなかの最大がさがるくすり
romdata/DT/DT_ITEM_ALL_TXT0.FBC	dt_ITEM_ALL_TXT0.txtbin	271	cp932	今まで　かんていしたアイテムが \nすべて　みかんていに…
romdata/DT/DT_ITEM_ALL_TXT0.FBC	dt_ITEM_ALL_TXT0.txtbin	272	cp932	のむと　おなかのなかで \nばくはつする　くすり
romdata/DT/DT_ITEM_ALL_TXT0.FBC	dt_ITEM_ALL_TXT0.txtbin	273	cp932	ツメまたは　 \nクラがさびてしまう
romdata/DT/DT_ITEM_ALL_TXT0.FBC	dt_ITEM_ALL_TXT0.txtbin	274	cp932	のむと　くらやみ　に \nなってしまうくすり
romdata/DT/DT_ITEM_ALL_TXT0.FBC	dt_ITEM_ALL_TXT0.txtbin	275	cp932	のむと　ちんもく　に \nなってしまうくすり
romdata/DT/DT_ITEM_ALL_TXT0.FBC	dt_ITEM_ALL_TXT0.txtbin	276	cp932	のむと　 \nどくにおかされてしまうくすり
romdata/DT/DT_ITEM_ALL_TXT0.FBC	dt_ITEM_ALL_TXT0.txtbin	277	cp932	のむと　ねむってしまうくすり
romdata/DT/DT_ITEM_ALL_TXT0.FBC	dt_ITEM_ALL_TXT0.txtbin	278	cp932	のむと　スロウ　に \nなってしまうくすり
romdata/DT/DT_ITEM_ALL_TXT0.FBC	dt_ITEM_ALL_TXT0.txtbin	279	cp932	のむと　 \nヘイスト　になるくすり
romdata/DT/DT_ITEM_ALL_TXT0.FBC	dt_ITEM_ALL_TXT0.txtbin	280	cp932	のむと　 \nＨＰが半分になるくすり
romdata/DT/DT_ITEM_ALL_TXT0.FBC	dt_ITEM_ALL_TXT0.txtbin	281	cp932	のむと　 \nＳＰが半分になるくすり
romdata/DT/DT_ITEM_ALL_TXT0.FBC	dt_ITEM_ALL_TXT0.txtbin	282	cp932	のむと　 \nＳＰがゼロになるくすり
romdata/DT/DT_ITEM_ALL_TXT0.FBC	dt_ITEM_ALL_TXT0.txtbin	287	cp932	とおくのてきに \n火のダメージ
romdata/DT/DT_ITEM_ALL_TXT0.FBC	dt_ITEM_ALL_TXT0.txtbin	288	cp932	とおくのてきに \n氷のダメージ
romdata/DT/DT_ITEM_ALL_TXT0.FBC	dt_ITEM_ALL_TXT0.txtbin	289	cp932	とおくのてきに \n雷のダメージ
romdata/DT/DT_ITEM_ALL_TXT0.FBC	dt_ITEM_ALL_TXT0.txtbin	290	cp932	とおくのてきに \n光のダメージ
romdata/DT/DT_ITEM_ALL_TXT0.FBC	dt_ITEM_ALL_TXT0.txtbin	291	cp932	とおくのてきに \n闇のダメージ
romdata/DT/DT_ITEM_ALL_TXT0.FBC	dt_ITEM_ALL_TXT0.txtbin	292	cp932	とおくのてきの \nＨＰをきゅうしゅう
romdata/DT/DT_ITEM_ALL_TXT0.FBC	dt_ITEM_ALL_TXT0.txtbin	293	cp932	とおくのてきに \n光のダメージ
romdata/DT/DT_ITEM_ALL_TXT0.FBC	dt_ITEM_ALL_TXT0.txtbin	294	cp932	とおくのてきに \n大ダメージ
romdata/DT/DT_ITEM_ALL_TXT0.FBC	dt_ITEM_ALL_TXT0.txtbin	295	cp932	あたりのてきに \n大ダメージ
romdata/DT/DT_ITEM_ALL_TXT0.FBC	dt_ITEM_ALL_TXT0.txtbin	296	cp932	とおくのてきを \nどく　にする
romdata/DT/DT_ITEM_ALL_TXT0.FBC	dt_ITEM_ALL_TXT0.txtbin	297	cp932	とおくのてきを \n眠らせる
romdata/DT/DT_ITEM_ALL_TXT0.FBC	dt_ITEM_ALL_TXT0.txtbin	298	cp932	とおくのてきを \nちんもく　にする
romdata/DT/DT_ITEM_ALL_TXT0.FBC	dt_ITEM_ALL_TXT0.txtbin	299	cp932	とおくのてきを \nくらやみ　にする
romdata/DT/DT_ITEM_ALL_TXT0.FBC	dt_ITEM_ALL_TXT0.txtbin	300	cp932	とおくのてきを \nこんらん　にする
romdata/DT/DT_ITEM_ALL_TXT0.FBC	dt_ITEM_ALL_TXT0.txtbin	301	cp932	とおくのてきを \nドンムブ　にする
romdata/DT/DT_ITEM_ALL_TXT0.FBC	dt_ITEM_ALL_TXT0.txtbin	302	cp932	とおくのてきを \nスロウ　にする
romdata/DT/DT_ITEM_ALL_TXT0.FBC	dt_ITEM_ALL_TXT0.txtbin	303	cp932	しばらくの間 \n防御力がアップする
romdata/DT/DT_ITEM_ALL_TXT0.FBC	dt_ITEM_ALL_TXT0.txtbin	304	cp932	しばらくの間 \n魔法防御力がアップする
romdata/DT/DT_ITEM_ALL_TXT0.FBC	dt_ITEM_ALL_TXT0.txtbin	305	cp932	そうびしているアイテムの \n呪いをとく
romdata/DT/DT_ITEM_ALL_TXT0.FBC	dt_ITEM_ALL_TXT0.txtbin	306	cp932	そのフロアのマップがわかる
romdata/DT/DT_ITEM_ALL_TXT0.FBC	dt_ITEM_ALL_TXT0.txtbin	307	cp932	あたりのてきを \n眠らせる
romdata/DT/DT_ITEM_ALL_TXT0.FBC	dt_ITEM_ALL_TXT0.txtbin	308	cp932	あたりのてきを \nスロウ　にする
romdata/DT/DT_ITEM_ALL_TXT0.FBC	dt_ITEM_ALL_TXT0.txtbin	312	cp932	火　氷　雷いずれかのダメージ \nをあたえるボルト
romdata/DT/DT_ITEM_ALL_TXT0.FBC	dt_ITEM_ALL_TXT0.txtbin	313	cp932	火のダメージをあたえるボルト
romdata/DT/DT_ITEM_ALL_TXT0.FBC	dt_ITEM_ALL_TXT0.txtbin	314	cp932	氷のダメージをあたえるボルト
romdata/DT/DT_ITEM_ALL_TXT0.FBC	dt_ITEM_ALL_TXT0.txtbin	315	cp932	雷のダメージをあたえるボルト
romdata/DT/DT_ITEM_ALL_TXT0.FBC	dt_ITEM_ALL_TXT0.txtbin	316	cp932	光のダメージをあたえるボルト
romdata/DT/DT_ITEM_ALL_TXT0.FBC	dt_ITEM_ALL_TXT0.txtbin	317	cp932	闇のダメージをあたえるボルト
romdata/DT/DT_ITEM_ALL_TXT0.FBC	dt_ITEM_ALL_TXT0.txtbin	319	cp932	てきにダメージをあたえ \nさらに　どく　にするボルト
romdata/DT/DT_ITEM_ALL_TXT0.FBC	dt_ITEM_ALL_TXT0.txtbin	320	cp932	てきにダメージをあたえ \nさらに　ちんもく　にするボルト
romdata/DT/DT_ITEM_ALL_TXT0.FBC	dt_ITEM_ALL_TXT0.txtbin	321	cp932	てきにダメージをあたえ \nさらに　眠らせるボルト
romdata/DT/DT_ITEM_ALL_TXT0.FBC	dt_ITEM_ALL_TXT0.txtbin	322	cp932	てきにダメージをあたえ \nさらに　くらやみ　にするボルト
romdata/DT/DT_ITEM_ALL_TXT0.FBC	dt_ITEM_ALL_TXT0.txtbin	323	cp932	てきにダメージをあたえ \nさらに　スロウ　にするボルト
romdata/DT/DT_ITEM_ALL_TXT0.FBC	dt_ITEM_ALL_TXT0.txtbin	324	cp932	てきにダメージをあたえ \nさらに　てきの強化を消すボルト
romdata/DT/DT_ITEM_ALL_TXT0.FBC	dt_ITEM_ALL_TXT0.txtbin	325	cp932	てきにダメージをあたえ \nさらに　ＨＰをすいとるボルト
romdata/DT/DT_ITEM_ALL_TXT0.FBC	dt_ITEM_ALL_TXT0.txtbin	326	cp932	てきにダメージをあたえ \nさらに　攻撃力を下げるボルト
romdata/DT/DT_ITEM_ALL_TXT0.FBC	dt_ITEM_ALL_TXT0.txtbin	327	cp932	てきにダメージをあたえ \nさらに　防御力を下げるボルト
romdata/DT/DT_ITEM_ALL_TXT0.FBC	dt_ITEM_ALL_TXT0.txtbin	328	cp932	てきにダメージをあたえ \nさらに　スタン　にするボルト
romdata/DT/DT_ITEM_ALL_TXT0.FBC	dt_ITEM_ALL_TXT0.txtbin	329	cp932	てきにダメージをあたえ \nさらに　ドンムブ　にするボルト
romdata/DT/DT_ITEM_ALL_TXT0.FBC	dt_ITEM_ALL_TXT0.txtbin	330	cp932	てきにダメージをあたえ \nさらに　どこかへ飛ばすボルト
romdata/DT/DT_ITEM_ALL_TXT0.FBC	dt_ITEM_ALL_TXT0.txtbin	335	cp932	アイテムを一つ　かんていする \nショートカットにせっていできません
romdata/DT/DT_ITEM_ALL_TXT0.FBC	dt_ITEM_ALL_TXT0.txtbin	336	cp932	アイテムを　すべてかんていする
romdata/DT/DT_ITEM_ALL_TXT0.FBC	dt_ITEM_ALL_TXT0.txtbin	337	cp932	リレイズのこうかにより \nそのフロアで１回だけふっかつできる
romdata/DT/DT_ITEM_ALL_TXT0.FBC	dt_ITEM_ALL_TXT0.txtbin	338	cp932	マバリアのこうかにより \n魔法ダメージをうけなくなる
romdata/DT/DT_ITEM_ALL_TXT0.FBC	dt_ITEM_ALL_TXT0.txtbin	339	cp932	{ESC}RD}1~！！とりあつかいちゅうい！！{ESC}WT}1~ \nダンジョンから　だっしゅつする
romdata/DT/DT_ITEM_ALL_TXT0.FBC	dt_ITEM_ALL_TXT0.txtbin	340	cp932	今いるフロアのどこかにランダムでワープ
romdata/DT/DT_ITEM_ALL_TXT0.FBC	dt_ITEM_ALL_TXT0.txtbin	341	cp932	そうびを強くするクリーム \nショートカットにせっていできません
romdata/DT/DT_ITEM_ALL_TXT0.FBC	dt_ITEM_ALL_TXT0.txtbin	342	cp932	そうびをサビからまもるクリーム \nショートカットにせっていできません
romdata/DT/DT_ITEM_ALL_TXT0.FBC	dt_ITEM_ALL_TXT0.txtbin	343	cp932	ファイガのこうか
romdata/DT/DT_ITEM_ALL_TXT0.FBC	dt_ITEM_ALL_TXT0.txtbin	344	cp932	ブリザガのこうか
romdata/DT/DT_ITEM_ALL_TXT0.FBC	dt_ITEM_ALL_TXT0.txtbin	345	cp932	サンダガのこうか
romdata/DT/DT_ITEM_ALL_TXT0.FBC	dt_ITEM_ALL_TXT0.txtbin	346	cp932	クエイクのこうか
romdata/DT/DT_ITEM_ALL_TXT0.FBC	dt_ITEM_ALL_TXT0.txtbin	347	cp932	そうびしているアイテムの \n呪いをとく
romdata/DT/DT_ITEM_ALL_TXT0.FBC	dt_ITEM_ALL_TXT0.txtbin	348	cp932	神獣フェニックスの　 \nしょうかん石
romdata/DT/DT_ITEM_ALL_TXT0.FBC	dt_ITEM_ALL_TXT0.txtbin	349	cp932	神獣リヴァイアサンの　 \nしょうかん石
romdata/DT/DT_ITEM_ALL_TXT0.FBC	dt_ITEM_ALL_TXT0.txtbin	350	cp932	神獣アレクサンダーの　 \nしょうかん石
romdata/DT/DT_ITEM_ALL_TXT0.FBC	dt_ITEM_ALL_TXT0.txtbin	351	cp932	神獣イフリートの　 \nしょうかん石
romdata/DT/DT_ITEM_ALL_TXT0.FBC	dt_ITEM_ALL_TXT0.txtbin	352	cp932	神獣シヴァの \nしょうかん石
romdata/DT/DT_ITEM_ALL_TXT0.FBC	dt_ITEM_ALL_TXT0.txtbin	353	cp932	神獣ラムウの \nしょうかん石
romdata/DT/DT_ITEM_ALL_TXT0.FBC	dt_ITEM_ALL_TXT0.txtbin	354	cp932	神獣バハムートの　 \nしょうかん石
romdata/DT/DT_ITEM_ALL_TXT0.FBC	dt_ITEM_ALL_TXT0.txtbin	356	cp932	何がそだつか　お楽しみ
romdata/DT/DT_ITEM_ALL_TXT0.FBC	dt_ITEM_ALL_TXT0.txtbin	357	cp932	ジョブポイントを　 \nほんの少し入手
romdata/DT/DT_ITEM_ALL_TXT0.FBC	dt_ITEM_ALL_TXT0.txtbin	358	cp932	ジョブポイントを　 \nほんの少し入手
romdata/DT/DT_ITEM_ALL_TXT0.FBC	dt_ITEM_ALL_TXT0.txtbin	359	cp932	ジョブポイントを　 \n少し入手
romdata/DT/DT_ITEM_ALL_TXT0.FBC	dt_ITEM_ALL_TXT0.txtbin	360	cp932	ジョブポイントを　 \n少し入手
romdata/DT/DT_ITEM_ALL_TXT0.FBC	dt_ITEM_ALL_TXT0.txtbin	361	cp932	ジョブポイントを　 \n中くらい入手
romdata/DT/DT_ITEM_ALL_TXT0.FBC	dt_ITEM_ALL_TXT0.txtbin	362	cp932	ジョブポイントを　 \nやや多めに入手
romdata/DT/DT_ITEM_ALL_TXT0.FBC	dt_ITEM_ALL_TXT0.txtbin	363	cp932	ジョブポイントを　 \n多めに入手
romdata/DT/DT_ITEM_ALL_TXT0.FBC	dt_ITEM_ALL_TXT0.txtbin	364	cp932	ジョブポイントを　 \nかなり多めに入手
romdata/DT/DT_ITEM_ALL_TXT0.FBC	dt_ITEM_ALL_TXT0.txtbin	367	cp932	改造にも\nじっけんにも　使えるそざい
romdata/DT/DT_ITEM_ALL_TXT0.FBC	dt_ITEM_ALL_TXT0.txtbin	369	cp932	改造にも\nじっけんにも　使えるそざい
romdata/DT/DT_ITEM_ALL_TXT0.FBC	dt_ITEM_ALL_TXT0.txtbin	370	cp932	改造にも\nじっけんにも　使えるそざい
romdata/DT/DT_ITEM_ALL_TXT0.FBC	dt_ITEM_ALL_TXT0.txtbin	371	cp932	改造にも\nじっけんにも　使えるそざい
romdata/DT/DT_ITEM_ALL_TXT0.FBC	dt_ITEM_ALL_TXT0.txtbin	372	cp932	改造にも\nじっけんにも　使えるそざい
romdata/DT/DT_ITEM_ALL_TXT0.FBC	dt_ITEM_ALL_TXT0.txtbin	373	cp932	改造にも\nじっけんにも　使えるそざい
romdata/DT/DT_ITEM_ALL_TXT0.FBC	dt_ITEM_ALL_TXT0.txtbin	374	cp932	改造にも\nじっけんにも　使えるそざい
romdata/DT/DT_ITEM_ALL_TXT0.FBC	dt_ITEM_ALL_TXT0.txtbin	375	cp932	改造にも\nじっけんにも　使えるそざい
romdata/DT/DT_ITEM_ALL_TXT0.FBC	dt_ITEM_ALL_TXT0.txtbin	376	cp932	改造にも\nじっけんにも　使えるそざい
romdata/DT/DT_ITEM_ALL_TXT0.FBC	dt_ITEM_ALL_TXT0.txtbin	377	cp932	改造にも\nじっけんにも　使えるそざい
romdata/DT/DT_ITEM_ALL_TXT0.FBC	dt_ITEM_ALL_TXT0.txtbin	378	cp932	改造にも\nじっけんにも　使えるそざい
romdata/DT/DT_ITEM_ALL_TXT0.FBC	dt_ITEM_ALL_TXT0.txtbin	379	cp932	改造にも\nじっけんにも　使えるそざい
romdata/DT/DT_ITEM_ALL_TXT0.FBC	dt_ITEM_ALL_TXT0.txtbin	380	cp932	パーツ４５
romdata/DT/DT_ITEM_ALL_TXT0.FBC	dt_ITEM_ALL_TXT0.txtbin	381	cp932	パーツ４６
romdata/DT/DT_ITEM_ALL_TXT0.FBC	dt_ITEM_ALL_TXT0.txtbin	382	cp932	改造にも\nじっけんにも　使えるそざい
romdata/DT/DT_ITEM_ALL_TXT0.FBC	dt_ITEM_ALL_TXT0.txtbin	383	cp932	改造にも\nじっけんにも　使えるそざい
romdata/DT/DT_ITEM_ALL_TXT0.FBC	dt_ITEM_ALL_TXT0.txtbin	384	cp932	改造にも\nじっけんにも　使えるそざい
romdata/DT/DT_ITEM_ALL_TXT0.FBC	dt_ITEM_ALL_TXT0.txtbin	385	cp932	改造にも\nじっけんにも　使えるそざい
romdata/DT/DT_ITEM_ALL_TXT0.FBC	dt_ITEM_ALL_TXT0.txtbin	386	cp932	改造にも\nじっけんにも　使えるそざい
romdata/DT/DT_ITEM_ALL_TXT0.FBC	dt_ITEM_ALL_TXT0.txtbin	387	cp932	改造にも\nじっけんにも　使えるそざい
romdata/DT/DT_ITEM_ALL_TXT0.FBC	dt_ITEM_ALL_TXT0.txtbin	388	cp932	改造にも\nじっけんにも　使えるそざい
romdata/DT/DT_ITEM_ALL_TXT0.FBC	dt_ITEM_ALL_TXT0.txtbin	389	cp932	改造にも\nじっけんにも　使えるそざい
romdata/DT/DT_ITEM_ALL_TXT0.FBC	dt_ITEM_ALL_TXT0.txtbin	390	cp932	改造にも\nじっけんにも　使えるそざい
romdata/DT/DT_ITEM_ALL_TXT0.FBC	dt_ITEM_ALL_TXT0.txtbin	391	cp932	改造にも\nじっけんにも　使えるそざい
romdata/DT/DT_ITEM_ALL_TXT0.FBC	dt_ITEM_ALL_TXT0.txtbin	392	cp932	改造にも\nじっけんにも　使えるそざい
romdata/DT/DT_ITEM_ALL_TXT0.FBC	dt_ITEM_ALL_TXT0.txtbin	393	cp932	パーツ５８
romdata/DT/DT_ITEM_ALL_TXT0.FBC	dt_ITEM_ALL_TXT0.txtbin	394	cp932	改造にも\nじっけんにも　使えるそざい
romdata/DT/DT_ITEM_ALL_TXT0.FBC	dt_ITEM_ALL_TXT0.txtbin	395	cp932	改造にも\nじっけんにも　使えるそざい
romdata/DT/DT_ITEM_ALL_TXT0.FBC	dt_ITEM_ALL_TXT0.txtbin	396	cp932	改造にも\nじっけんにも　使えるそざい
romdata/DT/DT_ITEM_ALL_TXT0.FBC	dt_ITEM_ALL_TXT0.txtbin	397	cp932	パーツ６２
romdata/DT/DT_ITEM_ALL_TXT0.FBC	dt_ITEM_ALL_TXT0.txtbin	398	cp932	改造にも\nじっけんにも　使えるそざい
romdata/DT/DT_ITEM_ALL_TXT0.FBC	dt_ITEM_ALL_TXT0.txtbin	400	cp932	ポップアップカードケース \n入っているカード：{06}}15~枚
romdata/DT/DT_ITEM_ALL_TXT0.FBC	dt_ITEM_ALL_TXT0.txtbin	401	cp932	あやしい草　なににつかうのだろうか？
romdata/DT/DT_ITEM_ALL_TXT0.FBC	dt_ITEM_ALL_TXT0.txtbin	402	cp932	あかちゃんの落とし物？ \n記憶のウズの前なら{ESC}RD}1~ш＋┓{ESC}WT}1~で使える
romdata/DT/DT_ITEM_ALL_TXT0.FBC	dt_ITEM_ALL_TXT0.txtbin	403	cp932	ぬので　できた　ふつうのカバン
romdata/DT/DT_ITEM_ALL_TXT0.FBC	dt_ITEM_ALL_TXT0.txtbin	404	cp932	しょくにんが手作りした　こうきゅうなカバン
romdata/DT/DT_ITEM_ALL_TXT0.FBC	dt_ITEM_ALL_TXT0.txtbin	405	cp932	だれもがあこがれる \n超こうきゅうカバン
romdata/DT/DT_ITEM_ALL_TXT0.FBC	dt_ITEM_ALL_TXT0.txtbin	406	cp932	いちぶのものにのみ \nもつことを　ゆるされるカバン
romdata/DT/DT_ITEM_ALL_TXT0.FBC	dt_ITEM_ALL_TXT0.txtbin	407	cp932	あらゆるものを　のみこむ \nでんせつのカバン
romdata/DT/DT_ITEM_ALL_TXT0.FBC	dt_ITEM_ALL_TXT0.txtbin	408	cp932	古びたカバン
romdata/DT/DT_ITEM_ALL_TXT0.FBC	dt_ITEM_ALL_TXT0.txtbin	409	cp932	魚を入れるバケツ
romdata/DT/DT_ITEM_ALL_TXT0.FBC	dt_ITEM_ALL_TXT0.txtbin	410	cp932	ステラからもらった \nつり用のルアー
romdata/DT/DT_ITEM_ALL_TXT0.FBC	dt_ITEM_ALL_TXT0.txtbin	411	cp932	マリスがかいぞうした \nこうせいのうルアー
romdata/DT/DT_ITEM_ALL_TXT0.FBC	dt_ITEM_ALL_TXT0.txtbin	412	cp932	マリスが \nだいかいぞうしたすごいルアー
romdata/DT/DT_ITEM_ALL_TXT0.FBC	dt_ITEM_ALL_TXT0.txtbin	413	cp932	神竜をたおしたもののあかし
romdata/DT/DT_ITEM_ALL_TXT0.FBC	dt_ITEM_ALL_TXT0.txtbin	414	cp932	火の神官・フレイアからたくされたお守り
romdata/DT/DT_ITEM_ALL_TXT0.FBC	dt_ITEM_ALL_TXT0.txtbin	415	cp932	水の神官・メーアからたくされた腕輪
romdata/DT/DT_ITEM_ALL_TXT0.FBC	dt_ITEM_ALL_TXT0.txtbin	416	cp932	光の神官・シロマからたくされた杖
romdata/DT/DT_ITEM_ALL_TXT0.FBC	dt_ITEM_ALL_TXT0.txtbin	417	cp932	闇の神官・クロマのもっていた杖
romdata/DT/DT_ITEM_ALL_TXT0.FBC	dt_ITEM_ALL_TXT0.txtbin	418	cp932	ステラおばさんがやいたとくせいクッキー \nこうばしいかおりがとくちょう
romdata/DT/DT_ITEM_ALL_TXT0.FBC	dt_ITEM_ALL_TXT0.txtbin	419	cp932	チョコボのＳＰがふえる
romdata/DT/DT_ITEM_ALL_TXT0.FBC	dt_ITEM_ALL_TXT0.txtbin	420	cp932	チョコボのＳＰがふえる
romdata/DT/DT_ITEM_ALL_TXT0.FBC	dt_ITEM_ALL_TXT0.txtbin	421	cp932	チョコボのＳＰがふえる
romdata/DT/DT_ITEM_ALL_TXT0.FBC	dt_ITEM_ALL_TXT0.txtbin	422	cp932	チョコボのＳＰがふえる
romdata/DT/DT_ITEM_ALL_TXT0.FBC	dt_ITEM_ALL_TXT0.txtbin	423	cp932	この世界の記憶が封じ込められている
romdata/DT/DT_ITEM_ALL_TXT0.FBC	dt_ITEM_ALL_TXT0.txtbin	424	cp932	この世界の記憶が封じ込められている
romdata/DT/DT_ITEM_ALL_TXT0.FBC	dt_ITEM_ALL_TXT0.txtbin	425	cp932	この世界の記憶が封じ込められている
romdata/DT/DT_ITEM_ALL_TXT0.FBC	dt_ITEM_ALL_TXT0.txtbin	426	cp932	ゲイルの記憶が封じ込められている
romdata/DT/DT_ITEM_ALL_TXT0.FBC	dt_ITEM_ALL_TXT0.txtbin	427	cp932	シドの記憶が封じ込められている
romdata/DT/DT_ITEM_ALL_TXT0.FBC	dt_ITEM_ALL_TXT0.txtbin	428	cp932	フレイアの記憶が封じ込められている
romdata/DT/DT_ITEM_ALL_TXT0.FBC	dt_ITEM_ALL_TXT0.txtbin	429	cp932	メーアの記憶が封じ込められている
romdata/DT/DT_ITEM_ALL_TXT0.FBC	dt_ITEM_ALL_TXT0.txtbin	430	cp932	シロマの記憶が封じ込められている
romdata/DT/DT_ITEM_ALL_TXT0.FBC	dt_ITEM_ALL_TXT0.txtbin	431	cp932	イルマの記憶が封じ込められている
romdata/DT/DT_ITEM_ALL_TXT0.FBC	dt_ITEM_ALL_TXT0.txtbin	432	cp932	ローチェの記憶が封じ込められている
romdata/DT/DT_ITEM_ALL_TXT0.FBC	dt_ITEM_ALL_TXT0.txtbin	433	cp932	メディットの記憶が封じ込められている
romdata/DT/DT_ITEM_ALL_TXT0.FBC	dt_ITEM_ALL_TXT0.txtbin	434	cp932	フローラの記憶が封じ込められている
romdata/DT/DT_ITEM_ALL_TXT0.FBC	dt_ITEM_ALL_TXT0.txtbin	435	cp932	マリスの記憶が封じ込められている
romdata/DT/DT_ITEM_ALL_TXT0.FBC	dt_ITEM_ALL_TXT0.txtbin	436	cp932	ハリーの記憶が封じ込められている
romdata/DT/DT_ITEM_ALL_TXT0.FBC	dt_ITEM_ALL_TXT0.txtbin	437	cp932	シャルロットの記憶が封じ込められている
romdata/DT/DT_ITEM_ALL_TXT0.FBC	dt_ITEM_ALL_TXT0.txtbin	438	cp932	ステラの記憶が封じ込められている
romdata/DT/DT_ITEM_ALL_TXT0.FBC	dt_ITEM_ALL_TXT0.txtbin	439	cp932	ロディの記憶が封じ込められている
romdata/DT/DT_ITEM_ALL_TXT0.FBC	dt_ITEM_ALL_TXT0.txtbin	440	cp932	クレアの記憶が封じ込められている
romdata/DT/DT_ITEM_ALL_TXT0.FBC	dt_ITEM_ALL_TXT0.txtbin	441	cp932	ダードラーの記憶が封じ込められている
romdata/DT/DT_ITEM_ALL_TXT0.FBC	dt_ITEM_ALL_TXT0.txtbin	442	cp932	ヴォルグの記憶が封じ込められている
romdata/DT/DT_ITEM_ALL_TXT0.FBC	dt_ITEM_ALL_TXT0.txtbin	443	cp932	クロマの記憶が封じ込められている
romdata/DT/DT_ITEM_ALL_TXT0.FBC	dt_ITEM_ALL_TXT0.txtbin	444	cp932	ぼうけんの思い出がつまったかけら
romdata/DT/DT_ITEM_ALL_TXT0.FBC	dt_ITEM_ALL_TXT0.txtbin	445	cp932	ナイトの記憶が \n封印されている
romdata/DT/DT_ITEM_ALL_TXT0.FBC	dt_ITEM_ALL_TXT0.txtbin	446	cp932	シーフの記憶が \n封印されている
romdata/DT/DT_ITEM_ALL_TXT0.FBC	dt_ITEM_ALL_TXT0.txtbin	447	cp932	白魔道士の記憶が \n封印されている
romdata/DT/DT_ITEM_ALL_TXT0.FBC	dt_ITEM_ALL_TXT0.txtbin	448	cp932	黒魔道士の記憶が \n封印されている
romdata/DT/DT_ITEM_ALL_TXT0.FBC	dt_ITEM_ALL_TXT0.txtbin	449	cp932	赤魔道士の記憶が \n封印されている
romdata/DT/DT_ITEM_ALL_TXT0.FBC	dt_ITEM_ALL_TXT0.txtbin	450	cp932	踊り子の記憶が \n封印されている
romdata/DT/DT_ITEM_ALL_TXT0.FBC	dt_ITEM_ALL_TXT0.txtbin	451	cp932	竜騎士の記憶が \n封印されている
romdata/DT/DT_ITEM_ALL_TXT0.FBC	dt_ITEM_ALL_TXT0.txtbin	452	cp932	学者の記憶が \n封印されている
romdata/DT/DT_ITEM_ALL_TXT0.FBC	dt_ITEM_ALL_TXT0.txtbin	453	cp932	暗黒騎士の記憶が \n封印されている
romdata/DT/DT_ITEM_ALL_TXT0.FBC	dt_ITEM_ALL_TXT0.txtbin	454	cp932	忍者の記憶が \n封印されている
romdata/DT/DT_ITEM_ALL_TXT0.FBC	dt_ITEM_ALL_TXT0.txtbin	455	cp932	ヒーローＸの記憶が \n封印されている
romdata/DT/DT_ITEM_ALL_TXT0.FBC	dt_ITEM_ALL_TXT0.txtbin	456	cp932	ゲイルからの手紙 \n
romdata/DT/DT_ITEM_ALL_TXT0.FBC	dt_ITEM_ALL_TXT0.txtbin	457	cp932	シドからの手紙
romdata/DT/DT_ITEM_ALL_TXT0.FBC	dt_ITEM_ALL_TXT0.txtbin	458	cp932	フレイアからの手紙
romdata/DT/DT_ITEM_ALL_TXT0.FBC	dt_ITEM_ALL_TXT0.txtbin	459	cp932	メーアからの手紙
romdata/DT/DT_ITEM_ALL_TXT0.FBC	dt_ITEM_ALL_TXT0.txtbin	460	cp932	シロマからの手紙
romdata/DT/DT_ITEM_ALL_TXT0.FBC	dt_ITEM_ALL_TXT0.txtbin	461	cp932	ローチェからの手紙
romdata/DT/DT_ITEM_ALL_TXT0.FBC	dt_ITEM_ALL_TXT0.txtbin	462	cp932	メディットからの手紙
romdata/DT/DT_ITEM_ALL_TXT0.FBC	dt_ITEM_ALL_TXT0.txtbin	463	cp932	フローラからの手紙
romdata/DT/DT_ITEM_ALL_TXT0.FBC	dt_ITEM_ALL_TXT0.txtbin	464	cp932	マリスからの手紙
romdata/DT/DT_ITEM_ALL_TXT0.FBC	dt_ITEM_ALL_TXT0.txtbin	465	cp932	ハリーからの手紙
romdata/DT/DT_ITEM_ALL_TXT0.FBC	dt_ITEM_ALL_TXT0.txtbin	466	cp932	シャルロットからの手紙
romdata/DT/DT_ITEM_ALL_TXT0.FBC	dt_ITEM_ALL_TXT0.txtbin	467	cp932	ステラからの手紙
romdata/DT/DT_ITEM_ALL_TXT0.FBC	dt_ITEM_ALL_TXT0.txtbin	468	cp932	ロディからの手紙
romdata/DT/DT_ITEM_ALL_TXT0.FBC	dt_ITEM_ALL_TXT0.txtbin	469	cp932	クレアからの手紙
romdata/DT/DT_ITEM_ALL_TXT0.FBC	dt_ITEM_ALL_TXT0.txtbin	470	cp932	ダードラーからの手紙
romdata/DT/DT_ITEM_ALL_TXT0.FBC	dt_ITEM_ALL_TXT0.txtbin	471	cp932	ヴォルグからの手紙
romdata/DT/DT_ITEM_ALL_TXT0.FBC	dt_ITEM_ALL_TXT0.txtbin	472	cp932	イルマからの手紙
romdata/DT/DT_ITEM_ALL_TXT0.FBC	dt_ITEM_ALL_TXT0.txtbin	473	cp932	クロマからの手紙
romdata/DT/DT_ITEM_ALL_TXT0.FBC	dt_ITEM_ALL_TXT0.txtbin	474	cp932	ラファエロからの手紙
romdata/DT/DT_ITEM_ALL_TXT0.FBC	dt_ITEM_ALL_TXT0.txtbin	475	cp932	見知らぬ人からの手紙
romdata/DT/DT_ITEM_ALL_TXT0.FBC	dt_ITEM_ALL_TXT0.txtbin	476	cp932	見知らぬ人からの手紙
romdata/DT/DT_ITEM_ALL_TXT0.FBC	dt_ITEM_ALL_TXT0.txtbin	477	cp932	見知らぬ人からの手紙
romdata/DT/DT_ITEM_ALL_TXT0.FBC	dt_ITEM_ALL_TXT0.txtbin	478	cp932	見知らぬ人からの手紙
romdata/DT/DT_ITEM_ALL_TXT0.FBC	dt_ITEM_ALL_TXT0.txtbin	479	cp932	見知らぬ人からの手紙
romdata/DT/DT_ITEM_ALL_TXT0.FBC	dt_ITEM_ALL_TXT0.txtbin	480	cp932	見知らぬ人からの手紙
romdata/DT/DT_ITEM_ALL_TXT0.FBC	dt_ITEM_ALL_TXT0.txtbin	481	cp932	見知らぬ人からの手紙
romdata/DT/DT_ITEM_ALL_TXT0.FBC	dt_ITEM_ALL_TXT0.txtbin	482	cp932	ダンジョンヒーローＸからの手紙
romdata/DT/DT_ITEM_ALL_TXT0.FBC	dt_ITEM_ALL_TXT0.txtbin	483	cp932	ダンジョンヒーローＸからの手紙
romdata/DT/DT_ITEM_ALL_TXT0.FBC	dt_ITEM_ALL_TXT0.txtbin	484	cp932	ダンジョンヒーローＸからの手紙
romdata/DT/DT_ITEM_ALL_TXT0.FBC	dt_ITEM_ALL_TXT0.txtbin	485	cp932	ダンジョンヒーローＸからの手紙
romdata/DT/DT_ITEM_ALL_TXT0.FBC	dt_ITEM_ALL_TXT0.txtbin	486	cp932	ダンジョンヒーローＸからの手紙
romdata/DT/DT_ITEM_ALL_TXT0.FBC	dt_ITEM_ALL_TXT0.txtbin	487	cp932	ダンジョンヒーローＸからの手紙
romdata/DT/DT_ITEM_ALL_TXT0.FBC	dt_ITEM_ALL_TXT0.txtbin	488	cp932	ダンジョンヒーローＸからの手紙
romdata/DT/DT_ITEM_ALL_TXT0.FBC	dt_ITEM_ALL_TXT0.txtbin	489	cp932	ダンジョンヒーローＸからの手紙
romdata/DT/DT_ITEM_ALL_TXT0.FBC	dt_ITEM_ALL_TXT0.txtbin	490	cp932	ダンジョンヒーローＸからの手紙
romdata/DT/DT_ITEM_ALL_TXT0.FBC	dt_ITEM_ALL_TXT0.txtbin	491	cp932	ダンジョンヒーローＸからの手紙
romdata/DT/DT_ITEM_ALL_TXT0.FBC	dt_ITEM_ALL_TXT0.txtbin	492	cp932	ダンジョンヒーローＸからの手紙
romdata/DT/DT_ITEM_ALL_TXT0.FBC	dt_ITEM_ALL_TXT0.txtbin	493	cp932	ダンジョンヒーローＸからの手紙
romdata/DT/DT_ITEM_ALL_TXT0.FBC	dt_ITEM_ALL_TXT0.txtbin	494	cp932	ダンジョンヒーローＸからの手紙
romdata/DT/DT_ITEM_ALL_TXT0.FBC	dt_ITEM_ALL_TXT0.txtbin	495	cp932	ダンジョンヒーローＸからの手紙
romdata/DT/DT_ITEM_ALL_TXT0.FBC	dt_ITEM_ALL_TXT0.txtbin	496	cp932	謎のニューヒーローからの手紙
romdata/DT/DT_ITEM_ALL_TXT0.FBC	dt_ITEM_ALL_TXT0.txtbin	497	cp932	ダンジョンヒーローＸからの手紙
romdata/DT/DT_ITEM_ALL_TXT0.FBC	dt_ITEM_ALL_TXT0.txtbin	498	cp932	ダンジョンヒーローＸからの手紙
romdata/DT/DT_ITEM_ALL_TXT0.FBC	dt_ITEM_ALL_TXT0.txtbin	499	cp932	ダンジョンヒーローＸからの手紙
romdata/DT/DT_ITEM_ALL_TXT0.FBC	dt_ITEM_ALL_TXT0.txtbin	500	cp932	ダンジョンヒーローＸからの手紙
romdata/DT/DT_ITEM_ALL_TXT0.FBC	dt_ITEM_ALL_TXT0.txtbin	501	cp932	ダンジョンに入るためのチケット
romdata/DT/DT_ITEM_ALL_TXT0.FBC	dt_ITEM_ALL_TXT0.txtbin	502	cp932	ダンジョンに入るためのチケット
romdata/DT/DT_ITEM_ALL_TXT0.FBC	dt_ITEM_ALL_TXT0.txtbin	503	cp932	ダンジョンに入るためのチケット
romdata/DT/DT_ITEM_ALL_TXT0.FBC	dt_ITEM_ALL_TXT0.txtbin	504	cp932	みんなからの手紙
romdata/DT/DT_ITEM_ALL_TXT0.FBC	dt_ITEM_ALL_TXT0.txtbin	505	cp932	ヴィレではふつうの川魚　小型
romdata/DT/DT_ITEM_ALL_TXT0.FBC	dt_ITEM_ALL_TXT0.txtbin	506	cp932	ヴィレではふつうの魚　小型
romdata/DT/DT_ITEM_ALL_TXT0.FBC	dt_ITEM_ALL_TXT0.txtbin	507	cp932	ヴィレではふつうの川魚　小型
romdata/DT/DT_ITEM_ALL_TXT0.FBC	dt_ITEM_ALL_TXT0.txtbin	508	cp932	ヴィレではふつうの魚　小型
romdata/DT/DT_ITEM_ALL_TXT0.FBC	dt_ITEM_ALL_TXT0.txtbin	509	cp932	ヴィレではふつうの川魚　中型
romdata/DT/DT_ITEM_ALL_TXT0.FBC	dt_ITEM_ALL_TXT0.txtbin	510	cp932	ヴィレではふつうの魚　中型
romdata/DT/DT_ITEM_ALL_TXT0.FBC	dt_ITEM_ALL_TXT0.txtbin	511	cp932	ヴィレではきちょうな川魚　小型
romdata/DT/DT_ITEM_ALL_TXT0.FBC	dt_ITEM_ALL_TXT0.txtbin	512	cp932	ヴィレではきちょうな魚　大型
romdata/DT/DT_ITEM_ALL_TXT0.FBC	dt_ITEM_ALL_TXT0.txtbin	513	cp932	めったにつれない伝説の魚
romdata/DT/DT_ITEM_ALL_TXT0.FBC	dt_ITEM_ALL_TXT0.txtbin	514	cp932	めったにつれない伝説の魚
romdata/DT/DT_ITEM_ALL_TXT0.FBC	dt_ITEM_ALL_TXT0.txtbin	515	cp932	タイワガタ　インターフェイス　トウサイ \nコウセイノウ　ジゲンカン　ツウシンソウチ
romdata/DT/DT_ITEM_ALL_TXT0.FBC	dt_ITEM_ALL_TXT0.txtbin	516	cp932	グレンがのこした　アイテム
romdata/DT/DT_ITEM_ALL_TXT0.FBC	dt_ITEM_ALL_TXT0.txtbin	517	cp932	オメガを封印したものにあたえられるあかし
romdata/DT/DT_ITEM_ALL_TXT0.FBC	dt_ITEM_ALL_TXT0.txtbin	518	cp932	とくしゅなカミ　にかかれているせっけいず \n{ESC}RD}1~飛空艇{ESC}WT}1~の作りかたが　かいてある
romdata/DT/DT_ITEM_ALL_TXT0.FBC	dt_ITEM_ALL_TXT0.txtbin	519	cp932	グレンがのこした　飛空艇のざいりょう
romdata/DT/DT_ITEM_ALL_TXT0.FBC	dt_ITEM_ALL_TXT0.txtbin	520	cp932	グレンがのこした　飛空艇のざいりょう
romdata/DT/DT_ITEM_ALL_TXT0.FBC	dt_ITEM_ALL_TXT0.txtbin	521	cp932	グレンがのこした　飛空艇のざいりょう
romdata/DT/DT_ITEM_ALL_TXT0.FBC	dt_ITEM_ALL_TXT0.txtbin	522	cp932	とくしゅなカミ　にかかれているメモ \nグレンの書いたと思われる日記のいちぶのようだ
romdata/DT/DT_ITEM_ALL_TXT0.FBC	dt_ITEM_ALL_TXT0.txtbin	523	cp932	とくしゅなカミ　にかかれているメモ \nグレンの書いたと思われる日記のいちぶのようだ
romdata/DT/DT_ITEM_ALL_TXT0.FBC	dt_ITEM_ALL_TXT0.txtbin	524	cp932	とくしゅなカミ　にかかれているメモ \nグレンの書いたと思われる日記のいちぶのようだ
romdata/DT/DT_ITEM_ALL_TXT0.FBC	dt_ITEM_ALL_TXT0.txtbin	525	cp932	とくしゅなカミ　にかかれているメモ \nグレンの書いたと思われる日記のいちぶのようだ
romdata/DT/DT_ITEM_ALL_TXT0.FBC	dt_ITEM_ALL_TXT0.txtbin	526	cp932	とくしゅなカミ　にかかれているメモ \nグレンの書いたと思われる日記のいちぶのようだ
romdata/DT/DT_ITEM_ALL_TXT0.FBC	dt_ITEM_ALL_TXT0.txtbin	527	cp932	とくしゅなカミ　にかかれているメモ \nグレンの書いたと思われる日記のいちぶのようだ
romdata/DT/DT_ITEM_ALL_TXT0.FBC	dt_ITEM_ALL_TXT0.txtbin	528	cp932	とくしゅなカミ　にかかれているメモ \nグレンの書いたと思われる日記のいちぶのようだ
romdata/DT/DT_ITEM_ALL_TXT0.FBC	dt_ITEM_ALL_TXT0.txtbin	529	cp932	とくしゅなカミ　にかかれているメモ \nグレンの書いたと思われる日記のいちぶのようだ
romdata/DT/DT_ITEM_ALL_TXT0.FBC	dt_ITEM_ALL_TXT0.txtbin	530	cp932	とくしゅなカミ　にかかれているメモ \nグレンの書いたと思われる日記のいちぶのようだ
romdata/DT/DT_ITEM_ALL_TXT0.FBC	dt_ITEM_ALL_TXT0.txtbin	531	cp932	とくしゅなカミ　にかかれているメモ \nグレンの書いたと思われる日記のいちぶのようだ
romdata/DT/DT_ITEM_ALL_TXT0.FBC	dt_ITEM_ALL_TXT0.txtbin	532	cp932	とくしゅなカミ　にかかれているメモ \nグレンののこした{ESC}RD}1~A.R.T.{ESC}WT}1~のつかいかた
romdata/DT/DT_ITEM_ALL_TXT0.FBC	dt_ITEM_ALL_TXT0.txtbin	533	cp932	とくしゅなカミ　にかかれているメモ \nグレンののこした{ESC}RD}1~A.R.T.{ESC}WT}1~のつかいかた
romdata/DT/DT_ITEM_ALL_TXT0.FBC	dt_ITEM_ALL_TXT0.txtbin	534	cp932	とくしゅなカミ　にかかれているメモ \nグレンののこした{ESC}RD}1~A.R.T.{ESC}WT}1~のつかいかた
romdata/DT/DT_ITEM_ALL_TXT0.FBC	dt_ITEM_ALL_TXT0.txtbin	535	cp932	とくしゅなカミ　にかかれているメモ \nグレンののこした{ESC}RD}1~A.R.T.{ESC}WT}1~のつかいかた
romdata/DT/DT_ITEM_ALL_TXT0.FBC	dt_ITEM_ALL_TXT0.txtbin	538	cp932	ポップアップカード
romdata/DT/DT_ITEM_ALL_TXT0.FBC	dt_ITEM_ALL_TXT0.txtbin	539	cp932	ポップアップカード
romdata/DT/DT_ITEM_ALL_TXT0.FBC	dt_ITEM_ALL_TXT0.txtbin	540	cp932	ポップアップカード
romdata/DT/DT_ITEM_ALL_TXT0.FBC	dt_ITEM_ALL_TXT0.txtbin	541	cp932	ポップアップカード
romdata/DT/DT_ITEM_ALL_TXT0.FBC	dt_ITEM_ALL_TXT0.txtbin	542	cp932	ポップアップカード
romdata/DT/DT_ITEM_ALL_TXT0.FBC	dt_ITEM_ALL_TXT0.txtbin	543	cp932	ポップアップカード
romdata/DT/DT_ITEM_ALL_TXT0.FBC	dt_ITEM_ALL_TXT0.txtbin	544	cp932	ポップアップカード
romdata/DT/DT_ITEM_ALL_TXT0.FBC	dt_ITEM_ALL_TXT0.txtbin	545	cp932	ポップアップカード
romdata/DT/DT_ITEM_ALL_TXT0.FBC	dt_ITEM_ALL_TXT0.txtbin	546	cp932	ポップアップカード
romdata/DT/DT_ITEM_ALL_TXT0.FBC	dt_ITEM_ALL_TXT0.txtbin	547	cp932	ポップアップカード
romdata/DT/DT_ITEM_ALL_TXT0.FBC	dt_ITEM_ALL_TXT0.txtbin	548	cp932	ポップアップカード
romdata/DT/DT_ITEM_ALL_TXT0.FBC	dt_ITEM_ALL_TXT0.txtbin	549	cp932	ポップアップカード
romdata/DT/DT_ITEM_ALL_TXT0.FBC	dt_ITEM_ALL_TXT0.txtbin	550	cp932	ポップアップカード
romdata/DT/DT_ITEM_ALL_TXT0.FBC	dt_ITEM_ALL_TXT0.txtbin	551	cp932	ポップアップカード
romdata/DT/DT_ITEM_ALL_TXT0.FBC	dt_ITEM_ALL_TXT0.txtbin	552	cp932	ポップアップカード
romdata/DT/DT_ITEM_ALL_TXT0.FBC	dt_ITEM_ALL_TXT0.txtbin	553	cp932	ポップアップカード
romdata/DT/DT_ITEM_ALL_TXT0.FBC	dt_ITEM_ALL_TXT0.txtbin	554	cp932	ポップアップカード
romdata/DT/DT_ITEM_ALL_TXT0.FBC	dt_ITEM_ALL_TXT0.txtbin	555	cp932	ポップアップカード
romdata/DT/DT_ITEM_ALL_TXT0.FBC	dt_ITEM_ALL_TXT0.txtbin	556	cp932	ポップアップカード
romdata/DT/DT_ITEM_ALL_TXT0.FBC	dt_ITEM_ALL_TXT0.txtbin	557	cp932	ポップアップカード
romdata/DT/DT_ITEM_ALL_TXT0.FBC	dt_ITEM_ALL_TXT0.txtbin	558	cp932	ポップアップカード
romdata/DT/DT_ITEM_ALL_TXT0.FBC	dt_ITEM_ALL_TXT0.txtbin	559	cp932	ポップアップカード
romdata/DT/DT_ITEM_ALL_TXT0.FBC	dt_ITEM_ALL_TXT0.txtbin	560	cp932	ポップアップカード
romdata/DT/DT_ITEM_ALL_TXT0.FBC	dt_ITEM_ALL_TXT0.txtbin	561	cp932	ポップアップカード
romdata/DT/DT_ITEM_ALL_TXT0.FBC	dt_ITEM_ALL_TXT0.txtbin	562	cp932	ポップアップカード
romdata/DT/DT_ITEM_ALL_TXT0.FBC	dt_ITEM_ALL_TXT0.txtbin	563	cp932	ポップアップカード
romdata/DT/DT_ITEM_ALL_TXT0.FBC	dt_ITEM_ALL_TXT0.txtbin	564	cp932	ポップアップカード
romdata/DT/DT_ITEM_ALL_TXT0.FBC	dt_ITEM_ALL_TXT0.txtbin	565	cp932	ポップアップカード
romdata/DT/DT_ITEM_ALL_TXT0.FBC	dt_ITEM_ALL_TXT0.txtbin	566	cp932	ポップアップカード
romdata/DT/DT_ITEM_ALL_TXT0.FBC	dt_ITEM_ALL_TXT0.txtbin	567	cp932	ポップアップカード
romdata/DT/DT_ITEM_ALL_TXT0.FBC	dt_ITEM_ALL_TXT0.txtbin	568	cp932	ポップアップカード
romdata/DT/DT_ITEM_ALL_TXT0.FBC	dt_ITEM_ALL_TXT0.txtbin	569	cp932	ポップアップカード
romdata/DT/DT_ITEM_ALL_TXT0.FBC	dt_ITEM_ALL_TXT0.txtbin	570	cp932	ポップアップカード
romdata/DT/DT_ITEM_ALL_TXT0.FBC	dt_ITEM_ALL_TXT0.txtbin	571	cp932	ポップアップカード
romdata/DT/DT_ITEM_ALL_TXT0.FBC	dt_ITEM_ALL_TXT0.txtbin	572	cp932	ポップアップカード
romdata/DT/DT_ITEM_ALL_TXT0.FBC	dt_ITEM_ALL_TXT0.txtbin	573	cp932	ポップアップカード
romdata/DT/DT_ITEM_ALL_TXT0.FBC	dt_ITEM_ALL_TXT0.txtbin	574	cp932	ポップアップカード
romdata/DT/DT_ITEM_ALL_TXT0.FBC	dt_ITEM_ALL_TXT0.txtbin	575	cp932	ポップアップカード
romdata/DT/DT_ITEM_ALL_TXT0.FBC	dt_ITEM_ALL_TXT0.txtbin	576	cp932	ポップアップカード
romdata/DT/DT_ITEM_ALL_TXT0.FBC	dt_ITEM_ALL_TXT0.txtbin	577	cp932	ポップアップカード
romdata/DT/DT_ITEM_ALL_TXT0.FBC	dt_ITEM_ALL_TXT0.txtbin	578	cp932	ポップアップカード
romdata/DT/DT_ITEM_ALL_TXT0.FBC	dt_ITEM_ALL_TXT0.txtbin	579	cp932	ポップアップカード
romdata/DT/DT_ITEM_ALL_TXT0.FBC	dt_ITEM_ALL_TXT0.txtbin	580	cp932	ポップアップカード
romdata/DT/DT_ITEM_ALL_TXT0.FBC	dt_ITEM_ALL_TXT0.txtbin	581	cp932	ポップアップカード
romdata/DT/DT_ITEM_ALL_TXT0.FBC	dt_ITEM_ALL_TXT0.txtbin	582	cp932	ポップアップカード
romdata/DT/DT_ITEM_ALL_TXT0.FBC	dt_ITEM_ALL_TXT0.txtbin	583	cp932	ポップアップカード
romdata/DT/DT_ITEM_ALL_TXT0.FBC	dt_ITEM_ALL_TXT0.txtbin	584	cp932	ポップアップカード
romdata/DT/DT_ITEM_ALL_TXT0.FBC	dt_ITEM_ALL_TXT0.txtbin	585	cp932	ポップアップカード
romdata/DT/DT_ITEM_ALL_TXT0.FBC	dt_ITEM_ALL_TXT0.txtbin	586	cp932	ポップアップカード
romdata/DT/DT_ITEM_ALL_TXT0.FBC	dt_ITEM_ALL_TXT0.txtbin	587	cp932	ポップアップカード
romdata/DT/DT_ITEM_ALL_TXT0.FBC	dt_ITEM_ALL_TXT0.txtbin	588	cp932	ポップアップカード
romdata/DT/DT_ITEM_ALL_TXT0.FBC	dt_ITEM_ALL_TXT0.txtbin	589	cp932	ポップアップカード
romdata/DT/DT_ITEM_ALL_TXT0.FBC	dt_ITEM_ALL_TXT0.txtbin	590	cp932	ポップアップカード
romdata/DT/DT_ITEM_ALL_TXT0.FBC	dt_ITEM_ALL_TXT0.txtbin	591	cp932	ポップアップカード
romdata/DT/DT_ITEM_ALL_TXT0.FBC	dt_ITEM_ALL_TXT0.txtbin	592	cp932	ポップアップカード
romdata/DT/DT_ITEM_ALL_TXT0.FBC	dt_ITEM_ALL_TXT0.txtbin	593	cp932	ポップアップカード
romdata/DT/DT_ITEM_ALL_TXT0.FBC	dt_ITEM_ALL_TXT0.txtbin	594	cp932	ポップアップカード
romdata/DT/DT_ITEM_ALL_TXT0.FBC	dt_ITEM_ALL_TXT0.txtbin	595	cp932	ポップアップカード
romdata/DT/DT_ITEM_ALL_TXT0.FBC	dt_ITEM_ALL_TXT0.txtbin	596	cp932	ポップアップカード
romdata/DT/DT_ITEM_ALL_TXT0.FBC	dt_ITEM_ALL_TXT0.txtbin	597	cp932	ポップアップカード
romdata/DT/DT_ITEM_ALL_TXT0.FBC	dt_ITEM_ALL_TXT0.txtbin	598	cp932	ポップアップカード
romdata/DT/DT_ITEM_ALL_TXT0.FBC	dt_ITEM_ALL_TXT0.txtbin	599	cp932	ポップアップカード
romdata/DT/DT_ITEM_ALL_TXT0.FBC	dt_ITEM_ALL_TXT0.txtbin	600	cp932	ポップアップカード
romdata/DT/DT_ITEM_ALL_TXT0.FBC	dt_ITEM_ALL_TXT0.txtbin	601	cp932	ポップアップカード
romdata/DT/DT_ITEM_ALL_TXT0.FBC	dt_ITEM_ALL_TXT0.txtbin	602	cp932	ポップアップカード
romdata/DT/DT_ITEM_ALL_TXT0.FBC	dt_ITEM_ALL_TXT0.txtbin	603	cp932	ポップアップカード
romdata/DT/DT_ITEM_ALL_TXT0.FBC	dt_ITEM_ALL_TXT0.txtbin	604	cp932	ポップアップカード
romdata/DT/DT_ITEM_ALL_TXT0.FBC	dt_ITEM_ALL_TXT0.txtbin	605	cp932	ポップアップカード
romdata/DT/DT_ITEM_ALL_TXT0.FBC	dt_ITEM_ALL_TXT0.txtbin	606	cp932	ポップアップカード
romdata/DT/DT_ITEM_ALL_TXT0.FBC	dt_ITEM_ALL_TXT0.txtbin	607	cp932	ポップアップカード
romdata/DT/DT_ITEM_ALL_TXT0.FBC	dt_ITEM_ALL_TXT0.txtbin	608	cp932	ポップアップカード
romdata/DT/DT_ITEM_ALL_TXT0.FBC	dt_ITEM_ALL_TXT0.txtbin	609	cp932	ポップアップカード
romdata/DT/DT_ITEM_ALL_TXT0.FBC	dt_ITEM_ALL_TXT0.txtbin	610	cp932	ポップアップカード
romdata/DT/DT_ITEM_ALL_TXT0.FBC	dt_ITEM_ALL_TXT0.txtbin	611	cp932	ポップアップカード
romdata/DT/DT_ITEM_ALL_TXT0.FBC	dt_ITEM_ALL_TXT0.txtbin	612	cp932	ポップアップカード
romdata/DT/DT_ITEM_ALL_TXT0.FBC	dt_ITEM_ALL_TXT0.txtbin	613	cp932	ポップアップカード
romdata/DT/DT_ITEM_ALL_TXT0.FBC	dt_ITEM_ALL_TXT0.txtbin	614	cp932	ポップアップカード
romdata/DT/DT_ITEM_ALL_TXT0.FBC	dt_ITEM_ALL_TXT0.txtbin	615	cp932	ポップアップカード
romdata/DT/DT_ITEM_ALL_TXT0.FBC	dt_ITEM_ALL_TXT0.txtbin	616	cp932	ポップアップカード
romdata/DT/DT_ITEM_ALL_TXT0.FBC	dt_ITEM_ALL_TXT0.txtbin	617	cp932	ポップアップカード
romdata/DT/DT_ITEM_ALL_TXT0.FBC	dt_ITEM_ALL_TXT0.txtbin	618	cp932	ポップアップカード
romdata/DT/DT_ITEM_ALL_TXT0.FBC	dt_ITEM_ALL_TXT0.txtbin	619	cp932	ポップアップカード
romdata/DT/DT_ITEM_ALL_TXT0.FBC	dt_ITEM_ALL_TXT0.txtbin	620	cp932	ポップアップカード
romdata/DT/DT_ITEM_ALL_TXT0.FBC	dt_ITEM_ALL_TXT0.txtbin	621	cp932	ポップアップカード
romdata/DT/DT_ITEM_ALL_TXT0.FBC	dt_ITEM_ALL_TXT0.txtbin	622	cp932	ポップアップカード
romdata/DT/DT_ITEM_ALL_TXT0.FBC	dt_ITEM_ALL_TXT0.txtbin	623	cp932	ポップアップカード
romdata/DT/DT_ITEM_ALL_TXT0.FBC	dt_ITEM_ALL_TXT0.txtbin	624	cp932	ポップアップカード
romdata/DT/DT_ITEM_ALL_TXT0.FBC	dt_ITEM_ALL_TXT0.txtbin	625	cp932	ポップアップカード
romdata/DT/DT_ITEM_ALL_TXT0.FBC	dt_ITEM_ALL_TXT0.txtbin	626	cp932	ポップアップカード
romdata/DT/DT_ITEM_ALL_TXT0.FBC	dt_ITEM_ALL_TXT0.txtbin	627	cp932	ポップアップカード
romdata/DT/DT_ITEM_ALL_TXT0.FBC	dt_ITEM_ALL_TXT0.txtbin	628	cp932	ポップアップカード
romdata/DT/DT_ITEM_ALL_TXT0.FBC	dt_ITEM_ALL_TXT0.txtbin	629	cp932	ポップアップカード
romdata/DT/DT_ITEM_ALL_TXT0.FBC	dt_ITEM_ALL_TXT0.txtbin	630	cp932	ポップアップカード
romdata/DT/DT_ITEM_ALL_TXT0.FBC	dt_ITEM_ALL_TXT0.txtbin	631	cp932	ポップアップカード
romdata/DT/DT_ITEM_ALL_TXT0.FBC	dt_ITEM_ALL_TXT0.txtbin	632	cp932	ポップアップカード
romdata/DT/DT_ITEM_ALL_TXT0.FBC	dt_ITEM_ALL_TXT0.txtbin	633	cp932	ポップアップカード
romdata/DT/DT_ITEM_ALL_TXT0.FBC	dt_ITEM_ALL_TXT0.txtbin	634	cp932	ポップアップカード
romdata/DT/DT_ITEM_ALL_TXT0.FBC	dt_ITEM_ALL_TXT0.txtbin	635	cp932	ポップアップカード
romdata/DT/DT_ITEM_ALL_TXT0.FBC	dt_ITEM_ALL_TXT0.txtbin	636	cp932	ポップアップカード
romdata/DT/DT_ITEM_ALL_TXT0.FBC	dt_ITEM_ALL_TXT0.txtbin	637	cp932	ポップアップカード
romdata/DT/DT_ITEM_ALL_TXT0.FBC	dt_ITEM_ALL_TXT0.txtbin	638	cp932	ポップアップカード
romdata/DT/DT_ITEM_ALL_TXT0.FBC	dt_ITEM_ALL_TXT0.txtbin	639	cp932	ポップアップカード
romdata/DT/DT_ITEM_ALL_TXT0.FBC	dt_ITEM_ALL_TXT0.txtbin	640	cp932	ポップアップカード
romdata/DT/DT_ITEM_ALL_TXT0.FBC	dt_ITEM_ALL_TXT0.txtbin	641	cp932	ポップアップカード
romdata/DT/DT_ITEM_ALL_TXT0.FBC	dt_ITEM_ALL_TXT0.txtbin	642	cp932	ポップアップカード
romdata/DT/DT_ITEM_ALL_TXT0.FBC	dt_ITEM_ALL_TXT0.txtbin	643	cp932	ポップアップカード
romdata/DT/DT_ITEM_ALL_TXT0.FBC	dt_ITEM_ALL_TXT0.txtbin	644	cp932	ポップアップカード
romdata/DT/DT_ITEM_ALL_TXT0.FBC	dt_ITEM_ALL_TXT0.txtbin	645	cp932	ポップアップカード
romdata/DT/DT_ITEM_ALL_TXT0.FBC	dt_ITEM_ALL_TXT0.txtbin	646	cp932	ポップアップカード
romdata/DT/DT_ITEM_ALL_TXT0.FBC	dt_ITEM_ALL_TXT0.txtbin	647	cp932	ポップアップカード
romdata/DT/DT_ITEM_ALL_TXT0.FBC	dt_ITEM_ALL_TXT0.txtbin	648	cp932	ポップアップカード
romdata/DT/DT_ITEM_ALL_TXT0.FBC	dt_ITEM_ALL_TXT0.txtbin	649	cp932	ポップアップカード
romdata/DT/DT_ITEM_ALL_TXT0.FBC	dt_ITEM_ALL_TXT0.txtbin	650	cp932	ポップアップカード
romdata/DT/DT_ITEM_ALL_TXT0.FBC	dt_ITEM_ALL_TXT0.txtbin	651	cp932	ポップアップカード
romdata/DT/DT_ITEM_ALL_TXT0.FBC	dt_ITEM_ALL_TXT0.txtbin	652	cp932	ポップアップカード
romdata/DT/DT_ITEM_ALL_TXT0.FBC	dt_ITEM_ALL_TXT0.txtbin	653	cp932	ポップアップカード
romdata/DT/DT_ITEM_ALL_TXT0.FBC	dt_ITEM_ALL_TXT0.txtbin	654	cp932	ポップアップカード
romdata/DT/DT_ITEM_ALL_TXT0.FBC	dt_ITEM_ALL_TXT0.txtbin	655	cp932	ポップアップカード
romdata/DT/DT_ITEM_ALL_TXT0.FBC	dt_ITEM_ALL_TXT0.txtbin	656	cp932	ポップアップカード
romdata/DT/DT_ITEM_ALL_TXT0.FBC	dt_ITEM_ALL_TXT0.txtbin	657	cp932	ポップアップカード
romdata/DT/DT_ITEM_ALL_TXT0.FBC	dt_ITEM_ALL_TXT0.txtbin	658	cp932	ポップアップカード
romdata/DT/DT_ITEM_ALL_TXT0.FBC	dt_ITEM_ALL_TXT0.txtbin	659	cp932	ポップアップカード
romdata/DT/DT_ITEM_ALL_TXT0.FBC	dt_ITEM_ALL_TXT0.txtbin	660	cp932	ポップアップカード
romdata/DT/DT_ITEM_ALL_TXT0.FBC	dt_ITEM_ALL_TXT0.txtbin	661	cp932	ポップアップカード
romdata/DT/DT_ITEM_ALL_TXT0.FBC	dt_ITEM_ALL_TXT0.txtbin	662	cp932	ポップアップカード
romdata/DT/DT_ITEM_ALL_TXT0.FBC	dt_ITEM_ALL_TXT0.txtbin	663	cp932	ポップアップカード
romdata/DT/DT_ITEM_ALL_TXT0.FBC	dt_ITEM_ALL_TXT0.txtbin	664	cp932	ポップアップカード
romdata/DT/DT_ITEM_ALL_TXT0.FBC	dt_ITEM_ALL_TXT0.txtbin	665	cp932	ポップアップカード
romdata/DT/DT_ITEM_ALL_TXT0.FBC	dt_ITEM_ALL_TXT0.txtbin	666	cp932	ポップアップカード
romdata/DT/DT_ITEM_ALL_TXT0.FBC	dt_ITEM_ALL_TXT0.txtbin	667	cp932	ポップアップカード
romdata/DT/DT_ITEM_ALL_TXT0.FBC	dt_ITEM_ALL_TXT0.txtbin	668	cp932	ポップアップカード
romdata/DT/DT_ITEM_ALL_TXT0.FBC	dt_ITEM_ALL_TXT0.txtbin	669	cp932	ポップアップカード
romdata/DT/DT_ITEM_ALL_TXT0.FBC	dt_ITEM_ALL_TXT0.txtbin	670	cp932	ポップアップカード
romdata/DT/DT_ITEM_ALL_TXT0.FBC	dt_ITEM_ALL_TXT0.txtbin	671	cp932	ポップアップカード
romdata/DT/DT_ITEM_ALL_TXT0.FBC	dt_ITEM_ALL_TXT0.txtbin	672	cp932	ポップアップカード
romdata/DT/DT_ITEM_ALL_TXT0.FBC	dt_ITEM_ALL_TXT0.txtbin	673	cp932	ポップアップカード
romdata/DT/DT_ITEM_ALL_TXT0.FBC	dt_ITEM_ALL_TXT0.txtbin	674	cp932	ポップアップカード
romdata/DT/DT_ITEM_ALL_TXT0.FBC	dt_ITEM_ALL_TXT0.txtbin	675	cp932	ポップアップカード
romdata/DT/DT_ITEM_ALL_TXT0.FBC	dt_ITEM_ALL_TXT0.txtbin	676	cp932	ポップアップカード
romdata/DT/DT_ITEM_ALL_TXT0.FBC	dt_ITEM_ALL_TXT0.txtbin	677	cp932	ポップアップカード
romdata/DT/DT_ITEM_ALL_TXT0.FBC	dt_ITEM_ALL_TXT0.txtbin	678	cp932	ポップアップカード
romdata/DT/DT_ITEM_ALL_TXT0.FBC	dt_ITEM_ALL_TXT0.txtbin	679	cp932	ポップアップカード
romdata/DT/DT_ITEM_ALL_TXT0.FBC	dt_ITEM_ALL_TXT0.txtbin	680	cp932	ポップアップカード
romdata/DT/DT_ITEM_ALL_TXT0.FBC	dt_ITEM_ALL_TXT0.txtbin	681	cp932	これで買い物ができる\nたんいは{ESC}YL}1~ギル{ESC}WT}1~
romdata/DT/DT_ITEM_ALL_TXT0.FBC	dt_ITEM_ALL_TXT0.txtbin	682	cp932	これをあつめるとジョブＬｖが上がる
romdata/DT/DT_ITEM_ALL_TXT1.FBC	dt_ITEM_ALL_TXT1.txtbin	0	cp932	ボロボロにさびたツメ \nなにもつけないよりはまし \n \n \nきほんこうげき力：%d
romdata/DT/DT_ITEM_ALL_TXT1.FBC	dt_ITEM_ALL_TXT1.txtbin	1	cp932	かわでできたツメ \n \n \n{ESC}YL}1~さびない{ESC}WT}1~ \nきほんこうげき力：%d
romdata/DT/DT_ITEM_ALL_TXT1.FBC	dt_ITEM_ALL_TXT1.txtbin	2	cp932	かしの木でできたツメ \n \n \n{ESC}YL}1~さびない{ESC}WT}1~ \nきほんこうげき力：%d
romdata/DT/DT_ITEM_ALL_TXT1.FBC	dt_ITEM_ALL_TXT1.txtbin	3	cp932	せいどうで強化されたツメ \n \n \n \nきほんこうげき力：%d
romdata/DT/DT_ITEM_ALL_TXT1.FBC	dt_ITEM_ALL_TXT1.txtbin	4	cp932	どうで強化されたツメ \n \n \n \nきほんこうげき力：%d
romdata/DT/DT_ITEM_ALL_TXT1.FBC	dt_ITEM_ALL_TXT1.txtbin	5	cp932	てつで強化されたツメ \n \n \n \nきほんこうげき力：%d
romdata/DT/DT_ITEM_ALL_TXT1.FBC	dt_ITEM_ALL_TXT1.txtbin	6	cp932	ハガネで強化されたツメ \n \n \n \nきほんこうげき力：%d
romdata/DT/DT_ITEM_ALL_TXT1.FBC	dt_ITEM_ALL_TXT1.txtbin	7	cp932	さんごで強化されたツメ \n \n \n{ESC}YL}1~さびない{ESC}WT}1~ \nきほんこうげき力：%d
romdata/DT/DT_ITEM_ALL_TXT1.FBC	dt_ITEM_ALL_TXT1.txtbin	8	cp932	ミスリルで強化されたツメ \n \n \nきほんこうげき力：%d
romdata/DT/DT_ITEM_ALL_TXT1.FBC	dt_ITEM_ALL_TXT1.txtbin	9	cp932	ガーネットがはめ込まれたツメ \n \n \n{ESC}YL}1~さびない{ESC}WT}1~ \nきほんこうげき力：%d
romdata/DT/DT_ITEM_ALL_TXT1.FBC	dt_ITEM_ALL_TXT1.txtbin	10	cp932	エメラルドがはめ込まれたツメ \n \n \n{ESC}YL}1~さびない{ESC}WT}1~ \nきほんこうげき力：%d
romdata/DT/DT_ITEM_ALL_TXT1.FBC	dt_ITEM_ALL_TXT1.txtbin	11	cp932	サファイアがはめ込まれたツメ \n \n \n{ESC}YL}1~さびない{ESC}WT}1~ \nきほんこうげき力：%d
romdata/DT/DT_ITEM_ALL_TXT1.FBC	dt_ITEM_ALL_TXT1.txtbin	12	cp932	ルビーがはめ込まれたツメ \n \n \n{ESC}YL}1~さびない{ESC}WT}1~ \nきほんこうげき力：%d
romdata/DT/DT_ITEM_ALL_TXT1.FBC	dt_ITEM_ALL_TXT1.txtbin	13	cp932	ダイヤがはめ込まれたツメ \n \n \n{ESC}YL}1~さびない{ESC}WT}1~ \nきほんこうげき力：%d
romdata/DT/DT_ITEM_ALL_TXT1.FBC	dt_ITEM_ALL_TXT1.txtbin	14	cp932	プラチナで強化されたツメ \n \n \n{ESC}YL}1~さびない{ESC}WT}1~ \nきほんこうげき力：%d
romdata/DT/DT_ITEM_ALL_TXT1.FBC	dt_ITEM_ALL_TXT1.txtbin	15	cp932	黒鉄鉱で作られた強力なツメ \n \n \n \nきほんこうげき力：%d
romdata/DT/DT_ITEM_ALL_TXT1.FBC	dt_ITEM_ALL_TXT1.txtbin	16	cp932	魔法の文字で強化されたツメ \n \n \n \nきほんこうげき力：%d
romdata/DT/DT_ITEM_ALL_TXT1.FBC	dt_ITEM_ALL_TXT1.txtbin	17	cp932	チタンで強化されたツメ \n \n \n \nきほんこうげき力：%d
romdata/DT/DT_ITEM_ALL_TXT1.FBC	dt_ITEM_ALL_TXT1.txtbin	18	cp932	アダマン鉱で強化されたツメ \n \n \n \nきほんこうげき力：%d
romdata/DT/DT_ITEM_ALL_TXT1.FBC	dt_ITEM_ALL_TXT1.txtbin	19	cp932	クリスタルで強化されたツメ \n \n \n{ESC}YL}1~さびない{ESC}WT}1~ \nきほんこうげき力：%d
romdata/DT/DT_ITEM_ALL_TXT1.FBC	dt_ITEM_ALL_TXT1.txtbin	20	cp932	オリハルコンで強化されたツメ \n \n \n \nきほんこうげき力：%d
romdata/DT/DT_ITEM_ALL_TXT1.FBC	dt_ITEM_ALL_TXT1.txtbin	21	cp932	ダマスカスで強化されたツメ \n \n \n \nきほんこうげき力：%d
romdata/DT/DT_ITEM_ALL_TXT1.FBC	dt_ITEM_ALL_TXT1.txtbin	22	cp932	王者だけが持てるツメ \n \n \n \nきほんこうげき力：%d
romdata/DT/DT_ITEM_ALL_TXT1.FBC	dt_ITEM_ALL_TXT1.txtbin	23	cp932	はるか東方より伝わるツメ \n \n \n \nきほんこうげき力：%d
romdata/DT/DT_ITEM_ALL_TXT1.FBC	dt_ITEM_ALL_TXT1.txtbin	24	cp932	イルマ一族の秘宝 \n \n \n \nきほんこうげき力：%d
romdata/DT/DT_ITEM_ALL_TXT1.FBC	dt_ITEM_ALL_TXT1.txtbin	25	cp932	きゅうきょくのツメ！ \n \n \n{ESC}YL}1~さびない{ESC}WT}1~ \nきほんこうげき力：%d
romdata/DT/DT_ITEM_ALL_TXT1.FBC	dt_ITEM_ALL_TXT1.txtbin	26	cp932	火の力をやどすツメ \n \n \n \nきほんこうげき力：%d
romdata/DT/DT_ITEM_ALL_TXT1.FBC	dt_ITEM_ALL_TXT1.txtbin	27	cp932	水の力をやどすツメ \n \n \n \nきほんこうげき力：%d
romdata/DT/DT_ITEM_ALL_TXT1.FBC	dt_ITEM_ALL_TXT1.txtbin	28	cp932	氷の力をやどすツメ \n \n \n \nきほんこうげき力：%d
romdata/DT/DT_ITEM_ALL_TXT1.FBC	dt_ITEM_ALL_TXT1.txtbin	29	cp932	雷の力をやどすツメ \n \n \n \nきほんこうげき力：%d
romdata/DT/DT_ITEM_ALL_TXT1.FBC	dt_ITEM_ALL_TXT1.txtbin	30	cp932	土の力をやどすツメ \n \n \n \nきほんこうげき力：%d
romdata/DT/DT_ITEM_ALL_TXT1.FBC	dt_ITEM_ALL_TXT1.txtbin	31	cp932	光の力をやどすツメ \n \n \n \nきほんこうげき力：%d
romdata/DT/DT_ITEM_ALL_TXT1.FBC	dt_ITEM_ALL_TXT1.txtbin	32	cp932	金で作られたぜいたくなツメ \n \n \n{ESC}YL}1~さびない{ESC}WT}1~ \nきほんこうげき力：%d
romdata/DT/DT_ITEM_ALL_TXT1.FBC	dt_ITEM_ALL_TXT1.txtbin	33	cp932	てきをときどき \nどく　にできる \n \n \nきほんこうげき力：%d
romdata/DT/DT_ITEM_ALL_TXT1.FBC	dt_ITEM_ALL_TXT1.txtbin	34	cp932	聖なる力できよめられたツメ \n呪いを防ぐことができる \n \n \nきほんこうげき力：%d
romdata/DT/DT_ITEM_ALL_TXT1.FBC	dt_ITEM_ALL_TXT1.txtbin	35	cp932	てきをときどき \nくらやみ　にできる \n \n \nきほんこうげき力：%d
romdata/DT/DT_ITEM_ALL_TXT1.FBC	dt_ITEM_ALL_TXT1.txtbin	36	cp932	てきをときどき \nちんもく　にできる \n \n \nきほんこうげき力：%d
romdata/DT/DT_ITEM_ALL_TXT1.FBC	dt_ITEM_ALL_TXT1.txtbin	37	cp932	てきをときどき \nすいみん　にできる \n \n \nきほんこうげき力：%d
romdata/DT/DT_ITEM_ALL_TXT1.FBC	dt_ITEM_ALL_TXT1.txtbin	38	cp932	てきをときどき \nこんらん　にできる \n \n \nきほんこうげき力：%d
romdata/DT/DT_ITEM_ALL_TXT1.FBC	dt_ITEM_ALL_TXT1.txtbin	39	cp932	てきをときどき \nスロウ　にできる \n \n \nきほんこうげき力：%d
romdata/DT/DT_ITEM_ALL_TXT1.FBC	dt_ITEM_ALL_TXT1.txtbin	40	cp932	とてもかたく『合成』 \n『たんれん』が　できない \n \n \nきほんこうげき力：%d
romdata/DT/DT_ITEM_ALL_TXT1.FBC	dt_ITEM_ALL_TXT1.txtbin	41	cp932	このツメを手に入れてから \n金運がみるみるアップ！ \n \n \nきほんこうげき力：%d
romdata/DT/DT_ITEM_ALL_TXT1.FBC	dt_ITEM_ALL_TXT1.txtbin	42	cp932	このツメを手に入れてから \nとっても幸せに！ \n \n \nきほんこうげき力：%d
romdata/DT/DT_ITEM_ALL_TXT1.FBC	dt_ITEM_ALL_TXT1.txtbin	43	cp932	てきがギルもアイテムも \n落とさなくなる \n \n \nきほんこうげき力：%d
romdata/DT/DT_ITEM_ALL_TXT1.FBC	dt_ITEM_ALL_TXT1.txtbin	44	cp932	怒りにより力がふえるツメ \n \n \nきほんこうげき力：%d
romdata/DT/DT_ITEM_ALL_TXT1.FBC	dt_ITEM_ALL_TXT1.txtbin	45	cp932	てきをときどき \nドンムブ　にできる \n \n \nきほんこうげき力：%d
romdata/DT/DT_ITEM_ALL_TXT1.FBC	dt_ITEM_ALL_TXT1.txtbin	46	cp932	前方３方向のてきを \nワイドに攻撃できるツメ \n \n \nきほんこうげき力：%d
romdata/DT/DT_ITEM_ALL_TXT1.FBC	dt_ITEM_ALL_TXT1.txtbin	47	cp932	クリティカルが出やすいツメ \n \n \nきほんこうげき力：%d
romdata/DT/DT_ITEM_ALL_TXT1.FBC	dt_ITEM_ALL_TXT1.txtbin	48	cp932	このツメを手に入れてから \nアイテム運がみるみるアップ！ \n \n \nきほんこうげき力：%d
romdata/DT/DT_ITEM_ALL_TXT1.FBC	dt_ITEM_ALL_TXT1.txtbin	49	cp932	巨人族に \n大ダメージをあたえるツメ \n \n \nきほんこうげき力：%d
romdata/DT/DT_ITEM_ALL_TXT1.FBC	dt_ITEM_ALL_TXT1.txtbin	50	cp932	不死族に \n大ダメージをあたえるツメ \n \n \nきほんこうげき力：%d
romdata/DT/DT_ITEM_ALL_TXT1.FBC	dt_ITEM_ALL_TXT1.txtbin	51	cp932	悪魔族に \n大ダメージをあたえるツメ \n \n \nきほんこうげき力：%d
romdata/DT/DT_ITEM_ALL_TXT1.FBC	dt_ITEM_ALL_TXT1.txtbin	52	cp932	竜族に \n大ダメージをあたえるツメ \n \n \nきほんこうげき力：%d
romdata/DT/DT_ITEM_ALL_TXT1.FBC	dt_ITEM_ALL_TXT1.txtbin	53	cp932	精霊族に \n大ダメージをあたえるツメ \n \n \nきほんこうげき力：%d
romdata/DT/DT_ITEM_ALL_TXT1.FBC	dt_ITEM_ALL_TXT1.txtbin	54	cp932	浮遊族に \n大ダメージをあたえるツメ \n \n \nきほんこうげき力：%d
romdata/DT/DT_ITEM_ALL_TXT1.FBC	dt_ITEM_ALL_TXT1.txtbin	60	cp932	さびてボロボロになったギア \n \n \n \nきほんこうげき力：%d
romdata/DT/DT_ITEM_ALL_TXT1.FBC	dt_ITEM_ALL_TXT1.txtbin	61	cp932	かるくあつかいやすいギア \n \n \n \nきほんこうげき力：%d
romdata/DT/DT_ITEM_ALL_TXT1.FBC	dt_ITEM_ALL_TXT1.txtbin	62	cp932	手になじみ　あつかいやすいギア \n \n \n \nきほんこうげき力：%d
romdata/DT/DT_ITEM_ALL_TXT1.FBC	dt_ITEM_ALL_TXT1.txtbin	63	cp932	うでに取りつけるギア \n \n \n \nきほんこうげき力：%d
romdata/DT/DT_ITEM_ALL_TXT1.FBC	dt_ITEM_ALL_TXT1.txtbin	64	cp932	ハカイを目的としたギア \n \n \n \nきほんこうげき力：%d
romdata/DT/DT_ITEM_ALL_TXT1.FBC	dt_ITEM_ALL_TXT1.txtbin	65	cp932	てきがおそれるギア \n \n \n \nきほんこうげき力：%d
romdata/DT/DT_ITEM_ALL_TXT1.FBC	dt_ITEM_ALL_TXT1.txtbin	66	cp932	大型だが \nとてもあつかいやすいギア　 \n \n \nきほんこうげき力：%d
romdata/DT/DT_ITEM_ALL_TXT1.FBC	dt_ITEM_ALL_TXT1.txtbin	67	cp932	女神の名を刻むギア \n \n \n \nきほんこうげき力：%d
romdata/DT/DT_ITEM_ALL_TXT1.FBC	dt_ITEM_ALL_TXT1.txtbin	68	cp932	光を射るギア \n \n \n \nきほんこうげき力：%d
romdata/DT/DT_ITEM_ALL_TXT1.FBC	dt_ITEM_ALL_TXT1.txtbin	69	cp932	銅で作られたギア \n \n \n \nきほんこうげき力：%d
romdata/DT/DT_ITEM_ALL_TXT1.FBC	dt_ITEM_ALL_TXT1.txtbin	70	cp932	鉄で作られたギア \n \n \n \nきほんこうげき力：%d
romdata/DT/DT_ITEM_ALL_TXT1.FBC	dt_ITEM_ALL_TXT1.txtbin	71	cp932	魔法の鉱石ミスリルで \n強化されたギア \n \n \nきほんこうげき力：%d
romdata/DT/DT_ITEM_ALL_TXT1.FBC	dt_ITEM_ALL_TXT1.txtbin	72	cp932	黒鉄鉱で強化されたギア \n \n \n \nきほんこうげき力：%d
romdata/DT/DT_ITEM_ALL_TXT1.FBC	dt_ITEM_ALL_TXT1.txtbin	73	cp932	アダマン鉱で強化されたギア \n \n \n \nきほんこうげき力：%d
romdata/DT/DT_ITEM_ALL_TXT1.FBC	dt_ITEM_ALL_TXT1.txtbin	74	cp932	オリハルコンで強化されたギア \n \n \n \nきほんこうげき力：%d
romdata/DT/DT_ITEM_ALL_TXT1.FBC	dt_ITEM_ALL_TXT1.txtbin	75	cp932	ダマスカスで強化されたギア \n \n \n \nきほんこうげき力：%d
romdata/DT/DT_ITEM_ALL_TXT1.FBC	dt_ITEM_ALL_TXT1.txtbin	76	cp932	レアメタルで作られた強力なギア \n \n \n \nきほんこうげき力：%d
romdata/DT/DT_ITEM_ALL_TXT1.FBC	dt_ITEM_ALL_TXT1.txtbin	77	cp932	古代人が作ったと思われる \n謎テクノロジーのギア \n \n \nきほんこうげき力：%d
romdata/DT/DT_ITEM_ALL_TXT1.FBC	dt_ITEM_ALL_TXT1.txtbin	78	cp932	古代のワザで作られた \n重力てんかんテクノロジーで \nてきをはかいするギア \n \nきほんこうげき力：%d
romdata/DT/DT_ITEM_ALL_TXT1.FBC	dt_ITEM_ALL_TXT1.txtbin	79	cp932	古代のワザで作られた \n重力てんかんテクノロジーで \nてきをはめつさせるギア \n \nきほんこうげき力：%d
romdata/DT/DT_ITEM_ALL_TXT1.FBC	dt_ITEM_ALL_TXT1.txtbin	80	cp932	古代人が作ったと思われる \n異国のつくりの謎のギア \n \n \nきほんこうげき力：%d
romdata/DT/DT_ITEM_ALL_TXT1.FBC	dt_ITEM_ALL_TXT1.txtbin	81	cp932	異国のワザで作られた \nきしんの名をかんするギア \n \n \nきほんこうげき力：%d
romdata/DT/DT_ITEM_ALL_TXT1.FBC	dt_ITEM_ALL_TXT1.txtbin	82	cp932	異国のワザで作られた \nめいこうのつくったギア \n \n \nきほんこうげき力：%d
romdata/DT/DT_ITEM_ALL_TXT1.FBC	dt_ITEM_ALL_TXT1.txtbin	83	cp932	異国のワザで作られた \nてきをつらぬき　きる \nあるえいゆうが使ったとされるギア \n \nきほんこうげき力：%d
romdata/DT/DT_ITEM_ALL_TXT1.FBC	dt_ITEM_ALL_TXT1.txtbin	84	cp932	異国のワザで作られた \nてきをつらぬき　たつ \nでんせつのめいこうのきたえたギア \nきほんこうげき力：%d
romdata/DT/DT_ITEM_ALL_TXT1.FBC	dt_ITEM_ALL_TXT1.txtbin	85	cp932	異国の神により \nつかわされたとされる \nてきをつらぬき　めっす \nおそるべきギア \nきほんこうげき力：%d
romdata/DT/DT_ITEM_ALL_TXT1.FBC	dt_ITEM_ALL_TXT1.txtbin	86	cp932	古代人が作ったと思われる \n謎エネルギーで動くギア \n \n \nきほんこうげき力：%d
romdata/DT/DT_ITEM_ALL_TXT1.FBC	dt_ITEM_ALL_TXT1.txtbin	87	cp932	古代のワザで作られたギア \nおんぱエネルギーをほうしゅつ \n \n \nきほんこうげき力：%d
romdata/DT/DT_ITEM_ALL_TXT1.FBC	dt_ITEM_ALL_TXT1.txtbin	88	cp932	古代のワザで作られたギア \n光子エネルギーをほうしゅつ \n \n \nきほんこうげき力：%d
romdata/DT/DT_ITEM_ALL_TXT1.FBC	dt_ITEM_ALL_TXT1.txtbin	89	cp932	古代のワザで作られたギア \nフォースエネルギーをほうしゅつ \n \n \nきほんこうげき力：%d
romdata/DT/DT_ITEM_ALL_TXT1.FBC	dt_ITEM_ALL_TXT1.txtbin	90	cp932	古代のワザで作られたギア \nげんしエネルギーをほうしゅつ \n \n \nきほんこうげき力：%d
romdata/DT/DT_ITEM_ALL_TXT1.FBC	dt_ITEM_ALL_TXT1.txtbin	91	cp932	古代のワザで作られたギア \nはどうエネルギーをほうしゅつ \nぜつだいなはかいりょく \n \nきほんこうげき力：%d
romdata/DT/DT_ITEM_ALL_TXT1.FBC	dt_ITEM_ALL_TXT1.txtbin	92	cp932	天かけるトリ \nの異名をもつ \n星のパワーを秘めたギア \n \nきほんこうげき力：%d
romdata/DT/DT_ITEM_ALL_TXT1.FBC	dt_ITEM_ALL_TXT1.txtbin	93	cp932	小さきヤギ \nの異名をもつ \n星のパワーを秘めたギア \n \nきほんこうげき力：%d
romdata/DT/DT_ITEM_ALL_TXT1.FBC	dt_ITEM_ALL_TXT1.txtbin	94	cp932	とどまりしワシ \nの異名をもつ \n星のパワーを秘めたギア \n \nきほんこうげき力：%d
romdata/DT/DT_ITEM_ALL_TXT1.FBC	dt_ITEM_ALL_TXT1.txtbin	95	cp932	かがやくモノ \nの異名をもつ \n星のパワーを秘めたギア \n \nきほんこうげき力：%d
romdata/DT/DT_ITEM_ALL_TXT1.FBC	dt_ITEM_ALL_TXT1.txtbin	96	cp932	白きヒツジ \nの異名をもつ \n星のパワーを秘めたギア \n \nきほんこうげき力：%d
romdata/DT/DT_ITEM_ALL_TXT1.FBC	dt_ITEM_ALL_TXT1.txtbin	97	cp932	ひざまづかせるモノ \nの異名をもつ \n星のパワーを秘めたギア \n \nきほんこうげき力：%d
romdata/DT/DT_ITEM_ALL_TXT1.FBC	dt_ITEM_ALL_TXT1.txtbin	98	cp932	あとにつづくモノ \nの異名をもつ \n星のパワーを秘めたギア \n \nきほんこうげき力：%d
romdata/DT/DT_ITEM_ALL_TXT1.FBC	dt_ITEM_ALL_TXT1.txtbin	99	cp932	ほこさき \nの異名をもつ \n星のかがやきをはなつギア \n \nきほんこうげき力：%d
romdata/DT/DT_ITEM_ALL_TXT1.FBC	dt_ITEM_ALL_TXT1.txtbin	100	cp932	サソリのしんぞう \nの異名をもつ \n星のかがやきをはなつギア \n \nきほんこうげき力：%d
romdata/DT/DT_ITEM_ALL_TXT1.FBC	dt_ITEM_ALL_TXT1.txtbin	101	cp932	かりゅうど \nの異名をもつ \n星のかがやきをはなつギア \n \nきほんこうげき力：%d
romdata/DT/DT_ITEM_ALL_TXT1.FBC	dt_ITEM_ALL_TXT1.txtbin	102	cp932	全てをのみこむもの \nの異名をもつ \n星のかがやきをはなつ \nまばゆいギア \nきほんこうげき力：%d
romdata/DT/DT_ITEM_ALL_TXT1.FBC	dt_ITEM_ALL_TXT1.txtbin	103	cp932	ばくれつ　あんそくの \n魔法式がきざまれているギア \n \n \nきほんこうげき力：%d
romdata/DT/DT_ITEM_ALL_TXT1.FBC	dt_ITEM_ALL_TXT1.txtbin	104	cp932	ばくれつ　あんそく　たいまの \n魔法式がきざまれているギア \n \n \nきほんこうげき力：%d
romdata/DT/DT_ITEM_ALL_TXT1.FBC	dt_ITEM_ALL_TXT1.txtbin	105	cp932	ばくれつ　あんそく　たいま \nしゅくたいの \n魔法式がきざまれているギア \n \nきほんこうげき力：%d
romdata/DT/DT_ITEM_ALL_TXT1.FBC	dt_ITEM_ALL_TXT1.txtbin	106	cp932	ばくれつ　あんそく　たいま \nしゅくたい　りゅうめつの \n魔法式がきざまれているギア \n \nきほんこうげき力：%d
romdata/DT/DT_ITEM_ALL_TXT1.FBC	dt_ITEM_ALL_TXT1.txtbin	107	cp932	ばくれつ　あんそく　たいま \nしゅくたい りゅうめつ ついらくの \n魔法ほうてい式がきざまれたギア \n{ESC}YL}1~さびない{ESC}WT}1~ \nきほんこうげき力：%d
romdata/DT/DT_ITEM_ALL_TXT1.FBC	dt_ITEM_ALL_TXT1.txtbin	110	cp932	ボロボロにさびたクラ \nなにもつけないよりはまし \n \n \nきほんぼうぎょ力：%d
romdata/DT/DT_ITEM_ALL_TXT1.FBC	dt_ITEM_ALL_TXT1.txtbin	111	cp932	かわでできたクラ \n \n \n{ESC}YL}1~さびない{ESC}WT}1~ \nきほんぼうぎょ力：%d
romdata/DT/DT_ITEM_ALL_TXT1.FBC	dt_ITEM_ALL_TXT1.txtbin	112	cp932	かしの木でできたクラ \n \n \n{ESC}YL}1~さびない{ESC}WT}1~ \nきほんぼうぎょ力：%d
romdata/DT/DT_ITEM_ALL_TXT1.FBC	dt_ITEM_ALL_TXT1.txtbin	113	cp932	せいどうで強化されたクラ \n \n \n \nきほんぼうぎょ力：%d
romdata/DT/DT_ITEM_ALL_TXT1.FBC	dt_ITEM_ALL_TXT1.txtbin	114	cp932	どうで強化されたクラ \n \n \n \nきほんぼうぎょ力：%d
romdata/DT/DT_ITEM_ALL_TXT1.FBC	dt_ITEM_ALL_TXT1.txtbin	115	cp932	てつで強化されたクラ \n \n \n \nきほんぼうぎょ力：%d
romdata/DT/DT_ITEM_ALL_TXT1.FBC	dt_ITEM_ALL_TXT1.txtbin	116	cp932	ハガネで強化されたクラ \n \n \n \nきほんぼうぎょ力：%d
romdata/DT/DT_ITEM_ALL_TXT1.FBC	dt_ITEM_ALL_TXT1.txtbin	117	cp932	さんごで強化されたクラ \n \n \n{ESC}YL}1~さびない{ESC}WT}1~ \nきほんぼうぎょ力：%d
romdata/DT/DT_ITEM_ALL_TXT1.FBC	dt_ITEM_ALL_TXT1.txtbin	118	cp932	ミスリルで強化されたクラ \n \n \n \nきほんぼうぎょ力：%d
romdata/DT/DT_ITEM_ALL_TXT1.FBC	dt_ITEM_ALL_TXT1.txtbin	119	cp932	ガーネットがはめ込まれたクラ \n \n \n{ESC}YL}1~さびない{ESC}WT}1~ \nきほんぼうぎょ力：%d
romdata/DT/DT_ITEM_ALL_TXT1.FBC	dt_ITEM_ALL_TXT1.txtbin	120	cp932	エメラルドがはめ込まれたクラ \n \n \n{ESC}YL}1~さびない{ESC}WT}1~ \nきほんぼうぎょ力：%d
romdata/DT/DT_ITEM_ALL_TXT1.FBC	dt_ITEM_ALL_TXT1.txtbin	121	cp932	サファイアがはめ込まれたクラ \n \n \n{ESC}YL}1~さびない{ESC}WT}1~　 \nきほんぼうぎょ力：%d
romdata/DT/DT_ITEM_ALL_TXT1.FBC	dt_ITEM_ALL_TXT1.txtbin	122	cp932	ルビーがはめ込まれたクラ \n \n \n{ESC}YL}1~さびない{ESC}WT}1~　 \nきほんぼうぎょ力：%d
romdata/DT/DT_ITEM_ALL_TXT1.FBC	dt_ITEM_ALL_TXT1.txtbin	123	cp932	ダイヤがはめ込まれたクラ \n \n \n{ESC}YL}1~さびない{ESC}WT}1~ \nきほんぼうぎょ力：%d
romdata/DT/DT_ITEM_ALL_TXT1.FBC	dt_ITEM_ALL_TXT1.txtbin	124	cp932	プラチナで強化されたクラ \n \n \n{ESC}YL}1~さびない{ESC}WT}1~ \nきほんぼうぎょ力：%d
romdata/DT/DT_ITEM_ALL_TXT1.FBC	dt_ITEM_ALL_TXT1.txtbin	125	cp932	黒鉄鉱で作られたクラ \n \n \n \nきほんぼうぎょ力：%d
romdata/DT/DT_ITEM_ALL_TXT1.FBC	dt_ITEM_ALL_TXT1.txtbin	126	cp932	魔法の文字をほりこんだクラ \n \n \n \nきほんぼうぎょ力：%d
romdata/DT/DT_ITEM_ALL_TXT1.FBC	dt_ITEM_ALL_TXT1.txtbin	127	cp932	チタンで強化されたクラ \n \n \n \nきほんぼうぎょ力：%d
romdata/DT/DT_ITEM_ALL_TXT1.FBC	dt_ITEM_ALL_TXT1.txtbin	128	cp932	アダマン鉱で強化されたクラ \n \n \n \nきほんぼうぎょ力：%d
romdata/DT/DT_ITEM_ALL_TXT1.FBC	dt_ITEM_ALL_TXT1.txtbin	129	cp932	クリスタルで強化されたクラ \n \n \n{ESC}YL}1~さびない{ESC}WT}1~ \nきほんぼうぎょ力：%d
romdata/DT/DT_ITEM_ALL_TXT1.FBC	dt_ITEM_ALL_TXT1.txtbin	130	cp932	オリハルコンで強化されたクラ \n \n \n \nきほんぼうぎょ力：%d
romdata/DT/DT_ITEM_ALL_TXT1.FBC	dt_ITEM_ALL_TXT1.txtbin	131	cp932	ダマスカスで強化されたクラ \n \n \n \nきほんぼうぎょ力：%d
romdata/DT/DT_ITEM_ALL_TXT1.FBC	dt_ITEM_ALL_TXT1.txtbin	132	cp932	王者だけが持てるクラ \n \n \n \nきほんぼうぎょ力：%d
romdata/DT/DT_ITEM_ALL_TXT1.FBC	dt_ITEM_ALL_TXT1.txtbin	133	cp932	はるか東方より伝わるクラ　 \n \n \n \nきほんぼうぎょ力：%d
romdata/DT/DT_ITEM_ALL_TXT1.FBC	dt_ITEM_ALL_TXT1.txtbin	134	cp932	ヴォルグがつけていたクラ \n \n \n \nきほんぼうぎょ力：%d
romdata/DT/DT_ITEM_ALL_TXT1.FBC	dt_ITEM_ALL_TXT1.txtbin	135	cp932	至高のクラ！ \n \n \n{ESC}YL}1~さびない{ESC}WT}1~ \nきほんぼうぎょ力：%d
romdata/DT/DT_ITEM_ALL_TXT1.FBC	dt_ITEM_ALL_TXT1.txtbin	136	cp932	火の力をやどすクラ \n \n \n \nきほんぼうぎょ力：%d
romdata/DT/DT_ITEM_ALL_TXT1.FBC	dt_ITEM_ALL_TXT1.txtbin	137	cp932	水の力をやどすクラ \n \n \n \nきほんぼうぎょ力：%d
romdata/DT/DT_ITEM_ALL_TXT1.FBC	dt_ITEM_ALL_TXT1.txtbin	138	cp932	氷の力をやどすクラ \n \n \n \nきほんぼうぎょ力：%d
romdata/DT/DT_ITEM_ALL_TXT1.FBC	dt_ITEM_ALL_TXT1.txtbin	139	cp932	雷の力をやどすクラ \n \n \n \nきほんぼうぎょ力：%d
romdata/DT/DT_ITEM_ALL_TXT1.FBC	dt_ITEM_ALL_TXT1.txtbin	140	cp932	土の力をやどすクラ \n \n \n \nきほんぼうぎょ力：%d
romdata/DT/DT_ITEM_ALL_TXT1.FBC	dt_ITEM_ALL_TXT1.txtbin	141	cp932	光の力をやどすクラ \n \n \n \nきほんぼうぎょ力：%d
romdata/DT/DT_ITEM_ALL_TXT1.FBC	dt_ITEM_ALL_TXT1.txtbin	142	cp932	金で作られたぜいたくなクラ \n \n \n{ESC}YL}1~さびない{ESC}WT}1~　 \nきほんぼうぎょ力：%d
romdata/DT/DT_ITEM_ALL_TXT1.FBC	dt_ITEM_ALL_TXT1.txtbin	143	cp932	どく　をふせぐ \nせいけつなクラ \n \n \nきほんぼうぎょ力：%d
romdata/DT/DT_ITEM_ALL_TXT1.FBC	dt_ITEM_ALL_TXT1.txtbin	144	cp932	呪い　をふせぐ \n聖なる力できよめられたクラ \n \n \nきほんぼうぎょ力：%d
romdata/DT/DT_ITEM_ALL_TXT1.FBC	dt_ITEM_ALL_TXT1.txtbin	145	cp932	くらやみ　をふせぐ \n明るくかがやくクラ \n \n \nきほんぼうぎょ力：%d
romdata/DT/DT_ITEM_ALL_TXT1.FBC	dt_ITEM_ALL_TXT1.txtbin	146	cp932	ちんもく　をふせぐ \nそうぞうしいクラ \n \nきほんぼうぎょ力：%d
romdata/DT/DT_ITEM_ALL_TXT1.FBC	dt_ITEM_ALL_TXT1.txtbin	147	cp932	すいみん　をふせぐ \nめがさめるようなクラ \n \n \nきほんぼうぎょ力：%d
romdata/DT/DT_ITEM_ALL_TXT1.FBC	dt_ITEM_ALL_TXT1.txtbin	148	cp932	こんらん　をふせぐ \nはっきりしたクラ \n \n \nきほんぼうぎょ力：%d
romdata/DT/DT_ITEM_ALL_TXT1.FBC	dt_ITEM_ALL_TXT1.txtbin	149	cp932	そうびすると \n{ESC}PP}1~スロウ{ESC}WT}1~　になる \nゆっくりしたクラ \n \nきほんぼうぎょ力：%d
romdata/DT/DT_ITEM_ALL_TXT1.FBC	dt_ITEM_ALL_TXT1.txtbin	150	cp932	『合成』　『たんれん』を \nよせつけない　がんこなクラ \n \nきほんぼうぎょ力：%d
romdata/DT/DT_ITEM_ALL_TXT1.FBC	dt_ITEM_ALL_TXT1.txtbin	151	cp932	歩くとＨＰがどんどん回復する \n命の力を秘めたクラ \n \nきほんぼうぎょ力：%d
romdata/DT/DT_ITEM_ALL_TXT1.FBC	dt_ITEM_ALL_TXT1.txtbin	152	cp932	ねているてきを \nおこさない　しずかなるクラ \n \n \nきほんぼうぎょ力：%d
romdata/DT/DT_ITEM_ALL_TXT1.FBC	dt_ITEM_ALL_TXT1.txtbin	153	cp932	歩いても　おなかがへりにくい \nうごきやすいクラ \n \nきほんぼうぎょ力：%d
romdata/DT/DT_ITEM_ALL_TXT1.FBC	dt_ITEM_ALL_TXT1.txtbin	154	cp932	スロウ　をふせぐ \nかつどうてきなクラ \n \n \nきほんぼうぎょ力：%d
romdata/DT/DT_ITEM_ALL_TXT1.FBC	dt_ITEM_ALL_TXT1.txtbin	155	cp932	アイテムを盗みからふせぐ \nたのもしいクラ \n \nきほんぼうぎょ力：%d
romdata/DT/DT_ITEM_ALL_TXT1.FBC	dt_ITEM_ALL_TXT1.txtbin	156	cp932	ちんもく　になり \nアビリティがつかえなくなる \nしずかなクラ \n \nきほんぼうぎょ力：%d
romdata/DT/DT_ITEM_ALL_TXT1.FBC	dt_ITEM_ALL_TXT1.txtbin	157	cp932	おなかが　へりやすい \nおもためのクラ \n \nきほんぼうぎょ力：%d
romdata/DT/DT_ITEM_ALL_TXT1.FBC	dt_ITEM_ALL_TXT1.txtbin	158	cp932	攻撃をかわしやすい \nまぼろしのクラ \n \n \nきほんぼうぎょ力：%d
romdata/DT/DT_ITEM_ALL_TXT1.FBC	dt_ITEM_ALL_TXT1.txtbin	159	cp932	歩いてもＳＰが回復しない \nしゅぎょうのたりないクラ \n \n \nきほんぼうぎょ力：%d
romdata/DT/DT_ITEM_ALL_TXT1.FBC	dt_ITEM_ALL_TXT1.txtbin	165	cp932	くたびれたコート \n \n \n \nきほんぼうぎょ力：%d
romdata/DT/DT_ITEM_ALL_TXT1.FBC	dt_ITEM_ALL_TXT1.txtbin	166	cp932	ふつうのコート \n \n \n \nきほんぼうぎょ力：%d
romdata/DT/DT_ITEM_ALL_TXT1.FBC	dt_ITEM_ALL_TXT1.txtbin	167	cp932	雨をしのげるコート \n \n \n \nきほんぼうぎょ力：%d
romdata/DT/DT_ITEM_ALL_TXT1.FBC	dt_ITEM_ALL_TXT1.txtbin	168	cp932	つうきせいのよいコート \n \n \n \nきほんぼうぎょ力：%d
romdata/DT/DT_ITEM_ALL_TXT1.FBC	dt_ITEM_ALL_TXT1.txtbin	169	cp932	しっかりとしたコート \nとてもあたたかい \n \n \nきほんぼうぎょ力：%d
romdata/DT/DT_ITEM_ALL_TXT1.FBC	dt_ITEM_ALL_TXT1.txtbin	170	cp932	いざというときに \nつけるコート \n \n \nきほんぼうぎょ力：%d
romdata/DT/DT_ITEM_ALL_TXT1.FBC	dt_ITEM_ALL_TXT1.txtbin	171	cp932	やわらかい　はだざわりのコート \n \n \n \nきほんぼうぎょ力：%d
romdata/DT/DT_ITEM_ALL_TXT1.FBC	dt_ITEM_ALL_TXT1.txtbin	172	cp932	うちがわによろいが \nしこんであるコート \n \n \nきほんぼうぎょ力：%d
romdata/DT/DT_ITEM_ALL_TXT1.FBC	dt_ITEM_ALL_TXT1.txtbin	173	cp932	はなやかな　そうしょくの \nうつくしいコート \n \n \nきほんぼうぎょ力：%d
romdata/DT/DT_ITEM_ALL_TXT1.FBC	dt_ITEM_ALL_TXT1.txtbin	174	cp932	大地の力をまとったコート \n \n \n \nきほんぼうぎょ力：%d
romdata/DT/DT_ITEM_ALL_TXT1.FBC	dt_ITEM_ALL_TXT1.txtbin	175	cp932	しなやかに　みをつつむ \nじつようほんいのコート \n \n \n \nきほんぼうぎょ力：%d
romdata/DT/DT_ITEM_ALL_TXT1.FBC	dt_ITEM_ALL_TXT1.txtbin	176	cp932	しっとりとした　てざわりの \nうつくしいコート \n \n \nきほんぼうぎょ力：%d
romdata/DT/DT_ITEM_ALL_TXT1.FBC	dt_ITEM_ALL_TXT1.txtbin	177	cp932	アルミナせんいの \nおりこんである \nきらめくコート \n \nきほんぼうぎょ力：%d
romdata/DT/DT_ITEM_ALL_TXT1.FBC	dt_ITEM_ALL_TXT1.txtbin	178	cp932	ふかみのある　つやが \nとくちょうの \nうつくしいコート \n \nきほんぼうぎょ力：%d
romdata/DT/DT_ITEM_ALL_TXT1.FBC	dt_ITEM_ALL_TXT1.txtbin	179	cp932	うるおいのある \nなめらかなはだざわりのコート \n \n \nきほんぼうぎょ力：%d
romdata/DT/DT_ITEM_ALL_TXT1.FBC	dt_ITEM_ALL_TXT1.txtbin	180	cp932	げんえいでまもられたコート \n \n \nきほんぼうぎょ力：%d
romdata/DT/DT_ITEM_ALL_TXT1.FBC	dt_ITEM_ALL_TXT1.txtbin	181	cp932	やさしく　つめたいてざわり \n伝説の主人公の名前をうけついだ \nすばらしいコート \n \nきほんぼうぎょ力：%d
romdata/DT/DT_ITEM_ALL_TXT1.FBC	dt_ITEM_ALL_TXT1.txtbin	182	cp932	ていねいなほうせいで \nきていることをかんじさせない \nすばらしいコート \n \n \nきほんぼうぎょ力：%d
romdata/DT/DT_ITEM_ALL_TXT1.FBC	dt_ITEM_ALL_TXT1.txtbin	183	cp932	トレジャーハンターのあこがれ \nじつようせいを極めた \nすばらしいコート \n \nきほんぼうぎょ力：%d
romdata/DT/DT_ITEM_ALL_TXT1.FBC	dt_ITEM_ALL_TXT1.txtbin	184	cp932	古代人の手でぬわれた \nきふるされたコート \n \n \nきほんぼうぎょ力：%d
romdata/DT/DT_ITEM_ALL_TXT1.FBC	dt_ITEM_ALL_TXT1.txtbin	185	cp932	あたまからすっぽりかぶる \n黄色いコート…？ \n \n \nきほんぼうぎょ力：%d
romdata/DT/DT_ITEM_ALL_TXT1.FBC	dt_ITEM_ALL_TXT1.txtbin	186	cp932	すいみん　どく　スロウ \nくらやみ　ちんもく　 \nドンムブ　こんらん \nアマブレ　パワブレ をふせぐ \n最強の　くびわ
romdata/DT/DT_ITEM_ALL_TXT1.FBC	dt_ITEM_ALL_TXT1.txtbin	187	cp932	ジワジワダメージをうける \nどく　をふせぐ \nすてきな　くびわ
romdata/DT/DT_ITEM_ALL_TXT1.FBC	dt_ITEM_ALL_TXT1.txtbin	188	cp932	まわりが見えなくなる \nくらやみ　をふせぐ \nかがやく　くびわ
romdata/DT/DT_ITEM_ALL_TXT1.FBC	dt_ITEM_ALL_TXT1.txtbin	189	cp932	しばらくなにも　できなくなる \nすいみん　をふせぐ \nあかるい　くびわ
romdata/DT/DT_ITEM_ALL_TXT1.FBC	dt_ITEM_ALL_TXT1.txtbin	190	cp932	おもいどおりに　動けなくなる \nこんらん　をふせぐ \nはっきりした　くびわ
romdata/DT/DT_ITEM_ALL_TXT1.FBC	dt_ITEM_ALL_TXT1.txtbin	191	cp932	ゆっくーりにしか動けなくなる \nスロウ　をふせぐ \nすばやい　くびわ
romdata/DT/DT_ITEM_ALL_TXT1.FBC	dt_ITEM_ALL_TXT1.txtbin	192	cp932	アビリティが　つかえなくなる \nちんもく　をふせぐ \nそうぞうしい　くびわ
romdata/DT/DT_ITEM_ALL_TXT1.FBC	dt_ITEM_ALL_TXT1.txtbin	193	cp932	歩いてもおなかが　へらない \nすばらしい　くびわ
romdata/DT/DT_ITEM_ALL_TXT1.FBC	dt_ITEM_ALL_TXT1.txtbin	194	cp932	{ESC}PP}1~おなかがへりやすくなる{ESC}WT}1~ \nなぞの　くびわ
romdata/DT/DT_ITEM_ALL_TXT1.FBC	dt_ITEM_ALL_TXT1.txtbin	195	cp932	プロテスの魔法を秘めていて \nダメージをへらす \nカタい　くびわ
romdata/DT/DT_ITEM_ALL_TXT1.FBC	dt_ITEM_ALL_TXT1.txtbin	196	cp932	ブレイブの魔法を秘めていて \n攻撃力がアップする \n力づよい　くびわ
romdata/DT/DT_ITEM_ALL_TXT1.FBC	dt_ITEM_ALL_TXT1.txtbin	197	cp932	リジェネの魔法を秘めていて \n歩くとＨＰがどんどん回復する \nみなぎる　くびわ
romdata/DT/DT_ITEM_ALL_TXT1.FBC	dt_ITEM_ALL_TXT1.txtbin	198	cp932	{ESC}PP}1~歩いてもＨＰが回復しない{ESC}WT}1~ \nくたくたの　くびわ
romdata/DT/DT_ITEM_ALL_TXT1.FBC	dt_ITEM_ALL_TXT1.txtbin	199	cp932	ワナをふまなくなる \nトレジャーハンター \nあこがれの　くびわ
romdata/DT/DT_ITEM_ALL_TXT1.FBC	dt_ITEM_ALL_TXT1.txtbin	200	cp932	てきの居場所がわかる \nべんりな　くびわ
romdata/DT/DT_ITEM_ALL_TXT1.FBC	dt_ITEM_ALL_TXT1.txtbin	201	cp932	サイトロの魔法を秘めていて \nフロアのマップがみえる \nたのもしい　くびわ
romdata/DT/DT_ITEM_ALL_TXT1.FBC	dt_ITEM_ALL_TXT1.txtbin	202	cp932	覚えたマップをわすれない \nふしぎな　くびわ
romdata/DT/DT_ITEM_ALL_TXT1.FBC	dt_ITEM_ALL_TXT1.txtbin	203	cp932	手に入れたアイテムを \nその場で　かんていする \nかしこい　くびわ
romdata/DT/DT_ITEM_ALL_TXT1.FBC	dt_ITEM_ALL_TXT1.txtbin	204	cp932	アイテムを \n遠くまで　けることができる \nたのしい　くびわ
romdata/DT/DT_ITEM_ALL_TXT1.FBC	dt_ITEM_ALL_TXT1.txtbin	205	cp932	歩くとＳＰがどんどん回復する \nうれしい　くびわ
romdata/DT/DT_ITEM_ALL_TXT1.FBC	dt_ITEM_ALL_TXT1.txtbin	206	cp932	{ESC}PP}1~歩いてもＳＰが回復しない{ESC}WT}1~ \nかなしい　くびわ
romdata/DT/DT_ITEM_ALL_TXT1.FBC	dt_ITEM_ALL_TXT1.txtbin	207	cp932	アイテムを盗みから \nふせいでくれる \nたのもしい　ゆびわ
romdata/DT/DT_ITEM_ALL_TXT1.FBC	dt_ITEM_ALL_TXT1.txtbin	208	cp932	かいひ　が上がる \nうんのいい　くびわ
romdata/DT/DT_ITEM_ALL_TXT1.FBC	dt_ITEM_ALL_TXT1.txtbin	209	cp932	{ESC}PP}1~スロウ　になる{ESC}WT}1~ \nのんびりとした　くびわ
romdata/DT/DT_ITEM_ALL_TXT1.FBC	dt_ITEM_ALL_TXT1.txtbin	210	cp932	アビリティが使えない \n{ESC}PP}1~ちんもく　になる{ESC}WT}1~ \nしずかな　くびわ
romdata/DT/DT_ITEM_ALL_TXT1.FBC	dt_ITEM_ALL_TXT1.txtbin	211	cp932	{ESC}PP}1~くらやみ　になる{ESC}WT}1~ \n先のみえない　くびわ
romdata/DT/DT_ITEM_ALL_TXT1.FBC	dt_ITEM_ALL_TXT1.txtbin	212	cp932	なんのこうかも無いが \nそこそこ高く売れる \nきれいな　くびわ
romdata/DT/DT_ITEM_ALL_TXT1.FBC	dt_ITEM_ALL_TXT1.txtbin	216	cp932	すいみん　どく　スロウ \nくらやみ　ちんもく　 \nドンムブ　こんらん \nアマブレ　パワブレ をふせぐ \n最強の　ゆびわ
romdata/DT/DT_ITEM_ALL_TXT1.FBC	dt_ITEM_ALL_TXT1.txtbin	217	cp932	ジワジワダメージをうける \nどく　をふせぐ \nすてきな　ゆびわ
romdata/DT/DT_ITEM_ALL_TXT1.FBC	dt_ITEM_ALL_TXT1.txtbin	218	cp932	まわりが見えなくなる \nくらやみ　をふせぐ \nかがやく　ゆびわ
romdata/DT/DT_ITEM_ALL_TXT1.FBC	dt_ITEM_ALL_TXT1.txtbin	219	cp932	しばらくなにも　できなくなる \nすいみん　をふせぐ \nあかるい　ゆびわ
romdata/DT/DT_ITEM_ALL_TXT1.FBC	dt_ITEM_ALL_TXT1.txtbin	220	cp932	おもいどおりに　動けなくなる \nこんらん　をふせぐ \nはっきりした　ゆびわ
romdata/DT/DT_ITEM_ALL_TXT1.FBC	dt_ITEM_ALL_TXT1.txtbin	221	cp932	ゆっくーりにしか動けなくなる \nスロウ　をふせぐ \nすばやい　ゆびわ
romdata/DT/DT_ITEM_ALL_TXT1.FBC	dt_ITEM_ALL_TXT1.txtbin	222	cp932	A.R.T.が　つかえなくなる \nちんもく　をふせぐ \nそうぞうしい　ゆびわ
romdata/DT/DT_ITEM_ALL_TXT1.FBC	dt_ITEM_ALL_TXT1.txtbin	223	cp932	歩いても　おなかがへらない \nすばらしい　ゆびわ
romdata/DT/DT_ITEM_ALL_TXT1.FBC	dt_ITEM_ALL_TXT1.txtbin	224	cp932	{ESC}PP}1~くらやみ　になる{ESC}WT}1~が \nてきが　アイテムをおとしやすくなる \nいちかばちかの　ゆびわ
romdata/DT/DT_ITEM_ALL_TXT1.FBC	dt_ITEM_ALL_TXT1.txtbin	225	cp932	{ESC}PP}1~スロウ　になる{ESC}WT}1~が \nワナが発動しなくなる \nあんぜんかくにんの　ゆびわ
romdata/DT/DT_ITEM_ALL_TXT1.FBC	dt_ITEM_ALL_TXT1.txtbin	226	cp932	手に入れたアイテムを \nその場で　かんていする \nかしこい　ゆびわ
romdata/DT/DT_ITEM_ALL_TXT1.FBC	dt_ITEM_ALL_TXT1.txtbin	227	cp932	ワナが発動しなくなる \nトレジャーハンター \nあこがれの　ゆびわ
romdata/DT/DT_ITEM_ALL_TXT1.FBC	dt_ITEM_ALL_TXT1.txtbin	228	cp932	{ESC}PP}1~歩いてもＨＰが回復しない{ESC}WT}1~が \nＳＰがよくたまり \nかいひ　攻撃　が上がる \nいぶしぎんの　ゆびわ
romdata/DT/DT_ITEM_ALL_TXT1.FBC	dt_ITEM_ALL_TXT1.txtbin	229	cp932	防御　が上がり \nどく　すいみん　こんらん \nをふせぐ \nかたい　ゆびわ
romdata/DT/DT_ITEM_ALL_TXT1.FBC	dt_ITEM_ALL_TXT1.txtbin	230	cp932	{ESC}PP}1~歩いてもＳＰが回復しない{ESC}WT}1~し \n{ESC}PP}1~Ａ．Ｒ．Ｔ．もつかえない{ESC}WT}1~が \nワナが発動しなくなり \nてきのばしょもわかる \nめざとい　ゆびわ
romdata/DT/DT_ITEM_ALL_TXT1.FBC	dt_ITEM_ALL_TXT1.txtbin	231	cp932	{ESC}PP}1~おなかがへりやすくなる{ESC}WT}1~が \n防御　力　歩きの回復　があがる \nでんせつの　ゆびわ
romdata/DT/DT_ITEM_ALL_TXT1.FBC	dt_ITEM_ALL_TXT1.txtbin	232	cp932	{ESC}PP}1~スロウ　になる{ESC}WT}1~が \nてきをおこさない \nしずかな　ゆびわ
romdata/DT/DT_ITEM_ALL_TXT1.FBC	dt_ITEM_ALL_TXT1.txtbin	233	cp932	{ESC}PP}1~歩いてもＨＰが回復しない{ESC}WT}1~が \n眠り　スロウ　をふせぐ \nいそがしい　ゆびわ
romdata/DT/DT_ITEM_ALL_TXT1.FBC	dt_ITEM_ALL_TXT1.txtbin	238	cp932	ギサール村の　とくさんひん \nチョコボの　だいこうぶつ \nたべるとおなかがふくれる
romdata/DT/DT_ITEM_ALL_TXT1.FBC	dt_ITEM_ALL_TXT1.txtbin	239	cp932	ギサール村の　めいさんひん \nチョコボの　だいこうぶつ \nおおぶりなため \nおなかがすごくふくれる
romdata/DT/DT_ITEM_ALL_TXT1.FBC	dt_ITEM_ALL_TXT1.txtbin	240	cp932	あやしい　においが \nただよってくる \nたべると　{ESC}PP}1~どく{ESC}WT}1~　に…
romdata/DT/DT_ITEM_ALL_TXT1.FBC	dt_ITEM_ALL_TXT1.txtbin	241	cp932	よく見ると　 \nびみょうに糸を引いている \nたべると　{ESC}PP}1~スロウ{ESC}WT}1~　に…
romdata/DT/DT_ITEM_ALL_TXT1.FBC	dt_ITEM_ALL_TXT1.txtbin	242	cp932	よく見ると虫がついている \nたべると　{ESC}PP}1~ちんもく{ESC}WT}1~　に…
romdata/DT/DT_ITEM_ALL_TXT1.FBC	dt_ITEM_ALL_TXT1.txtbin	243	cp932	よく見るとびみょうにボケた色 \nたべると　{ESC}PP}1~ねむってしまう{ESC}WT}1~
romdata/DT/DT_ITEM_ALL_TXT1.FBC	dt_ITEM_ALL_TXT1.txtbin	244	cp932	よく見ると　びみょうに太い \nたべるとおなかがすごいことに \n{ESC}GR}1~おなかの最大がふえる{ESC}WT}1~
romdata/DT/DT_ITEM_ALL_TXT1.FBC	dt_ITEM_ALL_TXT1.txtbin	245	cp932	よく見ると　びみょうにほそい \nたべると　少しスリムに… \n{ESC}PP}1~おなかの最大がさがる{ESC}WT}1~
romdata/DT/DT_ITEM_ALL_TXT1.FBC	dt_ITEM_ALL_TXT1.txtbin	247	cp932	こむぎこ　ミルク　タマゴを \nたんねんにねりあげて \n作られたクッキー \nたべるとおなかがふくれる
romdata/DT/DT_ITEM_ALL_TXT1.FBC	dt_ITEM_ALL_TXT1.txtbin	248	cp932	ふつうのクッキーより \n大きなクッキー \nたべるとすごくおなかがふくれる
romdata/DT/DT_ITEM_ALL_TXT1.FBC	dt_ITEM_ALL_TXT1.txtbin	249	cp932	カビがはえているので \nけんこうにじしんがないと \nおなかをこわすクッキー \n{ESC}PP}1~どく{ESC}WT}1~ になる
romdata/DT/DT_ITEM_ALL_TXT1.FBC	dt_ITEM_ALL_TXT1.txtbin	250	cp932	しけってネバりがあるため \nけんこうにじしんがないと \nうごきのにぶるクッキー \n{ESC}PP}1~スロウ{ESC}WT}1~ になる
romdata/DT/DT_ITEM_ALL_TXT1.FBC	dt_ITEM_ALL_TXT1.txtbin	251	cp932	あまりにおいしいため \nそうとうなグルメでないと \n声もでなくなるクッキー \n{ESC}PP}1~ちんもく{ESC}WT}1~ になる
romdata/DT/DT_ITEM_ALL_TXT1.FBC	dt_ITEM_ALL_TXT1.txtbin	252	cp932	よなきのひどいこどもに \nたべさせるとおちつく \n大人でないとねむくなるクッキー \n{ESC}PP}1~ねむってしまう{ESC}WT}1~
romdata/DT/DT_ITEM_ALL_TXT1.FBC	dt_ITEM_ALL_TXT1.txtbin	253	cp932	えいようかがとても高く \nおなかがいっぱいになる上に \nおおぐいになれるクッキー \n{ESC}GR}1~おなかの最大がふえる{ESC}WT}1~
romdata/DT/DT_ITEM_ALL_TXT1.FBC	dt_ITEM_ALL_TXT1.txtbin	254	cp932	見た目よりもカロリーがひくく \nダイエットにさいてきなクッキー \n{ESC}PP}1~おなかの最大がさがる{ESC}WT}1~
romdata/DT/DT_ITEM_ALL_TXT1.FBC	dt_ITEM_ALL_TXT1.txtbin	256	cp932	くすりしメディットが \nちょうごうした　くすり \nのむと　{ESC}GR}1~ＨＰが少し回復する{ESC}WT}1~
romdata/DT/DT_ITEM_ALL_TXT1.FBC	dt_ITEM_ALL_TXT1.txtbin	257	cp932	くすりしメディットが \nちょうしのいいときに \nちょうごうした　くすり \nのむと　{ESC}GR}1~ＨＰが中くらい回復する{ESC}WT}1~
romdata/DT/DT_ITEM_ALL_TXT1.FBC	dt_ITEM_ALL_TXT1.txtbin	258	cp932	くすりしメディットが \nぜっこうちょうのときに \nちょうごうした　くすり \nのむと　{ESC}GR}1~ＨＰが大きく回復する{ESC}WT}1~
romdata/DT/DT_ITEM_ALL_TXT1.FBC	dt_ITEM_ALL_TXT1.txtbin	259	cp932	メディットの　ししょうだけが \nちょうごうできる \nきゅうきょくの　くすり \nのむと　{ESC}GR}1~ＨＰがものすごく回復する{ESC}WT}1~
romdata/DT/DT_ITEM_ALL_TXT1.FBC	dt_ITEM_ALL_TXT1.txtbin	260	cp932	くすりしメディットが \nちょうごうした　くすり \nのむと　{ESC}GR}1~ＳＰが少し回復する{ESC}WT}1~
romdata/DT/DT_ITEM_ALL_TXT1.FBC	dt_ITEM_ALL_TXT1.txtbin	261	cp932	くすりしメディットが \nちょうしのいいときに \nちょうごうした　くすり \nのむと　{ESC}GR}1~ＳＰが中くらい回復する{ESC}WT}1~
romdata/DT/DT_ITEM_ALL_TXT1.FBC	dt_ITEM_ALL_TXT1.txtbin	262	cp932	くすりしメディットが \nぜっこうちょうのときに \nちょうごうした　くすり \nのむと　{ESC}GR}1~ＳＰが大きく回復する{ESC}WT}1~
romdata/DT/DT_ITEM_ALL_TXT1.FBC	dt_ITEM_ALL_TXT1.txtbin	263	cp932	メディットの　ししょうだけが \nちょうごうできる \nきゅうきょくの　くすり \nのむと　{ESC}GR}1~ＳＰがものすごく回復する{ESC}WT}1~
romdata/DT/DT_ITEM_ALL_TXT1.FBC	dt_ITEM_ALL_TXT1.txtbin	264	cp932	こだいのひほうによってのみ \nちょうごうできる　れいやく \nのむと　{ESC}GR}1~ＨＰとＳＰ \nさらに　おなかが　ぜんかいする{ESC}WT}1~
romdata/DT/DT_ITEM_ALL_TXT1.FBC	dt_ITEM_ALL_TXT1.txtbin	265	cp932	のむと　どく　がなおる
romdata/DT/DT_ITEM_ALL_TXT1.FBC	dt_ITEM_ALL_TXT1.txtbin	266	cp932	のむと　ちんもく　がなおる
romdata/DT/DT_ITEM_ALL_TXT1.FBC	dt_ITEM_ALL_TXT1.txtbin	267	cp932	のむと　くらやみ　がなおる
romdata/DT/DT_ITEM_ALL_TXT1.FBC	dt_ITEM_ALL_TXT1.txtbin	268	cp932	こだいのひほうによってのみ \nちょうごうできる　れいやく \nのむと　{ESC}GR}1~けんこうになる{ESC}WT}1~
romdata/DT/DT_ITEM_ALL_TXT1.FBC	dt_ITEM_ALL_TXT1.txtbin	269	cp932	のむと　まんぷくちゅうすうが \nしげきされ \n{ESC}GR}1~おなかの最大があがる{ESC}WT}1~
romdata/DT/DT_ITEM_ALL_TXT1.FBC	dt_ITEM_ALL_TXT1.txtbin	270	cp932	のむと　いの　ねんまくが \nあれてしまい \n{ESC}GR}1~おなかの最大が下がる{ESC}WT}1~
romdata/DT/DT_ITEM_ALL_TXT1.FBC	dt_ITEM_ALL_TXT1.txtbin	271	cp932	{ESC}PP}1~アイテムがぜんぶ未鑑定になる{ESC}WT}1~
romdata/DT/DT_ITEM_ALL_TXT1.FBC	dt_ITEM_ALL_TXT1.txtbin	272	cp932	ボムをあつめて　そのエキスを \nちゅうしゅつした　くすり \nのむと　だいばくはつする！
romdata/DT/DT_ITEM_ALL_TXT1.FBC	dt_ITEM_ALL_TXT1.txtbin	273	cp932	しおみずは　きんぞくのてき！ \nあやまってつかってしまうと \nそうびしている　ツメやクラが \nさびてしまう！
romdata/DT/DT_ITEM_ALL_TXT1.FBC	dt_ITEM_ALL_TXT1.txtbin	274	cp932	くすりしメディットが \nきまぐれで　 \nちょうごうしたくすり \nのむと　{ESC}PP}1~くらやみ{ESC}WT}1~　になる
romdata/DT/DT_ITEM_ALL_TXT1.FBC	dt_ITEM_ALL_TXT1.txtbin	275	cp932	くすりしメディットが \nブルーな気分で　 \nちょうごうしたくすり \nのむと　{ESC}PP}1~ちんもく{ESC}WT}1~　になる
romdata/DT/DT_ITEM_ALL_TXT1.FBC	dt_ITEM_ALL_TXT1.txtbin	276	cp932	くすりしメディットが \n怒りにまかせて　 \nちょうごうしたくすり \nのむと　{ESC}PP}1~どく{ESC}WT}1~　におかされてしまう
romdata/DT/DT_ITEM_ALL_TXT1.FBC	dt_ITEM_ALL_TXT1.txtbin	277	cp932	くすりしメディットが \nねぼけて　 \nちょうごうしたくすり \nのむと　{ESC}PP}1~眠ってしまう{ESC}WT}1~
romdata/DT/DT_ITEM_ALL_TXT1.FBC	dt_ITEM_ALL_TXT1.txtbin	278	cp932	くすりしメディットが \nのんびりと　 \nちょうごうしたくすり \nのむと　{ESC}PP}1~スロウ{ESC}WT}1~　になる
romdata/DT/DT_ITEM_ALL_TXT1.FBC	dt_ITEM_ALL_TXT1.txtbin	279	cp932	くすりしメディットが \nあわてて　 \nちょうごうしたくすり \nのむと　{ESC}GR}1~ヘイスト{ESC}WT}1~　になる
romdata/DT/DT_ITEM_ALL_TXT1.FBC	dt_ITEM_ALL_TXT1.txtbin	280	cp932	くすりしメディットが　 \n半人前のときに　 \nちょうごうしたくすり \nのむと　{ESC}PP}1~ＨＰが半分になる{ESC}WT}1~
romdata/DT/DT_ITEM_ALL_TXT1.FBC	dt_ITEM_ALL_TXT1.txtbin	281	cp932	悪魔ベリアルの　 \n呪いがかかったくすり \nのむと　{ESC}PP}1~ＳＰが半分になる{ESC}WT}1~
romdata/DT/DT_ITEM_ALL_TXT1.FBC	dt_ITEM_ALL_TXT1.txtbin	282	cp932	悪魔サタンの　 \n呪いがかかったくすり \nのむと　{ESC}PP}1~ＳＰがゼロになる{ESC}WT}1~
romdata/DT/DT_ITEM_ALL_TXT1.FBC	dt_ITEM_ALL_TXT1.txtbin	287	cp932	ファイアの魔法が \n書かれている本 \n３マスまでのてき１体を \n火の魔法で攻撃
romdata/DT/DT_ITEM_ALL_TXT1.FBC	dt_ITEM_ALL_TXT1.txtbin	288	cp932	ブリザドの魔法が \n書かれている本 \n３マスまでのてき１体を \n氷の魔法で攻撃
romdata/DT/DT_ITEM_ALL_TXT1.FBC	dt_ITEM_ALL_TXT1.txtbin	289	cp932	サンダーの魔法が \n書かれている本 \n３マスまでのてき１体を \n雷の魔法で攻撃
romdata/DT/DT_ITEM_ALL_TXT1.FBC	dt_ITEM_ALL_TXT1.txtbin	290	cp932	ディアの魔法が \n書かれている本 \n３マスまでのてき１体を \n光の魔法で攻撃
romdata/DT/DT_ITEM_ALL_TXT1.FBC	dt_ITEM_ALL_TXT1.txtbin	291	cp932	ダークの魔法が \n書かれている本 \n３マスまでのてき１体を \n闇の魔法で攻撃
romdata/DT/DT_ITEM_ALL_TXT1.FBC	dt_ITEM_ALL_TXT1.txtbin	292	cp932	ドレインの魔法が \n書かれている本 \n３マスまでのてき１体から \nＨＰをきゅうしゅう
romdata/DT/DT_ITEM_ALL_TXT1.FBC	dt_ITEM_ALL_TXT1.txtbin	293	cp932	ホーリーの魔法が \n書かれている本 \n３マスまでのてき１体を \n光の魔法で攻撃
romdata/DT/DT_ITEM_ALL_TXT1.FBC	dt_ITEM_ALL_TXT1.txtbin	294	cp932	フレアの魔法が \n書かれている本 \n３マスまでのてき１体を \n魔法の力で攻撃
romdata/DT/DT_ITEM_ALL_TXT1.FBC	dt_ITEM_ALL_TXT1.txtbin	295	cp932	メテオの魔法が \n書かれている本 \n３マスまでのてき全体を \n魔法の力で攻撃
romdata/DT/DT_ITEM_ALL_TXT1.FBC	dt_ITEM_ALL_TXT1.txtbin	296	cp932	ポイズンの魔法が \n書かれている本 \n３マスまでのてき１体を \nどく　にする
romdata/DT/DT_ITEM_ALL_TXT1.FBC	dt_ITEM_ALL_TXT1.txtbin	297	cp932	スリプルの魔法が \n書かれている本 \n３マスまでのてき１体を \n眠らせる
romdata/DT/DT_ITEM_ALL_TXT1.FBC	dt_ITEM_ALL_TXT1.txtbin	298	cp932	サイレスの魔法が \n書かれている本 \n３マスまでのてき１体を \nちんもく　にする
romdata/DT/DT_ITEM_ALL_TXT1.FBC	dt_ITEM_ALL_TXT1.txtbin	299	cp932	ブラインの魔法が \n書かれている本 \n３マスまでのてき１体を \nくらやみ　にする
romdata/DT/DT_ITEM_ALL_TXT1.FBC	dt_ITEM_ALL_TXT1.txtbin	300	cp932	コンフュの魔法が \n書かれている本 \n３マスまでのてき１体を \nこんらん　にする
romdata/DT/DT_ITEM_ALL_TXT1.FBC	dt_ITEM_ALL_TXT1.txtbin	301	cp932	ドンムブの魔法が \n書かれている本 \n３マスまでのてき１体を \nドンムブ　にする
romdata/DT/DT_ITEM_ALL_TXT1.FBC	dt_ITEM_ALL_TXT1.txtbin	302	cp932	スロウの魔法が \n書かれている本 \n３マスまでのてき１体を \nスロウ　にする
romdata/DT/DT_ITEM_ALL_TXT1.FBC	dt_ITEM_ALL_TXT1.txtbin	303	cp932	プロテスの魔法が \n書かれている本 \nしばらくの間 \n防御力がアップする
romdata/DT/DT_ITEM_ALL_TXT1.FBC	dt_ITEM_ALL_TXT1.txtbin	304	cp932	シェルの魔法が \n書かれている本 \nしばらくの間 \n魔法防御力がアップする
romdata/DT/DT_ITEM_ALL_TXT1.FBC	dt_ITEM_ALL_TXT1.txtbin	305	cp932	デスペルの魔法が \n書かれている本 \nそうびしているアイテムの \n呪いをとく
romdata/DT/DT_ITEM_ALL_TXT1.FBC	dt_ITEM_ALL_TXT1.txtbin	306	cp932	サイトロの魔法が \n書かれている本 \nフロアのマップ　てき　ワナ \nアイテムの　いちを知る　
romdata/DT/DT_ITEM_ALL_TXT1.FBC	dt_ITEM_ALL_TXT1.txtbin	307	cp932	スリプガの魔法が \n書かれている本 \n３マスまでのてき全体を \n眠らせる
romdata/DT/DT_ITEM_ALL_TXT1.FBC	dt_ITEM_ALL_TXT1.txtbin	308	cp932	スロウガの魔法が \n書かれている本 \n３マスまでのてき全体を \nスロウにする
romdata/DT/DT_ITEM_ALL_TXT1.FBC	dt_ITEM_ALL_TXT1.txtbin	312	cp932	さびていてラベルが見えないが \n火　氷　雷 \nいずれかのダメージを \nあたえるボルト
romdata/DT/DT_ITEM_ALL_TXT1.FBC	dt_ITEM_ALL_TXT1.txtbin	313	cp932	ねんしょうにより \nギアのうちだすエネルギーに \n火のダメージをあたえるボルト
romdata/DT/DT_ITEM_ALL_TXT1.FBC	dt_ITEM_ALL_TXT1.txtbin	314	cp932	ねつこうかんにより \nギアのうちだすエネルギーに \n氷のダメージをあたえるボルト
romdata/DT/DT_ITEM_ALL_TXT1.FBC	dt_ITEM_ALL_TXT1.txtbin	315	cp932	イオンへんかんにより \nギアのうちだすエネルギーに \n雷のダメージをあたえるボルト
romdata/DT/DT_ITEM_ALL_TXT1.FBC	dt_ITEM_ALL_TXT1.txtbin	316	cp932	光子のしゅうそくにより \nギアのうちだすエネルギーに \n光のダメージをあたえるボルト
romdata/DT/DT_ITEM_ALL_TXT1.FBC	dt_ITEM_ALL_TXT1.txtbin	317	cp932	魔力のぞうふくにより \nギアのうちだすエネルギーに \n闇のダメージをあたえるボルト
romdata/DT/DT_ITEM_ALL_TXT1.FBC	dt_ITEM_ALL_TXT1.txtbin	319	cp932	バクテリアを \nぞうしょくし \nてきにダメージをあたえ \nさらに　どく　にするボルト
romdata/DT/DT_ITEM_ALL_TXT1.FBC	dt_ITEM_ALL_TXT1.txtbin	320	cp932	ぎゃくいそうで \n音をちゅうわし \nてきにダメージをあたえ \nさらに　ちんもく　にするボルト
romdata/DT/DT_ITEM_ALL_TXT1.FBC	dt_ITEM_ALL_TXT1.txtbin	321	cp932	αりょういきに \nさいみんはをながし \nてきにダメージをあたえ \nさらに　眠らせるボルト
romdata/DT/DT_ITEM_ALL_TXT1.FBC	dt_ITEM_ALL_TXT1.txtbin	322	cp932	目のまわりに暗黒を \nしゅうそくし \nてきにダメージをあたえ \nさらに　くらやみ　にするボルト
romdata/DT/DT_ITEM_ALL_TXT1.FBC	dt_ITEM_ALL_TXT1.txtbin	323	cp932	時間かんかくを \nへんかさせ \nてきにダメージをあたえ \nさらに　スロウ　にするボルト
romdata/DT/DT_ITEM_ALL_TXT1.FBC	dt_ITEM_ALL_TXT1.txtbin	324	cp932	ついしょうめつで \nてきにダメージをあたえ \nさらに　てきの強化を消すボルト
romdata/DT/DT_ITEM_ALL_TXT1.FBC	dt_ITEM_ALL_TXT1.txtbin	325	cp932	いそうてんかんで \nかつりょくをこうかんし \nてきにダメージをあたえ \nさらに　ＨＰをすいとるボルト
romdata/DT/DT_ITEM_ALL_TXT1.FBC	dt_ITEM_ALL_TXT1.txtbin	326	cp932	ぶきをやわらかくする \nきりをさんぷし \nてきにダメージをあたえ \nさらに　攻撃力を下げるボルト
romdata/DT/DT_ITEM_ALL_TXT1.FBC	dt_ITEM_ALL_TXT1.txtbin	327	cp932	よろいの動きをわるくする \nきりをさんぷし \nてきにダメージをあたえ \nさらに　防御力を下げるボルト
romdata/DT/DT_ITEM_ALL_TXT1.FBC	dt_ITEM_ALL_TXT1.txtbin	328	cp932	しょうげきはを \nてんかいし \nてきにダメージをあたえ \nさらに　スタン　にするボルト
romdata/DT/DT_ITEM_ALL_TXT1.FBC	dt_ITEM_ALL_TXT1.txtbin	329	cp932	ぶんしけつごうを \nおこない \nてきにダメージをあたえ \nさらに　ドンムブ　にするボルト
romdata/DT/DT_ITEM_ALL_TXT1.FBC	dt_ITEM_ALL_TXT1.txtbin	330	cp932	てんそうテクノロジーを \nりようし \nてきにダメージをあたえ \nさらに　どこかへ飛ばすボルト
romdata/DT/DT_ITEM_ALL_TXT1.FBC	dt_ITEM_ALL_TXT1.txtbin	335	cp932	ふしぎな力をもった　めがね \nみかんていのアイテムを \n１つだけ　かんていできる
romdata/DT/DT_ITEM_ALL_TXT1.FBC	dt_ITEM_ALL_TXT1.txtbin	336	cp932	すべてを見通す　 \nけんじゃのめがね \nみかんていのアイテムを \nすべて　かんていできる
romdata/DT/DT_ITEM_ALL_TXT1.FBC	dt_ITEM_ALL_TXT1.txtbin	337	cp932	使うと　 \nそのフロアにいる間のみ \nリレイズのこうか \n（ＨＰがゼロになっても復活）
romdata/DT/DT_ITEM_ALL_TXT1.FBC	dt_ITEM_ALL_TXT1.txtbin	338	cp932	てんしがはおった　 \nじゅんぱくのころも \nしようするとマバリアのこうか \n（魔法ダメージむこう）
romdata/DT/DT_ITEM_ALL_TXT1.FBC	dt_ITEM_ALL_TXT1.txtbin	339	cp932	テレポの魔法が \nかけられた羽 \nダンジョンから \nだっしゅつする
romdata/DT/DT_ITEM_ALL_TXT1.FBC	dt_ITEM_ALL_TXT1.txtbin	340	cp932	今いるフロアのどこかに \nランダムで　ワープする \nてきにかこまれたときなどに　 \nやくだつ
romdata/DT/DT_ITEM_ALL_TXT1.FBC	dt_ITEM_ALL_TXT1.txtbin	341	cp932	そうびをピカピカにして \n＋１パワーアップさせる \nステキなクリーム
romdata/DT/DT_ITEM_ALL_TXT1.FBC	dt_ITEM_ALL_TXT1.txtbin	342	cp932	そうびを　サビからまもる \nステキなクリーム
romdata/DT/DT_ITEM_ALL_TXT1.FBC	dt_ITEM_ALL_TXT1.txtbin	343	cp932	くだけちった　ボムのかけら \nあたり３マスのてき全体に \n火の魔法で攻撃
romdata/DT/DT_ITEM_ALL_TXT1.FBC	dt_ITEM_ALL_TXT1.txtbin	344	cp932	すべてのてきを　こおらせる風 \nあたり３マスのてき全体に \n氷の魔法で攻撃
romdata/DT/DT_ITEM_ALL_TXT1.FBC	dt_ITEM_ALL_TXT1.txtbin	345	cp932	ばんのうの神ゼウスの電光 \nあたり３マスのてき全体に \n雷の魔法で攻撃
romdata/DT/DT_ITEM_ALL_TXT1.FBC	dt_ITEM_ALL_TXT1.txtbin	346	cp932	大地をゆるがすこどう \nあたり３マスのてき全体に \n土の魔法でスタン攻撃
romdata/DT/DT_ITEM_ALL_TXT1.FBC	dt_ITEM_ALL_TXT1.txtbin	347	cp932	ローチェ神父のしゅくふくをうけた \nロザリオ \nそうびしているアイテムの \n呪いをとく
romdata/DT/DT_ITEM_ALL_TXT1.FBC	dt_ITEM_ALL_TXT1.txtbin	348	cp932	チョコボに \nリレイズ＆ケアルガ
romdata/DT/DT_ITEM_ALL_TXT1.FBC	dt_ITEM_ALL_TXT1.txtbin	349	cp932	あたりの３マスのてき全体に \n水のアマブレ攻撃
romdata/DT/DT_ITEM_ALL_TXT1.FBC	dt_ITEM_ALL_TXT1.txtbin	350	cp932	あたりの３マスのてき全体に \n光のイレース攻撃
romdata/DT/DT_ITEM_ALL_TXT1.FBC	dt_ITEM_ALL_TXT1.txtbin	351	cp932	あたり３マスのてき全体に \n火のパワブレ攻撃
romdata/DT/DT_ITEM_ALL_TXT1.FBC	dt_ITEM_ALL_TXT1.txtbin	352	cp932	あたり３マスのてき全体に \n氷のスリプガ攻撃
romdata/DT/DT_ITEM_ALL_TXT1.FBC	dt_ITEM_ALL_TXT1.txtbin	353	cp932	あたり３マスのてき全体に \n雷のスタン攻撃
romdata/DT/DT_ITEM_ALL_TXT1.FBC	dt_ITEM_ALL_TXT1.txtbin	354	cp932	あたり３マスのてき全体に \nドラゴンブレス
romdata/DT/DT_ITEM_ALL_TXT1.FBC	dt_ITEM_ALL_TXT1.txtbin	356	cp932	むげんの　かのうせいを　 \nひめた　花のタネ \n畑にうめて　 \n大切に　そだてよう
romdata/DT/DT_ITEM_ALL_TXT1.FBC	dt_ITEM_ALL_TXT1.txtbin	357	cp932	草原などで見られる花 \nややしめった土を好む \n食べるとＪＰをほんの少し入手
romdata/DT/DT_ITEM_ALL_TXT1.FBC	dt_ITEM_ALL_TXT1.txtbin	358	cp932	草原などで見られる花 \nややかわいた土を好む \n食べるとＪＰをほんの少し入手
romdata/DT/DT_ITEM_ALL_TXT1.FBC	dt_ITEM_ALL_TXT1.txtbin	359	cp932	ジャングルなどで見られる花 \nあたたかくてしめった土を好む \n食べるとＪＰを少し入手
romdata/DT/DT_ITEM_ALL_TXT1.FBC	dt_ITEM_ALL_TXT1.txtbin	360	cp932	さばくなどで見られる花 \nあたたかくてかわいた土を好む \n食べるとＪＰを少し入手
romdata/DT/DT_ITEM_ALL_TXT1.FBC	dt_ITEM_ALL_TXT1.txtbin	361	cp932	高山などで見られる花 \nさむくてかわいた土を好む \n食べるとＪＰを中くらい入手
romdata/DT/DT_ITEM_ALL_TXT1.FBC	dt_ITEM_ALL_TXT1.txtbin	362	cp932	高山などで見られる花 \nさむくてかわいた土を好む \n食べるとＪＰをやや多めに入手
romdata/DT/DT_ITEM_ALL_TXT1.FBC	dt_ITEM_ALL_TXT1.txtbin	363	cp932	雪国などで見られる花 \nきびしいかんきょうを好む \n食べるとＪＰを多めに入手
romdata/DT/DT_ITEM_ALL_TXT1.FBC	dt_ITEM_ALL_TXT1.txtbin	364	cp932	人里はなれた高地の森林でしか \n見られないレアな花 \n食べるとＪＰをかなり多めに入手
romdata/DT/DT_ITEM_ALL_TXT1.FBC	dt_ITEM_ALL_TXT1.txtbin	367	cp932	改造に使う \nきほんてきな　そざい \n魔力をちくせきする
romdata/DT/DT_ITEM_ALL_TXT1.FBC	dt_ITEM_ALL_TXT1.txtbin	369	cp932	ねつでんどうりつの高い \nきんぞくそざい \n改造に使う
romdata/DT/DT_ITEM_ALL_TXT1.FBC	dt_ITEM_ALL_TXT1.txtbin	370	cp932	かこうのしやすい \nきんぞくそざい \n改造に使う
romdata/DT/DT_ITEM_ALL_TXT1.FBC	dt_ITEM_ALL_TXT1.txtbin	371	cp932	ようせいがこのむ \nきんぞくそざい \n改造に使う
romdata/DT/DT_ITEM_ALL_TXT1.FBC	dt_ITEM_ALL_TXT1.txtbin	372	cp932	暗い色をした \nきんぞくそざい \n改造に使う
romdata/DT/DT_ITEM_ALL_TXT1.FBC	dt_ITEM_ALL_TXT1.txtbin	373	cp932	たいへんかたい \nきんぞくそざい \n改造に使う
romdata/DT/DT_ITEM_ALL_TXT1.FBC	dt_ITEM_ALL_TXT1.txtbin	374	cp932	せいめいにはんのうする \nきんぞくそざい \n改造に使う
romdata/DT/DT_ITEM_ALL_TXT1.FBC	dt_ITEM_ALL_TXT1.txtbin	375	cp932	まざりもののない \nきんぞくそざい \n改造に使う
romdata/DT/DT_ITEM_ALL_TXT1.FBC	dt_ITEM_ALL_TXT1.txtbin	376	cp932	えらばれしものにしか使えない \nきんぞくそざい \n改造に使う
romdata/DT/DT_ITEM_ALL_TXT1.FBC	dt_ITEM_ALL_TXT1.txtbin	377	cp932	白くかがやく \n異国のきんぞくそざい \n改造に使う
romdata/DT/DT_ITEM_ALL_TXT1.FBC	dt_ITEM_ALL_TXT1.txtbin	378	cp932	七色にかがやく \n異国のきんぞくそざい \n改造に使う
romdata/DT/DT_ITEM_ALL_TXT1.FBC	dt_ITEM_ALL_TXT1.txtbin	379	cp932	赤くかがやく \nきんぞくそざい \n改造につかう
romdata/DT/DT_ITEM_ALL_TXT1.FBC	dt_ITEM_ALL_TXT1.txtbin	380	cp932	そざい４５テ
romdata/DT/DT_ITEM_ALL_TXT1.FBC	dt_ITEM_ALL_TXT1.txtbin	381	cp932	そざい４６テ
romdata/DT/DT_ITEM_ALL_TXT1.FBC	dt_ITEM_ALL_TXT1.txtbin	382	cp932	あかむらさきいろの \nほうせきそざい \n改造に使う
romdata/DT/DT_ITEM_ALL_TXT1.FBC	dt_ITEM_ALL_TXT1.txtbin	383	cp932	きいろの \nほうせきそざい \n改造に使う
romdata/DT/DT_ITEM_ALL_TXT1.FBC	dt_ITEM_ALL_TXT1.txtbin	384	cp932	みずいろの \nほうせきそざい \n改造に使う
romdata/DT/DT_ITEM_ALL_TXT1.FBC	dt_ITEM_ALL_TXT1.txtbin	385	cp932	ふかみどりいろの \nほうせきそざい \n改造に使う
romdata/DT/DT_ITEM_ALL_TXT1.FBC	dt_ITEM_ALL_TXT1.txtbin	386	cp932	あかいろの \nほうせきそざい \n改造に使う
romdata/DT/DT_ITEM_ALL_TXT1.FBC	dt_ITEM_ALL_TXT1.txtbin	387	cp932	あおいろの \nほうせきそざい \n改造に使う
romdata/DT/DT_ITEM_ALL_TXT1.FBC	dt_ITEM_ALL_TXT1.txtbin	388	cp932	とうめいな \nほうせきそざい \n改造に使う
romdata/DT/DT_ITEM_ALL_TXT1.FBC	dt_ITEM_ALL_TXT1.txtbin	389	cp932	めん100％の \nせんいそざい \n改造に使う
romdata/DT/DT_ITEM_ALL_TXT1.FBC	dt_ITEM_ALL_TXT1.txtbin	390	cp932	ようもう100％の \nせんいそざい \n改造に使う
romdata/DT/DT_ITEM_ALL_TXT1.FBC	dt_ITEM_ALL_TXT1.txtbin	391	cp932	きぬ100％の \nせんいそざい \n改造に使う
romdata/DT/DT_ITEM_ALL_TXT1.FBC	dt_ITEM_ALL_TXT1.txtbin	392	cp932	ベロア100％の \nせんいそざい \n改造に使う
romdata/DT/DT_ITEM_ALL_TXT1.FBC	dt_ITEM_ALL_TXT1.txtbin	393	cp932	そざい５８テ
romdata/DT/DT_ITEM_ALL_TXT1.FBC	dt_ITEM_ALL_TXT1.txtbin	394	cp932	骨のかけら \nせいたいそざい \n改造に使う
romdata/DT/DT_ITEM_ALL_TXT1.FBC	dt_ITEM_ALL_TXT1.txtbin	395	cp932	もうじゅうのおれたキバ \nせいたいそざい \n改造に使う
romdata/DT/DT_ITEM_ALL_TXT1.FBC	dt_ITEM_ALL_TXT1.txtbin	396	cp932	竜族のウロコ \nせいたいそざい \n改造に使う
romdata/DT/DT_ITEM_ALL_TXT1.FBC	dt_ITEM_ALL_TXT1.txtbin	397	cp932	そざい６２テ
romdata/DT/DT_ITEM_ALL_TXT1.FBC	dt_ITEM_ALL_TXT1.txtbin	398	cp932	チョコボのしっぽの羽 \nせいたいそざい \n改造に使えるのだろうか？
romdata/DT/DT_ITEM_ALL_TXT1.FBC	dt_ITEM_ALL_TXT1.txtbin	400	cp932	ポップアップデュエルで使う \nカードが入ったケース
romdata/DT/DT_ITEM_ALL_TXT1.FBC	dt_ITEM_ALL_TXT1.txtbin	401	cp932	みみをすますと \nなにか　きこえてくるようだ
romdata/DT/DT_ITEM_ALL_TXT1.FBC	dt_ITEM_ALL_TXT1.txtbin	402	cp932	不思議な　形をしたブローチ \n記憶のウズの前に　いけば \n{ESC}RD}1~ш＋┓{ESC}WT}1~で使える
romdata/DT/DT_ITEM_ALL_TXT1.FBC	dt_ITEM_ALL_TXT1.txtbin	403	cp932	ぬので　できた　 \nふつうのカバン
romdata/DT/DT_ITEM_ALL_TXT1.FBC	dt_ITEM_ALL_TXT1.txtbin	404	cp932	しょくにんが　手作りした \nこうきゅうなカバン
romdata/DT/DT_ITEM_ALL_TXT1.FBC	dt_ITEM_ALL_TXT1.txtbin	405	cp932	だれもが　あこがれる \n超こうきゅうブランドのカバン
romdata/DT/DT_ITEM_ALL_TXT1.FBC	dt_ITEM_ALL_TXT1.txtbin	406	cp932	セレブにのみ \nもつことを　ゆるされたカバン
romdata/DT/DT_ITEM_ALL_TXT1.FBC	dt_ITEM_ALL_TXT1.txtbin	407	cp932	あらゆるものを　のみこむため \nでんせつのゆうしゃにしか \nあつかえない　おそるべきカバン
romdata/DT/DT_ITEM_ALL_TXT1.FBC	dt_ITEM_ALL_TXT1.txtbin	408	cp932	シドのおさがりのカバン \n古びているが　がんじょう
romdata/DT/DT_ITEM_ALL_TXT1.FBC	dt_ITEM_ALL_TXT1.txtbin	409	cp932	ステラがくれたバケツ \n魚は１ぴきしか入らないが \nどんな大きな魚も入る \nステキなバケツ
romdata/DT/DT_ITEM_ALL_TXT1.FBC	dt_ITEM_ALL_TXT1.txtbin	410	cp932	ステラのものおきにあったルアー \n古びているが　まだまだつかえる
romdata/DT/DT_ITEM_ALL_TXT1.FBC	dt_ITEM_ALL_TXT1.txtbin	411	cp932	マリスがかいぞうした \nなかなかのデキのルアー \nふつうの魚ならいくらでもつれる
romdata/DT/DT_ITEM_ALL_TXT1.FBC	dt_ITEM_ALL_TXT1.txtbin	412	cp932	マリスが気合をこめてつくった \n会心のできのルアー \nこの世のあらゆる魚をつれる
romdata/DT/DT_ITEM_ALL_TXT1.FBC	dt_ITEM_ALL_TXT1.txtbin	413	cp932	神竜をたおしたものにのみ \nあたえられるあかし
romdata/DT/DT_ITEM_ALL_TXT1.FBC	dt_ITEM_ALL_TXT1.txtbin	414	cp932	火の神殿に入るためのあかし \n不思議なもんしょうが \nほりこまれている
romdata/DT/DT_ITEM_ALL_TXT1.FBC	dt_ITEM_ALL_TXT1.txtbin	415	cp932	水の神殿に入るためのあかし \n不思議なもんしょうが \nほりこまれている
romdata/DT/DT_ITEM_ALL_TXT1.FBC	dt_ITEM_ALL_TXT1.txtbin	416	cp932	光の神殿に入るためのあかし \n不思議なもんしょうが \nほりこまれている
romdata/DT/DT_ITEM_ALL_TXT1.FBC	dt_ITEM_ALL_TXT1.txtbin	417	cp932	闇の神殿に入るためのあかし \n不思議なもんしょうが \nほりこまれている
romdata/DT/DT_ITEM_ALL_TXT1.FBC	dt_ITEM_ALL_TXT1.txtbin	418	cp932	おいしそうなにおいのするクッキー \nダードラーの店にとどけよう
romdata/DT/DT_ITEM_ALL_TXT1.FBC	dt_ITEM_ALL_TXT1.txtbin	419	cp932	神獣のしゅくふくをうけたリンゴ \n食べるとチョコボのＳＰがふえる
romdata/DT/DT_ITEM_ALL_TXT1.FBC	dt_ITEM_ALL_TXT1.txtbin	420	cp932	神獣のしゅくふくをうけたリンゴ \n食べるとチョコボのＳＰがふえる
romdata/DT/DT_ITEM_ALL_TXT1.FBC	dt_ITEM_ALL_TXT1.txtbin	421	cp932	神獣のしゅくふくをうけたリンゴ \n食べるとチョコボのＳＰがふえる
romdata/DT/DT_ITEM_ALL_TXT1.FBC	dt_ITEM_ALL_TXT1.txtbin	422	cp932	神獣のしゅくふくをうけたリンゴ \n食べるとチョコボのＳＰがふえる
romdata/DT/DT_ITEM_ALL_TXT1.FBC	dt_ITEM_ALL_TXT1.txtbin	423	cp932	神獣が封じていた \nこの世界のむかしの記憶
romdata/DT/DT_ITEM_ALL_TXT1.FBC	dt_ITEM_ALL_TXT1.txtbin	424	cp932	神獣が封じていた \nこの世界のむかしの記憶
romdata/DT/DT_ITEM_ALL_TXT1.FBC	dt_ITEM_ALL_TXT1.txtbin	425	cp932	神獣が封じていた \nこの世界のむかしの記憶
romdata/DT/DT_ITEM_ALL_TXT1.FBC	dt_ITEM_ALL_TXT1.txtbin	426	cp932	もち帰ることで \n記憶が　かいほうされる
romdata/DT/DT_ITEM_ALL_TXT1.FBC	dt_ITEM_ALL_TXT1.txtbin	427	cp932	もち帰ることで \n記憶が　かいほうされる
romdata/DT/DT_ITEM_ALL_TXT1.FBC	dt_ITEM_ALL_TXT1.txtbin	428	cp932	もち帰ることで \n記憶が　かいほうされる
romdata/DT/DT_ITEM_ALL_TXT1.FBC	dt_ITEM_ALL_TXT1.txtbin	429	cp932	もち帰ることで \n記憶が　かいほうされる
romdata/DT/DT_ITEM_ALL_TXT1.FBC	dt_ITEM_ALL_TXT1.txtbin	430	cp932	もち帰ることで \n記憶が　かいほうされる
romdata/DT/DT_ITEM_ALL_TXT1.FBC	dt_ITEM_ALL_TXT1.txtbin	431	cp932	もち帰ることで \n記憶が　かいほうされる
romdata/DT/DT_ITEM_ALL_TXT1.FBC	dt_ITEM_ALL_TXT1.txtbin	432	cp932	もち帰ることで \n記憶が　かいほうされる
romdata/DT/DT_ITEM_ALL_TXT1.FBC	dt_ITEM_ALL_TXT1.txtbin	433	cp932	もち帰ることで \n記憶が　かいほうされる
romdata/DT/DT_ITEM_ALL_TXT1.FBC	dt_ITEM_ALL_TXT1.txtbin	434	cp932	もち帰ることで \n記憶が　かいほうされる
romdata/DT/DT_ITEM_ALL_TXT1.FBC	dt_ITEM_ALL_TXT1.txtbin	435	cp932	もち帰ることで \n記憶が　かいほうされる
romdata/DT/DT_ITEM_ALL_TXT1.FBC	dt_ITEM_ALL_TXT1.txtbin	436	cp932	もち帰ることで \n記憶が　かいほうされる
romdata/DT/DT_ITEM_ALL_TXT1.FBC	dt_ITEM_ALL_TXT1.txtbin	437	cp932	もち帰ることで \n記憶が　かいほうされる
romdata/DT/DT_ITEM_ALL_TXT1.FBC	dt_ITEM_ALL_TXT1.txtbin	438	cp932	もち帰ることで \n記憶が　かいほうされる
romdata/DT/DT_ITEM_ALL_TXT1.FBC	dt_ITEM_ALL_TXT1.txtbin	439	cp932	もち帰ることで \n記憶が　かいほうされる
romdata/DT/DT_ITEM_ALL_TXT1.FBC	dt_ITEM_ALL_TXT1.txtbin	440	cp932	もち帰ることで \n記憶が　かいほうされる
romdata/DT/DT_ITEM_ALL_TXT1.FBC	dt_ITEM_ALL_TXT1.txtbin	441	cp932	もち帰ることで \n記憶が　かいほうされる
romdata/DT/DT_ITEM_ALL_TXT1.FBC	dt_ITEM_ALL_TXT1.txtbin	442	cp932	もち帰ることで \n記憶が　かいほうされる
romdata/DT/DT_ITEM_ALL_TXT1.FBC	dt_ITEM_ALL_TXT1.txtbin	443	cp932	もち帰ることで \n記憶が　かいほうされる
romdata/DT/DT_ITEM_ALL_TXT1.FBC	dt_ITEM_ALL_TXT1.txtbin	444	cp932	ぼうけんの \n思い出がつまったかけら
romdata/DT/DT_ITEM_ALL_TXT1.FBC	dt_ITEM_ALL_TXT1.txtbin	445	cp932	ナイトに \nジョブチェンジできる
romdata/DT/DT_ITEM_ALL_TXT1.FBC	dt_ITEM_ALL_TXT1.txtbin	446	cp932	シーフに \nジョブチェンジできる
romdata/DT/DT_ITEM_ALL_TXT1.FBC	dt_ITEM_ALL_TXT1.txtbin	447	cp932	白魔道士に \nジョブチェンジできる
romdata/DT/DT_ITEM_ALL_TXT1.FBC	dt_ITEM_ALL_TXT1.txtbin	448	cp932	黒魔道士に \nジョブチェンジできる
romdata/DT/DT_ITEM_ALL_TXT1.FBC	dt_ITEM_ALL_TXT1.txtbin	449	cp932	赤魔道士に \nジョブチェンジできる
romdata/DT/DT_ITEM_ALL_TXT1.FBC	dt_ITEM_ALL_TXT1.txtbin	450	cp932	踊り子に \nジョブチェンジできる
romdata/DT/DT_ITEM_ALL_TXT1.FBC	dt_ITEM_ALL_TXT1.txtbin	451	cp932	竜騎士に \nジョブチェンジできる
romdata/DT/DT_ITEM_ALL_TXT1.FBC	dt_ITEM_ALL_TXT1.txtbin	452	cp932	学者に \nジョブチェンジできる
romdata/DT/DT_ITEM_ALL_TXT1.FBC	dt_ITEM_ALL_TXT1.txtbin	453	cp932	暗黒騎士に \nジョブチェンジできる
romdata/DT/DT_ITEM_ALL_TXT1.FBC	dt_ITEM_ALL_TXT1.txtbin	454	cp932	忍者に \nジョブチェンジできる
romdata/DT/DT_ITEM_ALL_TXT1.FBC	dt_ITEM_ALL_TXT1.txtbin	455	cp932	ヒーローＸに \nジョブチェンジできる
romdata/DT/DT_ITEM_ALL_TXT1.FBC	dt_ITEM_ALL_TXT1.txtbin	456	cp932	しんあいなる　チョコボさんへ\n{ESC}PK}1~おも{ESC}WT}1~いのほか　あたたか{ESC}PK}1~い{ESC}WT}1~日が\nつづく　今日このごろ{ESC}PK}1~で{ESC}WT}1~すが\nあなたにおねがい{ESC}PK}1~が{ESC}WT}1~あります\n\n私が　忘れて{ESC}PK}1~い{ESC}WT}1~たことを\n思い出し{ESC}PK}1~た{ESC}WT}1~ことにつ{ESC}PK}1~い{ESC}WT}1~てです\nあのことは　忘れてください\nそう…忘却は美徳なのですから…
romdata/DT/DT_ITEM_ALL_TXT1.FBC	dt_ITEM_ALL_TXT1.txtbin	457	cp932	よう！ あい{ESC}PK}1~ぼう{ESC}WT}1~！ 手紙なんて\nいっしょにいる オレたちには\nいらないものとか思ってた{ESC}PK}1~け{ESC}WT}1~どな\nやっぱり 手紙じゃなきゃ\nつたわらないコトもあるも{ESC}PK}1~ん{ESC}WT}1~だよな\nお前{ESC}PK}1~の{ESC}WT}1~　おかげで　思い出せたぜ\n冒険に出た時の　キモチや\nお前と{ESC}PK}1~はじ{ESC}WT}1~めてあった日のことも…\nありがとよ　あいぼう！{ESC}PK}1~\nま{ESC}WT}1~た冒険のはじま{ESC}PK}1~りだ{ESC}WT}1~っ！
romdata/DT/DT_ITEM_ALL_TXT1.FBC	dt_ITEM_ALL_TXT1.txtbin	458	cp932	チョコボ！\n{ESC}PK}1~あ{ESC}WT}1~なたに　文字がわかるかどうか\n迷ったんだ{ESC}PK}1~け{ESC}WT}1~ど　どうしても\nおれいを　つたえたかった{ESC}PK}1~の{ESC}WT}1~\nほんとうに　ありがとう！\nでもさいきん　{ESC}PK}1~みょう{ESC}WT}1~に\nモンスターが強いみたいよ\nだから私がサポートするわ！\n{ESC}PK}1~じょう{ESC}WT}1~けんも　あるけど\nツメをつよくしてあげる！
romdata/DT/DT_ITEM_ALL_TXT1.FBC	dt_ITEM_ALL_TXT1.txtbin	459	cp932	チョコボさんの　おかげで\n水が{ESC}PK}1~き{ESC}WT}1~れ{ESC}PK}1~い{ESC}WT}1~になりました\n本当にありがとうございます\nそれに　い{ESC}PK}1~ろ{ESC}WT}1~んなことを\n思{ESC}PK}1~い{ESC}WT}1~出せました\n私の記憶が　もどったのだっ{ESC}PK}1~て{ESC}WT}1~\nチョコボさ{ESC}PK}1~ん{ESC}WT}1~の　おかげです\nつぎに　お店にいら{ESC}PK}1~し{ESC}WT}1~たときは\nぜひ　ホットココアを\nサービスさせてくださいね
romdata/DT/DT_ITEM_ALL_TXT1.FBC	dt_ITEM_ALL_TXT1.txtbin	460	cp932	チョコボ　私の記憶を… \n思い出を　とりもどしてくれて \nほんとうに　ありがとう！ \nみんなに忘れないでって \n言っているのに私が忘れるなんて… \n私はもう　忘れない \n私の思い出　私の記憶 \nそして　私の使命… \n全部思い出したの \n…おねえちゃんのことも…
romdata/DT/DT_ITEM_ALL_TXT1.FBC	dt_ITEM_ALL_TXT1.txtbin	461	cp932	チョコボ{ESC}PK}1~さ{ESC}WT}1~ん\nあ{ESC}PK}1~り{ESC}WT}1~がとうございます\nあなたのおか{ESC}PK}1~げ{ESC}WT}1~で\n私　{ESC}PK}1~な{ESC}WT}1~んと　思{ESC}PK}1~い{ESC}WT}1~出しました\nすがるべき　神の力を…\nもし　チョコボさんが「呪い」\nにかかってしまったら　{ESC}PK}1~い{ESC}WT}1~つでも\n私{ESC}PK}1~の{ESC}WT}1~ところにきてください\nいつでも　神にいの{ESC}PK}1~り{ESC}WT}1~をささげ\n呪いをといてさしあげますよ
romdata/DT/DT_ITEM_ALL_TXT1.FBC	dt_ITEM_ALL_TXT1.txtbin	462	cp932	{ESC}PK}1~ま{ESC}WT}1~た　くすりやができるのは\nあ{ESC}PK}1~ん{ESC}WT}1~たのおか{ESC}PK}1~げ{ESC}WT}1~だ　ありがとな\nだが　まだ何か\n思い出せそうなんだ　\n思い出せそうで　思い出せなくて…\nってのは　{ESC}PK}1~つ{ESC}WT}1~らいもんだな\nかんしゃ{ESC}PK}1~の{ESC}WT}1~　気持ちはある{ESC}PK}1~よ{ESC}WT}1~\nだから手紙をかいて{ESC}PK}1~る{ESC}WT}1~んだけどな
romdata/DT/DT_ITEM_ALL_TXT1.FBC	dt_ITEM_ALL_TXT1.txtbin	463	cp932	チョコボのおかげで \nきれ{ESC}PK}1~い{ESC}WT}1~な花のかおりも \nつぼみの{ESC}PK}1~ち{ESC}WT}1~いささも \nさいた花の{ESC}PK}1~り{ESC}WT}1~んとしたすがたも \nちゃ{ESC}PK}1~ん{ESC}WT}1~と思い出せた \n花って{ESC}PK}1~のは{ESC}WT}1~いいものだよ \nみん{ESC}PK}1~な{ESC}WT}1~　ぶきなんかすてて \n花を　そだてればいいのさ \nそしたら　へいわな \n世の中になるのにねぇ
romdata/DT/DT_ITEM_ALL_TXT1.FBC	dt_ITEM_ALL_TXT1.txtbin	464	cp932	チョコボのお{ESC}PK}1~か{ESC}WT}1~げで\nずいぶん　むかしのことも\n思い出すこと{ESC}PK}1~が{ESC}WT}1~できたぜ！\nおれが　魚が大好きだってことは\n{ESC}PK}1~み{ESC}WT}1~んな知っているんだけどな\nつって　見て　食べて楽しむ\nこれが魚{ESC}PK}1~の{ESC}WT}1~すばらしささ！\nチョコボも　ガンガンつって\n魚の　{ESC}PK}1~う{ESC}WT}1~つくしさに\nふれて{ESC}PK}1~み{ESC}WT}1~てくれよな！
romdata/DT/DT_ITEM_ALL_TXT1.FBC	dt_ITEM_ALL_TXT1.txtbin	465	cp932	チョコボのおかげで\n思い出せ{ESC}PK}1~た{ESC}WT}1~ことにつ{ESC}PK}1~い{ESC}WT}1~てだけどさ\nおれが　{ESC}PK}1~せ{ESC}WT}1~つめいしなくても\nわかっているとは思うが\n街のや{ESC}PK}1~つ{ESC}WT}1~らは記憶を{ESC}PK}1~な{ESC}WT}1~くしている\nたぶん　おれの家族も\n記憶を　なくしていると思うんだ\nチョコボも　{ESC}PK}1~ひ{ESC}WT}1~まじゃないと思うが\nよかったら　おれの家族の記憶も{ESC}PK}1~\nと{ESC}WT}1~りもどして　くれないか？
romdata/DT/DT_ITEM_ALL_TXT1.FBC	dt_ITEM_ALL_TXT1.txtbin	466	cp932	{ESC}PK}1~あ{ESC}WT}1~なたは　私の記憶を\nとりもどしてくれたわ\nおかげでハリーのことを\n思{ESC}PK}1~い{ESC}WT}1~出{ESC}PK}1~す{ESC}WT}1~ことができたわ\nありがとう　チョコボ\nまだ　思い出せないこともあ{ESC}PK}1~る{ESC}WT}1~けど\nきっと　思い出すわ\nこの街で　すごしてきた時間だもの\n{ESC}PK}1~ここ{ESC}WT}1~にいれば　きっとあのこ{ESC}PK}1~ろ{ESC}WT}1~を\n思い出せると思うの
romdata/DT/DT_ITEM_ALL_TXT1.FBC	dt_ITEM_ALL_TXT1.txtbin	467	cp932	チョコボ　あんたのおかげでね\nアタシの心は今　とっても\nあったかいんだ\nなぜだかわかるかい？\nずっとずっと　忘れてたキモチを\n思い出せたからさ\nあんたも　そういうキモチは\n忘れちゃいけないよ？　きっと　\n大切な　宝物になるからね
romdata/DT/DT_ITEM_ALL_TXT1.FBC	dt_ITEM_ALL_TXT1.txtbin	468	cp932	チョコ{ESC}PK}1~ボ{ESC}WT}1~のおかげだね\nボク　{ESC}PK}1~ク{ESC}WT}1~レア{ESC}PK}1~の{ESC}WT}1~ことを思い出せた！\nありがとう　チョコボ！\nボクは　ひとりじゃなかったんだ！{ESC}PK}1~\nい{ESC}WT}1~ままで　まもってくれていた\nお父さんと　お母さんは{ESC}PK}1~\nもう{ESC}WT}1~いないけど…\nクレアのこ{ESC}PK}1~と{ESC}WT}1~は　ボクがまもるよ！\nだって　ボクはクレアの\nおにいちゃんなんだから！
romdata/DT/DT_ITEM_ALL_TXT1.FBC	dt_ITEM_ALL_TXT1.txtbin	469	cp932	チョコボ！　あのね　{ESC}PK}1~アタシ{ESC}WT}1~ね \nおもいだしたこと　おにいちゃんの \nことと　もうひとつある{ESC}PK}1~の{ESC}WT}1~！ \nなんだとおもう？ \nエヘヘ　じつはね… \nアタシね　おどりこになりたいの！ \nた{ESC}PK}1~あ{ESC}WT}1~ーくさん　れんしゅうして \nステキな　おどりこ{ESC}PK}1~に{ESC}WT}1~なるんだ！ \nそしたら　チョコボ… \nアタシのおどりを　みに{ESC}PK}1~き{ESC}WT}1~てね！
romdata/DT/DT_ITEM_ALL_TXT1.FBC	dt_ITEM_ALL_TXT1.txtbin	470	cp932	チョコボさん　あなたのおかげで\n私はとてもたいせ{ESC}PK}1~つ{ESC}WT}1~なことを\n思い出せまし{ESC}PK}1~た{ESC}WT}1~\n自分いがいの　だれかを\nたいせつに思うことです\nでも…私にたりなかったのは\nその気持ちを伝{ESC}PK}1~え{ESC}WT}1~る　ゆうきでし{ESC}PK}1~た{ESC}WT}1~\nこれからは思うだけでなく\n伝えて{ESC}PK}1~い{ESC}WT}1~こうと思います{ESC}PK}1~\nあ{ESC}WT}1~りがとうござ{ESC}PK}1~い{ESC}WT}1~ました
romdata/DT/DT_ITEM_ALL_TXT1.FBC	dt_ITEM_ALL_TXT1.txtbin	471	cp932	まさか　お前にたすけられるとはな{ESC}PK}1~\nつよ{ESC}WT}1~くなったな　チョコボ！{ESC}PK}1~\nく{ESC}WT}1~やしいが　今のお前と\n戦えば　ま{ESC}PK}1~け{ESC}WT}1~てしまうかもな…\n\n…{ESC}PK}1~だ{ESC}WT}1~が　今は{ESC}PK}1~か{ESC}WT}1~んしゃしよう\nあの思い出を　名前を\n思い出させて{ESC}PK}1~く{ESC}WT}1~れて　ありがとう\nあの思い出こそ\n今のオレをささえているんだ
romdata/DT/DT_ITEM_ALL_TXT1.FBC	dt_ITEM_ALL_TXT1.txtbin	472	cp932	ヴォルグが書けって{ESC}PK}1~\nせ{ESC}WT}1~かすから　書くけど…\n正直　何書いていい{ESC}PK}1~か{ESC}WT}1~\nわからな{ESC}PK}1~いの{ESC}WT}1~よね\n別に　かんしゃもしてないし\nでも {ESC}PK}1~ひ{ESC}WT}1~とに　言われて書くより\n本心を伝えたほうがいいでしょう？\nあのままじゃなくて\nよかったってのは　{ESC}PK}1~ほ{ESC}WT}1~んと{ESC}PK}1~う{ESC}WT}1~よ\n…じゃあね！
romdata/DT/DT_ITEM_ALL_TXT1.FBC	dt_ITEM_ALL_TXT1.txtbin	473	cp932	チョコボ　やはり私は\nまちがっていたのだな\n人々の記憶をうばい\n考えることをうばっていたが\nそれでは何も　かいけつしない\nやはり　人は思い出をもって\n前に進まなければならないんだ\nチョコボ…　このヴィレを\nそして　私を\nすくってくれて　ありがとう
romdata/DT/DT_ITEM_ALL_TXT1.FBC	dt_ITEM_ALL_TXT1.txtbin	474	cp932	手紙って　いいね \n口では伝えにくいことも \n字にすれば　はっきりする \nそんな　気がする… \nだから　手紙をかくよ \nキミがいたから… \nボクは　ボクであることが \nできたんだと思う… \nぜんぶ　キミのおかげだよ \nありがとう　チョコボ
romdata/DT/DT_ITEM_ALL_TXT1.FBC	dt_ITEM_ALL_TXT1.txtbin	475	cp932	私はジーク \n人々を守る盾となり \n人々をたすける剣となり \n騎士としての道を \n進みつづけて{ESC}PK}1~き{ESC}WT}1~た \nこの手紙を見つけたものよ \n私の記憶を手に入れるのだ \n私の技をいかし　人々のき{ESC}PK}1~ぼう{ESC}WT}1~を \nこ{ESC}PK}1~の{ESC}WT}1~街を守って{ESC}PK}1~ほし{ESC}WT}1~い
romdata/DT/DT_ITEM_ALL_TXT1.FBC	dt_ITEM_ALL_TXT1.txtbin	476	cp932	わがむすめ　フレイアへ \nお前に{ESC}PK}1~こ{ESC}WT}1~どもができたとしたら \n{ESC}PK}1~こ{ESC}WT}1~の公園でいっし{ESC}PK}1~よ{ESC}WT}1~にふた{ESC}PK}1~り{ESC}WT}1~ \nあそぶ日がくるだろう \nいつか　もしこの手紙を見つけたら \nその{ESC}PK}1~と{ESC}WT}1~き　{ESC}PK}1~わ{ESC}WT}1~たしのことを \n思い出してほしい \nシーソーをお前のため{ESC}PK}1~に{ESC}WT}1~ \n作った　わたしのことを… \nお前の父　フィーゴより
romdata/DT/DT_ITEM_ALL_TXT1.FBC	dt_ITEM_ALL_TXT1.txtbin	477	cp932	この手紙を読んだ人へ \nこの手紙を見つけたあ{ESC}PK}1~な{ESC}WT}1~た \nあなたが手紙を見つけた日は \nいったい　い{ESC}PK}1~つ{ESC}WT}1~な{ESC}PK}1~の{ESC}WT}1~？ \nあの子たちは元気かしら？ \n元気で　いてくれればいい \nけんこうで　いてくれればいい \n{ESC}PK}1~そ{ESC}WT}1~れが母である私 \nエレナの最後のねがいだか{ESC}PK}1~ら{ESC}WT}1~
romdata/DT/DT_ITEM_ALL_TXT1.FBC	dt_ITEM_ALL_TXT1.txtbin	478	cp932	砂漠の塔をめざした{ESC}PK}1~あなた{ESC}WT}1~ \n今どこにいるかはわからないけど \nこの手紙を書くわ… \nあなたに言わなければならない \n{ESC}PK}1~と{ESC}WT}1~てもだいじなことがあるの… \nあなたとわたしの子が　生まれたの \nダリルという名前をつけました \nあなたににて　元気な子よ \n{ESC}PK}1~わたし{ESC}WT}1~　まってるわ　いつまでも \nあなたの　プラムより
romdata/DT/DT_ITEM_ALL_TXT1.FBC	dt_ITEM_ALL_TXT1.txtbin	479	cp932	{ESC}PK}1~こ{ESC}WT}1~の手紙がよまれるとき \n私はヴィレにいないだろう \n{ESC}PK}1~お{ESC}WT}1~とぎ話に　かたら{ESC}PK}1~れ{ESC}WT}1~る \n全てを闇にのみ込むものが \nいずれ　あらわれ{ESC}PK}1~る{ESC}WT}1~だろう \n人々{ESC}PK}1~と{ESC}WT}1~　この街を守るため \n私はこの手紙を書いておこう \n闇に　のみこまれたものを… \n{ESC}PK}1~き{ESC}WT}1~ぼうを忘れずに進むのだ
romdata/DT/DT_ITEM_ALL_TXT1.FBC	dt_ITEM_ALL_TXT1.txtbin	480	cp932	オレはしがない暗黒騎士 \n{ESC}PK}1~め{ESC}WT}1~いやく{ESC}PK}1~で{ESC}WT}1~カラダをすりへらし \nカオスでこんとんばらまく男 \nほれ{ESC}PK}1~た{ESC}WT}1~女は{ESC}PK}1~い{ESC}WT}1~るけれど \nぼうけんかぎょうにゃかなわねぇ \nオレはしがない暗黒騎士 \n{ESC}PK}1~あ{ESC}WT}1~んこくでココロをすりへらし \nナイトメアでねむれ{ESC}PK}1~た{ESC}WT}1~男 \n{ESC}PK}1~ま{ESC}WT}1~ってる女はいたけれど \nぼうけんかぎょうにゃかなわねぇ
romdata/DT/DT_ITEM_ALL_TXT1.FBC	dt_ITEM_ALL_TXT1.txtbin	481	cp932	{ESC}PK}1~こ{ESC}WT}1~の手紙がよまれる{ESC}PK}1~ころ{ESC}WT}1~\n私の命も尽きていることだろう\n私のワザでは足りぬのかもしれない\nしかし 私は あきらめはしない…\nたとえ こ{ESC}PK}1~の{ESC}WT}1~ヤリがおれよう…\nいかに{ESC}PK}1~て{ESC}WT}1~きが強大であろうと…\n私があ{ESC}PK}1~き{ESC}WT}1~らめたとしたら…\nあのおそるべきそん…\nひとびとの心をう…\nウェッジ・ア…
romdata/DT/DT_ITEM_ALL_TXT1.FBC	dt_ITEM_ALL_TXT1.txtbin	482	cp932	チョコボ　お前とうとう \nすっぴん　のジョブＬＶを \nＭＡＸまで上げたクポね？ \nむ　むっきー！　くやしいクポ！ \nお前なんか…お前なんか… \n装備してるツメを \nジマンしようと \nはずした　しゅんかんに \nまちがって　けって \nなくしてしまえばいいクポ！
romdata/DT/DT_ITEM_ALL_TXT1.FBC	dt_ITEM_ALL_TXT1.txtbin	483	cp932	チョコボ　お前とうとう \nナイト　のジョブＬＶを \nＭＡＸまで上げたクポね？ \nむ　むっきー！　くやしいクポ！ \nお前なんか…お前なんか… \nこのターンが終わったら \nエリクサーをつかおうと \n思ってたら　倒されて \nボウゼンと　するがいいクポ！
romdata/DT/DT_ITEM_ALL_TXT1.FBC	dt_ITEM_ALL_TXT1.txtbin	484	cp932	チョコボ　お前とうとう \nシーフ　のジョブＬＶを \nＭＡＸまで上げたクポね？ \nむ　むっきー！　くやしいクポ！ \nお前なんか…お前なんか… \n持ち物がいっぱいだから \nせいりしようとして \nアイテムをフロアに置いたら \n落とし穴に落ちて \nうわーんと　泣くがいいクポ
romdata/DT/DT_ITEM_ALL_TXT1.FBC	dt_ITEM_ALL_TXT1.txtbin	485	cp932	チョコボ　お前とうとう \n白魔道士　のジョブＬＶを \nＭＡＸまで上げたクポね？ \nむ　むっきー！　くやしいクポ！ \nお前なんか…お前なんか… \nギサールの野菜と \nクサールの野菜を \nまちがえて… \nふてクサーれてるといいクポ！
romdata/DT/DT_ITEM_ALL_TXT1.FBC	dt_ITEM_ALL_TXT1.txtbin	486	cp932	チョコボ　お前とうとう \n黒魔道士　のジョブＬＶを \nＭＡＸまで上げたクポね？ \nむ　むっきー！　くやしいクポ！ \nお前なんか…お前なんか… \nマップ忘れのワナにひっかかって \nかいだんが見つからなくて \nしにがみ　においまわされて \nにげまわるといいクポ！
romdata/DT/DT_ITEM_ALL_TXT1.FBC	dt_ITEM_ALL_TXT1.txtbin	487	cp932	チョコボ　お前とうとう \n赤魔道士　のジョブＬＶを \nＭＡＸまで上げたクポね？ \nむ　むっきー！　くやしいクポ！ \nお前なんか…お前なんか… \nれんぞくまで \nアビリティ使い放題だと \nサクサク進んでたら \n地雷をふんで　ＨＰが \nピンチになればいいクポ！
romdata/DT/DT_ITEM_ALL_TXT1.FBC	dt_ITEM_ALL_TXT1.txtbin	488	cp932	チョコボ　お前とうとう \n踊り子　のジョブＬＶを \nＭＡＸまで上げたクポね？ \nむ　むっきー！　くやしいクポ！ \nお前なんか…お前なんか… \nエクスポーションを \nうっかりてきに　投げつけて \nてきが回復するのを　見ながら \nはげしく　落ち込むがいいクポ！
romdata/DT/DT_ITEM_ALL_TXT1.FBC	dt_ITEM_ALL_TXT1.txtbin	489	cp932	チョコボ　お前とうとう \n竜騎士　のジョブＬＶを \nＭＡＸまで上げたクポね？ \nむ　むっきー！　くやしいクポ！ \nお前なんか…お前なんか… \nＨＰがあと少しのときに \n階段に向かおうとしたら \n地雷を　ふんじゃって \nガクゼンとするがいいクポ！！
romdata/DT/DT_ITEM_ALL_TXT1.FBC	dt_ITEM_ALL_TXT1.txtbin	490	cp932	チョコボ　お前とうとう \n学者　のジョブＬＶを \nＭＡＸまで上げたクポね？ \nむ　むっきー！　くやしいクポ！ \nお前なんか…お前なんか… \nハラヘラズの首輪を見つけて \nラッキーと思って　そうびしたら \nじつは　ハラヘリの首輪で \nしかも　呪われていてはずれなくて \nボーゼンとするがいいクポ！
romdata/DT/DT_ITEM_ALL_TXT1.FBC	dt_ITEM_ALL_TXT1.txtbin	491	cp932	チョコボ　お前とうとう \n暗黒騎士　のジョブＬＶを \nＭＡＸまで上げたクポね？ \nむ　むっきー！　くやしいクポ！ \nお前なんか…お前なんか… \nチョーシに乗って \nＨＰ回復しようと \nダークブレイクを \n使ったらアンデッドで \nなみだめに　なればいいクポ！
romdata/DT/DT_ITEM_ALL_TXT1.FBC	dt_ITEM_ALL_TXT1.txtbin	492	cp932	チョコボ　お前とうとう \n忍者　のジョブＬＶを \nＭＡＸまで上げたクポね？ \nむ　むっきー！　くやしいクポ！ \nお前なんか…お前なんか… \nＤＳの電源を切らずにフタをとじて \nしばらくしてから　フタをあけたら \nダンジョンでてきに \nかこまれていることを思い出して \nゲッソリしてしまえばいいクポ
romdata/DT/DT_ITEM_ALL_TXT1.FBC	dt_ITEM_ALL_TXT1.txtbin	493	cp932	チョコボ　お前とうとう \nヒーローＸ　のジョブＬＶを \nＭＡＸまで上げたクポね？ \nむ　むっきー！　くやしいクポ！ \nお前なんか…お前なんか… \nカードハントＸを使って\nカードを見つけようとして\nぜんぜん見つけられなくて\nイラつくといいクポ！
romdata/DT/DT_ITEM_ALL_TXT1.FBC	dt_ITEM_ALL_TXT1.txtbin	494	cp932	モグは今　泣きながらこの手紙を \n書いてるクポ \nまさか　お前が全ジョブを \n入手してしまうとは！ \n \nこれからはおまえがモグのかわりに \nダンジョンヒーローＸを \n名乗るがいいクポ！！ \n……あ　でもそれだとファンが \nかなしむから　やっぱり無しクポ
romdata/DT/DT_ITEM_ALL_TXT1.FBC	dt_ITEM_ALL_TXT1.txtbin	495	cp932	もう強がりは言わないクポ \nお前はすごいクポ！ \nまさか　ＬＶをＭＡＸまで \n上げてしまうとは！ \nモグはこれから　 \nお前をたたえるためだけに \n生きていくクポ！ \n本当に………って！！　 \nやっぱりくやしいクポ！！
romdata/DT/DT_ITEM_ALL_TXT1.FBC	dt_ITEM_ALL_TXT1.txtbin	496	cp932	モグ　じゃなかった… \n私の　名前は \nロマンチックヒーローＸ！ \nロマン　かがやく \nエックステイル星からきたクポ！ \n私からキミにおくる　さいしょの \nロマンチックフレーズ！ \nずばり！『{ESC}PK}1~ろまんのせかい{ESC}WT}1~』！ \n私をみつけたらつたえるクポ！ \nちなみにサイロには近づくなクポ！
romdata/DT/DT_ITEM_ALL_TXT1.FBC	dt_ITEM_ALL_TXT1.txtbin	497	cp932	ダンジョンヒーローＸさまクポ！ \nこのへなチョコボめ！ \nあのダンジョンの２１階まで \n行ってしまうとは… \nでも　まだまだ　あまいクポ！！ \nモグからお前への挑戦クポ！ \n「⑮生の炎」で \nお前の力を試してやるクポ！！ \nさあ　試練の鏡へ \n行ってみるクポ！！
romdata/DT/DT_ITEM_ALL_TXT1.FBC	dt_ITEM_ALL_TXT1.txtbin	498	cp932	ダンジョンヒーローＸさまクポ！ \nへなチョコボ！ \nあのダンジョンの４１階まで \n行ってしまうとは… \nちょっとは　ほめてやるクポ！ \nモグからお前への挑戦クポ！ \n「大海原の主」で \nお前の力を試してやるクポ！！ \nさあ　試練の鏡へ \n行ってみるクポ！！
romdata/DT/DT_ITEM_ALL_TXT1.FBC	dt_ITEM_ALL_TXT1.txtbin	499	cp932	ダンジョンヒーローＸクポ！ \nチョコボ！ \nあのダンジョンの６６階まで \n行ってしまうとは… \nなかなかやるクポ！！ \nモグからお前への挑戦クポ！ \n「聖なる審判」で \nお前の力を試してやるクポ！！ \nさあ　試練の鏡へ \n行ってみるクポ！！
romdata/DT/DT_ITEM_ALL_TXT1.FBC	dt_ITEM_ALL_TXT1.txtbin	500	cp932	ダンジョンヒーローＸクポ！ \nチョコボどの！ \nあのダンジョンの９６階まで \n行ってしまうとは… \nお見事クポ！！ \nモグからの最後の挑戦クポ！ \n「偉大なる竜王」で \nその力を見せてもらうクポ！！ \nさあ　試練の鏡へ \n行ってみるクポ！！
romdata/DT/DT_ITEM_ALL_TXT1.FBC	dt_ITEM_ALL_TXT1.txtbin	501	cp932	とくべつなダンジョン \n『炎と氷』への \n入場チケットクポ！ \nさあ　冒険のはじまりクポ！！
romdata/DT/DT_ITEM_ALL_TXT1.FBC	dt_ITEM_ALL_TXT1.txtbin	502	cp932	とくべつなダンジョン \n『ダンジョンオブヒーロー！』への \n入場チケットクポ！ \nさあ　冒険のはじまりクポ！！
romdata/DT/DT_ITEM_ALL_TXT1.FBC	dt_ITEM_ALL_TXT1.txtbin	503	cp932	とくべつなダンジョン \n『不思議なダンジョン』への \n入場チケットクポ！ \nさあ　冒険のはじまりクポ！！
romdata/DT/DT_ITEM_ALL_TXT1.FBC	dt_ITEM_ALL_TXT1.txtbin	504	cp932	きっとこの手紙をよみすすめている \nかんぺきなキミにはわかるだろうな \nんぴともたどりつけないそのすばら \nしきいぎょうについてのものがたり \nやれるべきことをすべてこなしきり \nしせんをいくどもくぐりぬけながら \nらくなみちをえらぶこともなくよる \nべなきこのせかいをただひとりけん \nろうないしではしりぬけたえいゆう \nよただキミのえいかんをたたえよう
romdata/DT/DT_ITEM_ALL_TXT1.FBC	dt_ITEM_ALL_TXT1.txtbin	505	cp932	ヴィレではふつうの川魚 \nマリスの魚屋でひきとってくれる
romdata/DT/DT_ITEM_ALL_TXT1.FBC	dt_ITEM_ALL_TXT1.txtbin	506	cp932	ヴィレではふつうの魚　小型 \nマリスの魚屋でひきとってくれる
romdata/DT/DT_ITEM_ALL_TXT1.FBC	dt_ITEM_ALL_TXT1.txtbin	507	cp932	ヴィレではふつうの川魚　小型 \nマリスの魚屋でひきとってくれる
romdata/DT/DT_ITEM_ALL_TXT1.FBC	dt_ITEM_ALL_TXT1.txtbin	508	cp932	ヴィレではふつうの魚　小型 \nマリスの魚屋でひきとってくれる
romdata/DT/DT_ITEM_ALL_TXT1.FBC	dt_ITEM_ALL_TXT1.txtbin	509	cp932	ヴィレではふつうの川魚　中型 \nマリスの魚屋でひきとってくれる
romdata/DT/DT_ITEM_ALL_TXT1.FBC	dt_ITEM_ALL_TXT1.txtbin	510	cp932	ヴィレではふつうの魚　中型 \nマリスの魚屋でひきとってくれる
romdata/DT/DT_ITEM_ALL_TXT1.FBC	dt_ITEM_ALL_TXT1.txtbin	511	cp932	ヴィレではきちょうな川魚　小型 \nマリスの魚屋でひきとってくれる
romdata/DT/DT_ITEM_ALL_TXT1.FBC	dt_ITEM_ALL_TXT1.txtbin	512	cp932	ヴィレではきちょうな魚　大型 \nマリスの魚屋でひきとってくれる
romdata/DT/DT_ITEM_ALL_TXT1.FBC	dt_ITEM_ALL_TXT1.txtbin	513	cp932	めったにつれない伝説の魚 \nマリスの魚屋でひきとってくれる
romdata/DT/DT_ITEM_ALL_TXT1.FBC	dt_ITEM_ALL_TXT1.txtbin	514	cp932	めったにつれない伝説の魚 \nマリスの魚屋でひきとってくれる
romdata/DT/DT_ITEM_ALL_TXT1.FBC	dt_ITEM_ALL_TXT1.txtbin	515	cp932	青く光るきゅうたい \nきゅうたいの上がわにきんぞくの \nソケットのようなものが \nくっついており \nひょうめんのパターンがへんかする \nことばをしゃべり \nじぶんのことをαー２４と \nいっている \nつうしんしているときには \nきいろに光る
romdata/DT/DT_ITEM_ALL_TXT1.FBC	dt_ITEM_ALL_TXT1.txtbin	516	cp932	グレンがのこした \nてんそうそうちのカギ \nＧ＝はんよう　Ｅ＝きょうかがた \nＡ＝じんこう　Ｒ＝はんのうろ \n改造はできない
romdata/DT/DT_ITEM_ALL_TXT1.FBC	dt_ITEM_ALL_TXT1.txtbin	517	cp932	オメガとの戦いにしょうりし \nオメガを封印したもののみが \nこのえいよある勲章をえられる \nむげんの戦いへの入口
romdata/DT/DT_ITEM_ALL_TXT1.FBC	dt_ITEM_ALL_TXT1.txtbin	518	cp932	{ESC}RD}1~飛空艇{ESC}WT}1~のせいぞうにはそざいの \nことなるパーツがひつようである \n・本体はかるさがもとめられるため \nミスリルとチタンでこうせいする \n・はねのぶぶんは形をつくりやすい \nセラミックとカーボンをりよう \n・エンジンはエネルギーにたえる \nアダマンとコバルトでつくる \n・エネルギーげんは \n{ESC}PP}1~大いなる力{ESC}WT}1~をつかう
romdata/DT/DT_ITEM_ALL_TXT1.FBC	dt_ITEM_ALL_TXT1.txtbin	519	cp932	{ESC}RD}1~飛空艇{ESC}WT}1~のほねぐみのパーツ \n本体はかるさがもとめられるため \nミスリルとチタンで \nできている
romdata/DT/DT_ITEM_ALL_TXT1.FBC	dt_ITEM_ALL_TXT1.txtbin	520	cp932	{ESC}RD}1~飛空艇{ESC}WT}1~のつばさのパーツ \nはねのぶぶんは形をつくりやすい \nセラミックとカーボンで \nできている
romdata/DT/DT_ITEM_ALL_TXT1.FBC	dt_ITEM_ALL_TXT1.txtbin	521	cp932	{ESC}RD}1~飛空艇{ESC}WT}1~のエンジンのパーツ \nエンジンはエネルギーにたえる \nアダマンとコバルトで \nできている
romdata/DT/DT_ITEM_ALL_TXT1.FBC	dt_ITEM_ALL_TXT1.txtbin	522	cp932	 \n \n{15}CT}1~Ｓ月Ｉ日 \n \n \nこれでねんがんの{ESC}RD}1~飛空艇{ESC}WT}1~を \n作り出すことができる！ \n{ESC}PP}1~大いなる力{ESC}WT}1~のありかを \nつきとめたのだ！ \nのこしていく　つまプラムのことが \nきになるが　こんどの冒険はさほど \n長くはならないだろうと思う \nトレジャーハンターのちがさわぐ
romdata/DT/DT_ITEM_ALL_TXT1.FBC	dt_ITEM_ALL_TXT1.txtbin	523	cp932	 \n \n{15}CT}1~Ｔ月Ｃ日 \n \n \nようやく{ESC}BL}1~砂漠の塔{ESC}WT}1~にたどりついた \n砂あらしのせいで　しょうもうが \nはげしいことが気になる \n私は{ESC}PP}1~大いなる力{ESC}WT}1~を \n手に入れることが \nできるのだろうか？ \nめざす塔にはなにかがいるようだ \nかんたんでは　なさそうだ
romdata/DT/DT_ITEM_ALL_TXT1.FBC	dt_ITEM_ALL_TXT1.txtbin	524	cp932	 \n \n{15}CT}1~Ｕ月Ｆ日 \n \n \n気がつくとベッドにねていた \nあたりを見るかぎり　砂漠とは \nまったくちがうところのようだ \nたすけてくれた牧場の \nステラさんの話によると \n私は　川ぎしにひどいケガをして \nたおれていたということらしい \nまずはケガをなおさなければ
romdata/DT/DT_ITEM_ALL_TXT1.FBC	dt_ITEM_ALL_TXT1.txtbin	525	cp932	 \n \n{15}CT}1~Ｎ月Ｏ日 \n \n \nステラさんのおかげで \nケガも　ようやくなおった \n今年はカエルが大発生して \n夜もねむれないとのことなので \nちくおんきを改造して \n鳴きごえをきこえにくくしてみた \n牧場のみなさんに少しでも \nおんがえしとなれば　うれしい
romdata/DT/DT_ITEM_ALL_TXT1.FBC	dt_ITEM_ALL_TXT1.txtbin	526	cp932	 \n \n{15}CT}1~Ｅ月Ｒ日 \n \n \nステラさんの姉エレナさんが \n近くの街で　神官をやっており \nこまっているので力になって \nほしいとたのまれた \nお世話になっている　ステラさんの \nたのみなのでこころよく引きうける \n街には神獣に守られている神殿が \nあるのだが　その中の闇の神殿の \nようすが　おかしいとのことだ…
romdata/DT/DT_ITEM_ALL_TXT1.FBC	dt_ITEM_ALL_TXT1.txtbin	527	cp932	 \n \n{15}CT}1~Ｌ月Ｏ日 \n \n \n神官はクリスタルを使って \n神獣の力をかり　街の人のために \nいろいろと役立てているとのこと \n問題の闇の神殿の神官ローチェに \n話をきくと　どうも闇の神獣の力が \nぞうだいしており　おさえることが \nむずかしくなって　こまっているようだ \nげんいんはここにあるはず… \nさっそく　けんきゅうにはいる
romdata/DT/DT_ITEM_ALL_TXT1.FBC	dt_ITEM_ALL_TXT1.txtbin	528	cp932	 \n \n{15}CT}1~Ｅ月Ｍ日 \n \n \nけんきゅうがおわったので \n『悪いこころ』の封印をじっこうする \n神獣の力の一部はクリスタルに \n封じることができた \nこれでだいじょうぶだと思いたい \n \n \n{15}CT}1~{ESC}PP}1~神獣ラファエロ…{ESC}WT}1~大きすぎる力だ…
romdata/DT/DT_ITEM_ALL_TXT1.FBC	dt_ITEM_ALL_TXT1.txtbin	529	cp932	 \n \n{15}CT}1~Ｃ月Ｅ日 \n \n \nまた{ESC}RD}1~飛空艇{ESC}WT}1~のけんきゅうにもどる \n先のけんきゅうで　フエゴ鉱山に \n不思議なそうちのことを \n思い出したので　むかう \n \n見たことのないぎじゅつで作られた \nそのそうちは　とくていの場所へ \nすぐ移動できるものらしい \n何が待っているかわからないが \n先に進むことにする
romdata/DT/DT_ITEM_ALL_TXT1.FBC	dt_ITEM_ALL_TXT1.txtbin	530	cp932	 \n \n{15}CT}1~Ｔ月Ｇ日 \n \n \nてんそう先をちょうさ中　 \n大きな部屋の石板にうめこまれた \n光るモノを見つけた \nそれは{ESC}GR}1~αー２４{ESC}WT}1~と名のり \n古代人のつかっていた \nじょうほうたんまつだと語ってきた \nさっそく石板について聞くが \nこれはすでに使えないとのこと \nしばらくここをしらべることにする
romdata/DT/DT_ITEM_ALL_TXT1.FBC	dt_ITEM_ALL_TXT1.txtbin	531	cp932	 \n \n{15}CT}1~Ｒ月Ａ日 \n \n \n紙もつきたのでさいごの日記になる \n{ESC}GR}1~αー２４{ESC}WT}1~からのじょうほうもあり \n{ESC}BL}1~古代の遺跡{ESC}WT}1~への行きかたがわかった \nそざいも　ほうふなので　そちらの \nほうがけんきゅうが進むだろう \n \n \nプラムのもとに　もどるために…
romdata/DT/DT_ITEM_ALL_TXT1.FBC	dt_ITEM_ALL_TXT1.txtbin	532	cp932	『A.R.T.レシピ・上 \n　　　　インフィニットストライク』 \nA.R.T.とは　ギアにちくせきされた \nＳＰを使いギアのはんのうろを \n別タイプに改造するテクノロジー　 \nＳＰりょうにおうじて \nいりょくはへんかするが \n一度に{ESC}RD}1~全ＳＰをつかう{ESC}WT}1~のでちゅうい \nこのレシピは　エネルギー方向を \nかくさんできるA.R.T.である
romdata/DT/DT_ITEM_ALL_TXT1.FBC	dt_ITEM_ALL_TXT1.txtbin	533	cp932	『A.R.T.レシピ・中 \n　　　　ライトニングドライヴ』 \nおうようとしてより多くの \nじょうきょうにたいおうするレシピ \nまわりのくうかん そのものを \nはんのうろに改造する \nエネルギーをさげることなく \nしゃせん上にある \nもくひょうすべてを同じ攻撃力で \nつらぬいて攻撃するA.R.T.である
romdata/DT/DT_ITEM_ALL_TXT1.FBC	dt_ITEM_ALL_TXT1.txtbin	534	cp932	『A.R.T.レシピ・下 \n　　　ファイナリティバースト』 \nギアによる攻撃は使い手への \nえいきょうを考えると全方向へ \nのほうしゅつはキケンである \nこのレシピは　エネルギーを集中し \n命中した地点からまわりにひろがる \n爆発をひきおこすA.R.T.である
romdata/DT/DT_ITEM_ALL_TXT1.FBC	dt_ITEM_ALL_TXT1.txtbin	535	cp932	『A.R.T.レシピ・極 \n　　　　{ESC}PP}1~アルティメットブラスト{ESC}WT}1~』 \nこうかはたんじゅんだがその使用に \nきけんをともなうため \nＡ.Ｒ.Ｔ.を極めたものにしか \nまともに使うことはできないだろう \nこのレシピは　はんのうを \nこうそくでてんかいし \nほうしゅつエネルギーを最大に \n高めるA.R.T.である
romdata/DT/DT_ITEM_ALL_TXT1.FBC	dt_ITEM_ALL_TXT1.txtbin	538	cp932	ポップアップデュエルで使うカード
romdata/DT/DT_ITEM_ALL_TXT1.FBC	dt_ITEM_ALL_TXT1.txtbin	539	cp932	ポップアップデュエルで使うカード
romdata/DT/DT_ITEM_ALL_TXT1.FBC	dt_ITEM_ALL_TXT1.txtbin	540	cp932	ポップアップデュエルで使うカード
romdata/DT/DT_ITEM_ALL_TXT1.FBC	dt_ITEM_ALL_TXT1.txtbin	541	cp932	ポップアップデュエルで使うカード
romdata/DT/DT_ITEM_ALL_TXT1.FBC	dt_ITEM_ALL_TXT1.txtbin	542	cp932	ポップアップデュエルで使うカード
romdata/DT/DT_ITEM_ALL_TXT1.FBC	dt_ITEM_ALL_TXT1.txtbin	543	cp932	ポップアップデュエルで使うカード
romdata/DT/DT_ITEM_ALL_TXT1.FBC	dt_ITEM_ALL_TXT1.txtbin	544	cp932	ポップアップデュエルで使うカード
romdata/DT/DT_ITEM_ALL_TXT1.FBC	dt_ITEM_ALL_TXT1.txtbin	545	cp932	ポップアップデュエルで使うカード
romdata/DT/DT_ITEM_ALL_TXT1.FBC	dt_ITEM_ALL_TXT1.txtbin	546	cp932	ポップアップデュエルで使うカード
romdata/DT/DT_ITEM_ALL_TXT1.FBC	dt_ITEM_ALL_TXT1.txtbin	547	cp932	ポップアップデュエルで使うカード
romdata/DT/DT_ITEM_ALL_TXT1.FBC	dt_ITEM_ALL_TXT1.txtbin	548	cp932	ポップアップデュエルで使うカード
romdata/DT/DT_ITEM_ALL_TXT1.FBC	dt_ITEM_ALL_TXT1.txtbin	549	cp932	ポップアップデュエルで使うカード
romdata/DT/DT_ITEM_ALL_TXT1.FBC	dt_ITEM_ALL_TXT1.txtbin	550	cp932	ポップアップデュエルで使うカード
romdata/DT/DT_ITEM_ALL_TXT1.FBC	dt_ITEM_ALL_TXT1.txtbin	551	cp932	ポップアップデュエルで使うカード
romdata/DT/DT_ITEM_ALL_TXT1.FBC	dt_ITEM_ALL_TXT1.txtbin	552	cp932	ポップアップデュエルで使うカード
romdata/DT/DT_ITEM_ALL_TXT1.FBC	dt_ITEM_ALL_TXT1.txtbin	553	cp932	ポップアップデュエルで使うカード
romdata/DT/DT_ITEM_ALL_TXT1.FBC	dt_ITEM_ALL_TXT1.txtbin	554	cp932	ポップアップデュエルで使うカード
romdata/DT/DT_ITEM_ALL_TXT1.FBC	dt_ITEM_ALL_TXT1.txtbin	555	cp932	ポップアップデュエルで使うカード
romdata/DT/DT_ITEM_ALL_TXT1.FBC	dt_ITEM_ALL_TXT1.txtbin	556	cp932	ポップアップデュエルで使うカード
romdata/DT/DT_ITEM_ALL_TXT1.FBC	dt_ITEM_ALL_TXT1.txtbin	557	cp932	ポップアップデュエルで使うカード
romdata/DT/DT_ITEM_ALL_TXT1.FBC	dt_ITEM_ALL_TXT1.txtbin	558	cp932	ポップアップデュエルで使うカード
romdata/DT/DT_ITEM_ALL_TXT1.FBC	dt_ITEM_ALL_TXT1.txtbin	559	cp932	ポップアップデュエルで使うカード
romdata/DT/DT_ITEM_ALL_TXT1.FBC	dt_ITEM_ALL_TXT1.txtbin	560	cp932	ポップアップデュエルで使うカード
romdata/DT/DT_ITEM_ALL_TXT1.FBC	dt_ITEM_ALL_TXT1.txtbin	561	cp932	ポップアップデュエルで使うカード
romdata/DT/DT_ITEM_ALL_TXT1.FBC	dt_ITEM_ALL_TXT1.txtbin	562	cp932	ポップアップデュエルで使うカード
romdata/DT/DT_ITEM_ALL_TXT1.FBC	dt_ITEM_ALL_TXT1.txtbin	563	cp932	ポップアップデュエルで使うカード
romdata/DT/DT_ITEM_ALL_TXT1.FBC	dt_ITEM_ALL_TXT1.txtbin	564	cp932	ポップアップデュエルで使うカード
romdata/DT/DT_ITEM_ALL_TXT1.FBC	dt_ITEM_ALL_TXT1.txtbin	565	cp932	ポップアップデュエルで使うカード
romdata/DT/DT_ITEM_ALL_TXT1.FBC	dt_ITEM_ALL_TXT1.txtbin	566	cp932	ポップアップデュエルで使うカード
romdata/DT/DT_ITEM_ALL_TXT1.FBC	dt_ITEM_ALL_TXT1.txtbin	567	cp932	ポップアップデュエルで使うカード
romdata/DT/DT_ITEM_ALL_TXT1.FBC	dt_ITEM_ALL_TXT1.txtbin	568	cp932	ポップアップデュエルで使うカード
romdata/DT/DT_ITEM_ALL_TXT1.FBC	dt_ITEM_ALL_TXT1.txtbin	569	cp932	ポップアップデュエルで使うカード
romdata/DT/DT_ITEM_ALL_TXT1.FBC	dt_ITEM_ALL_TXT1.txtbin	570	cp932	ポップアップデュエルで使うカード
romdata/DT/DT_ITEM_ALL_TXT1.FBC	dt_ITEM_ALL_TXT1.txtbin	571	cp932	ポップアップデュエルで使うカード
romdata/DT/DT_ITEM_ALL_TXT1.FBC	dt_ITEM_ALL_TXT1.txtbin	572	cp932	ポップアップデュエルで使うカード
romdata/DT/DT_ITEM_ALL_TXT1.FBC	dt_ITEM_ALL_TXT1.txtbin	573	cp932	ポップアップデュエルで使うカード
romdata/DT/DT_ITEM_ALL_TXT1.FBC	dt_ITEM_ALL_TXT1.txtbin	574	cp932	ポップアップデュエルで使うカード
romdata/DT/DT_ITEM_ALL_TXT1.FBC	dt_ITEM_ALL_TXT1.txtbin	575	cp932	ポップアップデュエルで使うカード
romdata/DT/DT_ITEM_ALL_TXT1.FBC	dt_ITEM_ALL_TXT1.txtbin	576	cp932	ポップアップデュエルで使うカード
romdata/DT/DT_ITEM_ALL_TXT1.FBC	dt_ITEM_ALL_TXT1.txtbin	577	cp932	ポップアップデュエルで使うカード
romdata/DT/DT_ITEM_ALL_TXT1.FBC	dt_ITEM_ALL_TXT1.txtbin	578	cp932	ポップアップデュエルで使うカード
romdata/DT/DT_ITEM_ALL_TXT1.FBC	dt_ITEM_ALL_TXT1.txtbin	579	cp932	ポップアップデュエルで使うカード
romdata/DT/DT_ITEM_ALL_TXT1.FBC	dt_ITEM_ALL_TXT1.txtbin	580	cp932	ポップアップデュエルで使うカード
romdata/DT/DT_ITEM_ALL_TXT1.FBC	dt_ITEM_ALL_TXT1.txtbin	581	cp932	ポップアップデュエルで使うカード
romdata/DT/DT_ITEM_ALL_TXT1.FBC	dt_ITEM_ALL_TXT1.txtbin	582	cp932	ポップアップデュエルで使うカード
romdata/DT/DT_ITEM_ALL_TXT1.FBC	dt_ITEM_ALL_TXT1.txtbin	583	cp932	ポップアップデュエルで使うカード
romdata/DT/DT_ITEM_ALL_TXT1.FBC	dt_ITEM_ALL_TXT1.txtbin	584	cp932	ポップアップデュエルで使うカード
romdata/DT/DT_ITEM_ALL_TXT1.FBC	dt_ITEM_ALL_TXT1.txtbin	585	cp932	ポップアップデュエルで使うカード
romdata/DT/DT_ITEM_ALL_TXT1.FBC	dt_ITEM_ALL_TXT1.txtbin	586	cp932	ポップアップデュエルで使うカード
romdata/DT/DT_ITEM_ALL_TXT1.FBC	dt_ITEM_ALL_TXT1.txtbin	587	cp932	ポップアップデュエルで使うカード
romdata/DT/DT_ITEM_ALL_TXT1.FBC	dt_ITEM_ALL_TXT1.txtbin	588	cp932	ポップアップデュエルで使うカード
romdata/DT/DT_ITEM_ALL_TXT1.FBC	dt_ITEM_ALL_TXT1.txtbin	589	cp932	ポップアップデュエルで使うカード
romdata/DT/DT_ITEM_ALL_TXT1.FBC	dt_ITEM_ALL_TXT1.txtbin	590	cp932	ポップアップデュエルで使うカード
romdata/DT/DT_ITEM_ALL_TXT1.FBC	dt_ITEM_ALL_TXT1.txtbin	591	cp932	ポップアップデュエルで使うカード
romdata/DT/DT_ITEM_ALL_TXT1.FBC	dt_ITEM_ALL_TXT1.txtbin	592	cp932	ポップアップデュエルで使うカード
romdata/DT/DT_ITEM_ALL_TXT1.FBC	dt_ITEM_ALL_TXT1.txtbin	593	cp932	ポップアップデュエルで使うカード
romdata/DT/DT_ITEM_ALL_TXT1.FBC	dt_ITEM_ALL_TXT1.txtbin	594	cp932	ポップアップデュエルで使うカード
romdata/DT/DT_ITEM_ALL_TXT1.FBC	dt_ITEM_ALL_TXT1.txtbin	595	cp932	ポップアップデュエルで使うカード
romdata/DT/DT_ITEM_ALL_TXT1.FBC	dt_ITEM_ALL_TXT1.txtbin	596	cp932	ポップアップデュエルで使うカード
romdata/DT/DT_ITEM_ALL_TXT1.FBC	dt_ITEM_ALL_TXT1.txtbin	597	cp932	ポップアップデュエルで使うカード
romdata/DT/DT_ITEM_ALL_TXT1.FBC	dt_ITEM_ALL_TXT1.txtbin	598	cp932	ポップアップデュエルで使うカード
romdata/DT/DT_ITEM_ALL_TXT1.FBC	dt_ITEM_ALL_TXT1.txtbin	599	cp932	ポップアップデュエルで使うカード
romdata/DT/DT_ITEM_ALL_TXT1.FBC	dt_ITEM_ALL_TXT1.txtbin	600	cp932	ポップアップデュエルで使うカード
romdata/DT/DT_ITEM_ALL_TXT1.FBC	dt_ITEM_ALL_TXT1.txtbin	601	cp932	ポップアップデュエルで使うカード
romdata/DT/DT_ITEM_ALL_TXT1.FBC	dt_ITEM_ALL_TXT1.txtbin	602	cp932	ポップアップデュエルで使うカード
romdata/DT/DT_ITEM_ALL_TXT1.FBC	dt_ITEM_ALL_TXT1.txtbin	603	cp932	ポップアップデュエルで使うカード
romdata/DT/DT_ITEM_ALL_TXT1.FBC	dt_ITEM_ALL_TXT1.txtbin	604	cp932	ポップアップデュエルで使うカード
romdata/DT/DT_ITEM_ALL_TXT1.FBC	dt_ITEM_ALL_TXT1.txtbin	605	cp932	ポップアップデュエルで使うカード
romdata/DT/DT_ITEM_ALL_TXT1.FBC	dt_ITEM_ALL_TXT1.txtbin	606	cp932	ポップアップデュエルで使うカード
romdata/DT/DT_ITEM_ALL_TXT1.FBC	dt_ITEM_ALL_TXT1.txtbin	607	cp932	ポップアップデュエルで使うカード
romdata/DT/DT_ITEM_ALL_TXT1.FBC	dt_ITEM_ALL_TXT1.txtbin	608	cp932	ポップアップデュエルで使うカード
romdata/DT/DT_ITEM_ALL_TXT1.FBC	dt_ITEM_ALL_TXT1.txtbin	609	cp932	ポップアップデュエルで使うカード
romdata/DT/DT_ITEM_ALL_TXT1.FBC	dt_ITEM_ALL_TXT1.txtbin	610	cp932	ポップアップデュエルで使うカード
romdata/DT/DT_ITEM_ALL_TXT1.FBC	dt_ITEM_ALL_TXT1.txtbin	611	cp932	ポップアップデュエルで使うカード
romdata/DT/DT_ITEM_ALL_TXT1.FBC	dt_ITEM_ALL_TXT1.txtbin	612	cp932	ポップアップデュエルで使うカード
romdata/DT/DT_ITEM_ALL_TXT1.FBC	dt_ITEM_ALL_TXT1.txtbin	613	cp932	ポップアップデュエルで使うカード
romdata/DT/DT_ITEM_ALL_TXT1.FBC	dt_ITEM_ALL_TXT1.txtbin	614	cp932	ポップアップデュエルで使うカード
romdata/DT/DT_ITEM_ALL_TXT1.FBC	dt_ITEM_ALL_TXT1.txtbin	615	cp932	ポップアップデュエルで使うカード
romdata/DT/DT_ITEM_ALL_TXT1.FBC	dt_ITEM_ALL_TXT1.txtbin	616	cp932	ポップアップデュエルで使うカード
romdata/DT/DT_ITEM_ALL_TXT1.FBC	dt_ITEM_ALL_TXT1.txtbin	617	cp932	ポップアップデュエルで使うカード
romdata/DT/DT_ITEM_ALL_TXT1.FBC	dt_ITEM_ALL_TXT1.txtbin	618	cp932	ポップアップデュエルで使うカード
romdata/DT/DT_ITEM_ALL_TXT1.FBC	dt_ITEM_ALL_TXT1.txtbin	619	cp932	ポップアップデュエルで使うカード
romdata/DT/DT_ITEM_ALL_TXT1.FBC	dt_ITEM_ALL_TXT1.txtbin	620	cp932	ポップアップデュエルで使うカード
romdata/DT/DT_ITEM_ALL_TXT1.FBC	dt_ITEM_ALL_TXT1.txtbin	621	cp932	ポップアップデュエルで使うカード
romdata/DT/DT_ITEM_ALL_TXT1.FBC	dt_ITEM_ALL_TXT1.txtbin	622	cp932	ポップアップデュエルで使うカード
romdata/DT/DT_ITEM_ALL_TXT1.FBC	dt_ITEM_ALL_TXT1.txtbin	623	cp932	ポップアップデュエルで使うカード
romdata/DT/DT_ITEM_ALL_TXT1.FBC	dt_ITEM_ALL_TXT1.txtbin	624	cp932	ポップアップデュエルで使うカード
romdata/DT/DT_ITEM_ALL_TXT1.FBC	dt_ITEM_ALL_TXT1.txtbin	625	cp932	ポップアップデュエルで使うカード
romdata/DT/DT_ITEM_ALL_TXT1.FBC	dt_ITEM_ALL_TXT1.txtbin	626	cp932	ポップアップデュエルで使うカード
romdata/DT/DT_ITEM_ALL_TXT1.FBC	dt_ITEM_ALL_TXT1.txtbin	627	cp932	ポップアップデュエルで使うカード
romdata/DT/DT_ITEM_ALL_TXT1.FBC	dt_ITEM_ALL_TXT1.txtbin	628	cp932	ポップアップデュエルで使うカード
romdata/DT/DT_ITEM_ALL_TXT1.FBC	dt_ITEM_ALL_TXT1.txtbin	629	cp932	ポップアップデュエルで使うカード
romdata/DT/DT_ITEM_ALL_TXT1.FBC	dt_ITEM_ALL_TXT1.txtbin	630	cp932	ポップアップデュエルで使うカード
romdata/DT/DT_ITEM_ALL_TXT1.FBC	dt_ITEM_ALL_TXT1.txtbin	631	cp932	ポップアップデュエルで使うカード
romdata/DT/DT_ITEM_ALL_TXT1.FBC	dt_ITEM_ALL_TXT1.txtbin	632	cp932	ポップアップデュエルで使うカード
romdata/DT/DT_ITEM_ALL_TXT1.FBC	dt_ITEM_ALL_TXT1.txtbin	633	cp932	ポップアップデュエルで使うカード
romdata/DT/DT_ITEM_ALL_TXT1.FBC	dt_ITEM_ALL_TXT1.txtbin	634	cp932	ポップアップデュエルで使うカード
romdata/DT/DT_ITEM_ALL_TXT1.FBC	dt_ITEM_ALL_TXT1.txtbin	635	cp932	ポップアップデュエルで使うカード
romdata/DT/DT_ITEM_ALL_TXT1.FBC	dt_ITEM_ALL_TXT1.txtbin	636	cp932	ポップアップデュエルで使うカード
romdata/DT/DT_ITEM_ALL_TXT1.FBC	dt_ITEM_ALL_TXT1.txtbin	637	cp932	ポップアップデュエルで使うカード
romdata/DT/DT_ITEM_ALL_TXT1.FBC	dt_ITEM_ALL_TXT1.txtbin	638	cp932	ポップアップデュエルで使うカード
romdata/DT/DT_ITEM_ALL_TXT1.FBC	dt_ITEM_ALL_TXT1.txtbin	639	cp932	ポップアップデュエルで使うカード
romdata/DT/DT_ITEM_ALL_TXT1.FBC	dt_ITEM_ALL_TXT1.txtbin	640	cp932	ポップアップデュエルで使うカード
romdata/DT/DT_ITEM_ALL_TXT1.FBC	dt_ITEM_ALL_TXT1.txtbin	641	cp932	ポップアップデュエルで使うカード
romdata/DT/DT_ITEM_ALL_TXT1.FBC	dt_ITEM_ALL_TXT1.txtbin	642	cp932	ポップアップデュエルで使うカード
romdata/DT/DT_ITEM_ALL_TXT1.FBC	dt_ITEM_ALL_TXT1.txtbin	643	cp932	ポップアップデュエルで使うカード
romdata/DT/DT_ITEM_ALL_TXT1.FBC	dt_ITEM_ALL_TXT1.txtbin	644	cp932	ポップアップデュエルで使うカード
romdata/DT/DT_ITEM_ALL_TXT1.FBC	dt_ITEM_ALL_TXT1.txtbin	645	cp932	ポップアップデュエルで使うカード
romdata/DT/DT_ITEM_ALL_TXT1.FBC	dt_ITEM_ALL_TXT1.txtbin	646	cp932	ポップアップデュエルで使うカード
romdata/DT/DT_ITEM_ALL_TXT1.FBC	dt_ITEM_ALL_TXT1.txtbin	647	cp932	ポップアップデュエルで使うカード
romdata/DT/DT_ITEM_ALL_TXT1.FBC	dt_ITEM_ALL_TXT1.txtbin	648	cp932	ポップアップデュエルで使うカード
romdata/DT/DT_ITEM_ALL_TXT1.FBC	dt_ITEM_ALL_TXT1.txtbin	649	cp932	ポップアップデュエルで使うカード
romdata/DT/DT_ITEM_ALL_TXT1.FBC	dt_ITEM_ALL_TXT1.txtbin	650	cp932	ポップアップデュエルで使うカード
romdata/DT/DT_ITEM_ALL_TXT1.FBC	dt_ITEM_ALL_TXT1.txtbin	651	cp932	ポップアップデュエルで使うカード
romdata/DT/DT_ITEM_ALL_TXT1.FBC	dt_ITEM_ALL_TXT1.txtbin	652	cp932	ポップアップデュエルで使うカード
romdata/DT/DT_ITEM_ALL_TXT1.FBC	dt_ITEM_ALL_TXT1.txtbin	653	cp932	ポップアップデュエルで使うカード
romdata/DT/DT_ITEM_ALL_TXT1.FBC	dt_ITEM_ALL_TXT1.txtbin	654	cp932	ポップアップデュエルで使うカード
romdata/DT/DT_ITEM_ALL_TXT1.FBC	dt_ITEM_ALL_TXT1.txtbin	655	cp932	ポップアップデュエルで使うカード
romdata/DT/DT_ITEM_ALL_TXT1.FBC	dt_ITEM_ALL_TXT1.txtbin	656	cp932	ポップアップデュエルで使うカード
romdata/DT/DT_ITEM_ALL_TXT1.FBC	dt_ITEM_ALL_TXT1.txtbin	657	cp932	ポップアップデュエルで使うカード
romdata/DT/DT_ITEM_ALL_TXT1.FBC	dt_ITEM_ALL_TXT1.txtbin	658	cp932	ポップアップデュエルで使うカード
romdata/DT/DT_ITEM_ALL_TXT1.FBC	dt_ITEM_ALL_TXT1.txtbin	659	cp932	ポップアップデュエルで使うカード
romdata/DT/DT_ITEM_ALL_TXT1.FBC	dt_ITEM_ALL_TXT1.txtbin	660	cp932	ポップアップデュエルで使うカード
romdata/DT/DT_ITEM_ALL_TXT1.FBC	dt_ITEM_ALL_TXT1.txtbin	661	cp932	ポップアップデュエルで使うカード
romdata/DT/DT_ITEM_ALL_TXT1.FBC	dt_ITEM_ALL_TXT1.txtbin	662	cp932	ポップアップデュエルで使うカード
romdata/DT/DT_ITEM_ALL_TXT1.FBC	dt_ITEM_ALL_TXT1.txtbin	663	cp932	ポップアップデュエルで使うカード
romdata/DT/DT_ITEM_ALL_TXT1.FBC	dt_ITEM_ALL_TXT1.txtbin	664	cp932	ポップアップデュエルで使うカード
romdata/DT/DT_ITEM_ALL_TXT1.FBC	dt_ITEM_ALL_TXT1.txtbin	665	cp932	ポップアップデュエルで使うカード
romdata/DT/DT_ITEM_ALL_TXT1.FBC	dt_ITEM_ALL_TXT1.txtbin	666	cp932	ポップアップデュエルで使うカード
romdata/DT/DT_ITEM_ALL_TXT1.FBC	dt_ITEM_ALL_TXT1.txtbin	667	cp932	ポップアップデュエルで使うカード
romdata/DT/DT_ITEM_ALL_TXT1.FBC	dt_ITEM_ALL_TXT1.txtbin	668	cp932	ポップアップデュエルで使うカード
romdata/DT/DT_ITEM_ALL_TXT1.FBC	dt_ITEM_ALL_TXT1.txtbin	669	cp932	ポップアップデュエルで使うカード
romdata/DT/DT_ITEM_ALL_TXT1.FBC	dt_ITEM_ALL_TXT1.txtbin	670	cp932	ポップアップデュエルで使うカード
romdata/DT/DT_ITEM_ALL_TXT1.FBC	dt_ITEM_ALL_TXT1.txtbin	671	cp932	ポップアップデュエルで使うカード
romdata/DT/DT_ITEM_ALL_TXT1.FBC	dt_ITEM_ALL_TXT1.txtbin	672	cp932	ポップアップデュエルで使うカード
romdata/DT/DT_ITEM_ALL_TXT1.FBC	dt_ITEM_ALL_TXT1.txtbin	673	cp932	ポップアップデュエルで使うカード
romdata/DT/DT_ITEM_ALL_TXT1.FBC	dt_ITEM_ALL_TXT1.txtbin	674	cp932	ポップアップデュエルで使うカード
romdata/DT/DT_ITEM_ALL_TXT1.FBC	dt_ITEM_ALL_TXT1.txtbin	675	cp932	ポップアップデュエルで使うカード
romdata/DT/DT_ITEM_ALL_TXT1.FBC	dt_ITEM_ALL_TXT1.txtbin	676	cp932	ポップアップデュエルで使うカード
romdata/DT/DT_ITEM_ALL_TXT1.FBC	dt_ITEM_ALL_TXT1.txtbin	677	cp932	ポップアップデュエルで使うカード
romdata/DT/DT_ITEM_ALL_TXT1.FBC	dt_ITEM_ALL_TXT1.txtbin	678	cp932	ポップアップデュエルで使うカード
romdata/DT/DT_ITEM_ALL_TXT1.FBC	dt_ITEM_ALL_TXT1.txtbin	679	cp932	ポップアップデュエルで使うカード
romdata/DT/DT_ITEM_ALL_TXT1.FBC	dt_ITEM_ALL_TXT1.txtbin	680	cp932	ポップアップデュエルで使うカード
romdata/DT/DT_ITEM_ALL_TXT1.FBC	dt_ITEM_ALL_TXT1.txtbin	681	cp932	これで買い物ができる\nたんいは{ESC}YL}1~ギル{ESC}WT}1~
romdata/DT/DT_ITEM_ALL_TXT1.FBC	dt_ITEM_ALL_TXT1.txtbin	682	cp932	これをあつめるとジョブＬｖが上がる
romdata/DT/GM_DT_EVTMSG0.FBC.z	DT_EVTMSG0.FBC/dt_EVTMSG0.txtbin	0	utf-8	チョコボ\n
romdata/DT/GM_DT_EVTMSG0.FBC.z	DT_EVTMSG0.FBC/dt_EVTMSG0.txtbin	5	utf-8	シド\n
romdata/DT/GM_DT_EVTMSG0.FBC.z	DT_EVTMSG0.FBC/dt_EVTMSG0.txtbin	16	utf-8	マリス
romdata/DT/GM_DT_EVTMSG0.FBC.z	DT_EVTMSG0.FBC/dt_EVTMSG0.txtbin	36	utf-8	チョッカーズ
romdata/DT/GM_DT_EVTMSG0.FBC.z	DT_EVTMSG0.FBC/dt_EVTMSG0.txtbin	46	utf-8	αー２４\n
romdata/DT/GM_DT_EVTMSG0.FBC.z	DT_EVTMSG0.FBC/dt_EVTMSG0.txtbin	47	utf-8	　
romdata/DT/GM_DT_EVTMSG0.FBC.z	DT_EVTMSG0.FBC/dt_EVTMSG0.txtbin	48	utf-8	？？？？？\n
romdata/DT/GM_DT_EVTMSG0.FBC.z	DT_EVTMSG0.FBC/dt_EVTMSG0.txtbin	100	utf-8	さあついたぞ！　ここが{ESC}BL}1~砂漠の塔{ESC}WT}1~！ \n{ESC}PP}1~大いなる力{ESC}WT}1~が \nねむるところだ{13}
romdata/DT/GM_DT_EVTMSG0.FBC.z	DT_EVTMSG0.FBC/dt_EVTMSG0.txtbin	101	utf-8	じゅんびは　いいか？ \nあいぼう！{13}
romdata/DT/GM_DT_EVTMSG0.FBC.z	DT_EVTMSG0.FBC/dt_EVTMSG0.txtbin	102	utf-8	キュウ！{13}
romdata/DT/GM_DT_EVTMSG0.FBC.z	DT_EVTMSG0.FBC/dt_EVTMSG0.txtbin	103	utf-8	よぉし！　気合は十分だな \nじゃあ　まずは　{ESC}RD}1~カバン{ESC}WT}1~の \nかくにんを　しておくんだ{13}
romdata/DT/GM_DT_EVTMSG0.FBC.z	DT_EVTMSG0.FBC/dt_EVTMSG0.txtbin	104	utf-8	{ESC}RD}1~ы{ESC}WT}1~でメニューをひらき \n{ESC}RD}1~アイテム{ESC}WT}1~　を　えらぶと \n{ESC}RD}1~カバン{ESC}WT}1~の中を見れるぜ！{13}
romdata/DT/GM_DT_EVTMSG0.FBC.z	DT_EVTMSG0.FBC/dt_EVTMSG0.txtbin	105	utf-8	だが　{ESC}RD}1~カバン{ESC}WT}1~の中に　むげんに \n{ESC}RD}1~アイテム{ESC}WT}1~が入るわけじゃない！ \n気をつけてくれよ　あいぼう！{13}
romdata/DT/GM_DT_EVTMSG0.FBC.z	DT_EVTMSG0.FBC/dt_EVTMSG0.txtbin	106	utf-8	キュウ！{13}
romdata/DT/GM_DT_EVTMSG0.FBC.z	DT_EVTMSG0.FBC/dt_EVTMSG0.txtbin	107	utf-8	よし！　それじゃあ \n冒険のはじまりだ！！{13}
romdata/DT/GM_DT_EVTMSG0.FBC.z	DT_EVTMSG0.FBC/dt_EVTMSG0.txtbin	110	utf-8	ん？　ここは… \n{ESC}RD}1~不思議なダンジョン{ESC}WT}1~！！{13}
romdata/DT/GM_DT_EVTMSG0.FBC.z	DT_EVTMSG0.FBC/dt_EVTMSG0.txtbin	111	utf-8	{ESC}RD}1~不思議なダンジョン{ESC}WT}1~ってのは \n入るたびに　形をかえる \nやっかいなダンジョンなんだ{13}
romdata/DT/GM_DT_EVTMSG0.FBC.z	DT_EVTMSG0.FBC/dt_EVTMSG0.txtbin	112	utf-8	ほら　見てみろ！ \n{ESC}RD}1~アイテム{ESC}WT}1~が落ちているだろ？ \nこれも　とくちょうの一つだな{13}
romdata/DT/GM_DT_EVTMSG0.FBC.z	DT_EVTMSG0.FBC/dt_EVTMSG0.txtbin	113	utf-8	ちょうど　{ESC}RD}1~ツメ{ESC}WT}1~と{ESC}RD}1~クラ{ESC}WT}1~みたいだな \nあれの上にのって　ひろってから \n{ESC}RD}1~そうび{ESC}WT}1~　するんだ！{13}
romdata/DT/GM_DT_EVTMSG0.FBC.z	DT_EVTMSG0.FBC/dt_EVTMSG0.txtbin	114	utf-8	{ESC}RD}1~ы{ESC}WT}1~で　{ESC}RD}1~メニュー{ESC}WT}1~　がひらく \nそこから　{ESC}RD}1~アイテム{ESC}WT}1~　を \nえらぶんだ！{13}
romdata/DT/GM_DT_EVTMSG0.FBC.z	DT_EVTMSG0.FBC/dt_EVTMSG0.txtbin	115	utf-8	{ESC}RD}1~アイテム{ESC}WT}1~　から \nみにつけたいものを　えらんで \n{ESC}RD}1~そうび{ESC}WT}1~　をするんだ！{13}
romdata/DT/GM_DT_EVTMSG0.FBC.z	DT_EVTMSG0.FBC/dt_EVTMSG0.txtbin	116	utf-8	キュウ！{13}
romdata/DT/GM_DT_EVTMSG0.FBC.z	DT_EVTMSG0.FBC/dt_EVTMSG0.txtbin	117	utf-8	イマイチな　{ESC}RD}1~ツメ{ESC}WT}1~や　{ESC}RD}1~クラ{ESC}WT}1~でも \nなにもつけないよりは \nぜんぜん　マシだからな{13}
romdata/DT/GM_DT_EVTMSG0.FBC.z	DT_EVTMSG0.FBC/dt_EVTMSG0.txtbin	118	utf-8	よし！　先にすすもうぜ！{13}
romdata/DT/GM_DT_EVTMSG0.FBC.z	DT_EVTMSG0.FBC/dt_EVTMSG0.txtbin	120	utf-8	やっぱりな　見てみろよ \nお宝ってのは　{ESC}RD}1~ワナ{ESC}WT}1~に \n守られているものさ{13}
romdata/DT/GM_DT_EVTMSG0.FBC.z	DT_EVTMSG0.FBC/dt_EVTMSG0.txtbin	121	utf-8	キュウ！{13}
romdata/DT/GM_DT_EVTMSG0.FBC.z	DT_EVTMSG0.FBC/dt_EVTMSG0.txtbin	122	utf-8	ま　こんな{ESC}RD}1~ワナ{ESC}WT}1~じゃ \nオレたちは　止められないぜ！{13}
romdata/DT/GM_DT_EVTMSG0.FBC.z	DT_EVTMSG0.FBC/dt_EVTMSG0.txtbin	123	utf-8	{ESC}GR}1~チョコボ{ESC}WT}1~！　おぼえてると思うが \n{ESC}RD}1~┓{ESC}WT}1~を押しっぱなしにすると \n{ESC}RD}1~ナナメだけに動ける{ESC}WT}1~ようになる{13}
romdata/DT/GM_DT_EVTMSG0.FBC.z	DT_EVTMSG0.FBC/dt_EVTMSG0.txtbin	124	utf-8	その　{ESC}RD}1~ナナメ移動{ESC}WT}1~　を　つかって \nそこをぬけるんだ！ \nさぁ　いこうぜ！！{13}
romdata/DT/GM_DT_EVTMSG0.FBC.z	DT_EVTMSG0.FBC/dt_EVTMSG0.txtbin	125	utf-8	キュウ！{13}
romdata/DT/GM_DT_EVTMSG0.FBC.z	DT_EVTMSG0.FBC/dt_EVTMSG0.txtbin	130	utf-8	キュピーー！！{13}
romdata/DT/GM_DT_EVTMSG0.FBC.z	DT_EVTMSG0.FBC/dt_EVTMSG0.txtbin	131	utf-8	しまった！　{ESC}RD}1~ワナ{ESC}WT}1~だ！！{13}
romdata/DT/GM_DT_EVTMSG0.FBC.z	DT_EVTMSG0.FBC/dt_EVTMSG0.txtbin	132	utf-8	オレも　すぐおいかけるぜ！ \n無事でいてくれ　{ESC}GR}1~チョコボ{ESC}WT}1~！{13}
romdata/DT/GM_DT_EVTMSG0.FBC.z	DT_EVTMSG0.FBC/dt_EVTMSG0.txtbin	133	utf-8	無事だったか！ \nさすがオレの　あいぼうだ！！{13}
romdata/DT/GM_DT_EVTMSG0.FBC.z	DT_EVTMSG0.FBC/dt_EVTMSG0.txtbin	134	utf-8	だが　さっそく　{ESC}RD}1~てき{ESC}WT}1~がいるようだな \n{ESC}GR}1~チョコボ{ESC}WT}1~　ダンジョンの中は \n{ESC}RD}1~ターン{ESC}WT}1~が　じゅうようになる！{13}
romdata/DT/GM_DT_EVTMSG0.FBC.z	DT_EVTMSG0.FBC/dt_EVTMSG0.txtbin	135	utf-8	つまり　自分が動くと \n{ESC}RD}1~てき{ESC}WT}1~も動くんだ！ \nしっかり頭に入れてくれ！{13}
romdata/DT/GM_DT_EVTMSG0.FBC.z	DT_EVTMSG0.FBC/dt_EVTMSG0.txtbin	136	utf-8	いちど　{ESC}RD}1~щ{ESC}WT}1~で \n攻撃を　からぶりして \n{ESC}RD}1~てき{ESC}WT}1~をひきつけてから戦うんだ！{13}
romdata/DT/GM_DT_EVTMSG0.FBC.z	DT_EVTMSG0.FBC/dt_EVTMSG0.txtbin	137	utf-8	さぁ　さっさと　そいつをたおして \n先に進もうぜ！！{13}
romdata/DT/GM_DT_EVTMSG0.FBC.z	DT_EVTMSG0.FBC/dt_EVTMSG0.txtbin	138	utf-8	キュウ！{13}
romdata/DT/GM_DT_EVTMSG0.FBC.z	DT_EVTMSG0.FBC/dt_EVTMSG0.txtbin	140	utf-8	こんどは　{ESC}RD}1~てき{ESC}WT}1~が \nおおいみたいだな \nうしろの通路で戦うんだ！{13}
romdata/DT/GM_DT_EVTMSG0.FBC.z	DT_EVTMSG0.FBC/dt_EVTMSG0.txtbin	141	utf-8	お前が　どれだけ強くても \nあいてが　多ければ \n戦いは一気に苦しくなる！{13}
romdata/DT/GM_DT_EVTMSG0.FBC.z	DT_EVTMSG0.FBC/dt_EVTMSG0.txtbin	142	utf-8	なるべく一体ずつ \n戦うように心がけるんだ！{13}
romdata/DT/GM_DT_EVTMSG0.FBC.z	DT_EVTMSG0.FBC/dt_EVTMSG0.txtbin	143	utf-8	キュウ！{13}
romdata/DT/GM_DT_EVTMSG0.FBC.z	DT_EVTMSG0.FBC/dt_EVTMSG0.txtbin	145	utf-8	ちっ！　まだ{ESC}RD}1~てき{ESC}WT}1~がいるのか！ \nだが　そいつは　ちょっと \nてごわそうだぜ！{13}
romdata/DT/GM_DT_EVTMSG0.FBC.z	DT_EVTMSG0.FBC/dt_EVTMSG0.txtbin	146	utf-8	{ESC}RD}1~ы{ESC}WT}1~で \nメニューをひらいて \n{ESC}RD}1~アビリティ{ESC}WT}1~を選ぶんだ！{13}
romdata/DT/GM_DT_EVTMSG0.FBC.z	DT_EVTMSG0.FBC/dt_EVTMSG0.txtbin	147	utf-8	ひっさつの \n{ESC}RD}1~チョコボキック{ESC}WT}1~を \nみせてやれ！！{13}
romdata/DT/GM_DT_EVTMSG0.FBC.z	DT_EVTMSG0.FBC/dt_EVTMSG0.txtbin	148	utf-8	キュウ！{13}
romdata/DT/GM_DT_EVTMSG0.FBC.z	DT_EVTMSG0.FBC/dt_EVTMSG0.txtbin	150	utf-8	ん？　どうした？ \nああ　ハラがへったのか！{13}
romdata/DT/GM_DT_EVTMSG0.FBC.z	DT_EVTMSG0.FBC/dt_EVTMSG0.txtbin	151	utf-8	お！　そこに　{ESC}YL}1~ギサールの野菜{ESC}WT}1~　が \n落ちているぜ！ \nあれを食べれば元気が出るぞ！{13}
romdata/DT/GM_DT_EVTMSG0.FBC.z	DT_EVTMSG0.FBC/dt_EVTMSG0.txtbin	152	utf-8	{ESC}RD}1~アイテム{ESC}WT}1~から \n{ESC}YL}1~ギサールの野菜{ESC}WT}1~　を選んで \n{ESC}RD}1~たべる{ESC}WT}1~　を選ぶんだ！{13}
romdata/DT/GM_DT_EVTMSG0.FBC.z	DT_EVTMSG0.FBC/dt_EVTMSG0.txtbin	153	utf-8	キュウ！{13}
romdata/DT/GM_DT_EVTMSG0.FBC.z	DT_EVTMSG0.FBC/dt_EVTMSG0.txtbin	154	utf-8	はらが　へりすぎると \n{ESC}RD}1~ＨＰ{ESC}WT}1~が　へっていくから \n気をつけような{13}
romdata/DT/GM_DT_EVTMSG0.FBC.z	DT_EVTMSG0.FBC/dt_EVTMSG0.txtbin	155	utf-8	キュウ！{13}
romdata/DT/GM_DT_EVTMSG0.FBC.z	DT_EVTMSG0.FBC/dt_EVTMSG0.txtbin	159	utf-8	よーし　なんとか \n無事に　ぬけられたな{13}
romdata/DT/GM_DT_EVTMSG0.FBC.z	DT_EVTMSG0.FBC/dt_EVTMSG0.txtbin	160	utf-8	さあ　いこうぜ　{ESC}GR}1~チョコボ{ESC}WT}1~！ \nめざす　お宝はすぐそこだ！！{13}
romdata/DT/GM_DT_EVTMSG0.FBC.z	DT_EVTMSG0.FBC/dt_EVTMSG0.txtbin	161	utf-8	キュウ！{13}
romdata/DT/GM_DT_EVTMSG0.FBC.z	DT_EVTMSG0.FBC/dt_EVTMSG0.txtbin	165	utf-8	おっと！ \n{ESC}GR}1~チョコボ{ESC}WT}1~　気をつけろ！！{13}
romdata/DT/GM_DT_EVTMSG0.FBC.z	DT_EVTMSG0.FBC/dt_EVTMSG0.txtbin	166	utf-8	そこには　何か \n見えない{ESC}RD}1~ワナ{ESC}WT}1~が　ありそうだ！{13}
romdata/DT/GM_DT_EVTMSG0.FBC.z	DT_EVTMSG0.FBC/dt_EVTMSG0.txtbin	167	utf-8	そんなときは　{ESC}RD}1~щ{ESC}WT}1~で \n攻撃して　{ESC}RD}1~ワナ{ESC}WT}1~を発見だ！！{13}
romdata/DT/GM_DT_EVTMSG0.FBC.z	DT_EVTMSG0.FBC/dt_EVTMSG0.txtbin	168	utf-8	キュウ！{13}
romdata/DT/GM_DT_EVTMSG0.FBC.z	DT_EVTMSG0.FBC/dt_EVTMSG0.txtbin	170	utf-8	どうした？　{ESC}GR}1~チョコボ{ESC}WT}1~！ \nやる気が　なくなっちまったか？{13}
romdata/DT/GM_DT_EVTMSG0.FBC.z	DT_EVTMSG0.FBC/dt_EVTMSG0.txtbin	171	utf-8	そんなときは　こいつだ！！ \n{ESC}YL}1~シドとくせいポーション{ESC}WT}1~！{13}
romdata/DT/GM_DT_EVTMSG0.FBC.z	DT_EVTMSG0.FBC/dt_EVTMSG0.txtbin	180	utf-8	ここが　じいさんの \nのこした　{ESC}BL}1~けんきゅうじょ{ESC}WT}1~！？{13}
romdata/DT/GM_DT_EVTMSG0.FBC.z	DT_EVTMSG0.FBC/dt_EVTMSG0.txtbin	181	utf-8	…にしては　ヘンだな？ \n出口は…どこだ？{13}
romdata/DT/GM_DT_EVTMSG0.FBC.z	DT_EVTMSG0.FBC/dt_EVTMSG0.txtbin	182	utf-8	うわっ　じしんか？{13}
romdata/DT/GM_DT_EVTMSG0.FBC.z	DT_EVTMSG0.FBC/dt_EVTMSG0.txtbin	183	utf-8	また　じしんだ…{13}
romdata/DT/GM_DT_EVTMSG0.FBC.z	DT_EVTMSG0.FBC/dt_EVTMSG0.txtbin	184	utf-8	なんだ？　これは？{13}
romdata/DT/GM_DT_EVTMSG0.FBC.z	DT_EVTMSG0.FBC/dt_EVTMSG0.txtbin	185	utf-8	キケンなものかも \nしれないな…{13}
romdata/DT/GM_DT_EVTMSG0.FBC.z	DT_EVTMSG0.FBC/dt_EVTMSG0.txtbin	186	utf-8	ほかに　てがかりナシ…か \nまよっていても　しょうがない！{13}
romdata/DT/GM_DT_EVTMSG0.FBC.z	DT_EVTMSG0.FBC/dt_EVTMSG0.txtbin	187	utf-8	うわっ　なんだっ！？{13}
romdata/DT/GM_DT_EVTMSG0.FBC.z	DT_EVTMSG0.FBC/dt_EVTMSG0.txtbin	188	utf-8	{ESC}GR}1~αー２４{ESC}WT}1~　システム　キドウ… \nオヒサシブリ　デス \nマスター{ESC}GR}1~グレン{ESC}WT}1~{13}
romdata/DT/GM_DT_EVTMSG0.FBC.z	DT_EVTMSG0.FBC/dt_EVTMSG0.txtbin	189	utf-8	… \nスコシ　ワカク　ナリマシタ？{13}
romdata/DT/GM_DT_EVTMSG0.FBC.z	DT_EVTMSG0.FBC/dt_EVTMSG0.txtbin	190	utf-8	{ESC}GR}1~グレン{ESC}WT}1~？ \nオレのじいさん…{ESC}GR}1~グレン{ESC}WT}1~を \n知っているのか？{13}
romdata/DT/GM_DT_EVTMSG0.FBC.z	DT_EVTMSG0.FBC/dt_EVTMSG0.txtbin	191	utf-8	… \nマスター{ESC}GR}1~グレン{ESC}WT}1~　デハ \nナイノ　デスカ？{13}
romdata/DT/GM_DT_EVTMSG0.FBC.z	DT_EVTMSG0.FBC/dt_EVTMSG0.txtbin	192	utf-8	オレは　{ESC}GR}1~シド…{ESC}WT}1~ \nトレジャーハンターだ… \n{ESC}GR}1~グレン{ESC}WT}1~の　まご　になるな{13}
romdata/DT/GM_DT_EVTMSG0.FBC.z	DT_EVTMSG0.FBC/dt_EVTMSG0.txtbin	193	utf-8	マゴ…　{ESC}GR}1~グレン{ESC}WT}1~　ノ　 \nサイシンガタ　デスカ？{13}
romdata/DT/GM_DT_EVTMSG0.FBC.z	DT_EVTMSG0.FBC/dt_EVTMSG0.txtbin	194	utf-8	サイシンガタ　って… \nまぁ　いいか… \nで　お前は　何なんだ？{13}
romdata/DT/GM_DT_EVTMSG0.FBC.z	DT_EVTMSG0.FBC/dt_EVTMSG0.txtbin	195	utf-8	ワタクシ　ハ \n{ESC}GR}1~αー２４{ESC}WT}1~{13}
romdata/DT/GM_DT_EVTMSG0.FBC.z	DT_EVTMSG0.FBC/dt_EVTMSG0.txtbin	196	utf-8	ケイタイガタ \nジンコウ　チノウ　ツキ \nジゲンカン　ツウシン　ソウチ{13}
romdata/DT/GM_DT_EVTMSG0.FBC.z	DT_EVTMSG0.FBC/dt_EVTMSG0.txtbin	197	utf-8	{ESC}GR}1~シド…{ESC}WT}1~ \nキュウガタ　マスター{ESC}GR}1~グレン{ESC}WT}1~ \nハ　ドコ　デスカ？{13}
romdata/DT/GM_DT_EVTMSG0.FBC.z	DT_EVTMSG0.FBC/dt_EVTMSG0.txtbin	198	utf-8	…いや　{ESC}GR}1~グレン{ESC}WT}1~は \nどこかに　いっちまった \nオレも　さがしてるところなんだ{13}
romdata/DT/GM_DT_EVTMSG0.FBC.z	DT_EVTMSG0.FBC/dt_EVTMSG0.txtbin	199	utf-8	デハ　アナタ　ガ \nサイシンガタ　マスターデスネ \n…コンゴ　トモ　ヨロシク{13}
romdata/DT/GM_DT_EVTMSG0.FBC.z	DT_EVTMSG0.FBC/dt_EVTMSG0.txtbin	200	utf-8	ああ！　よろしくな！！ \n…しかし　出口は　どこだ？{13}
romdata/DT/GM_DT_EVTMSG0.FBC.z	DT_EVTMSG0.FBC/dt_EVTMSG0.txtbin	201	utf-8	タンサ　モード \nデグチ　ヲ　ソウサク　シマス{13}
romdata/DT/GM_DT_EVTMSG0.FBC.z	DT_EVTMSG0.FBC/dt_EVTMSG0.txtbin	202	utf-8	カイダン　ハッケン　シマシタ \nマスター{ESC}GR}1~シド{ESC}WT}1~{13}
romdata/DT/GM_DT_EVTMSG0.FBC.z	DT_EVTMSG0.FBC/dt_EVTMSG0.txtbin	203	utf-8	おおっ　すごいなっ！ \nだが　オレのことは \n{ESC}GR}1~シド{ESC}WT}1~って　よんでくれ{13}
romdata/DT/GM_DT_EVTMSG0.FBC.z	DT_EVTMSG0.FBC/dt_EVTMSG0.txtbin	204	utf-8	リョウカイ　シマシタ　{ESC}GR}1~シド{ESC}WT}1~{13}
romdata/DT/GM_DT_EVTMSG0.FBC.z	DT_EVTMSG0.FBC/dt_EVTMSG0.txtbin	205	utf-8	それじゃ　いこうぜ！ \nぼうけんの　はじまりだっ！！{13}
romdata/DT/GM_DT_EVTMSG0.FBC.z	DT_EVTMSG0.FBC/dt_EVTMSG0.txtbin	206	utf-8	{ESC}GR}1~シド{ESC}WT}1~は \n{ESC}YL}1~αー２４{ESC}WT}1~　 \nを　手に入れた！{13}
romdata/DT/GM_DT_EVTMSG0.FBC.z	DT_EVTMSG0.FBC/dt_EVTMSG0.txtbin	210	utf-8	ふむ…どうやら \nここも　{ESC}RD}1~不思議なダンジョン{ESC}WT}1~に \nなってるようだな{13}
romdata/DT/GM_DT_EVTMSG0.FBC.z	DT_EVTMSG0.FBC/dt_EVTMSG0.txtbin	211	utf-8	コノ　フロア　ニ　テキ　ヲ \nカンチ　シマシタ{13}
romdata/DT/GM_DT_EVTMSG0.FBC.z	DT_EVTMSG0.FBC/dt_EVTMSG0.txtbin	212	utf-8	て！　てきか！！{13}
romdata/DT/GM_DT_EVTMSG0.FBC.z	DT_EVTMSG0.FBC/dt_EVTMSG0.txtbin	213	utf-8	ソノ　{ESC}RD}1~ギア{ESC}WT}1~　デ \n{ESC}RD}1~テキ{ESC}WT}1~　ヲ　タオシテ \nクダサイ{13}
romdata/DT/GM_DT_EVTMSG0.FBC.z	DT_EVTMSG0.FBC/dt_EVTMSG0.txtbin	214	utf-8	{ESC}RD}1~ギア{ESC}WT}1~　？　それってなんだ？{13}
romdata/DT/GM_DT_EVTMSG0.FBC.z	DT_EVTMSG0.FBC/dt_EVTMSG0.txtbin	215	utf-8	{ESC}GR}1~シド{ESC}WT}1~　ガ　イマ \nテニ　モッテイル　ソノ \nブキノ　コトデス{13}
romdata/DT/GM_DT_EVTMSG0.FBC.z	DT_EVTMSG0.FBC/dt_EVTMSG0.txtbin	216	utf-8	{ESC}RD}1~ギア{ESC}WT}1~か… \nふつうに　使っていたけど \nそんな名前が　あったのか…{13}
romdata/DT/GM_DT_EVTMSG0.FBC.z	DT_EVTMSG0.FBC/dt_EVTMSG0.txtbin	217	utf-8	ソノ　{ESC}RD}1~ギア{ESC}WT}1~　ハ \nマスター{ESC}GR}1~グレン{ESC}WT}1~　ノ \nモノト　オナジ　デスネ{13}
romdata/DT/GM_DT_EVTMSG0.FBC.z	DT_EVTMSG0.FBC/dt_EVTMSG0.txtbin	218	utf-8	ソノ　{ESC}RD}1~ギア{ESC}WT}1~　ノ \nトクチョウ　ハ{13}
romdata/DT/GM_DT_EVTMSG0.FBC.z	DT_EVTMSG0.FBC/dt_EVTMSG0.txtbin	219	utf-8	{ESC}RD}1~щ{ESC}WT}1~　デ　エネルギー　ヲ　ホウシュツ \nスルコトデ　トオク　ノ　テキ　ヲ \nコウゲキ　デキル　コトデス{13}
romdata/DT/GM_DT_EVTMSG0.FBC.z	DT_EVTMSG0.FBC/dt_EVTMSG0.txtbin	220	utf-8	まさしく　トレジャーハンター　の \nためにある　武器だな{13}
romdata/DT/GM_DT_EVTMSG0.FBC.z	DT_EVTMSG0.FBC/dt_EVTMSG0.txtbin	221	utf-8	ん？　これはなんだ？ \n{ESC}RD}1~コート{ESC}WT}1~のように　見えるが…{13}
romdata/DT/GM_DT_EVTMSG0.FBC.z	DT_EVTMSG0.FBC/dt_EVTMSG0.txtbin	222	utf-8	ソレ　ハ　{ESC}RD}1~コート{ESC}WT}1~　デス{13}
romdata/DT/GM_DT_EVTMSG0.FBC.z	DT_EVTMSG0.FBC/dt_EVTMSG0.txtbin	223	utf-8	そりゃまぁ　コート…だよなぁ{13}
romdata/DT/GM_DT_EVTMSG0.FBC.z	DT_EVTMSG0.FBC/dt_EVTMSG0.txtbin	224	utf-8	タダノ　フク　デハ　アリマセン　 \nチャクヨウデ　ボウギョ　コウカ \nヲ　エラレマス{13}
romdata/DT/GM_DT_EVTMSG0.FBC.z	DT_EVTMSG0.FBC/dt_EVTMSG0.txtbin	225	utf-8	そ　そうか…　どうみても \nふつうのコート…だが \nまぁ　きてみるとするか{13}
romdata/DT/GM_DT_EVTMSG0.FBC.z	DT_EVTMSG0.FBC/dt_EVTMSG0.txtbin	226	utf-8	ん？　なんだこれは？ \nカプセルみたいなものが \nあるぞ？{13}
romdata/DT/GM_DT_EVTMSG0.FBC.z	DT_EVTMSG0.FBC/dt_EVTMSG0.txtbin	227	utf-8	ソレ　ハ　カプセル　デハナク \n{ESC}RD}1~ボルト{ESC}WT}1~　ト　イイマス{13}
romdata/DT/GM_DT_EVTMSG0.FBC.z	DT_EVTMSG0.FBC/dt_EVTMSG0.txtbin	228	utf-8	{ESC}RD}1~アイテム{ESC}WT}1~　カラ　{ESC}RD}1~つかう{ESC}WT}1~　デ \n{ESC}RD}1~ギア{ESC}WT}1~　ニ　ツイカ　ノ \nコウゲキ　コウカ　ヲ　アタエマス{13}
romdata/DT/GM_DT_EVTMSG0.FBC.z	DT_EVTMSG0.FBC/dt_EVTMSG0.txtbin	229	utf-8	{ESC}RD}1~ボルト{ESC}WT}1~　ハ　{ESC}RD}1~ショートカット{ESC}WT}1~　ニモ \nトウロク　デキマス　ガ \nカズ　ニ　チュウイ　デス{13}
romdata/DT/GM_DT_EVTMSG0.FBC.z	DT_EVTMSG0.FBC/dt_EVTMSG0.txtbin	230	utf-8	ん？　なんだこれは？ \nでかい　ハコがあるぞ？？ \nそれと　この　まわりにあるのは…{13}
romdata/DT/GM_DT_EVTMSG0.FBC.z	DT_EVTMSG0.FBC/dt_EVTMSG0.txtbin	231	utf-8	コレハ　{ESC}RD}1~改造ボックス{ESC}WT}1~　デス \nマワリニ　アルノハ \n{ESC}RD}1~そざい{ESC}WT}1~　デス{13}
romdata/DT/GM_DT_EVTMSG0.FBC.z	DT_EVTMSG0.FBC/dt_EVTMSG0.txtbin	232	utf-8	{ESC}RD}1~改造ボックス{ESC}WT}1~？ \n{ESC}RD}1~そざい{ESC}WT}1~？ \n{ESC}RD}1~改造{ESC}WT}1~できるのか？　その{ESC}RD}1~そざい{ESC}WT}1~で{13}
romdata/DT/GM_DT_EVTMSG0.FBC.z	DT_EVTMSG0.FBC/dt_EVTMSG0.txtbin	233	utf-8	ソウデス \n{ESC}RD}1~改造{ESC}WT}1~　デキル　ノハ \n{ESC}RD}1~ギア{ESC}WT}1~　ト　{ESC}RD}1~コート{ESC}WT}1~　ノミデス{13}
romdata/DT/GM_DT_EVTMSG0.FBC.z	DT_EVTMSG0.FBC/dt_EVTMSG0.txtbin	234	utf-8	タメシニ　マワリノ　{ESC}RD}1~そざい{ESC}WT}1~　ヲ \nヒロッテ　サキホドノ　{ESC}RD}1~コート{ESC}WT}1~　ノ \n{ESC}RD}1~改造{ESC}WT}1~　ヲ　スルト　イイデス{13}
romdata/DT/GM_DT_EVTMSG0.FBC.z	DT_EVTMSG0.FBC/dt_EVTMSG0.txtbin	235	utf-8	サビタギア　ノ　ホウハ \nマダ　{ESC}RD}1~そざい{ESC}WT}1~　ガ \nタリナイ　ヨウデス{13}
romdata/DT/GM_DT_EVTMSG0.FBC.z	DT_EVTMSG0.FBC/dt_EVTMSG0.txtbin	236	utf-8	チナミ　ニ \n{ESC}YL}1~グレンのギア{ESC}WT}1~　ハ　トクシュ \nナノデ　{ESC}RD}1~改造{ESC}WT}1~　デキマセン{13}
romdata/DT/GM_DT_EVTMSG0.FBC.z	DT_EVTMSG0.FBC/dt_EVTMSG0.txtbin	237	utf-8	りょうかいだ！ \nとりあえず　ためしてみるか{13}
romdata/DT/GM_DT_EVTMSG0.FBC.z	DT_EVTMSG0.FBC/dt_EVTMSG0.txtbin	238	utf-8	なんだ？　このメモは…{13}
romdata/DT/GM_DT_EVTMSG0.FBC.z	DT_EVTMSG0.FBC/dt_EVTMSG0.txtbin	239	utf-8	マスター{ESC}GR}1~グレン{ESC}WT}1~　ノ \nモジ　ノ　ヨウデス{13}
romdata/DT/GM_DT_EVTMSG0.FBC.z	DT_EVTMSG0.FBC/dt_EVTMSG0.txtbin	240	utf-8	どうやら　じいさんの \nのこした　ものみたいだな… \nレシピ？　どれどれ…{13}
romdata/DT/GM_DT_EVTMSG0.FBC.z	DT_EVTMSG0.FBC/dt_EVTMSG0.txtbin	241	utf-8	{ESC}RD}1~アート{ESC}WT}1~？ \nなるほど！　{ESC}RD}1~ギア{ESC}WT}1~　には \nこんな　{ESC}RD}1~改造{ESC}WT}1~　が　できるのか！！{13}
romdata/DT/GM_DT_EVTMSG0.FBC.z	DT_EVTMSG0.FBC/dt_EVTMSG0.txtbin	242	utf-8	おっと　かんしん　している \n場合じゃ　なさそうだ…{13}
romdata/DT/GM_DT_EVTMSG0.FBC.z	DT_EVTMSG0.FBC/dt_EVTMSG0.txtbin	243	utf-8	ここも行き止まりのようだな…{13}
romdata/DT/GM_DT_EVTMSG0.FBC.z	DT_EVTMSG0.FBC/dt_EVTMSG0.txtbin	244	utf-8	タンサ　モード \nデグチ　ヲ　ソウサク　シマス{13}
romdata/DT/GM_DT_EVTMSG0.FBC.z	DT_EVTMSG0.FBC/dt_EVTMSG0.txtbin	245	utf-8	カイダン　ハッケン　シマシタ{13}
romdata/DT/GM_DT_EVTMSG0.FBC.z	DT_EVTMSG0.FBC/dt_EVTMSG0.txtbin	246	utf-8	たすかるぜ！　{ESC}GR}1~αー２４{ESC}WT}1~{13}
romdata/DT/GM_DT_EVTMSG0.FBC.z	DT_EVTMSG0.FBC/dt_EVTMSG0.txtbin	247	utf-8	また　じしんか \nさっきより　おおきいぞ \n先を　いそごう！{13}
romdata/DT/GM_DT_EVTMSG0.FBC.z	DT_EVTMSG0.FBC/dt_EVTMSG0.txtbin	250	utf-8	テキヲ　カンチ　シマシタ{13}
romdata/DT/GM_DT_EVTMSG0.FBC.z	DT_EVTMSG0.FBC/dt_EVTMSG0.txtbin	251	utf-8	サキホドノ　テキ　ヨリ \nハンノウガ　ツヨイデス{13}
romdata/DT/GM_DT_EVTMSG0.FBC.z	DT_EVTMSG0.FBC/dt_EVTMSG0.txtbin	252	utf-8	おっと！　こいつは　まずそうだぞ…{13}
romdata/DT/GM_DT_EVTMSG0.FBC.z	DT_EVTMSG0.FBC/dt_EVTMSG0.txtbin	253	utf-8	よし！ \nここは　さっきひろった　レシピの \n{ESC}RD}1~Ａ．Ｒ．Ｔ．{ESC}WT}1~を　ためしてみるか！！{13}
romdata/DT/GM_DT_EVTMSG0.FBC.z	DT_EVTMSG0.FBC/dt_EVTMSG0.txtbin	254	utf-8	だけど　かんじんな　エネルギー \nが　たりるのか　わからないが…{13}
romdata/DT/GM_DT_EVTMSG0.FBC.z	DT_EVTMSG0.FBC/dt_EVTMSG0.txtbin	255	utf-8	でも　やるしかない！ \nこの　{ESC}RD}1~ギア{ESC}WT}1~　で！ \n{ESC}RD}1~Ａ．Ｒ．Ｔ．{ESC}WT}1~　を！！！{13}
romdata/DT/GM_DT_EVTMSG0.FBC.z	DT_EVTMSG0.FBC/dt_EVTMSG0.txtbin	256	utf-8	うぉぉぉぉぉぉ！！！！！！{13}
romdata/DT/GM_DT_EVTMSG0.FBC.z	DT_EVTMSG0.FBC/dt_EVTMSG0.txtbin	260	utf-8	おっと　ここが　いちばんおく \nみたいだな…{13}
romdata/DT/GM_DT_EVTMSG0.FBC.z	DT_EVTMSG0.FBC/dt_EVTMSG0.txtbin	261	utf-8	そろそろ　まずいぞ！！{13}
romdata/DT/GM_DT_EVTMSG0.FBC.z	DT_EVTMSG0.FBC/dt_EVTMSG0.txtbin	262	utf-8	はやく　ここを \nはなれたほうが　よさそうだ{13}
romdata/DT/GM_DT_EVTMSG0.FBC.z	DT_EVTMSG0.FBC/dt_EVTMSG0.txtbin	263	utf-8	ん？ \nそこにあるのは！{13}
romdata/DT/GM_DT_EVTMSG0.FBC.z	DT_EVTMSG0.FBC/dt_EVTMSG0.txtbin	264	utf-8	じいさんの？　日記？{13}
romdata/DT/GM_DT_EVTMSG0.FBC.z	DT_EVTMSG0.FBC/dt_EVTMSG0.txtbin	265	utf-8	ん？　なんだ？ \n{ESC}GR}1~αー２４{ESC}WT}1~　お前か？{13}
romdata/DT/GM_DT_EVTMSG0.FBC.z	DT_EVTMSG0.FBC/dt_EVTMSG0.txtbin	266	utf-8	マスター{ESC}GR}1~グレン{ESC}WT}1~　カラ　ノ \nツウシン　ガ　ハイリマシタ{13}
romdata/DT/GM_DT_EVTMSG0.FBC.z	DT_EVTMSG0.FBC/dt_EVTMSG0.txtbin	267	utf-8	ホ　ホントか！？ \nじいさんは　まだ　いきてたのか！ \nすぐ　つないでくれ！！{13}
romdata/DT/GM_DT_EVTMSG0.FBC.z	DT_EVTMSG0.FBC/dt_EVTMSG0.txtbin	268	utf-8	…　そ…に　いる…は \nだれだ？{13}
romdata/DT/GM_DT_EVTMSG0.FBC.z	DT_EVTMSG0.FBC/dt_EVTMSG0.txtbin	269	utf-8	ちょっとききとりにくいな \nあー　オレは　{ESC}GR}1~シド{ESC}WT}1~ \nあんたの　マゴだ{13}
romdata/DT/GM_DT_EVTMSG0.FBC.z	DT_EVTMSG0.FBC/dt_EVTMSG0.txtbin	270	utf-8	まご？　…そ…か…そんなに \n時が…たっていた…か{13}
romdata/DT/GM_DT_EVTMSG0.FBC.z	DT_EVTMSG0.FBC/dt_EVTMSG0.txtbin	271	utf-8	わたしは　今　とらえられている \nすく…だして　くれないか \n…階の　ろう…くに　き…{13}
romdata/DT/GM_DT_EVTMSG0.FBC.z	DT_EVTMSG0.FBC/dt_EVTMSG0.txtbin	272	utf-8	何階だって？　ききとれない！！{13}
romdata/DT/GM_DT_EVTMSG0.FBC.z	DT_EVTMSG0.FBC/dt_EVTMSG0.txtbin	273	utf-8	…は　…の………だ…{13}
romdata/DT/GM_DT_EVTMSG0.FBC.z	DT_EVTMSG0.FBC/dt_EVTMSG0.txtbin	274	utf-8	ツウシン　キレマシタ{13}
romdata/DT/GM_DT_EVTMSG0.FBC.z	DT_EVTMSG0.FBC/dt_EVTMSG0.txtbin	275	utf-8	まだ　生きていたんだな \nまってろよ！ \nかならず　たすけ出すからな！{13}
romdata/DT/GM_DT_EVTMSG0.FBC.z	DT_EVTMSG0.FBC/dt_EVTMSG0.txtbin	276	utf-8	くそっ　じしんが \nひどくなってきたぞ{13}
romdata/DT/GM_DT_EVTMSG0.FBC.z	DT_EVTMSG0.FBC/dt_EVTMSG0.txtbin	277	utf-8	ダッシュツ　ケイロ　ソウサク… \nテンソウ　モード　ニ　ハイリマス{13}
romdata/DT/GM_DT_EVTMSG0.FBC.z	DT_EVTMSG0.FBC/dt_EVTMSG0.txtbin	278	utf-8	おおっ　たすかるぜ！{13}
romdata/DT/GM_DT_EVTMSG0.FBC.z	DT_EVTMSG0.FBC/dt_EVTMSG0.txtbin	279	utf-8	{15}CT}1~ナオ　テンソウ　ガ　オワルト \n{15}CT}1~{ESC}GR}1~シド{ESC}WT}1~　ノ　レベル　ハ \n{15}CT}1~『{ESC}RD}1~１{ESC}WT}1~』　ニ　モドリマス{13}
romdata/DT/GM_DT_EVTMSG0.FBC.z	DT_EVTMSG0.FBC/dt_EVTMSG0.txtbin	280	utf-8	 \n \n{15}CT}1~な　なんだってー！！！{13}
romdata/DT/GM_DT_EVTMSG0.FBC.z	DT_EVTMSG0.FBC/dt_EVTMSG0.txtbin	281	utf-8	…うわっ！！{13}
romdata/DT/GM_DT_EVTMSG0.FBC.z	DT_EVTMSG0.FBC/dt_EVTMSG0.txtbin	283	utf-8	ナオ　{ESC}RD}1~そざい{ESC}WT}1~　ハ　{ESC}RD}1~じっけん{ESC}WT}1~　ニモ \nツカエマス　{ESC}RD}1~アイテム{ESC}WT}1~　カラ \n{ESC}RD}1~じっけん{ESC}WT}1~　ニ　{ESC}GR}1~成功{ESC}WT}1~　スレバ{13}
romdata/DT/GM_DT_EVTMSG0.FBC.z	DT_EVTMSG0.FBC/dt_EVTMSG0.txtbin	284	utf-8	{ESC}RD}1~そざい{ESC}WT}1~　ヲ　マッタク　ベツ　ノ \n{ESC}RD}1~アイテム{ESC}WT}1~　ニ　ヘンカ \nサセマス　ガ…{13}
romdata/DT/GM_DT_EVTMSG0.FBC.z	DT_EVTMSG0.FBC/dt_EVTMSG0.txtbin	285	utf-8	わかってるって　失敗　する \nキケンも　あるってことだろ？ \n{ESC}RD}1~じっけん{ESC}WT}1~　には　つきものさ！{13}
romdata/DT/GM_DT_EVTMSG0.FBC.z	DT_EVTMSG0.FBC/dt_EVTMSG0.txtbin	286	utf-8	{ESC}PP}1~シッパイ{ESC}WT}1~　デ　マトメタ　{ESC}RD}1~そざい{ESC}WT}1~ \n{ESC}PP}1~スベテ　ガ　ナクナル{ESC}WT}1~　ノデ \nシンチョウ　ニ…{13}
romdata/DT/GM_DT_EVTMSG0.FBC.z	DT_EVTMSG0.FBC/dt_EVTMSG0.txtbin	290	utf-8	ウ…　ウーン \nお前が　たすけてくれたのか？ \nありがとよ！{13}
romdata/DT/GM_DT_EVTMSG0.FBC.z	DT_EVTMSG0.FBC/dt_EVTMSG0.txtbin	291	utf-8	ふう　あぶないところだった{13}
romdata/DT/GM_DT_EVTMSG0.FBC.z	DT_EVTMSG0.FBC/dt_EVTMSG0.txtbin	292	utf-8	そういや　こっちから　じいさんに \nれんらくできないのか？{13}
romdata/DT/GM_DT_EVTMSG0.FBC.z	DT_EVTMSG0.FBC/dt_EVTMSG0.txtbin	293	utf-8	{ESC}GR}1~シド{ESC}WT}1~　ザンネン　ナガラ \nイマ　ノ　ワタシ　ノ　ノコリ \nエネルギー　デハ　ムリ　デス{13}
romdata/DT/GM_DT_EVTMSG0.FBC.z	DT_EVTMSG0.FBC/dt_EVTMSG0.txtbin	294	utf-8	シカシ　{ESC}RD}1~テンソウソウチ{ESC}WT}1~　ヲ \nβモード　デ　テンカイ　スレバ \nケンキュウジョ　ニ　イケマス{13}
romdata/DT/GM_DT_EVTMSG0.FBC.z	DT_EVTMSG0.FBC/dt_EVTMSG0.txtbin	295	utf-8	βモード？　{ESC}BL}1~けんきゅうじょ{ESC}WT}1~？ \nそれは　なんなんだ？{13}
romdata/DT/GM_DT_EVTMSG0.FBC.z	DT_EVTMSG0.FBC/dt_EVTMSG0.txtbin	296	utf-8	ケンキュウジョ　ハ　ムカシ \nマスター{ESC}GR}1~グレン{ESC}WT}1~　ガ　{13}
romdata/DT/GM_DT_EVTMSG0.FBC.z	DT_EVTMSG0.FBC/dt_EVTMSG0.txtbin	297	utf-8	{ESC}RD}1~ヒクウテイ{ESC}WT}1~　ヲ　ケンキュウ \nシテイタ　バショ　デス{13}
romdata/DT/GM_DT_EVTMSG0.FBC.z	DT_EVTMSG0.FBC/dt_EVTMSG0.txtbin	298	utf-8	そうなのかっ！ \nよし　さっそく　いこうぜ \nぼうけんの　はじまりだっ！{13}
romdata/DT/GM_DT_EVTMSG0.FBC.z	DT_EVTMSG0.FBC/dt_EVTMSG0.txtbin	300	utf-8	{ESC}GR}1~シド{ESC}WT}1~　ダイジョウブ　デスカ{13}
romdata/DT/GM_DT_EVTMSG0.FBC.z	DT_EVTMSG0.FBC/dt_EVTMSG0.txtbin	301	utf-8	コノ　エリア　ゲンテイ　 \nデス　ガ　サイセイ　キノウ　ヲ \nシヨウ　シマス　{13}
romdata/DT/GM_DT_EVTMSG0.FBC.z	DT_EVTMSG0.FBC/dt_EVTMSG0.txtbin	303	utf-8	{ESC}GR}1~チョコボ{ESC}WT}1~は \n{ESC}YL}1~{05}}18~{ESC}WT}1~ \nを手に入れた！{13}
romdata/DT/GM_DT_EVTMSG0.FBC.z	DT_EVTMSG0.FBC/dt_EVTMSG0.txtbin	304	utf-8	手紙が　とどいている{13}
romdata/DT/GM_DT_EVTMSG0.FBC.z	DT_EVTMSG0.FBC/dt_EVTMSG0.txtbin	305	utf-8	テンソウ　システム　キドウ \nテンソウサキ　ノ　フロア　ヲ \nエランデ　クダサイ
romdata/DT/GM_DT_EVTMSG0.FBC.z	DT_EVTMSG0.FBC/dt_EVTMSG0.txtbin	306	utf-8	チェックポイントつうか！ \n０Ｆの{ESC}RD}1~てんそうそうち{ESC}WT}1~で　このフロアに \nてんそうできるように　なりました{13}
romdata/DT/GM_DT_EVTMSG0.FBC.z	DT_EVTMSG0.FBC/dt_EVTMSG0.txtbin	307	utf-8	魚がつれそうです \nつりをしますか？\n
romdata/DT/GM_DT_EVTMSG0.FBC.z	DT_EVTMSG0.FBC/dt_EVTMSG0.txtbin	308	utf-8	ダミー{13}
romdata/DT/GM_DT_EVTMSG0.FBC.z	DT_EVTMSG0.FBC/dt_EVTMSG0.txtbin	309	utf-8	空きビンを　ひきあげた \nしかし　中には　何もなかった{13}
romdata/DT/GM_DT_EVTMSG0.FBC.z	DT_EVTMSG0.FBC/dt_EVTMSG0.txtbin	310	utf-8	きのぼうが \nからまっていただけだった{13}
romdata/DT/GM_DT_EVTMSG0.FBC.z	DT_EVTMSG0.FBC/dt_EVTMSG0.txtbin	311	utf-8	魚に　にげられてしまった…{13}
romdata/DT/GM_DT_EVTMSG0.FBC.z	DT_EVTMSG0.FBC/dt_EVTMSG0.txtbin	312	utf-8	何もつれなかった…{13}
romdata/DT/GM_DT_EVTMSG0.FBC.z	DT_EVTMSG0.FBC/dt_EVTMSG0.txtbin	313	utf-8	つりあげたなにかは \n{ESC}RD}1~カバン{ESC}WT}1~から \nこぼれおちた！{13}
romdata/DT/GM_DT_EVTMSG0.FBC.z	DT_EVTMSG0.FBC/dt_EVTMSG0.txtbin	314	utf-8	{05}}18~がつれた{13}
romdata/DT/GM_DT_EVTMSG0.FBC.z	DT_EVTMSG0.FBC/dt_EVTMSG0.txtbin	315	utf-8	{ESC}GR}1~チョコボ{ESC}WT}1~は \n{ESC}YL}1~{05}}18~{ESC}WT}1~ \nを手に入れた！{13}
romdata/DT/GM_DT_EVTMSG0.FBC.z	DT_EVTMSG0.FBC/dt_EVTMSG0.txtbin	316	utf-8	バケツの中には \n{05}}18~が \n入っています{13}
romdata/DT/GM_DT_EVTMSG0.FBC.z	DT_EVTMSG0.FBC/dt_EVTMSG0.txtbin	317	utf-8	入れかえますか？\n
romdata/DT/GM_DT_EVTMSG0.FBC.z	DT_EVTMSG0.FBC/dt_EVTMSG0.txtbin	318	utf-8	{05}}18~を \nバケツに入れました{13}
romdata/DT/GM_DT_EVTMSG0.FBC.z	DT_EVTMSG0.FBC/dt_EVTMSG0.txtbin	319	utf-8	もう１かい　つりをしますか？\n
romdata/DT/GM_DT_EVTMSG0.FBC.z	DT_EVTMSG0.FBC/dt_EVTMSG0.txtbin	320	utf-8	{ESC}RD}1~ポップアップデュエル{ESC}WT}1~ \nであそびますか？ \n{ESC}RD}1~あそぶ時にはセーブされます{ESC}WT}1~
romdata/DT/GM_DT_EVTMSG0.FBC.z	DT_EVTMSG0.FBC/dt_EVTMSG0.txtbin	321	utf-8	いらっしゃい・いらっしゃい！ \nよう！　{ESC}RD}1~つり{ESC}WT}1~を楽しんでるか？ \n…どれ！　その{ESC}YL}1~バケツ{ESC}WT}1~　見せてみな！{13}
romdata/DT/GM_DT_EVTMSG0.FBC.z	DT_EVTMSG0.FBC/dt_EVTMSG0.txtbin	322	utf-8	おっと　なかなかやるな！ \n{05}}18~がつれたのか！ \nそれ　{ESC}YL}1~{06}}72~{ESC}WT}1~┣┳で売らないか？\n
romdata/DT/GM_DT_EVTMSG0.FBC.z	DT_EVTMSG0.FBC/dt_EVTMSG0.txtbin	323	utf-8	また　きてくれよな！{13}
romdata/DT/GM_DT_EVTMSG0.FBC.z	DT_EVTMSG0.FBC/dt_EVTMSG0.txtbin	324	utf-8	{ESC}GR}1~チョコボ{ESC}WT}1~は \n{ESC}YL}1~{06}}72~{ESC}WT}1~┣┳を手に入れた{13}
romdata/DT/GM_DT_EVTMSG0.FBC.z	DT_EVTMSG0.FBC/dt_EVTMSG0.txtbin	327	utf-8	{ESC}GR}1~ブラル{ESC}WT}1~が　食べていない魚だ{13}
romdata/DT/GM_DT_EVTMSG0.FBC.z	DT_EVTMSG0.FBC/dt_EVTMSG0.txtbin	328	utf-8	{ESC}YL}1~ギル{ESC}WT}1~がいっぱいだな \n{ESC}GR}1~ブラル{ESC}WT}1~のとこに \nあずけてから　来てくれ！{13}
romdata/DT/GM_DT_EVTMSG0.FBC.z	DT_EVTMSG0.FBC/dt_EVTMSG0.txtbin	329	utf-8	ボイスせっていを　へんこうできます \nげんざいのせっていは　{ESC}YL}1~ＯＮ{ESC}WT}1~　です \nせっていを　{ESC}YL}1~ＯＦＦ{ESC}WT}1~　にしますか？\n
romdata/DT/GM_DT_EVTMSG0.FBC.z	DT_EVTMSG0.FBC/dt_EVTMSG0.txtbin	330	utf-8	ボイスせっていを　へんこうできます \nげんざいのせっていは　{ESC}YL}1~ＯＦＦ{ESC}WT}1~　です \nせっていを　{ESC}YL}1~ＯＮ{ESC}WT}1~　にしますか？\n
romdata/DT/GM_DT_EVTMSG0.FBC.z	DT_EVTMSG0.FBC/dt_EVTMSG0.txtbin	331	utf-8	ボイスせっていを　{ESC}YL}1~ＯＦＦ{ESC}WT}1~　にしました{13}
romdata/DT/GM_DT_EVTMSG0.FBC.z	DT_EVTMSG0.FBC/dt_EVTMSG0.txtbin	332	utf-8	ボイスせっていを　{ESC}YL}1~ＯＮ{ESC}WT}1~　にしました{13}
romdata/DT/GM_DT_EVTMSG0.FBC.z	DT_EVTMSG0.FBC/dt_EVTMSG0.txtbin	333	utf-8	ボイスせっていを　かえませんでした{13}
romdata/DT/GM_DT_EVTMSG0.FBC.z	DT_EVTMSG0.FBC/dt_EVTMSG0.txtbin	334	utf-8	不思議な鏡 \nぼんやりとかがやいている{13}
romdata/DT/GM_DT_EVTMSG0.FBC.z	DT_EVTMSG0.FBC/dt_EVTMSG0.txtbin	335	utf-8	『…まおねちゃん　と　シろマ　の \nおはなバたけに　なろとこ』 \nと　かいてある{13}
romdata/DT/GM_DT_EVTMSG0.FBC.z	DT_EVTMSG0.FBC/dt_EVTMSG0.txtbin	336	utf-8	なお　１回{ESC}RD}1~きたえる{ESC}WT}1~を行うと \nざいりょうの せいせいのために \n時間がひつようになる{13}
romdata/DT/GM_DT_EVTMSG0.FBC.z	DT_EVTMSG0.FBC/dt_EVTMSG0.txtbin	337	utf-8	その時間は『{ESC}BW}1~鍛冶まち１０フロア{ESC}WT}1~』 \nとむかしからいわれているが… \n何をいみするか　いまだに謎だ{13}
romdata/DT/GM_DT_EVTMSG0.FBC.z	DT_EVTMSG0.FBC/dt_EVTMSG0.txtbin	340	utf-8	古びたジュークボックス \nどうやら　ちょうしがわるいようだ{13}
romdata/DT/GM_DT_EVTMSG0.FBC.z	DT_EVTMSG0.FBC/dt_EVTMSG0.txtbin	341	utf-8	時忘れの迷宮 \nオリジナル{13}
romdata/DT/GM_DT_EVTMSG0.FBC.z	DT_EVTMSG0.FBC/dt_EVTMSG0.txtbin	344	utf-8	エンディング \nチョコボレーシング  \n　　　　　　『世界のあした』より{13}
romdata/DT/GM_DT_EVTMSG0.FBC.z	DT_EVTMSG0.FBC/dt_EVTMSG0.txtbin	345	utf-8	記憶の解放 \nＦＦ11 『Ｐｒｅｌｕｄｅ』より{13}
romdata/DT/GM_DT_EVTMSG0.FBC.z	DT_EVTMSG0.FBC/dt_EVTMSG0.txtbin	346	utf-8	封印された記憶 \nＦＦ5 『封印の書』より{13}
romdata/DT/GM_DT_EVTMSG0.FBC.z	DT_EVTMSG0.FBC/dt_EVTMSG0.txtbin	347	utf-8	胎動 \nＦＦ3 『生きている森』より{13}
romdata/DT/GM_DT_EVTMSG0.FBC.z	DT_EVTMSG0.FBC/dt_EVTMSG0.txtbin	348	utf-8	神官たちの記憶 \nＦＦ8 『Ｆｅａｒ』より{13}
romdata/DT/GM_DT_EVTMSG0.FBC.z	DT_EVTMSG0.FBC/dt_EVTMSG0.txtbin	349	utf-8	ノスタルジア \nＦＦ1 『カオスの神殿』より{13}
romdata/DT/GM_DT_EVTMSG0.FBC.z	DT_EVTMSG0.FBC/dt_EVTMSG0.txtbin	350	utf-8	トレジャーハンターのテーマ \nＦＦ9 『ハンターチャンス』より{13}
romdata/DT/GM_DT_EVTMSG0.FBC.z	DT_EVTMSG0.FBC/dt_EVTMSG0.txtbin	351	utf-8	デュエルルーム \nＦＦ8 『Ｆｏｒｃｅ Ｙｏｕｒ Ｗａｙ』より{13}
romdata/DT/GM_DT_EVTMSG0.FBC.z	DT_EVTMSG0.FBC/dt_EVTMSG0.txtbin	352	utf-8	ダンジョンヒーローＸのテーマ \nＦＦ8 『Ｔｈｅ Ｍａｎ ｗｉｔｈ ｔｈｅ  \n　　　　　　　　Ｍａｃｈｉｎｅ Ｇｕｎ』より{13}
romdata/DT/GM_DT_EVTMSG0.FBC.z	DT_EVTMSG0.FBC/dt_EVTMSG0.txtbin	353	utf-8	世界の記憶 \nＦＦ6 『死闘』より{13}
romdata/DT/GM_DT_EVTMSG0.FBC.z	DT_EVTMSG0.FBC/dt_EVTMSG0.txtbin	354	utf-8	闇の守護者2 \nＦＦ11 『Ａｗａｋｅｎｉｎｇ』より{13}
romdata/DT/GM_DT_EVTMSG0.FBC.z	DT_EVTMSG0.FBC/dt_EVTMSG0.txtbin	355	utf-8	闇の守護者1 \nＦＦ9 『記憶の場所』より{13}
romdata/DT/GM_DT_EVTMSG0.FBC.z	DT_EVTMSG0.FBC/dt_EVTMSG0.txtbin	356	utf-8	炎の守護者1 \nＦＦ5 『封印されしもの』より{13}
romdata/DT/GM_DT_EVTMSG0.FBC.z	DT_EVTMSG0.FBC/dt_EVTMSG0.txtbin	357	utf-8	炎の守護者2 \nＦＦ5 『呪いの地』より{13}
romdata/DT/GM_DT_EVTMSG0.FBC.z	DT_EVTMSG0.FBC/dt_EVTMSG0.txtbin	358	utf-8	フェニックス戦 \nＦＦ3 『バトル2』より{13}
romdata/DT/GM_DT_EVTMSG0.FBC.z	DT_EVTMSG0.FBC/dt_EVTMSG0.txtbin	359	utf-8	光の守護者1 \nＦＦ10 『雷平原』より{13}
romdata/DT/GM_DT_EVTMSG0.FBC.z	DT_EVTMSG0.FBC/dt_EVTMSG0.txtbin	360	utf-8	光の守護者2 \nＦＦ3 『クリスタルタワー』より{13}
romdata/DT/GM_DT_EVTMSG0.FBC.z	DT_EVTMSG0.FBC/dt_EVTMSG0.txtbin	361	utf-8	アレクサンダー戦 \nＦＦ10 『召喚獣バトル』より{13}
romdata/DT/GM_DT_EVTMSG0.FBC.z	DT_EVTMSG0.FBC/dt_EVTMSG0.txtbin	362	utf-8	謎の黒魔道士 \nＦＦ8 『Ｐｒｅｍｏｎｉｔｉｏｎ』より{13}
romdata/DT/GM_DT_EVTMSG0.FBC.z	DT_EVTMSG0.FBC/dt_EVTMSG0.txtbin	363	utf-8	ラファエロ戦 \nＦＦ5 『ビッグブリッヂの死闘』より{13}
romdata/DT/GM_DT_EVTMSG0.FBC.z	DT_EVTMSG0.FBC/dt_EVTMSG0.txtbin	364	utf-8	ラストバトル \nＦＦ5 『決戦』より{13}
romdata/DT/GM_DT_EVTMSG0.FBC.z	DT_EVTMSG0.FBC/dt_EVTMSG0.txtbin	365	utf-8	水の守護者1 \nＦＦ2 『ダンジョン』より{13}
romdata/DT/GM_DT_EVTMSG0.FBC.z	DT_EVTMSG0.FBC/dt_EVTMSG0.txtbin	366	utf-8	水の守護者2 \nＦＦ5 『ダンジョン』より{13}
romdata/DT/GM_DT_EVTMSG0.FBC.z	DT_EVTMSG0.FBC/dt_EVTMSG0.txtbin	367	utf-8	リヴァイアサン戦 \nＦＦ4 『ゴルベーザ四天王 \n　　　　　　　とのバトル』より{13}
romdata/DT/GM_DT_EVTMSG0.FBC.z	DT_EVTMSG0.FBC/dt_EVTMSG0.txtbin	368	utf-8	記憶のかけら \nＦＦ9 『あの丘を越えて』より{13}
romdata/DT/GM_DT_EVTMSG0.FBC.z	DT_EVTMSG0.FBC/dt_EVTMSG0.txtbin	369	utf-8	遠い日の記憶 \nＦＦ5 『はるかなる故郷』より{13}
romdata/DT/GM_DT_EVTMSG0.FBC.z	DT_EVTMSG0.FBC/dt_EVTMSG0.txtbin	370	utf-8	シロマのテーマ \nＦＦ1 『街』より{13}
romdata/DT/GM_DT_EVTMSG0.FBC.z	DT_EVTMSG0.FBC/dt_EVTMSG0.txtbin	371	utf-8	果たせなかった約束 \nＦＦ9 『忘れられぬ面影』より{13}
romdata/DT/GM_DT_EVTMSG0.FBC.z	DT_EVTMSG0.FBC/dt_EVTMSG0.txtbin	372	utf-8	飛空艇のテーマ \nＦＦ4 『魔導船』より{13}
romdata/DT/GM_DT_EVTMSG0.FBC.z	DT_EVTMSG0.FBC/dt_EVTMSG0.txtbin	373	utf-8	オルゴールのチョコボテーマ \nオリジナル曲{13}
romdata/DT/GM_DT_EVTMSG0.FBC.z	DT_EVTMSG0.FBC/dt_EVTMSG0.txtbin	374	utf-8	ステラ牧場 \nＦＦ7 『牧場の少年』より{13}
romdata/DT/GM_DT_EVTMSG0.FBC.z	DT_EVTMSG0.FBC/dt_EVTMSG0.txtbin	375	utf-8	牧場の夜 \nＦＦ4 『少女リディア』より{13}
romdata/DT/GM_DT_EVTMSG0.FBC.z	DT_EVTMSG0.FBC/dt_EVTMSG0.txtbin	376	utf-8	時忘れの街 \nＦＦ11 『Ｔａｒｕｔａｒｕ Ｍａｌｅ』より{13}
romdata/DT/GM_DT_EVTMSG0.FBC.z	DT_EVTMSG0.FBC/dt_EVTMSG0.txtbin	377	utf-8	街の夜 \nＦＦ6 『墓碑名』より{13}
romdata/DT/GM_DT_EVTMSG0.FBC.z	DT_EVTMSG0.FBC/dt_EVTMSG0.txtbin	378	utf-8	教会内部 \nＦＦ3 『ドーガとウネの館』より{13}
romdata/DT/GM_DT_EVTMSG0.FBC.z	DT_EVTMSG0.FBC/dt_EVTMSG0.txtbin	379	utf-8	古代の遺跡1 \nＦＦ３『巨大都市サロニア』より{13}
romdata/DT/GM_DT_EVTMSG0.FBC.z	DT_EVTMSG0.FBC/dt_EVTMSG0.txtbin	380	utf-8	古代の遺跡2 \nＦＦ６『邪神の塔』より{13}
romdata/DT/GM_DT_EVTMSG0.FBC.z	DT_EVTMSG0.FBC/dt_EVTMSG0.txtbin	381	utf-8	オメガ戦 \nＦＦ４『最後の闘い』より{13}
romdata/DT/GM_DT_EVTMSG0.FBC.z	DT_EVTMSG0.FBC/dt_EVTMSG0.txtbin	382	utf-8	シドベンチャー \nオリジナル曲{13}
romdata/DT/GM_DT_EVTMSG0.FBC.z	DT_EVTMSG0.FBC/dt_EVTMSG0.txtbin	383	utf-8	曲番号４４{13}
romdata/DT/GM_DT_EVTMSG0.FBC.z	DT_EVTMSG0.FBC/dt_EVTMSG0.txtbin	385	utf-8	よっ{ESC}GR}1~チョコボ{ESC}WT}1~！　{ESC}GR}1~チョッカーズ{ESC}WT}1~だよ \nひさしぶり…かどうかは \n{ESC}RD}1~かのうせい{ESC}WT}1~の　もんだいだがな{13}
romdata/DT/GM_DT_EVTMSG0.FBC.z	DT_EVTMSG0.FBC/dt_EVTMSG0.txtbin	386	utf-8	キュルル？{13}
romdata/DT/GM_DT_EVTMSG0.FBC.z	DT_EVTMSG0.FBC/dt_EVTMSG0.txtbin	387	utf-8	{ESC}GR}1~イルマ{ESC}WT}1~さまが　おひめさまだったり \n{ESC}GR}1~ヴォルグ{ESC}WT}1~さまが　人間だったりする \n世界の{ESC}RD}1~かのうせい{ESC}WT}1~も　あるのさ{13}
romdata/DT/GM_DT_EVTMSG0.FBC.z	DT_EVTMSG0.FBC/dt_EVTMSG0.txtbin	388	utf-8	キュピーー！！{13}
romdata/DT/GM_DT_EVTMSG0.FBC.z	DT_EVTMSG0.FBC/dt_EVTMSG0.txtbin	389	utf-8	その{ESC}RD}1~かのうせい{ESC}WT}1~ってのを \nむすびあわせる　キセキが \n呪文ってやつなんだ…つまり…{13}
romdata/DT/GM_DT_EVTMSG0.FBC.z	DT_EVTMSG0.FBC/dt_EVTMSG0.txtbin	390	utf-8	キュキュキュ！{13}
romdata/DT/GM_DT_EVTMSG0.FBC.z	DT_EVTMSG0.FBC/dt_EVTMSG0.txtbin	391	utf-8	『{ESC}PK}1~魔女・少女・５人・勇者{ESC}WT}1~』 \nこの呪文を　おぼえておけば \nオレたちまた会えるってことさ！{13}
romdata/DT/GM_DT_EVTMSG0.FBC.z	DT_EVTMSG0.FBC/dt_EVTMSG0.txtbin	392	utf-8	『かじやマニュアル』きたえる \nフィーゴ　作{13}
romdata/DT/GM_DT_EVTMSG0.FBC.z	DT_EVTMSG0.FBC/dt_EVTMSG0.txtbin	393	utf-8	{ESC}RD}1~ツメ{ESC}WT}1~や{ESC}RD}1~クラ{ESC}WT}1~はきたえることで性能を \n上げることができる　数値が上がる \nほど能力が高まってゆく{13}
romdata/DT/GM_DT_EVTMSG0.FBC.z	DT_EVTMSG0.FBC/dt_EVTMSG0.txtbin	394	utf-8	だが　どの{ESC}RD}1~ツメ{ESC}WT}1~や{ESC}RD}1~クラ{ESC}WT}1~にも限界がある \n{ESC}YL}1~鉄のツメ{ESC}WT}1~の場合は＋１５が限界値だ \n要は＋１６の{ESC}YL}1~鉄のツメ{ESC}WT}1~は無理なのだ{13}
romdata/DT/GM_DT_EVTMSG0.FBC.z	DT_EVTMSG0.FBC/dt_EVTMSG0.txtbin	395	utf-8	ただしＨＱ化という秘法もある \nこれに成功すると　さらに＋５ \nされる{13}
romdata/DT/GM_DT_EVTMSG0.FBC.z	DT_EVTMSG0.FBC/dt_EVTMSG0.txtbin	396	utf-8	その代わり失敗をすると　３から６ \nくらい能力が下がってしまうので \n十分気をつけてほしい{13}
romdata/DT/GM_DT_EVTMSG0.FBC.z	DT_EVTMSG0.FBC/dt_EVTMSG0.txtbin	397	utf-8	『かじやマニュアル』合成 \nフィーゴ　作{13}
romdata/DT/GM_DT_EVTMSG0.FBC.z	DT_EVTMSG0.FBC/dt_EVTMSG0.txtbin	398	utf-8	合成にはメインとサブという考え方 \nがある　{ESC}YL}1~鉄のツメ＋７{ESC}WT}1~に{ESC}YL}1~金のツメ＋３{ESC}WT}1~ \nの合成だと{ESC}YL}1~鉄のツメ＋１０{ESC}WT}1~ができる{13}
romdata/DT/GM_DT_EVTMSG0.FBC.z	DT_EVTMSG0.FBC/dt_EVTMSG0.txtbin	399	utf-8	反対に{ESC}YL}1~金のツメ＋３{ESC}WT}1~に{ESC}YL}1~鉄のツメ＋７{ESC}WT}1~を \n合成しても{ESC}YL}1~金のツメ{ESC}WT}1~の限界値が＋５ \nのため{ESC}YL}1~金のツメ＋５{ESC}WT}1~しかできない{13}
romdata/DT/GM_DT_EVTMSG0.FBC.z	DT_EVTMSG0.FBC/dt_EVTMSG0.txtbin	400	utf-8	メインとサブがちがうだけで \nできるものも　かわってくるので \n気をつけてほしい{13}
romdata/DT/GM_DT_EVTMSG0.FBC.z	DT_EVTMSG0.FBC/dt_EVTMSG0.txtbin	401	utf-8	それと合成による最大のメリット \nそれは{ESC}RD}1~印{ESC}WT}1~を移すということだ \nくわしくは別の本で説明しよう{13}
romdata/DT/GM_DT_EVTMSG0.FBC.z	DT_EVTMSG0.FBC/dt_EVTMSG0.txtbin	403	utf-8	『かじやマニュアル』印を移す・消す \nフィーゴ　作{13}
romdata/DT/GM_DT_EVTMSG0.FBC.z	DT_EVTMSG0.FBC/dt_EVTMSG0.txtbin	404	utf-8	{ESC}RD}1~印{ESC}WT}1~には　やくに立つ能力が色々ある \nたとえば{ESC}YL}1~金のツメ{ESC}WT}1~についている{ESC}RD}1~印{ESC}WT}1~は \nさびないという能力がある{13}
romdata/DT/GM_DT_EVTMSG0.FBC.z	DT_EVTMSG0.FBC/dt_EVTMSG0.txtbin	405	utf-8	これを合成によって{ESC}YL}1~鉄のツメ{ESC}WT}1~に金の \n{ESC}RD}1~印{ESC}WT}1~を移すことで　さびない{ESC}YL}1~鉄のツメ{ESC}WT}1~ \nを作ることができるのだ{13}
romdata/DT/GM_DT_EVTMSG0.FBC.z	DT_EVTMSG0.FBC/dt_EVTMSG0.txtbin	406	utf-8	だが　おなかがへりやすくなったり{ESC}RD}1~ \nＳＰ{ESC}WT}1~回復できなくなるなどの良くない \n能力の{ESC}RD}1~印{ESC}WT}1~もある{13}
romdata/DT/GM_DT_EVTMSG0.FBC.z	DT_EVTMSG0.FBC/dt_EVTMSG0.txtbin	407	utf-8	まちがって良くない{ESC}RD}1~印{ESC}WT}1~を移して \nしまった時は{ESC}RD}1~印を消す{ESC}WT}1~を使って外す \nことができるので覚えておこう{13}
romdata/DT/GM_DT_EVTMSG1.FBC.z	DT_EVTMSG1.FBC/dt_EVTMSG1.txtbin	0	utf-8	チョコボ\n
romdata/DT/GM_DT_EVTMSG1.FBC.z	DT_EVTMSG1.FBC/dt_EVTMSG1.txtbin	1	utf-8	シロマ\n
romdata/DT/GM_DT_EVTMSG1.FBC.z	DT_EVTMSG1.FBC/dt_EVTMSG1.txtbin	2	utf-8	クロマ\n
romdata/DT/GM_DT_EVTMSG1.FBC.z	DT_EVTMSG1.FBC/dt_EVTMSG1.txtbin	3	utf-8	ラファエロ
romdata/DT/GM_DT_EVTMSG1.FBC.z	DT_EVTMSG1.FBC/dt_EVTMSG1.txtbin	5	utf-8	シド\n
romdata/DT/GM_DT_EVTMSG1.FBC.z	DT_EVTMSG1.FBC/dt_EVTMSG1.txtbin	7	utf-8	アムーリ
romdata/DT/GM_DT_EVTMSG1.FBC.z	DT_EVTMSG1.FBC/dt_EVTMSG1.txtbin	10	utf-8	メーア
romdata/DT/GM_DT_EVTMSG1.FBC.z	DT_EVTMSG1.FBC/dt_EVTMSG1.txtbin	11	utf-8	ゲイル
romdata/DT/GM_DT_EVTMSG1.FBC.z	DT_EVTMSG1.FBC/dt_EVTMSG1.txtbin	12	utf-8	ステラ
romdata/DT/GM_DT_EVTMSG1.FBC.z	DT_EVTMSG1.FBC/dt_EVTMSG1.txtbin	13	utf-8	ローチェ
romdata/DT/GM_DT_EVTMSG1.FBC.z	DT_EVTMSG1.FBC/dt_EVTMSG1.txtbin	14	utf-8	ダードラー
romdata/DT/GM_DT_EVTMSG1.FBC.z	DT_EVTMSG1.FBC/dt_EVTMSG1.txtbin	15	utf-8	ハリー
romdata/DT/GM_DT_EVTMSG1.FBC.z	DT_EVTMSG1.FBC/dt_EVTMSG1.txtbin	16	utf-8	マリス
romdata/DT/GM_DT_EVTMSG1.FBC.z	DT_EVTMSG1.FBC/dt_EVTMSG1.txtbin	17	utf-8	シャルロット
romdata/DT/GM_DT_EVTMSG1.FBC.z	DT_EVTMSG1.FBC/dt_EVTMSG1.txtbin	18	utf-8	フローラ
romdata/DT/GM_DT_EVTMSG1.FBC.z	DT_EVTMSG1.FBC/dt_EVTMSG1.txtbin	19	utf-8	ハンナ\n
romdata/DT/GM_DT_EVTMSG1.FBC.z	DT_EVTMSG1.FBC/dt_EVTMSG1.txtbin	20	utf-8	メディット
romdata/DT/GM_DT_EVTMSG1.FBC.z	DT_EVTMSG1.FBC/dt_EVTMSG1.txtbin	21	utf-8	ディクト\n
romdata/DT/GM_DT_EVTMSG1.FBC.z	DT_EVTMSG1.FBC/dt_EVTMSG1.txtbin	24	utf-8	ブラル
romdata/DT/GM_DT_EVTMSG1.FBC.z	DT_EVTMSG1.FBC/dt_EVTMSG1.txtbin	25	utf-8	ドルくん
romdata/DT/GM_DT_EVTMSG1.FBC.z	DT_EVTMSG1.FBC/dt_EVTMSG1.txtbin	36	utf-8	チョッカーズ
romdata/DT/GM_DT_EVTMSG1.FBC.z	DT_EVTMSG1.FBC/dt_EVTMSG1.txtbin	37	utf-8	モーグリ
romdata/DT/GM_DT_EVTMSG1.FBC.z	DT_EVTMSG1.FBC/dt_EVTMSG1.txtbin	38	utf-8	ダンジョンヒーローＸ
romdata/DT/GM_DT_EVTMSG1.FBC.z	DT_EVTMSG1.FBC/dt_EVTMSG1.txtbin	39	utf-8	ロマンチックヒーローＸ
romdata/DT/GM_DT_EVTMSG1.FBC.z	DT_EVTMSG1.FBC/dt_EVTMSG1.txtbin	47	utf-8	　
romdata/DT/GM_DT_EVTMSG1.FBC.z	DT_EVTMSG1.FBC/dt_EVTMSG1.txtbin	48	utf-8	？？？？？\n
romdata/DT/GM_DT_EVTMSG1.FBC.z	DT_EVTMSG1.FBC/dt_EVTMSG1.txtbin	100	utf-8	な　なんだぁ！ \nうわぁああああああ{13}
romdata/DT/GM_DT_EVTMSG1.FBC.z	DT_EVTMSG1.FBC/dt_EVTMSG1.txtbin	101	utf-8	キュピーー！！{13}
romdata/DT/GM_DT_EVTMSG1.FBC.z	DT_EVTMSG1.FBC/dt_EVTMSG1.txtbin	102	utf-8	て　マジかよ… \nうぅうん{13}
romdata/DT/GM_DT_EVTMSG1.FBC.z	DT_EVTMSG1.FBC/dt_EVTMSG1.txtbin	104	utf-8	トントン！ \nはいってるクポよ{13}
romdata/DT/GM_DT_EVTMSG1.FBC.z	DT_EVTMSG1.FBC/dt_EVTMSG1.txtbin	106	utf-8	なぜ　私は \n思い出してしまったのでしょうか… \nううむ…{13}
romdata/DT/GM_DT_EVTMSG1.FBC.z	DT_EVTMSG1.FBC/dt_EVTMSG1.txtbin	108	utf-8	ああ　{ESC}GR}1~チョコボ{ESC}WT}1~さん… \nでしたっけね？　私は{ESC}GR}1~ローチェ{ESC}WT}1~ \nここで神父をまかされています{13}
romdata/DT/GM_DT_EVTMSG1.FBC.z	DT_EVTMSG1.FBC/dt_EVTMSG1.txtbin	110	utf-8	{15}CT}1~………　っつ \n{15}CT}1~…　いてて \n{15}CT}1~ここはどこだ…{13}
romdata/DT/GM_DT_EVTMSG1.FBC.z	DT_EVTMSG1.FBC/dt_EVTMSG1.txtbin	111	utf-8	手足は… \nうごくみたいだな \nしかし…ここはいったい…{13}
romdata/DT/GM_DT_EVTMSG1.FBC.z	DT_EVTMSG1.FBC/dt_EVTMSG1.txtbin	112	utf-8	クピピ…{13}
romdata/DT/GM_DT_EVTMSG1.FBC.z	DT_EVTMSG1.FBC/dt_EVTMSG1.txtbin	113	utf-8	おやおや　あなたがたは \nなにものですか？ \nふんすいから 出てくるとは…{13}
romdata/DT/GM_DT_EVTMSG1.FBC.z	DT_EVTMSG1.FBC/dt_EVTMSG1.txtbin	114	utf-8	…ここは{ESC}BL}1~砂漠の塔{ESC}WT}1~ \nじゃぁ… \nないみたいだな{13}
romdata/DT/GM_DT_EVTMSG1.FBC.z	DT_EVTMSG1.FBC/dt_EVTMSG1.txtbin	115	utf-8	ああ　オレは{ESC}GR}1~シド{ESC}WT}1~ \nそしてこっちは \nあいぼうの　{ESC}GR}1~チョコボ{ESC}WT}1~{13}
romdata/DT/GM_DT_EVTMSG1.FBC.z	DT_EVTMSG1.FBC/dt_EVTMSG1.txtbin	116	utf-8	オレたちは \nトレジャーハンターをして \nせかいをめぐっているんだ！{13}
romdata/DT/GM_DT_EVTMSG1.FBC.z	DT_EVTMSG1.FBC/dt_EVTMSG1.txtbin	117	utf-8	キュキュキュ！{13}
romdata/DT/GM_DT_EVTMSG1.FBC.z	DT_EVTMSG1.FBC/dt_EVTMSG1.txtbin	118	utf-8	で　あんたはだれなんだ？{13}
romdata/DT/GM_DT_EVTMSG1.FBC.z	DT_EVTMSG1.FBC/dt_EVTMSG1.txtbin	119	utf-8	私は　{ESC}GR}1~ゲイル{ESC}WT}1~ \nこの　{ESC}BL}1~時忘れの街{ESC}WT}1~の \n市長をつとめております{13}
romdata/DT/GM_DT_EVTMSG1.FBC.z	DT_EVTMSG1.FBC/dt_EVTMSG1.txtbin	120	utf-8	お二人は　この街の… \n…何番目かは忘れましたが… \nひさびさの　おきゃくさまです{13}
romdata/DT/GM_DT_EVTMSG1.FBC.z	DT_EVTMSG1.FBC/dt_EVTMSG1.txtbin	121	utf-8	…{ESC}BL}1~時忘れの街…{ESC}WT}1~？ \nきいたことがない名前だ…{13}
romdata/DT/GM_DT_EVTMSG1.FBC.z	DT_EVTMSG1.FBC/dt_EVTMSG1.txtbin	122	utf-8	{ESC}GR}1~チョコボ{ESC}WT}1~　どうやら　オレたち… \nほかのせかいに \nとばされちまったようだな！？{13}
romdata/DT/GM_DT_EVTMSG1.FBC.z	DT_EVTMSG1.FBC/dt_EVTMSG1.txtbin	123	utf-8	キュキュキュ！{13}
romdata/DT/GM_DT_EVTMSG1.FBC.z	DT_EVTMSG1.FBC/dt_EVTMSG1.txtbin	130	utf-8	ん？　鐘の音？？ \nあれは…いったい？ \nいや　そもそも　オレは…{13}
romdata/DT/GM_DT_EVTMSG1.FBC.z	DT_EVTMSG1.FBC/dt_EVTMSG1.txtbin	131	utf-8	おお　{ESC}PP}1~時忘れの鐘{ESC}WT}1~が \n鳴ったようですね… \nすべてを　忘れる　{ESC}PP}1~時忘れの鐘{ESC}WT}1~が…{13}
romdata/DT/GM_DT_EVTMSG1.FBC.z	DT_EVTMSG1.FBC/dt_EVTMSG1.txtbin	132	utf-8	…って　いうか　 \nあんた　だれだ？{13}
romdata/DT/GM_DT_EVTMSG1.FBC.z	DT_EVTMSG1.FBC/dt_EVTMSG1.txtbin	133	utf-8	キュピーー！！{13}
romdata/DT/GM_DT_EVTMSG1.FBC.z	DT_EVTMSG1.FBC/dt_EVTMSG1.txtbin	134	utf-8	まぁ　忘れてしまう \nようなことは \nどうでもいいことです{13}
romdata/DT/GM_DT_EVTMSG1.FBC.z	DT_EVTMSG1.FBC/dt_EVTMSG1.txtbin	135	utf-8	そうです！ \n忘れてしまえば \nつらく　なくなります！{13}
romdata/DT/GM_DT_EVTMSG1.FBC.z	DT_EVTMSG1.FBC/dt_EVTMSG1.txtbin	136	utf-8	そうなの！ \n忘れちゃえば \nみんなキモチよくなれるの！{13}
romdata/DT/GM_DT_EVTMSG1.FBC.z	DT_EVTMSG1.FBC/dt_EVTMSG1.txtbin	137	utf-8	おお　{ESC}GR}1~ローチェ{ESC}WT}1~神父に \n{ESC}GR}1~アムーリ{ESC}WT}1~さん！{13}
romdata/DT/GM_DT_EVTMSG1.FBC.z	DT_EVTMSG1.FBC/dt_EVTMSG1.txtbin	138	utf-8	そのとおりです！ \n忘れることで \nこだわりも　あらそいも{13}
romdata/DT/GM_DT_EVTMSG1.FBC.z	DT_EVTMSG1.FBC/dt_EVTMSG1.txtbin	139	utf-8	いかりも　かなしみも \nすべて \nなくなるのです！{13}
romdata/DT/GM_DT_EVTMSG1.FBC.z	DT_EVTMSG1.FBC/dt_EVTMSG1.txtbin	140	utf-8	おいおいおい… \nいったい　なんなんだ？ \nアンタら…{13}
romdata/DT/GM_DT_EVTMSG1.FBC.z	DT_EVTMSG1.FBC/dt_EVTMSG1.txtbin	141	utf-8	クピピ…{13}
romdata/DT/GM_DT_EVTMSG1.FBC.z	DT_EVTMSG1.FBC/dt_EVTMSG1.txtbin	142	utf-8	あれ？　っていうかそっちの… \n女の子　あんたどっかで… \nうーん…{13}
romdata/DT/GM_DT_EVTMSG1.FBC.z	DT_EVTMSG1.FBC/dt_EVTMSG1.txtbin	143	utf-8	いやぁーん \nアムーリ　よく　わかんなぁい！{13}
romdata/DT/GM_DT_EVTMSG1.FBC.z	DT_EVTMSG1.FBC/dt_EVTMSG1.txtbin	144	utf-8	そ　そうだよな… \nここの人とは \nみんな　はじめて会うわけだし…{13}
romdata/DT/GM_DT_EVTMSG1.FBC.z	DT_EVTMSG1.FBC/dt_EVTMSG1.txtbin	145	utf-8	そうですね \nしかし　私たちは \nあなたがたを　かんげいしますよ{13}
romdata/DT/GM_DT_EVTMSG1.FBC.z	DT_EVTMSG1.FBC/dt_EVTMSG1.txtbin	146	utf-8	ちょっとまってー！{13}
romdata/DT/GM_DT_EVTMSG1.FBC.z	DT_EVTMSG1.FBC/dt_EVTMSG1.txtbin	147	utf-8	{ESC}GR}1~シロマ{ESC}WT}1~！ \nひとぎきの　わるいことを \nあなたも　少し　大人になりなさい{13}
romdata/DT/GM_DT_EVTMSG1.FBC.z	DT_EVTMSG1.FBC/dt_EVTMSG1.txtbin	149	utf-8	それより　キミは…　いったい \nだれだい？{13}
romdata/DT/GM_DT_EVTMSG1.FBC.z	DT_EVTMSG1.FBC/dt_EVTMSG1.txtbin	150	utf-8	わたしは　{ESC}GR}1~シロマ{ESC}WT}1~ \n{ESC}GR}1~シロマ・マグノーリエ{ESC}WT}1~　街の外の \n{ESC}BL}1~牧場{ESC}WT}1~にすんでいるわ{13}
romdata/DT/GM_DT_EVTMSG1.FBC.z	DT_EVTMSG1.FBC/dt_EVTMSG1.txtbin	151	utf-8	でも　いそいで！ \nこの街にいたら　あの鐘で \nみんな忘れちゃうのよ！{13}
romdata/DT/GM_DT_EVTMSG1.FBC.z	DT_EVTMSG1.FBC/dt_EVTMSG1.txtbin	152	utf-8	{ESC}GR}1~シロマ…{ESC}WT}1~　前にも話したように \nあの鐘は　私たちが \n動かしているわけではないのです{13}
romdata/DT/GM_DT_EVTMSG1.FBC.z	DT_EVTMSG1.FBC/dt_EVTMSG1.txtbin	153	utf-8	みんな忘れる？ \n{ESC}PP}1~時忘れの鐘…{ESC}WT}1~？{13}
romdata/DT/GM_DT_EVTMSG1.FBC.z	DT_EVTMSG1.FBC/dt_EVTMSG1.txtbin	154	utf-8	早く　この街をでましょ！ \n鐘が　鳴ると　自分のことも \n忘れてしまうのよ！{13}
romdata/DT/GM_DT_EVTMSG1.FBC.z	DT_EVTMSG1.FBC/dt_EVTMSG1.txtbin	155	utf-8	忘れてしまうようなことは \nじゅうようなことでは　ありません \n忘却こそ美徳なのです！{13}
romdata/DT/GM_DT_EVTMSG1.FBC.z	DT_EVTMSG1.FBC/dt_EVTMSG1.txtbin	156	utf-8	みんな　忘れたら \n思い出も　うれしいことも \nみんな　なくなっちゃうわ！{13}
romdata/DT/GM_DT_EVTMSG1.FBC.z	DT_EVTMSG1.FBC/dt_EVTMSG1.txtbin	157	utf-8	おちつきなさい　{ESC}GR}1~シロマ{ESC}WT}1~ \n今からでもおそくありません \nこの{ESC}BL}1~時忘れの街{ESC}WT}1~でくらしましょう{13}
romdata/DT/GM_DT_EVTMSG1.FBC.z	DT_EVTMSG1.FBC/dt_EVTMSG1.txtbin	159	utf-8	ぜっ・た・い・に　い・や！{13}
romdata/DT/GM_DT_EVTMSG1.FBC.z	DT_EVTMSG1.FBC/dt_EVTMSG1.txtbin	160	utf-8	ふたりとも　こっちにきて！ \nおばさんのいる　{ESC}BL}1~ステラ牧場{ESC}WT}1~まで \nいけば　鐘の音もきこえないわ！！{13}
romdata/DT/GM_DT_EVTMSG1.FBC.z	DT_EVTMSG1.FBC/dt_EVTMSG1.txtbin	161	utf-8	キュルル？{13}
romdata/DT/GM_DT_EVTMSG1.FBC.z	DT_EVTMSG1.FBC/dt_EVTMSG1.txtbin	162	utf-8	さ　早くいきましょ！{13}
romdata/DT/GM_DT_EVTMSG1.FBC.z	DT_EVTMSG1.FBC/dt_EVTMSG1.txtbin	163	utf-8	こんなひとの話 \nきいちゃだめよ！{13}
romdata/DT/GM_DT_EVTMSG1.FBC.z	DT_EVTMSG1.FBC/dt_EVTMSG1.txtbin	170	utf-8	ここは　{ESC}BL}1~ステラ牧場{ESC}WT}1~ \n{ESC}GR}1~ステラ{ESC}WT}1~おばさんと \nいっしょに　くらしてるの{13}
romdata/DT/GM_DT_EVTMSG1.FBC.z	DT_EVTMSG1.FBC/dt_EVTMSG1.txtbin	171	utf-8	キュウ！{13}
romdata/DT/GM_DT_EVTMSG1.FBC.z	DT_EVTMSG1.FBC/dt_EVTMSG1.txtbin	172	utf-8	ありがとう…{ESC}GR}1~シロマ{ESC}WT}1~　だったか？ \nオレたち…あ…うう \nっと　何を言おうとし…{13}
romdata/DT/GM_DT_EVTMSG1.FBC.z	DT_EVTMSG1.FBC/dt_EVTMSG1.txtbin	173	utf-8	ぐあっ…ううう{13}
romdata/DT/GM_DT_EVTMSG1.FBC.z	DT_EVTMSG1.FBC/dt_EVTMSG1.txtbin	174	utf-8	あっ　{ESC}GR}1~シド{ESC}WT}1~さん \nムリして　思い出そうとすると \n頭がいたくなるわ{13}
romdata/DT/GM_DT_EVTMSG1.FBC.z	DT_EVTMSG1.FBC/dt_EVTMSG1.txtbin	175	utf-8	クピピ…{13}
romdata/DT/GM_DT_EVTMSG1.FBC.z	DT_EVTMSG1.FBC/dt_EVTMSG1.txtbin	176	utf-8	こっちにきて！ \nうちで休んだほうがいいわ{13}
romdata/DT/GM_DT_EVTMSG1.FBC.z	DT_EVTMSG1.FBC/dt_EVTMSG1.txtbin	177	utf-8	ふう　{ESC}GR}1~シド{ESC}WT}1~さん…だっけ？ \nようやく　眠ったね \nよっぽど　つかれてたんだねぇ{13}
romdata/DT/GM_DT_EVTMSG1.FBC.z	DT_EVTMSG1.FBC/dt_EVTMSG1.txtbin	178	utf-8	キュウ！{13}
romdata/DT/GM_DT_EVTMSG1.FBC.z	DT_EVTMSG1.FBC/dt_EVTMSG1.txtbin	179	utf-8	おや　あんたはげんきだねぇ \nあたしは　{ESC}GR}1~ステラ{ESC}WT}1~ \nよろしくね{13}
romdata/DT/GM_DT_EVTMSG1.FBC.z	DT_EVTMSG1.FBC/dt_EVTMSG1.txtbin	180	utf-8	キュキュキュ！{13}
romdata/DT/GM_DT_EVTMSG1.FBC.z	DT_EVTMSG1.FBC/dt_EVTMSG1.txtbin	181	utf-8	え？ \n『ありがとう』ですって？{13}
romdata/DT/GM_DT_EVTMSG1.FBC.z	DT_EVTMSG1.FBC/dt_EVTMSG1.txtbin	182	utf-8	おや　{ESC}GR}1~シロマ{ESC}WT}1~　あんたいつから \n{ESC}GR}1~チョコボ{ESC}WT}1~のコトバが \nわかるようになったんだい？{13}
romdata/DT/GM_DT_EVTMSG1.FBC.z	DT_EVTMSG1.FBC/dt_EVTMSG1.txtbin	183	utf-8	それがね… \nこの子の目をみてると \nなんとなく　わかるようなの！{13}
romdata/DT/GM_DT_EVTMSG1.FBC.z	DT_EVTMSG1.FBC/dt_EVTMSG1.txtbin	184	utf-8	へぇ　あたしには \nわかんないけどね \nそれじゃ　この子にきいとくれ{13}
romdata/DT/GM_DT_EVTMSG1.FBC.z	DT_EVTMSG1.FBC/dt_EVTMSG1.txtbin	185	utf-8	どこからきて　ここで \nなにをするつもりなのか{13}
romdata/DT/GM_DT_EVTMSG1.FBC.z	DT_EVTMSG1.FBC/dt_EVTMSG1.txtbin	186	utf-8	…べ　べつに　わたし \nチョコボ語が \n話せるわけじゃないわよ{13}
romdata/DT/GM_DT_EVTMSG1.FBC.z	DT_EVTMSG1.FBC/dt_EVTMSG1.txtbin	187	utf-8	『きゅう』とか言えば \nつうじるんじゃ \nないかねぇ？{13}
romdata/DT/GM_DT_EVTMSG1.FBC.z	DT_EVTMSG1.FBC/dt_EVTMSG1.txtbin	188	utf-8	キュルル？{13}
romdata/DT/GM_DT_EVTMSG1.FBC.z	DT_EVTMSG1.FBC/dt_EVTMSG1.txtbin	189	utf-8	え？　そ　そうかな？ \nそれじゃ… \n『…きゅう！』{13}
romdata/DT/GM_DT_EVTMSG1.FBC.z	DT_EVTMSG1.FBC/dt_EVTMSG1.txtbin	190	utf-8	キュキュキュ！{13}
romdata/DT/GM_DT_EVTMSG1.FBC.z	DT_EVTMSG1.FBC/dt_EVTMSG1.txtbin	191	utf-8	え？　こっちのコトバは \nチョコボ語じゃなくても \nだいたいわかる？？？{13}
romdata/DT/GM_DT_EVTMSG1.FBC.z	DT_EVTMSG1.FBC/dt_EVTMSG1.txtbin	192	utf-8	だ　だったら　早く言ってよね \n『きゅう』とか　言っちゃって \nちょっと　はずかしいじゃない！{13}
romdata/DT/GM_DT_EVTMSG1.FBC.z	DT_EVTMSG1.FBC/dt_EVTMSG1.txtbin	193	utf-8	クピピ…{13}
romdata/DT/GM_DT_EVTMSG1.FBC.z	DT_EVTMSG1.FBC/dt_EVTMSG1.txtbin	194	utf-8	べ　べつに　あやまらなくっても \nいいけどさ{13}
romdata/DT/GM_DT_EVTMSG1.FBC.z	DT_EVTMSG1.FBC/dt_EVTMSG1.txtbin	195	utf-8	キュキュキュ！{13}
romdata/DT/GM_DT_EVTMSG1.FBC.z	DT_EVTMSG1.FBC/dt_EVTMSG1.txtbin	196	utf-8	あ　それでね \n{ESC}GR}1~シド{ESC}WT}1~さんと　{ESC}GR}1~チョコボ{ESC}WT}1~は \nトレジャーハンターなんですって{13}
romdata/DT/GM_DT_EVTMSG1.FBC.z	DT_EVTMSG1.FBC/dt_EVTMSG1.txtbin	197	utf-8	あれ？　ところで{ESC}GR}1~シロマ…{ESC}WT}1~{13}
romdata/DT/GM_DT_EVTMSG1.FBC.z	DT_EVTMSG1.FBC/dt_EVTMSG1.txtbin	198	utf-8	あんた　いつも \nしょってる \nあの　{ESC}PP}1~杖{ESC}WT}1~はどうしたんだい？{13}
romdata/DT/GM_DT_EVTMSG1.FBC.z	DT_EVTMSG1.FBC/dt_EVTMSG1.txtbin	199	utf-8	え？　ない？　たいへん！ \nきっと　街に \nおいてきちゃったんだわ！{13}
romdata/DT/GM_DT_EVTMSG1.FBC.z	DT_EVTMSG1.FBC/dt_EVTMSG1.txtbin	200	utf-8	あんた… \nまた　街に \nいくのかい？{13}
romdata/DT/GM_DT_EVTMSG1.FBC.z	DT_EVTMSG1.FBC/dt_EVTMSG1.txtbin	201	utf-8	{ESC}GR}1~ステラ{ESC}WT}1~おばさん！ \nわたし　 \n{ESC}PP}1~杖{ESC}WT}1~を　さがしてくる！{13}
romdata/DT/GM_DT_EVTMSG1.FBC.z	DT_EVTMSG1.FBC/dt_EVTMSG1.txtbin	202	utf-8	いくら　だいじだっていっても… \n{ESC}GR}1~チョコボ{ESC}WT}1~！　あんた \n{ESC}GR}1~シロマ{ESC}WT}1~についてっておくれ{13}
romdata/DT/GM_DT_EVTMSG1.FBC.z	DT_EVTMSG1.FBC/dt_EVTMSG1.txtbin	203	utf-8	キュウ！{13}
romdata/DT/GM_DT_EVTMSG1.FBC.z	DT_EVTMSG1.FBC/dt_EVTMSG1.txtbin	210	utf-8	こまったときに　やってくる \nクチブエとともに　やってくる{13}
romdata/DT/GM_DT_EVTMSG1.FBC.z	DT_EVTMSG1.FBC/dt_EVTMSG1.txtbin	211	utf-8	なぞのマスクの　そのおくで \nやさしくひかる　つぶらなめ！{13}
romdata/DT/GM_DT_EVTMSG1.FBC.z	DT_EVTMSG1.FBC/dt_EVTMSG1.txtbin	212	utf-8	だれがよんだか \nだれがよんだか \nその名も…{13}
romdata/DT/GM_DT_EVTMSG1.FBC.z	DT_EVTMSG1.FBC/dt_EVTMSG1.txtbin	213	utf-8	{ESC}GR}1~ダンジョンヒーローＸ{ESC}WT}1~！ \nここに　けん・ざん・クポ！{13}
romdata/DT/GM_DT_EVTMSG1.FBC.z	DT_EVTMSG1.FBC/dt_EVTMSG1.txtbin	214	utf-8	新じだいの \n新しいニューヒーローの \n新とうじょうだクポ！{13}
romdata/DT/GM_DT_EVTMSG1.FBC.z	DT_EVTMSG1.FBC/dt_EVTMSG1.txtbin	215	utf-8	ヒーローの『ヒ』は \nヒミツの『ヒ』！{13}
romdata/DT/GM_DT_EVTMSG1.FBC.z	DT_EVTMSG1.FBC/dt_EVTMSG1.txtbin	216	utf-8	そのしょうたいは \nしんぴの　ベールに \nつつまれてるクポ！{13}
romdata/DT/GM_DT_EVTMSG1.FBC.z	DT_EVTMSG1.FBC/dt_EVTMSG1.txtbin	217	utf-8	そして　ヒーローの『ロ』は… \n『ロ』は…ろ　ろ　ろ…{13}
romdata/DT/GM_DT_EVTMSG1.FBC.z	DT_EVTMSG1.FBC/dt_EVTMSG1.txtbin	218	utf-8	『ろりょーん』！　っと… \nみんなのおなやみ \nかいけつクポ！{13}
romdata/DT/GM_DT_EVTMSG1.FBC.z	DT_EVTMSG1.FBC/dt_EVTMSG1.txtbin	219	utf-8	キュウ？{13}
romdata/DT/GM_DT_EVTMSG1.FBC.z	DT_EVTMSG1.FBC/dt_EVTMSG1.txtbin	220	utf-8	オ　オマエ　{ESC}GR}1~チョコボ{ESC}WT}1~　クポね？ \n{ESC}RD}1~不思議なダンジョン{ESC}WT}1~　はじめてで \nこまっているクポね？{13}
romdata/DT/GM_DT_EVTMSG1.FBC.z	DT_EVTMSG1.FBC/dt_EVTMSG1.txtbin	221	utf-8	きょうは　なーんにもしらない \n{ESC}GR}1~チョコボ{ESC}WT}1~に　あとでやくだつ \nアイテムをもってきてやったクポ！{13}
romdata/DT/GM_DT_EVTMSG1.FBC.z	DT_EVTMSG1.FBC/dt_EVTMSG1.txtbin	222	utf-8	そんな{ESC}GR}1~チョコボ{ESC}WT}1~に \n{ESC}YL}1~カードケース{ESC}WT}1~を \nあげるクポ！{13}
romdata/DT/GM_DT_EVTMSG1.FBC.z	DT_EVTMSG1.FBC/dt_EVTMSG1.txtbin	223	utf-8	そして！！！ \n今回は{ESC}YL}1~ひそひ草{ESC}WT}1~も \nサービスするクポ！{13}
romdata/DT/GM_DT_EVTMSG1.FBC.z	DT_EVTMSG1.FBC/dt_EVTMSG1.txtbin	224	utf-8	キュルル？{13}
romdata/DT/GM_DT_EVTMSG1.FBC.z	DT_EVTMSG1.FBC/dt_EVTMSG1.txtbin	225	utf-8	つかいかたは　あとでひっそり \n{ESC}RD}1~だいじなものメニュー{ESC}WT}1~で \nしらべるといいクポ！{13}
romdata/DT/GM_DT_EVTMSG1.FBC.z	DT_EVTMSG1.FBC/dt_EVTMSG1.txtbin	226	utf-8	では　いざさらば！{13}
romdata/DT/GM_DT_EVTMSG1.FBC.z	DT_EVTMSG1.FBC/dt_EVTMSG1.txtbin	227	utf-8	{ESC}GR}1~チョコボ{ESC}WT}1~は \n{ESC}YL}1~カードケース{ESC}WT}1~ \nを手に入れた！{13}
romdata/DT/GM_DT_EVTMSG1.FBC.z	DT_EVTMSG1.FBC/dt_EVTMSG1.txtbin	228	utf-8	{ESC}GR}1~チョコボ{ESC}WT}1~は \n{ESC}YL}1~ひそひ草{ESC}WT}1~ \nを手に入れた！{13}
romdata/DT/GM_DT_EVTMSG1.FBC.z	DT_EVTMSG1.FBC/dt_EVTMSG1.txtbin	229	utf-8	今回は…って　前回があったかは \nし　しらないクポよ… \nそ　そんなことより{13}
romdata/DT/GM_DT_EVTMSG1.FBC.z	DT_EVTMSG1.FBC/dt_EVTMSG1.txtbin	230	utf-8	あら　{ESC}GR}1~チョコボ{ESC}WT}1~！ \n{ESC}PP}1~杖{ESC}WT}1~　見つかったのよ！{13}
romdata/DT/GM_DT_EVTMSG1.FBC.z	DT_EVTMSG1.FBC/dt_EVTMSG1.txtbin	231	utf-8	ほら！{13}
romdata/DT/GM_DT_EVTMSG1.FBC.z	DT_EVTMSG1.FBC/dt_EVTMSG1.txtbin	232	utf-8	キュキュキュ！{13}
romdata/DT/GM_DT_EVTMSG1.FBC.z	DT_EVTMSG1.FBC/dt_EVTMSG1.txtbin	233	utf-8	あら？　{ESC}BL}1~時計塔広場{ESC}WT}1~から \n話し声がするわ… \nなにかしら？{13}
romdata/DT/GM_DT_EVTMSG1.FBC.z	DT_EVTMSG1.FBC/dt_EVTMSG1.txtbin	240	utf-8	みなさんにあつまってもらったのは \n今　街中の　すべての　火が \nつかえないことについてです{13}
romdata/DT/GM_DT_EVTMSG1.FBC.z	DT_EVTMSG1.FBC/dt_EVTMSG1.txtbin	241	utf-8	ごらんのとおり　ランプもつかず \nりょうりにも　火がつかえません \nだんろも　やくにたたないようです{13}
romdata/DT/GM_DT_EVTMSG1.FBC.z	DT_EVTMSG1.FBC/dt_EVTMSG1.txtbin	242	utf-8	そうなんですよ　ウチの店でも \nアツい　ココアが出せません！ \nなんとかしてくれませんか！{13}
romdata/DT/GM_DT_EVTMSG1.FBC.z	DT_EVTMSG1.FBC/dt_EVTMSG1.txtbin	243	utf-8	おふろも　たけないから \n水ぶろに　してみたけど \nさむくて　カゼをひいちまうよ！{13}
romdata/DT/GM_DT_EVTMSG1.FBC.z	DT_EVTMSG1.FBC/dt_EVTMSG1.txtbin	244	utf-8	ああ　魚は　生でもなんとかなるが \nスープがぜんぜん　ダメなんだ \nどうにかならないか！？{13}
romdata/DT/GM_DT_EVTMSG1.FBC.z	DT_EVTMSG1.FBC/dt_EVTMSG1.txtbin	245	utf-8	なぜ　そうなっているかは \nまったく　わかりません \nしかし　おつげが　ありました！{13}
romdata/DT/GM_DT_EVTMSG1.FBC.z	DT_EVTMSG1.FBC/dt_EVTMSG1.txtbin	246	utf-8	その　おつげでは \nもうすぐ　『きゅうせいしゅ』が \nあらわれる　とのことです{13}
romdata/DT/GM_DT_EVTMSG1.FBC.z	DT_EVTMSG1.FBC/dt_EVTMSG1.txtbin	247	utf-8	『きゅうせいしゅ』だって？ \nそんなの　やくに立つのかね？ \n…え！？{13}
romdata/DT/GM_DT_EVTMSG1.FBC.z	DT_EVTMSG1.FBC/dt_EVTMSG1.txtbin	248	utf-8	ああ　どうしたことでしょう！ \nいきなり　あたりが　暗く…{13}
romdata/DT/GM_DT_EVTMSG1.FBC.z	DT_EVTMSG1.FBC/dt_EVTMSG1.txtbin	249	utf-8	あれ？　見て！ \nなにかしら？{13}
romdata/DT/GM_DT_EVTMSG1.FBC.z	DT_EVTMSG1.FBC/dt_EVTMSG1.txtbin	250	utf-8	なにか　きますよ！！{13}
romdata/DT/GM_DT_EVTMSG1.FBC.z	DT_EVTMSG1.FBC/dt_EVTMSG1.txtbin	251	utf-8	キケンです！ \nみなさん　にげてください！{13}
romdata/DT/GM_DT_EVTMSG1.FBC.z	DT_EVTMSG1.FBC/dt_EVTMSG1.txtbin	252	utf-8	キャー！{13}
romdata/DT/GM_DT_EVTMSG1.FBC.z	DT_EVTMSG1.FBC/dt_EVTMSG1.txtbin	253	utf-8	ウワワワ！　にげろー！！{13}
romdata/DT/GM_DT_EVTMSG1.FBC.z	DT_EVTMSG1.FBC/dt_EVTMSG1.txtbin	254	utf-8	{ESC}GR}1~チョコボ{ESC}WT}1~！　 \nなにか　おちたみたいよ！ \nいきましょ！{13}
romdata/DT/GM_DT_EVTMSG1.FBC.z	DT_EVTMSG1.FBC/dt_EVTMSG1.txtbin	255	utf-8	キュピーー！！{13}
romdata/DT/GM_DT_EVTMSG1.FBC.z	DT_EVTMSG1.FBC/dt_EVTMSG1.txtbin	256	utf-8	あれ？　タマゴ？{13}
romdata/DT/GM_DT_EVTMSG1.FBC.z	DT_EVTMSG1.FBC/dt_EVTMSG1.txtbin	257	utf-8	ああ　{ESC}GR}1~シロマ{ESC}WT}1~ \n空から　こんなものが \nおちてきたのですよ{13}
romdata/DT/GM_DT_EVTMSG1.FBC.z	DT_EVTMSG1.FBC/dt_EVTMSG1.txtbin	258	utf-8	あれ？　タマゴ… \nに… \n…ヒビ？{13}
romdata/DT/GM_DT_EVTMSG1.FBC.z	DT_EVTMSG1.FBC/dt_EVTMSG1.txtbin	259	utf-8	え！？ \n{ESC}GR}1~あ　あか…ちゃん{ESC}WT}1~？{13}
romdata/DT/GM_DT_EVTMSG1.FBC.z	DT_EVTMSG1.FBC/dt_EVTMSG1.txtbin	260	utf-8	ふ…ふあぁあ \nふあぁあ \nふぁあああ{13}
romdata/DT/GM_DT_EVTMSG1.FBC.z	DT_EVTMSG1.FBC/dt_EVTMSG1.txtbin	261	utf-8	あ　なきだしちゃった \nどうすれば \nなきやむかしら…{13}
romdata/DT/GM_DT_EVTMSG1.FBC.z	DT_EVTMSG1.FBC/dt_EVTMSG1.txtbin	262	utf-8	おーよしよし \nもう　へいきでちゅよー{13}
romdata/DT/GM_DT_EVTMSG1.FBC.z	DT_EVTMSG1.FBC/dt_EVTMSG1.txtbin	263	utf-8	キュキュキュ！{13}
romdata/DT/GM_DT_EVTMSG1.FBC.z	DT_EVTMSG1.FBC/dt_EVTMSG1.txtbin	264	utf-8	うふふ　ありがとう　{ESC}GR}1~チョコボ{ESC}WT}1~ \nてつだってくれてるのね{13}
romdata/DT/GM_DT_EVTMSG1.FBC.z	DT_EVTMSG1.FBC/dt_EVTMSG1.txtbin	265	utf-8	ふぎゃぁ　ふぎゃぁ \nふぅ　ふぅ \nきゃははは{13}
romdata/DT/GM_DT_EVTMSG1.FBC.z	DT_EVTMSG1.FBC/dt_EVTMSG1.txtbin	266	utf-8	あはは　かわいい…{13}
romdata/DT/GM_DT_EVTMSG1.FBC.z	DT_EVTMSG1.FBC/dt_EVTMSG1.txtbin	267	utf-8	うーん　ふしぎなことですね \n空から　タマゴがふってきて \n中に　{ESC}GR}1~あかんぼう{ESC}WT}1~が…{13}
romdata/DT/GM_DT_EVTMSG1.FBC.z	DT_EVTMSG1.FBC/dt_EVTMSG1.txtbin	268	utf-8	しかし \nこの　{ESC}GR}1~あかんぼう{ESC}WT}1~は \nどこかで…{13}
romdata/DT/GM_DT_EVTMSG1.FBC.z	DT_EVTMSG1.FBC/dt_EVTMSG1.txtbin	269	utf-8	そうだ！ \n思い出しました！ \nこの　{ESC}GR}1~あかんぼう{ESC}WT}1~は…{13}
romdata/DT/GM_DT_EVTMSG1.FBC.z	DT_EVTMSG1.FBC/dt_EVTMSG1.txtbin	270	utf-8	ん？　私　なにを \n思い出したのでしたっけ？ \nなにを　していたのでしたっけ？{13}
romdata/DT/GM_DT_EVTMSG1.FBC.z	DT_EVTMSG1.FBC/dt_EVTMSG1.txtbin	271	utf-8	…？　{ESC}GR}1~ゲイル…{ESC}WT}1~市長？ \n…どうしちゃったの？{13}
romdata/DT/GM_DT_EVTMSG1.FBC.z	DT_EVTMSG1.FBC/dt_EVTMSG1.txtbin	272	utf-8	キュピーー！！{13}
romdata/DT/GM_DT_EVTMSG1.FBC.z	DT_EVTMSG1.FBC/dt_EVTMSG1.txtbin	273	utf-8	え！？{13}
romdata/DT/GM_DT_EVTMSG1.FBC.z	DT_EVTMSG1.FBC/dt_EVTMSG1.txtbin	280	utf-8	あの　{ESC}GR}1~あかちゃん{ESC}WT}1~ \nウズの中に　きえちゃったわ！ \nどうすればいいのかしら？{13}
romdata/DT/GM_DT_EVTMSG1.FBC.z	DT_EVTMSG1.FBC/dt_EVTMSG1.txtbin	281	utf-8	あら　{ESC}GR}1~チョコボ{ESC}WT}1~ \nこのタマゴの中に… \nまだ　なにかあるみたいよ？{13}
romdata/DT/GM_DT_EVTMSG1.FBC.z	DT_EVTMSG1.FBC/dt_EVTMSG1.txtbin	282	utf-8	ふしぎな　{ESC}GR}1~あかちゃん{ESC}WT}1~が \nはいっていた　タマゴのカラ \n中になにかある…{13}
romdata/DT/GM_DT_EVTMSG1.FBC.z	DT_EVTMSG1.FBC/dt_EVTMSG1.txtbin	283	utf-8	あら　すてきなブローチ… \nねえ　{ESC}GR}1~チョコボ{ESC}WT}1~　これ何か \nかんけいあるかもしれないわ！{13}
romdata/DT/GM_DT_EVTMSG1.FBC.z	DT_EVTMSG1.FBC/dt_EVTMSG1.txtbin	284	utf-8	{ESC}GR}1~チョコボ{ESC}WT}1~は \n{ESC}YL}1~記憶のブローチ{ESC}WT}1~ \nを手に入れた！{13}
romdata/DT/GM_DT_EVTMSG1.FBC.z	DT_EVTMSG1.FBC/dt_EVTMSG1.txtbin	285	utf-8	ふしぎな　形をしたブローチ \n黒いウズの前に　いけば \n{ESC}RD}1~ш＋┓{ESC}WT}1~で　つかえるようだ{13}
romdata/DT/GM_DT_EVTMSG1.FBC.z	DT_EVTMSG1.FBC/dt_EVTMSG1.txtbin	286	utf-8	このブローチ　わたしがさわると \n光が　弱くなるのね… \nそうね　あなたがつかってみて！{13}
romdata/DT/GM_DT_EVTMSG1.FBC.z	DT_EVTMSG1.FBC/dt_EVTMSG1.txtbin	287	utf-8	もう　なにもはいっていない{13}
romdata/DT/GM_DT_EVTMSG1.FBC.z	DT_EVTMSG1.FBC/dt_EVTMSG1.txtbin	288	utf-8	ううむ　ううむ \n私は　何を… \nいや　私が　だれで…{13}
romdata/DT/GM_DT_EVTMSG1.FBC.z	DT_EVTMSG1.FBC/dt_EVTMSG1.txtbin	295	utf-8	ふぎゃぁ！　…ふぎゃぁ！{13}
romdata/DT/GM_DT_EVTMSG1.FBC.z	DT_EVTMSG1.FBC/dt_EVTMSG1.txtbin	300	utf-8	{15}CT}1~空から『きゅうせいしゅ』？ \n{15}CT}1~そうですか \n{15}CT}1~おつげがありましたか{13}
romdata/DT/GM_DT_EVTMSG1.FBC.z	DT_EVTMSG1.FBC/dt_EVTMSG1.txtbin	301	utf-8	{15}CT}1~では　すべて \n{15}CT}1~うまくいったのですね \n{15}CT}1~もう　安心です{13}
romdata/DT/GM_DT_EVTMSG1.FBC.z	DT_EVTMSG1.FBC/dt_EVTMSG1.txtbin	302	utf-8	{15}CT}1~　 \n{15}CT}1~この街は \n{15}CT}1~新しく生まれかわるのです{13}
romdata/DT/GM_DT_EVTMSG1.FBC.z	DT_EVTMSG1.FBC/dt_EVTMSG1.txtbin	303	utf-8	{15}CT}1~私は今日から \n{15}CT}1~この街の市長として \n{15}CT}1~がんばることにしますよ{13}
romdata/DT/GM_DT_EVTMSG1.FBC.z	DT_EVTMSG1.FBC/dt_EVTMSG1.txtbin	304	utf-8	{15}CT}1~あたらしくうまれた \n{15}CT}1~この子のことは \n{15}CT}1~{ESC}GR}1~ラファエロ{ESC}WT}1~と名づけましょう{13}
romdata/DT/GM_DT_EVTMSG1.FBC.z	DT_EVTMSG1.FBC/dt_EVTMSG1.txtbin	315	utf-8	ふぇーん！！ \n…ふぇーん！！{13}
romdata/DT/GM_DT_EVTMSG1.FBC.z	DT_EVTMSG1.FBC/dt_EVTMSG1.txtbin	316	utf-8	あー！　あー！ \n{ESC}GR}1~チョコ・ボ{ESC}WT}1~！　{ESC}GR}1~チョコ・ボ{ESC}WT}1~！{13}
romdata/DT/GM_DT_EVTMSG1.FBC.z	DT_EVTMSG1.FBC/dt_EVTMSG1.txtbin	317	utf-8	キュルル？{13}
romdata/DT/GM_DT_EVTMSG1.FBC.z	DT_EVTMSG1.FBC/dt_EVTMSG1.txtbin	321	utf-8	あら？ \nあたりが　きゅうに \n明るくなったわ！{13}
romdata/DT/GM_DT_EVTMSG1.FBC.z	DT_EVTMSG1.FBC/dt_EVTMSG1.txtbin	322	utf-8	きゃあ！{13}
romdata/DT/GM_DT_EVTMSG1.FBC.z	DT_EVTMSG1.FBC/dt_EVTMSG1.txtbin	323	utf-8	{ESC}GR}1~チョコボ{ESC}WT}1~！　{ESC}GR}1~あかちゃん{ESC}WT}1~！ \nだいじょうぶ　だったのね！ \nよかったぁ{13}
romdata/DT/GM_DT_EVTMSG1.FBC.z	DT_EVTMSG1.FBC/dt_EVTMSG1.txtbin	324	utf-8	ありがとう！　{ESC}GR}1~チョコボ{ESC}WT}1~ \nあなたのおかげね！{13}
romdata/DT/GM_DT_EVTMSG1.FBC.z	DT_EVTMSG1.FBC/dt_EVTMSG1.txtbin	325	utf-8	キュキュキュ！{13}
romdata/DT/GM_DT_EVTMSG1.FBC.z	DT_EVTMSG1.FBC/dt_EVTMSG1.txtbin	326	utf-8	きゃはは \n…{ESC}GR}1~シ・ロ・マ{ESC}WT}1~{13}
romdata/DT/GM_DT_EVTMSG1.FBC.z	DT_EVTMSG1.FBC/dt_EVTMSG1.txtbin	327	utf-8	え？ \nいま　わたしの名前…{13}
romdata/DT/GM_DT_EVTMSG1.FBC.z	DT_EVTMSG1.FBC/dt_EVTMSG1.txtbin	328	utf-8	そうです！　思い出しました！ \nその　{ESC}GR}1~あかんぼう{ESC}WT}1~の　名前は \n{ESC}GR}1~ラファエロ{ESC}WT}1~　です！！{13}
romdata/DT/GM_DT_EVTMSG1.FBC.z	DT_EVTMSG1.FBC/dt_EVTMSG1.txtbin	329	utf-8	{ESC}GR}1~ゲイル…{ESC}WT}1~市長？{13}
romdata/DT/GM_DT_EVTMSG1.FBC.z	DT_EVTMSG1.FBC/dt_EVTMSG1.txtbin	330	utf-8	ああ　私はなんてことを！ \n忘れていたことを \n思い出してしまうとは！{13}
romdata/DT/GM_DT_EVTMSG1.FBC.z	DT_EVTMSG1.FBC/dt_EVTMSG1.txtbin	331	utf-8	え？　ちょっとまって \nこの子　今生まれたばかりよ？ \nそれを…思い出す？？{13}
romdata/DT/GM_DT_EVTMSG1.FBC.z	DT_EVTMSG1.FBC/dt_EVTMSG1.txtbin	332	utf-8	キュルル？{13}
romdata/DT/GM_DT_EVTMSG1.FBC.z	DT_EVTMSG1.FBC/dt_EVTMSG1.txtbin	333	utf-8	きゃはは \n{ESC}GR}1~チョ・コ・ボ{ESC}WT}1~{13}
romdata/DT/GM_DT_EVTMSG1.FBC.z	DT_EVTMSG1.FBC/dt_EVTMSG1.txtbin	334	utf-8	そ　それは　たしかに \nおかしな話です \nでも…あれは…ううむ{13}
romdata/DT/GM_DT_EVTMSG1.FBC.z	DT_EVTMSG1.FBC/dt_EVTMSG1.txtbin	335	utf-8	あ！　そうだわ！ \n{ESC}GR}1~ゲイル{ESC}WT}1~市長が思い出せたなら \n{ESC}GR}1~シド{ESC}WT}1~さんも　思い出せるかも！{13}
romdata/DT/GM_DT_EVTMSG1.FBC.z	DT_EVTMSG1.FBC/dt_EVTMSG1.txtbin	336	utf-8	{ESC}GR}1~チョコボ{ESC}WT}1~！　{ESC}GR}1~ラファエロ{ESC}WT}1~！ \n{ESC}BL}1~ステラ牧場{ESC}WT}1~に　いくわよ！{13}
romdata/DT/GM_DT_EVTMSG1.FBC.z	DT_EVTMSG1.FBC/dt_EVTMSG1.txtbin	337	utf-8	きゃはは{13}
romdata/DT/GM_DT_EVTMSG1.FBC.z	DT_EVTMSG1.FBC/dt_EVTMSG1.txtbin	340	utf-8	あ！　もうひとつだいじなことを \n思い出してしまいました！{13}
romdata/DT/GM_DT_EVTMSG1.FBC.z	DT_EVTMSG1.FBC/dt_EVTMSG1.txtbin	341	utf-8	{ESC}BL}1~あずかりじょ{ESC}WT}1~のカギを \nしめたままでした！{13}
romdata/DT/GM_DT_EVTMSG1.FBC.z	DT_EVTMSG1.FBC/dt_EVTMSG1.txtbin	342	utf-8	さあ　これでだいじょうぶ \n{ESC}BL}1~あずかりじょ{ESC}WT}1~の　さいかいです \n…{ESC}GR}1~ディクト{ESC}WT}1~　どうしたんですか？{13}
romdata/DT/GM_DT_EVTMSG1.FBC.z	DT_EVTMSG1.FBC/dt_EVTMSG1.txtbin	343	utf-8	あー　{ESC}GR}1~ゲイル{ESC}WT}1~市長じゃないですかー \n忘れる前に　きちゃだめですよー{13}
romdata/DT/GM_DT_EVTMSG1.FBC.z	DT_EVTMSG1.FBC/dt_EVTMSG1.txtbin	344	utf-8	せっかく　 \nツケのことも \n忘れられるかとおもったのにー！{13}
romdata/DT/GM_DT_EVTMSG1.FBC.z	DT_EVTMSG1.FBC/dt_EVTMSG1.txtbin	345	utf-8	{ESC}GR}1~ディクト…{ESC}WT}1~ \nきみは　そういうことだから…{13}
romdata/DT/GM_DT_EVTMSG1.FBC.z	DT_EVTMSG1.FBC/dt_EVTMSG1.txtbin	346	utf-8	まあ{ESC}BL}1~あずかりじょ{ESC}WT}1~の{ESC}GR}1~ブラル{ESC}WT}1~は \nおぼえているから　もんだいは \nないでしょうがね{13}
romdata/DT/GM_DT_EVTMSG1.FBC.z	DT_EVTMSG1.FBC/dt_EVTMSG1.txtbin	347	utf-8	そんなー \nこんげつは　どうすればー{13}
romdata/DT/GM_DT_EVTMSG1.FBC.z	DT_EVTMSG1.FBC/dt_EVTMSG1.txtbin	350	utf-8	…ということなのよ \n{ESC}GR}1~ステラ{ESC}WT}1~おばさん \nわたしも　びっくりしたわ{13}
romdata/DT/GM_DT_EVTMSG1.FBC.z	DT_EVTMSG1.FBC/dt_EVTMSG1.txtbin	351	utf-8	…ふーん　じじょうは \nだいたい　わかったわよ \nでも　まだ　しんじられないねぇ{13}
romdata/DT/GM_DT_EVTMSG1.FBC.z	DT_EVTMSG1.FBC/dt_EVTMSG1.txtbin	352	utf-8	{ESC}GR}1~ス・テ・ラ{ESC}WT}1~？{13}
romdata/DT/GM_DT_EVTMSG1.FBC.z	DT_EVTMSG1.FBC/dt_EVTMSG1.txtbin	353	utf-8	おやおや \nもう　あたしの名前を \nおぼえちゃったのかい？{13}
romdata/DT/GM_DT_EVTMSG1.FBC.z	DT_EVTMSG1.FBC/dt_EVTMSG1.txtbin	354	utf-8	{ESC}GR}1~ス・テ・ラ{ESC}WT}1~！ \nきゃはは{13}
romdata/DT/GM_DT_EVTMSG1.FBC.z	DT_EVTMSG1.FBC/dt_EVTMSG1.txtbin	355	utf-8	ふふっ　{ESC}GR}1~あかんぼう{ESC}WT}1~の　 \nえがおには　弱いね{13}
romdata/DT/GM_DT_EVTMSG1.FBC.z	DT_EVTMSG1.FBC/dt_EVTMSG1.txtbin	356	utf-8	ねぇ　{ESC}GR}1~ステラ{ESC}WT}1~おばさん… \n{ESC}GR}1~ラファエロ{ESC}WT}1~と　{ESC}GR}1~チョコボ{ESC}WT}1~の力で \n{ESC}GR}1~シド{ESC}WT}1~さん　なおせないかな？{13}
romdata/DT/GM_DT_EVTMSG1.FBC.z	DT_EVTMSG1.FBC/dt_EVTMSG1.txtbin	357	utf-8	そうだね \nやってみるだけのことは \nありそうだね{13}
romdata/DT/GM_DT_EVTMSG1.FBC.z	DT_EVTMSG1.FBC/dt_EVTMSG1.txtbin	358	utf-8	だー！　だー！{13}
romdata/DT/GM_DT_EVTMSG1.FBC.z	DT_EVTMSG1.FBC/dt_EVTMSG1.txtbin	359	utf-8	ぐおっ…くそっ \n思い出せ…！ \nぐあっ　あたまが…{13}
romdata/DT/GM_DT_EVTMSG1.FBC.z	DT_EVTMSG1.FBC/dt_EVTMSG1.txtbin	360	utf-8	あっ　たいへん！ \n{ESC}GR}1~シド{ESC}WT}1~さん　ムリしちゃだめよ！{13}
romdata/DT/GM_DT_EVTMSG1.FBC.z	DT_EVTMSG1.FBC/dt_EVTMSG1.txtbin	361	utf-8	ああ　こりゃこまったね \nふたりとも！ \nどうにか　できないかい？{13}
romdata/DT/GM_DT_EVTMSG1.FBC.z	DT_EVTMSG1.FBC/dt_EVTMSG1.txtbin	362	utf-8	ふあぁ　ふあぁ{13}
romdata/DT/GM_DT_EVTMSG1.FBC.z	DT_EVTMSG1.FBC/dt_EVTMSG1.txtbin	363	utf-8	あ　また中に　はいっちゃった！ \n{ESC}GR}1~チョコボ{ESC}WT}1~！　おねがい！{13}
romdata/DT/GM_DT_EVTMSG1.FBC.z	DT_EVTMSG1.FBC/dt_EVTMSG1.txtbin	366	utf-8	ああ　そうか　思い出したぜ！{13}
romdata/DT/GM_DT_EVTMSG1.FBC.z	DT_EVTMSG1.FBC/dt_EVTMSG1.txtbin	367	utf-8	オレたちは　 \n{ESC}PP}1~大いなる力{ESC}WT}1~を　さがしに \n{ESC}BL}1~砂漠の塔{ESC}WT}1~まで　きたんだ！{13}
romdata/DT/GM_DT_EVTMSG1.FBC.z	DT_EVTMSG1.FBC/dt_EVTMSG1.txtbin	368	utf-8	キュキュキュ！{13}
romdata/DT/GM_DT_EVTMSG1.FBC.z	DT_EVTMSG1.FBC/dt_EVTMSG1.txtbin	369	utf-8	それを　{ESC}GR}1~イルマ{ESC}WT}1~と{ESC}GR}1~ヴォルグ{ESC}WT}1~に… \nなんとか　あの二人を \nさがしださないとな…{13}
romdata/DT/GM_DT_EVTMSG1.FBC.z	DT_EVTMSG1.FBC/dt_EVTMSG1.txtbin	370	utf-8	でも　思い出せて \nすっきりできたよ！{13}
romdata/DT/GM_DT_EVTMSG1.FBC.z	DT_EVTMSG1.FBC/dt_EVTMSG1.txtbin	371	utf-8	ほんとうに　よかったわ！ \n{ESC}GR}1~チョコボ{ESC}WT}1~と　{ESC}GR}1~ラファエロ{ESC}WT}1~の \nおかげね！{13}
romdata/DT/GM_DT_EVTMSG1.FBC.z	DT_EVTMSG1.FBC/dt_EVTMSG1.txtbin	372	utf-8	{ESC}GR}1~ステラ{ESC}WT}1~さん　{ESC}GR}1~シロマ{ESC}WT}1~ \nそれに　{ESC}GR}1~チョコボ{ESC}WT}1~ \nホントに　ありがとう{13}
romdata/DT/GM_DT_EVTMSG1.FBC.z	DT_EVTMSG1.FBC/dt_EVTMSG1.txtbin	373	utf-8	で　この子が \n{ESC}GR}1~ラファエロ{ESC}WT}1~か… \nありがとうな！{13}
romdata/DT/GM_DT_EVTMSG1.FBC.z	DT_EVTMSG1.FBC/dt_EVTMSG1.txtbin	374	utf-8	だだぁ{13}
romdata/DT/GM_DT_EVTMSG1.FBC.z	DT_EVTMSG1.FBC/dt_EVTMSG1.txtbin	375	utf-8	さぁ！　もうおそいし \nみんなも　つかれたろ \nゆっくり　お休みよ{13}
romdata/DT/GM_DT_EVTMSG1.FBC.z	DT_EVTMSG1.FBC/dt_EVTMSG1.txtbin	376	utf-8	キュウ！{13}
romdata/DT/GM_DT_EVTMSG1.FBC.z	DT_EVTMSG1.FBC/dt_EVTMSG1.txtbin	377	utf-8	はーい　おやすみなさい{13}
romdata/DT/GM_DT_EVTMSG1.FBC.z	DT_EVTMSG1.FBC/dt_EVTMSG1.txtbin	378	utf-8	ああ　それじゃ おやすみ{13}
romdata/DT/GM_DT_EVTMSG1.FBC.z	DT_EVTMSG1.FBC/dt_EVTMSG1.txtbin	381	utf-8	{15}CT}1~{ESC}RD}1~飛空艇{ESC}WT}1~？　 \n{15}CT}1~空を飛べるようになるの？ \n{15}CT}1~すごいなぁ…いつかボクも…{13}
romdata/DT/GM_DT_EVTMSG1.FBC.z	DT_EVTMSG1.FBC/dt_EVTMSG1.txtbin	382	utf-8	{15}CT}1~…おじいさんを　 \n{15}CT}1~さがしにいったの？ \n{15}CT}1~もう　かえってこないの？{13}
romdata/DT/GM_DT_EVTMSG1.FBC.z	DT_EVTMSG1.FBC/dt_EVTMSG1.txtbin	383	utf-8	{15}CT}1~{ESC}BL}1~砂漠の塔…{ESC}WT}1~そこに　 \n{15}CT}1~いるんだね？{13}
romdata/DT/GM_DT_EVTMSG1.FBC.z	DT_EVTMSG1.FBC/dt_EVTMSG1.txtbin	384	utf-8	{15}CT}1~飛空艇を　うごかすエネルギー \n{15}CT}1~{ESC}PP}1~大いなる力{ESC}WT}1~に　 \n{15}CT}1~ひめられたもの…か{13}
romdata/DT/GM_DT_EVTMSG1.FBC.z	DT_EVTMSG1.FBC/dt_EVTMSG1.txtbin	385	utf-8	{15}CT}1~母さん　オレも \n{15}CT}1~さがしにいくよ！　 \n{15}CT}1~じいさんのもとめた　ゆめを！{13}
romdata/DT/GM_DT_EVTMSG1.FBC.z	DT_EVTMSG1.FBC/dt_EVTMSG1.txtbin	386	utf-8	{15}CT}1~どうした… \n{15}CT}1~黄色いの… \n{15}CT}1~お前も　ひとりか？{13}
romdata/DT/GM_DT_EVTMSG1.FBC.z	DT_EVTMSG1.FBC/dt_EVTMSG1.txtbin	387	utf-8	{15}CT}1~なぁ　あいぼう \n{15}CT}1~オレたちのさがしてるもの… \n{15}CT}1~ようやく　見つかりそうだな！{13}
romdata/DT/GM_DT_EVTMSG1.FBC.z	DT_EVTMSG1.FBC/dt_EVTMSG1.txtbin	395	utf-8	あら？　{ESC}GR}1~チョコボ{ESC}WT}1~ \nこのタマゴの中に… \nまだ　なにかあるみたいよ？{13}
romdata/DT/GM_DT_EVTMSG1.FBC.z	DT_EVTMSG1.FBC/dt_EVTMSG1.txtbin	396	utf-8	その{ESC}YL}1~記憶のブローチ{ESC}WT}1~を \nつかえば \nなにかできるかも　しれないわ{13}
romdata/DT/GM_DT_EVTMSG1.FBC.z	DT_EVTMSG1.FBC/dt_EVTMSG1.txtbin	397	utf-8	{ESC}GR}1~チョコボ{ESC}WT}1~！　 \n{ESC}GR}1~あかちゃん{ESC}WT}1~を \nたすけてあげて！{13}
romdata/DT/GM_DT_EVTMSG1.FBC.z	DT_EVTMSG1.FBC/dt_EVTMSG1.txtbin	398	utf-8	{ESC}GR}1~チョコボ{ESC}WT}1~！ \nおねがい！{13}
romdata/DT/GM_DT_EVTMSG1.FBC.z	DT_EVTMSG1.FBC/dt_EVTMSG1.txtbin	399	utf-8	{ESC}GR}1~チョコボ{ESC}WT}1~！ \n{ESC}GR}1~シド{ESC}WT}1~さんをたすけてあげて！{13}
romdata/DT/GM_DT_EVTMSG1.FBC.z	DT_EVTMSG1.FBC/dt_EVTMSG1.txtbin	401	utf-8	うぉっ… \nなんだとっ…ううう{13}
romdata/DT/GM_DT_EVTMSG1.FBC.z	DT_EVTMSG1.FBC/dt_EVTMSG1.txtbin	402	utf-8	じいさん… \n…とうさん…ううう{13}
romdata/DT/GM_DT_EVTMSG1.FBC.z	DT_EVTMSG1.FBC/dt_EVTMSG1.txtbin	403	utf-8	…それはっ… \nやめろっ…　ううう{13}
romdata/DT/GM_DT_EVTMSG1.FBC.z	DT_EVTMSG1.FBC/dt_EVTMSG1.txtbin	405	utf-8	{ESC}GR}1~チョコボ{ESC}WT}1~！　あんた \n{ESC}GR}1~シロマ{ESC}WT}1~についてっておくれ{13}
romdata/DT/GM_DT_EVTMSG1.FBC.z	DT_EVTMSG1.FBC/dt_EVTMSG1.txtbin	406	utf-8	{ESC}GR}1~チョコボ{ESC}WT}1~！　おねがいするよ！ \n{ESC}GR}1~ラファエロ{ESC}WT}1~と　{ESC}GR}1~シド{ESC}WT}1~さんを \nたすけてあげとくれ{13}
romdata/DT/GM_DT_EVTMSG1.FBC.z	DT_EVTMSG1.FBC/dt_EVTMSG1.txtbin	408	utf-8	いらっしゃいませ！　私は{ESC}GR}1~メーア{ESC}WT}1~です \nよろしく　おねがいしますね \n…あ！　今日は店がお休みでした！{13}
romdata/DT/GM_DT_EVTMSG1.FBC.z	DT_EVTMSG1.FBC/dt_EVTMSG1.txtbin	410	utf-8	ううむ　ううむ \n私は　何を… \nいや　私が　だれで…{13}
romdata/DT/GM_DT_EVTMSG1.FBC.z	DT_EVTMSG1.FBC/dt_EVTMSG1.txtbin	411	utf-8	おや　{ESC}GR}1~チョコボ{ESC}WT}1~さん \nここが　{ESC}GR}1~ブラル{ESC}WT}1~の \n{ESC}BL}1~あずかりじょ{ESC}WT}1~ですよ{13}
romdata/DT/GM_DT_EVTMSG1.FBC.z	DT_EVTMSG1.FBC/dt_EVTMSG1.txtbin	412	utf-8	ああ　{ESC}GR}1~チョコボ{ESC}WT}1~さん \nあなたも　神に　いのってください \nおつげが　正しくなるように{13}
romdata/DT/GM_DT_EVTMSG1.FBC.z	DT_EVTMSG1.FBC/dt_EVTMSG1.txtbin	413	utf-8	ああ　{ESC}GR}1~チョコボ{ESC}WT}1~さん \nあなたも　神に　いのってください \n{ESC}GR}1~シド{ESC}WT}1~さんが　よくなりますように{13}
romdata/DT/GM_DT_EVTMSG1.FBC.z	DT_EVTMSG1.FBC/dt_EVTMSG1.txtbin	415	utf-8	いらっしゃい・いらっしゃい！ \nって言いたいんだが \n火がつかえなくてこまってるんだ{13}
romdata/DT/GM_DT_EVTMSG1.FBC.z	DT_EVTMSG1.FBC/dt_EVTMSG1.txtbin	416	utf-8	おいおい！ \nタマゴから　{ESC}GR}1~あかんぼう{ESC}WT}1~が \n生まれた！？　信じられねー！！{13}
romdata/DT/GM_DT_EVTMSG1.FBC.z	DT_EVTMSG1.FBC/dt_EVTMSG1.txtbin	418	utf-8	ああ　こまったねぇ \n火が　つかえないままだと \nこうも　ふべんなんだねぇ{13}
romdata/DT/GM_DT_EVTMSG1.FBC.z	DT_EVTMSG1.FBC/dt_EVTMSG1.txtbin	419	utf-8	{ESC}BL}1~時計塔広場{ESC}WT}1~で \n何かあったのかい？{13}
romdata/DT/GM_DT_EVTMSG1.FBC.z	DT_EVTMSG1.FBC/dt_EVTMSG1.txtbin	421	utf-8	ようこそ　{ESC}BL}1~薬屋{ESC}WT}1~へ！ \n火がつかえないままじゃ \n薬もつくれねーなぁ…{13}
romdata/DT/GM_DT_EVTMSG1.FBC.z	DT_EVTMSG1.FBC/dt_EVTMSG1.txtbin	422	utf-8	ん？　{ESC}BL}1~時計塔広場{ESC}WT}1~で \nなんか　あったのか？{13}
romdata/DT/GM_DT_EVTMSG1.FBC.z	DT_EVTMSG1.FBC/dt_EVTMSG1.txtbin	424	utf-8	おっと　ここから先は \nキケンだぜ！{13}
romdata/DT/GM_DT_EVTMSG1.FBC.z	DT_EVTMSG1.FBC/dt_EVTMSG1.txtbin	426	utf-8	さ　もう帰りなさい{13}
romdata/DT/GM_DT_EVTMSG1.FBC.z	DT_EVTMSG1.FBC/dt_EVTMSG1.txtbin	428	utf-8	よぉー　{ESC}GR}1~チョコボー{ESC}WT}1~ \nオレは{ESC}GR}1~ディクト{ESC}WT}1~ \nよろしくなー{13}
romdata/DT/GM_DT_EVTMSG1.FBC.z	DT_EVTMSG1.FBC/dt_EVTMSG1.txtbin	429	utf-8	ここは{ESC}BL}1~あずかりじょ{ESC}WT}1~なんだー \nここが　あかないと \nツケはらえないんだよなー{13}
romdata/DT/GM_DT_EVTMSG1.FBC.z	DT_EVTMSG1.FBC/dt_EVTMSG1.txtbin	430	utf-8	よぉー　{ESC}GR}1~チョコボー{ESC}WT}1~ \n{ESC}BL}1~あずかりじょ{ESC}WT}1~　あいちゃったよー \nツケ忘れたかったなー{13}
romdata/DT/GM_DT_EVTMSG1.FBC.z	DT_EVTMSG1.FBC/dt_EVTMSG1.txtbin	432	utf-8	ねぇ　あんた知ってるかい？ \nあたしが　この街で　いちばん \nウワサを知っている　{ESC}GR}1~ハンナ{ESC}WT}1~さ！{13}
romdata/DT/GM_DT_EVTMSG1.FBC.z	DT_EVTMSG1.FBC/dt_EVTMSG1.txtbin	433	utf-8	ねぇ　あんた知ってるかい？ \n{ESC}BL}1~時計塔広場{ESC}WT}1~に \n何か落ちてきたことをさ！{13}
romdata/DT/GM_DT_EVTMSG1.FBC.z	DT_EVTMSG1.FBC/dt_EVTMSG1.txtbin	435	utf-8	チュウ！　オイラ　{ESC}GR}1~ドルくん{ESC}WT}1~ \nとれじゃーはんたーで　チュウ！{13}
romdata/DT/GM_DT_EVTMSG1.FBC.z	DT_EVTMSG1.FBC/dt_EVTMSG1.txtbin	436	utf-8	{ESC}GR}1~チョコボ{ESC}WT}1~！　これからいろいろ \nアドバイスをしてやるでチュウ！{13}
romdata/DT/GM_DT_EVTMSG1.FBC.z	DT_EVTMSG1.FBC/dt_EVTMSG1.txtbin	437	utf-8	チュウ！　さっそく \n話しかけて　くれたでチュウね！{13}
romdata/DT/GM_DT_EVTMSG1.FBC.z	DT_EVTMSG1.FBC/dt_EVTMSG1.txtbin	438	utf-8	いろんな　人の話しをきくことが \n冒険の　キホンでチュウ！{13}
romdata/DT/GM_DT_EVTMSG1.FBC.z	DT_EVTMSG1.FBC/dt_EVTMSG1.txtbin	442	utf-8	よぉっ \nなにを　あずかろうか？{13}
romdata/DT/GM_DT_EVTMSG10.FBC.z	DT_EVTMSG10.FBC/dt_EVTMSG10.txtbin	2	utf-8	{15}CT}1~Chocobo： \n{15}CT}1~??? \n \n{15}CT}1~Cid：  \n{15}CT}1~Shinichiro Miki
romdata/DT/GM_DT_EVTMSG10.FBC.z	DT_EVTMSG10.FBC/dt_EVTMSG10.txtbin	3	utf-8	{15}CT}1~Shirma：Aya Hirano \n{15}CT}1~Croma：Akeno Watanabe \n{15}CT}1~Irma：Yu Kobayashi \n{15}CT}1~Volg：Akio Ohtsuka \n{15}CT}1~Stella：Mami Horikoshi
romdata/DT/GM_DT_EVTMSG10.FBC.z	DT_EVTMSG10.FBC/dt_EVTMSG10.txtbin	4	utf-8	{15}CT}1~Gale：Masafumi Kimura \n{15}CT}1~Freja：Rie Saito \n{15}CT}1~Mahre：Chiwa Saito \n{15}CT}1~Glenn：Kinryu Arimoto
romdata/DT/GM_DT_EVTMSG10.FBC.z	DT_EVTMSG10.FBC/dt_EVTMSG10.txtbin	6	utf-8	 \n{15}CT}1~Moogle ?：Kumiko Watanabe \n \n{15}CT}1~Raffaello：Miyuki Sawashiro
romdata/DT/GM_DT_EVTMSG10.FBC.z	DT_EVTMSG10.FBC/dt_EVTMSG10.txtbin	8	utf-8	{15}CT}1~{ESC}RD}1~Development Division{ESC}WT}1~ \n \n{15}CT}1~Director＆Main Programmer： \n{15}CT}1~Yuzaburo Maruyama
romdata/DT/GM_DT_EVTMSG10.FBC.z	DT_EVTMSG10.FBC/dt_EVTMSG10.txtbin	9	utf-8	{15}CT}1~Programmers： \n{15}CT}1~Naruhiko Oomuro \n{15}CT}1~Yukiko Tanaka \n{15}CT}1~Yusuke Takigami
romdata/DT/GM_DT_EVTMSG10.FBC.z	DT_EVTMSG10.FBC/dt_EVTMSG10.txtbin	10	utf-8	{15}CT}1~Main Planner：Takafumi Haji \n{15}CT}1~Planners： \n{15}CT}1~Masashi Konno \n{15}CT}1~Kei Kato \n{15}CT}1~Takaoki Ushijima
romdata/DT/GM_DT_EVTMSG10.FBC.z	DT_EVTMSG10.FBC/dt_EVTMSG10.txtbin	11	utf-8	{15}CT}1~Event Planners： \n{15}CT}1~Taiki Okubo \n{15}CT}1~Yusuke Kawai \n{15}CT}1~Ryo Konno \n{15}CT}1~Haruka Konno
romdata/DT/GM_DT_EVTMSG10.FBC.z	DT_EVTMSG10.FBC/dt_EVTMSG10.txtbin	12	utf-8	 \n{15}CT}1~Art Director：Naoki Kubo \n \n{15}CT}1~Main Designer：Nobuo Yamashita
romdata/DT/GM_DT_EVTMSG10.FBC.z	DT_EVTMSG10.FBC/dt_EVTMSG10.txtbin	13	utf-8	{15}CT}1~Designers： \n{15}CT}1~Ichiro Muto，Masashi Shinpo \n{15}CT}1~Tomomi Nitta，Yuki Nakagawa \n{15}CT}1~Chikae Shimoyama
romdata/DT/GM_DT_EVTMSG10.FBC.z	DT_EVTMSG10.FBC/dt_EVTMSG10.txtbin	14	utf-8	{15}CT}1~Pop-Up Duel Director：Koji Yamamoto \n{15}CT}1~Pop-Up Duel Planner：Arisa Horii \n{15}CT}1~Pop-Up Duel Programmers： \n{15}CT}1~Taku Nakayama，Katuhiko Kii
romdata/DT/GM_DT_EVTMSG10.FBC.z	DT_EVTMSG10.FBC/dt_EVTMSG10.txtbin	15	utf-8	{15}CT}1~Pop-Up Duel Designers： \n{15}CT}1~Misato Aburaya \n{15}CT}1~Emi Yoshida，Minoru Noda \n{15}CT}1~Takashi Onodera，Hitoshi Muto
romdata/DT/GM_DT_EVTMSG10.FBC.z	DT_EVTMSG10.FBC/dt_EVTMSG10.txtbin	16	utf-8	{15}CT}1~h.a.n.d Quality Assurance Team \n{15}CT}1~Hideyoshi Shimomoto，Eriko Kameya \n{15}CT}1~Aya Tsunemi，Yuske Asai
romdata/DT/GM_DT_EVTMSG10.FBC.z	DT_EVTMSG10.FBC/dt_EVTMSG10.txtbin	17	utf-8	{15}CT}1~Assistant Director：Kosaku Kawamoto \n{15}CT}1~Scenario Writer：Yutaka Nagayama \n \n{15}CT}1~Project Managers： \n{15}CT}1~Satoshi Mikami，Kaname Fujii
romdata/DT/GM_DT_EVTMSG10.FBC.z	DT_EVTMSG10.FBC/dt_EVTMSG10.txtbin	18	utf-8	{15}CT}1~Development Managers： \n{15}CT}1~Teruaki Matoba \n{15}CT}1~Toshinori Imata \n{15}CT}1~Yukihiro Akashi
romdata/DT/GM_DT_EVTMSG10.FBC.z	DT_EVTMSG10.FBC/dt_EVTMSG10.txtbin	20	utf-8	{15}CT}1~Sound Created by JoeDown studio \n{15}CT}1~Sound Producer:Makoto Igarashi \n{15}CT}1~Arranger，Manipulator，Add．Composer: \n{15}CT}1~Yuzo Takahashi \n{15}CT}1~SE Creator:Kazunori Takahara
romdata/DT/GM_DT_EVTMSG10.FBC.z	DT_EVTMSG10.FBC/dt_EVTMSG10.txtbin	21	utf-8	{15}CT}1~Main Theme：Kumi Tanioka \n{15}CT}1~Synthesizer Operator：Mitsuto Suzuki \n{15}CT}1~Movie Sound Editors： \n{15}CT}1~Jun Nakamura，Minoru Tsuchihashi \n{15}CT}1~Recording Engineer：Yuji Isogawa
romdata/DT/GM_DT_EVTMSG10.FBC.z	DT_EVTMSG10.FBC/dt_EVTMSG10.txtbin	22	utf-8	{15}CT}1~Project Coordinator： \n{15}CT}1~Masashi Kitagawa \n{15}CT}1~Project Assistants： \n{15}CT}1~Kazuki Hamamoto \n{15}CT}1~Saeko Kanazawa
romdata/DT/GM_DT_EVTMSG10.FBC.z	DT_EVTMSG10.FBC/dt_EVTMSG10.txtbin	23	utf-8	{15}CT}1~Door Crawl \n{15}CT}1~Words and Music by Ai Kawashima \n{15}CT}1~Arranged by Jun Suyama \n{15}CT}1~⑰2007 DOUBLEWING CO.LTD.
romdata/DT/GM_DT_EVTMSG10.FBC.z	DT_EVTMSG10.FBC/dt_EVTMSG10.txtbin	24	utf-8	{15}CT}1~{ESC}PP}1~Movie Division{ESC}WT}1~ \n \n{15}CT}1~Movie Director： \n{15}CT}1~Kazuyuki Ikumori \n{15}CT}1~Editor：Keiichi Kojima
romdata/DT/GM_DT_EVTMSG10.FBC.z	DT_EVTMSG10.FBC/dt_EVTMSG10.txtbin	25	utf-8	{15}CT}1~CG Engineer：Keisuke Miyazaki \n{15}CT}1~3DCG Designer：Yasuhiro Yoshizawa \n{15}CT}1~Movie Coordinators： \n{15}CT}1~Keisuke Ishikawa，Makiko Nasu
romdata/DT/GM_DT_EVTMSG10.FBC.z	DT_EVTMSG10.FBC/dt_EVTMSG10.txtbin	27	utf-8	{15}CT}1~CGCG Studio Inc． \n{15}CT}1~Lead 3DCG Designer:Yuta Homma \n{15}CT}1~3DCG Designers: \n{15}CT}1~Kenichi Toguchi，Koji Kubota \n{15}CT}1~Satoru Tomari，Shih Han Liu
romdata/DT/GM_DT_EVTMSG10.FBC.z	DT_EVTMSG10.FBC/dt_EVTMSG10.txtbin	28	utf-8	{15}CT}1~Hayato Inoue，Tetsu Nakamura \n{15}CT}1~Shou Hori，Yoshikazu Nakama \n{15}CT}1~Megumi Wakinaguni，Shinsaku Gushiken \n{15}CT}1~Tatsuki Makishi，Ryo Itokazu \n{15}CT}1~Kenichi Uejo，Yoshikazu Katsuren
romdata/DT/GM_DT_EVTMSG10.FBC.z	DT_EVTMSG10.FBC/dt_EVTMSG10.txtbin	29	utf-8	{15}CT}1~Akihiro Takemura，Shingo Goya \n{15}CT}1~Yuka Kamisakoda，Satoru Shinzato \n{15}CT}1~Nobuto Higashi，Kana Ejima \n{15}CT}1~Shinichi Tada
romdata/DT/GM_DT_EVTMSG10.FBC.z	DT_EVTMSG10.FBC/dt_EVTMSG10.txtbin	30	utf-8	{15}CT}1~Character Setup： \n{15}CT}1~Hiromichi Shimizu \n{15}CT}1~Alan Fukuhara
romdata/DT/GM_DT_EVTMSG10.FBC.z	DT_EVTMSG10.FBC/dt_EVTMSG10.txtbin	31	utf-8	{15}CT}1~Gigas.Inc. \n{15}CT}1~Producer：Koji Matsumoto \n{15}CT}1~EnumaElisch.LLP \n{15}CT}1~Storyboard Director：Tatsuya Yabuta \n{15}CT}1~Consept Artist：Ryouma Tsuchiya
romdata/DT/GM_DT_EVTMSG10.FBC.z	DT_EVTMSG10.FBC/dt_EVTMSG10.txtbin	32	utf-8	{15}CT}1~{ESC}BL}1~Recording Division{ESC}WT}1~ \n{15}CT}1~Recording Director \n{15}CT}1~Midori Shimazawa \n{15}CT}1~Audio Production Supervisors: \n{15}CT}1~Midori Shimazawa，Ayumi Higuchi
romdata/DT/GM_DT_EVTMSG10.FBC.z	DT_EVTMSG10.FBC/dt_EVTMSG10.txtbin	33	utf-8	{15}CT}1~{ESC}YL}1~Quality Management Division{ESC}WT}1~ \n{15}CT}1~QA Coordinator： \n{15}CT}1~Kiminori Oya \n{15}CT}1~QA Assistant Coordinator： \n{15}CT}1~Kentaro Hayashi
romdata/DT/GM_DT_EVTMSG10.FBC.z	DT_EVTMSG10.FBC/dt_EVTMSG10.txtbin	34	utf-8	{15}CT}1~QA Technical Engineers： \n{15}CT}1~Kazuya Okamoto，Toshimitsu Umezawa \n{15}CT}1~Toyokazu Takehara，Tomohito Kohno \n{15}CT}1~QA Technical Assistant： \n{15}CT}1~Tadahiro Kaneko
romdata/DT/GM_DT_EVTMSG10.FBC.z	DT_EVTMSG10.FBC/dt_EVTMSG10.txtbin	35	utf-8	{15}CT}1~QA Senior Testers： \n{15}CT}1~Takuma Tadokoro，Taku Kato \n{15}CT}1~Minako Ikeda \n{15}CT}1~QA Testers： \n{15}CT}1~Yuki Mizuno，Yumie Kawamura
romdata/DT/GM_DT_EVTMSG10.FBC.z	DT_EVTMSG10.FBC/dt_EVTMSG10.txtbin	36	utf-8	{15}CT}1~Asuka Urakawa，Takaaki Hagiwara \n{15}CT}1~Ringo Wachi，Shinya Okamoto \n{15}CT}1~Yuki Kobayashi，Yuta Nishimura \n{15}CT}1~Tadanori Inazawa，Kotomi An \n{15}CT}1~Takayuki Ishii，Yoshiko Takahashi
romdata/DT/GM_DT_EVTMSG10.FBC.z	DT_EVTMSG10.FBC/dt_EVTMSG10.txtbin	37	utf-8	{15}CT}1~Taiki Tokumura，Hiroyuki Suzuki \n{15}CT}1~Kazuaki Kuroki，Akio Morita \n{15}CT}1~Shunsuke Akimoto，Shou Harasawa \n{15}CT}1~Satoshi Miura，Kimitoshi Terasaki \n{15}CT}1~Yuji Kawaguchi，Yoshihiro Fukuda
romdata/DT/GM_DT_EVTMSG10.FBC.z	DT_EVTMSG10.FBC/dt_EVTMSG10.txtbin	38	utf-8	{15}CT}1~Kei Saotome，Akihiro Sagawa \n{15}CT}1~Jin Hattori，Tomohito Inoue \n{15}CT}1~Kakeru Nakazato，Masahiro Kudo \n{15}CT}1~Chikako Ito，Toru Yagi \n{15}CT}1~Kenrou Hayashi，Tomoe Yamagishi
romdata/DT/GM_DT_EVTMSG10.FBC.z	DT_EVTMSG10.FBC/dt_EVTMSG10.txtbin	39	utf-8	{15}CT}1~Youhei Tamura，Takeru Chiba \n{15}CT}1~Masanori Abe，Aoi Abe \n{15}CT}1~Hiroe Murayama，Kouji Kotani \n{15}CT}1~...and All QA Staff
romdata/DT/GM_DT_EVTMSG10.FBC.z	DT_EVTMSG10.FBC/dt_EVTMSG10.txtbin	40	utf-8	{15}CT}1~Chief Coordinator：Yuchi Kikumoto \n{15}CT}1~Manager：Hideyuki Kato \n{15}CT}1~Senior Manager：Yukihiro Shibuya \n{15}CT}1~General Manager：Koji Yamashita
romdata/DT/GM_DT_EVTMSG10.FBC.z	DT_EVTMSG10.FBC/dt_EVTMSG10.txtbin	41	utf-8	{15}CT}1~{ESC}PK}1~Community & Service Division{ESC}WT}1~ \n{15}CT}1~Manager：Toshio Murouchi \n{15}CT}1~Customer Service Manager： \n{15}CT}1~Shosaku Takabayashi \n{15}CT}1~Information Center Manager： \n{15}CT}1~Ryuji Kudo
romdata/DT/GM_DT_EVTMSG10.FBC.z	DT_EVTMSG10.FBC/dt_EVTMSG10.txtbin	42	utf-8	{15}CT}1~Back-End Support Staff： \n{15}CT}1~Kazuhito Tabuchi \n{15}CT}1~Takeshi Kato，Tatsuhiko Nozaki \n{15}CT}1~Hiromi Suda，Natsuyo Takada \n{15}CT}1~…and All Support Staff
romdata/DT/GM_DT_EVTMSG10.FBC.z	DT_EVTMSG10.FBC/dt_EVTMSG10.txtbin	43	utf-8	{15}CT}1~Network Operation Center Staff： \n{15}CT}1~Satoshi Yasukawa \n{15}CT}1~Jun Ito \n{15}CT}1~Isao Kajiwara \n{15}CT}1~Sae Noguchi
romdata/DT/GM_DT_EVTMSG10.FBC.z	DT_EVTMSG10.FBC/dt_EVTMSG10.txtbin	44	utf-8	{15}CT}1~{ESC}BW}1~Ratings Section{ESC}WT}1~ \n \n{15}CT}1~Ratings Advisors： \n{15}CT}1~Miri Ito，Reiko Kondo \n{15}CT}1~Ratings Section Manager： \n{15}CT}1~Masashi Hiramatsu
romdata/DT/GM_DT_EVTMSG10.FBC.z	DT_EVTMSG10.FBC/dt_EVTMSG10.txtbin	45	utf-8	{15}CT}1~{ESC}BL}1~Sales & Marketing Division{ESC}WT}1~ \n \n{15}CT}1~Corporate Executive： \n{15}CT}1~Shinji Hashimoto
romdata/DT/GM_DT_EVTMSG10.FBC.z	DT_EVTMSG10.FBC/dt_EVTMSG10.txtbin	46	utf-8	{15}CT}1~General Manager： \n{15}CT}1~Tomoyoshi Oosaki \n{15}CT}1~Senior Manager： \n{15}CT}1~Satoshi Kashiwazaki
romdata/DT/GM_DT_EVTMSG10.FBC.z	DT_EVTMSG10.FBC/dt_EVTMSG10.txtbin	47	utf-8	{15}CT}1~Managers： \n{15}CT}1~Tsutomu Yamada \n{15}CT}1~Koji Takada \n{15}CT}1~Makoto Tsuda
romdata/DT/GM_DT_EVTMSG10.FBC.z	DT_EVTMSG10.FBC/dt_EVTMSG10.txtbin	48	utf-8	{15}CT}1~Staff： \n{15}CT}1~Aki Yamamoto，Atsuo Takahashi  \n{15}CT}1~Hiroshi Oogane，Kazuo Kusakawa \n{15}CT}1~Keisuke Takahashi，Koji Shirasugi \n{15}CT}1~Kyoko Setani，Masahiro Matsumoto
romdata/DT/GM_DT_EVTMSG10.FBC.z	DT_EVTMSG10.FBC/dt_EVTMSG10.txtbin	49	utf-8	{15}CT}1~Masaki Yano，Minoru Kikuchi \n{15}CT}1~Ryoma Tajima，Saori Habara \n{15}CT}1~Shinya Nakamura，Shunichi　Hashimoto  \n{15}CT}1~Tatsuhiko Tsubota，Tomomi Iwakura \n{15}CT}1~Toshihide Nomura，Toshio　Harada 
romdata/DT/GM_DT_EVTMSG10.FBC.z	DT_EVTMSG10.FBC/dt_EVTMSG10.txtbin	50	utf-8	{15}CT}1~Yoshiyuki Takahashi，Yuken Furo \n{15}CT}1~Nami　Ikeda，Yoshiki　Yamada \n{15}CT}1~Ayumi　Takano，Haruko Matsumoto
romdata/DT/GM_DT_EVTMSG10.FBC.z	DT_EVTMSG10.FBC/dt_EVTMSG10.txtbin	51	utf-8	{15}CT}1~Minori　Miura，Hitomi Matsuki \n{15}CT}1~Mieko Ohta，Tomoko　Kasahara \n{15}CT}1~Tomomi Tsuchide，Kayo　Umekita \n{15}CT}1~Tatsuhiro　Nagano，Bae Jaewon \n{15}CT}1~Kaori Matsumura，Yuko　Oyanagi
romdata/DT/GM_DT_EVTMSG10.FBC.z	DT_EVTMSG10.FBC/dt_EVTMSG10.txtbin	52	utf-8	{15}CT}1~Makito　Katsube，Kazuki Ohara \n{15}CT}1~Maki Sato，Masami Tabo \n{15}CT}1~Toshiyuki Kato，Akane Ikeya \n
romdata/DT/GM_DT_EVTMSG10.FBC.z	DT_EVTMSG10.FBC/dt_EVTMSG10.txtbin	53	utf-8	{15}CT}1~{ESC}PP}1~Publicity Division{ESC}WT}1~ \n \n{15}CT}1~Corporate Executive： \n{15}CT}1~Koji Taguchi
romdata/DT/GM_DT_EVTMSG10.FBC.z	DT_EVTMSG10.FBC/dt_EVTMSG10.txtbin	54	utf-8	{15}CT}1~Senior Publicity Producer： \n{15}CT}1~Ryutaro Sasaki \n \n{15}CT}1~Publicity Producer： \n{15}CT}1~Akiko Wada
romdata/DT/GM_DT_EVTMSG10.FBC.z	DT_EVTMSG10.FBC/dt_EVTMSG10.txtbin	55	utf-8	{15}CT}1~Publicity Assistants： \n{15}CT}1~Takanori Kimura，Hiroyuki Toyama \n{15}CT}1~Art Work Coordinators： \n{15}CT}1~Naoki Ooishi，Takashi Kamimura
romdata/DT/GM_DT_EVTMSG10.FBC.z	DT_EVTMSG10.FBC/dt_EVTMSG10.txtbin	56	utf-8	{15}CT}1~Web Coordinator：Chiaki Yamauchi \n{15}CT}1~Overseas Coordinators： \n{15}CT}1~Ayako Kawamoto，Emiko Sato \n{15}CT}1~Publicity Staff：Toshiyuki Inoue \n{15}CT}1~Kumiko Ishida，Yuko Kono
romdata/DT/GM_DT_EVTMSG10.FBC.z	DT_EVTMSG10.FBC/dt_EVTMSG10.txtbin	57	utf-8	{15}CT}1~{ESC}YL}1~Special Thanks：{ESC}WT}1~ \n \n{15}CT}1~Senior Chocobo Wrangler： \n{15}CT}1~Koichi Ishii
romdata/DT/GM_DT_EVTMSG10.FBC.z	DT_EVTMSG10.FBC/dt_EVTMSG10.txtbin	59	utf-8	{15}CT}1~Eri Morimoto，Chikako Fujimoto \n{15}CT}1~Rie Saito，Kazuma Ito \n{15}CT}1~Soushi Yoshida，Yasuhiro Takamatsu \n{15}CT}1~Yasuhisa Izumisawa
romdata/DT/GM_DT_EVTMSG10.FBC.z	DT_EVTMSG10.FBC/dt_EVTMSG10.txtbin	61	utf-8	{15}CT}1~Yuji Yano \n{15}CT}1~Takashi Azuma，Shota Nakano \n{15}CT}1~Masami Ichihara，Mikiko Kawauchi \n{15}CT}1~Ayaka Sugawara，Hiroki Ozawa 
romdata/DT/GM_DT_EVTMSG10.FBC.z	DT_EVTMSG10.FBC/dt_EVTMSG10.txtbin	62	utf-8	{15}CT}1~Character Design： \n \n{15}CT}1~Toshiyuki Itahana
romdata/DT/GM_DT_EVTMSG10.FBC.z	DT_EVTMSG10.FBC/dt_EVTMSG10.txtbin	63	utf-8	{15}CT}1~{ESC}RD}1~Producer：{ESC}WT}1~ \n{15}CT}1~Yuki Yokoyama \n \n{15}CT}1~Assistant Producer： \n{15}CT}1~Shinichi Tatsuke
romdata/DT/GM_DT_EVTMSG10.FBC.z	DT_EVTMSG10.FBC/dt_EVTMSG10.txtbin	64	utf-8	{15}CT}1~Executive Producers： \n{15}CT}1~Shinji Hashimoto \n \n{15}CT}1~Yosuke Saito
romdata/DT/GM_DT_EVTMSG10.FBC.z	DT_EVTMSG10.FBC/dt_EVTMSG10.txtbin	65	utf-8	{15}CT}1~Publishers： \n{15}CT}1~Yoichi Wada \n \n{15}CT}1~Keiji Honda
romdata/DT/GM_DT_EVTMSG10.FBC.z	DT_EVTMSG10.FBC/dt_EVTMSG10.txtbin	68	utf-8	ダミー
romdata/DT/GM_DT_EVTMSG10.FBC.z	DT_EVTMSG10.FBC/dt_EVTMSG10.txtbin	69	utf-8	ダミー
romdata/DT/GM_DT_EVTMSG10.FBC.z	DT_EVTMSG10.FBC/dt_EVTMSG10.txtbin	70	utf-8	ダミー
romdata/DT/GM_DT_EVTMSG10.FBC.z	DT_EVTMSG10.FBC/dt_EVTMSG10.txtbin	71	utf-8	ダミー
romdata/DT/GM_DT_EVTMSG10.FBC.z	DT_EVTMSG10.FBC/dt_EVTMSG10.txtbin	72	utf-8	ダミー
romdata/DT/GM_DT_EVTMSG10.FBC.z	DT_EVTMSG10.FBC/dt_EVTMSG10.txtbin	73	utf-8	ダミー
romdata/DT/GM_DT_EVTMSG10.FBC.z	DT_EVTMSG10.FBC/dt_EVTMSG10.txtbin	74	utf-8	ダミー
romdata/DT/GM_DT_EVTMSG10.FBC.z	DT_EVTMSG10.FBC/dt_EVTMSG10.txtbin	75	utf-8	ダミー
romdata/DT/GM_DT_EVTMSG10.FBC.z	DT_EVTMSG10.FBC/dt_EVTMSG10.txtbin	76	utf-8	ダミー
romdata/DT/GM_DT_EVTMSG10.FBC.z	DT_EVTMSG10.FBC/dt_EVTMSG10.txtbin	77	utf-8	ダミー
romdata/DT/GM_DT_EVTMSG10.FBC.z	DT_EVTMSG10.FBC/dt_EVTMSG10.txtbin	78	utf-8	ダミー
romdata/DT/GM_DT_EVTMSG10.FBC.z	DT_EVTMSG10.FBC/dt_EVTMSG10.txtbin	79	utf-8	ダミー
romdata/DT/GM_DT_EVTMSG10.FBC.z	DT_EVTMSG10.FBC/dt_EVTMSG10.txtbin	81	utf-8	 \n \n{15}CT}1~きゃすと
romdata/DT/GM_DT_EVTMSG10.FBC.z	DT_EVTMSG10.FBC/dt_EVTMSG10.txtbin	82	utf-8	 \n{15}CT}1~みき　しんいちろう \n{15}CT}1~AS \n{15}CT}1~しど
romdata/DT/GM_DT_EVTMSG10.FBC.z	DT_EVTMSG10.FBC/dt_EVTMSG10.txtbin	83	utf-8	{15}CT}1~あるふぁにーよん（おめが）： \n{15}CT}1~さいとう　ちわ \n \n{15}CT}1~ものりす・ぐれん（おめが）： \n{15}CT}1~ありもと　きんりゅう\n
romdata/DT/GM_DT_EVTMSG10.FBC.z	DT_EVTMSG10.FBC/dt_EVTMSG10.txtbin	84	utf-8	 \n{15}CT}1~は・ん・ど \n \n{15}CT}1~げーむ　せいさく　すたっふ：\n
romdata/DT/GM_DT_EVTMSG10.FBC.z	DT_EVTMSG10.FBC/dt_EVTMSG10.txtbin	85	utf-8	 \n{15}CT}1~あるときはディレクター{ESC}BL}1~Ⅰ \n{15}CT}1~{ESC}WT}1~またあるときはプログラマー{ESC}YL}1~Ⅱ \n{15}CT}1~{ESC}RD}1~まるやま　ゆうざぶろう{ESC}WT}1~
romdata/DT/GM_DT_EVTMSG10.FBC.z	DT_EVTMSG10.FBC/dt_EVTMSG10.txtbin	86	utf-8	 \n{15}CT}1~いんたーふぇーすこーだー: \n{15}CT}1~おおむろ　なるひこ\n
romdata/DT/GM_DT_EVTMSG10.FBC.z	DT_EVTMSG10.FBC/dt_EVTMSG10.txtbin	87	utf-8	 \n{15}CT}1~アルティマニア： \n{15}CT}1~たなか　ゆきこ\n
romdata/DT/GM_DT_EVTMSG10.FBC.z	DT_EVTMSG10.FBC/dt_EVTMSG10.txtbin	88	utf-8	 \n{15}CT}1~オメガの中の人： \n{15}CT}1~たきがみ　ゆうすけ
romdata/DT/GM_DT_EVTMSG10.FBC.z	DT_EVTMSG10.FBC/dt_EVTMSG10.txtbin	89	utf-8	{15}CT}1~{ESC}GR}1~こ{ESC}WT}1~えのえんしゅつ・めえる \n{15}CT}1~しんこ{ESC}GR}1~う{ESC}WT}1~・きゃくしょく \n{15}CT}1~てきすと・{ESC}GR}1~さ{ESC}WT}1~くが \n{15}CT}1~えいようどりん{ESC}GR}1~く{ESC}WT}1~とかのかんり： \n{15}CT}1~{ESC}GR}1~かわもと
romdata/DT/GM_DT_EVTMSG10.FBC.z	DT_EVTMSG10.FBC/dt_EVTMSG10.txtbin	90	utf-8	{15}CT}1~①{ESC}YL}1~めいんぷらんなぁ{ESC}WT}1~④ \n{15}CT}1~⑬{ESC}YL}1~さぶでぃれくたぁ{ESC}WT}1~⑬ \n{15}CT}1~Ф{ESC}PP}1~だんじょんぜんぶ{ESC}WT}1~Ф \n \n{15}CT}1~⑪{ESC}RD}1~はじ　たかふみ{ESC}WT}1~⑪
romdata/DT/GM_DT_EVTMSG10.FBC.z	DT_EVTMSG10.FBC/dt_EVTMSG10.txtbin	91	utf-8	{15}CT}1~ワザのいちごうぷらんなー： \n{15}CT}1~こんの　まさし \n \n{15}CT}1~イルマにメガネを　かけさせたい \n{15}CT}1~⑳{ESC}BW}1~UIプランナー{ESC}WT}1~：かとう　けい{ESC}PK}1~Ⅰ{ESC}WT}1~
romdata/DT/GM_DT_EVTMSG10.FBC.z	DT_EVTMSG10.FBC/dt_EVTMSG10.txtbin	92	utf-8	{15}CT}1~まじょ？ \n{15}CT}1~しょうじょ？ \n{15}CT}1~ごにんのゆうしゃ？ \n{15}CT}1~シナリオ：ながやまゆたか\n
romdata/DT/GM_DT_EVTMSG10.FBC.z	DT_EVTMSG10.FBC/dt_EVTMSG10.txtbin	93	utf-8	{15}CT}1~イベントヒーローＸ：おおくぼ　たいき \n \n{15}CT}1~ウラカン・プランナー：かわい　ゆうすけ \n \n{15}CT}1~{ESC}PP}1~アレなプランナー{ESC}WT}1~：うしじま　たかおき
romdata/DT/GM_DT_EVTMSG10.FBC.z	DT_EVTMSG10.FBC/dt_EVTMSG10.txtbin	94	utf-8	{15}CT}1~チカラのにごうぷらんなー： \n{15}CT}1~こんの　はるか \n \n{15}CT}1~ワザとチカラのぷらんなー： \n{15}CT}1~こんの　りょう\n
romdata/DT/GM_DT_EVTMSG10.FBC.z	DT_EVTMSG10.FBC/dt_EVTMSG10.txtbin	95	utf-8	 \n \n{15}CT}1~おえかきだいすき：くぼ　なおき
romdata/DT/GM_DT_EVTMSG10.FBC.z	DT_EVTMSG10.FBC/dt_EVTMSG10.txtbin	96	utf-8	 \n{15}CT}1~カッコイイものにはめがない \n{15}CT}1~見ためのまとめやく： \n{15}CT}1~やました　のぶお\n
romdata/DT/GM_DT_EVTMSG10.FBC.z	DT_EVTMSG10.FBC/dt_EVTMSG10.txtbin	97	utf-8	{15}CT}1~⑳{ESC}BW}1~UIデザイナー{ESC}WT}1~： \n{15}CT}1~むとう　いちろう{ESC}YL}1~┯┨{ESC}WT}1~ \n \n{15}CT}1~ダンジョン・エフェクト・☆{ESC}PK}1~もうそう{ESC}WT}1~☆ \n{15}CT}1~デザイナー：しんぽ　まさし
romdata/DT/GM_DT_EVTMSG10.FBC.z	DT_EVTMSG10.FBC/dt_EVTMSG10.txtbin	98	utf-8	{15}CT}1~ちきんはーとデザイナー：にった　ともみ \n　 \n{15}CT}1~モンスターずき：なかがわ　ゆうき　 \n \n{15}CT}1~ローポリだいすき：　しもやま　ちかえ
romdata/DT/GM_DT_EVTMSG10.FBC.z	DT_EVTMSG10.FBC/dt_EVTMSG10.txtbin	99	utf-8	{15}CT}1~ダメだしだいすき　でばっぐちーむ： \n{15}CT}1~しももと　ひでよし \n{15}CT}1~かめや　えりこ \n{15}CT}1~つねみ　あや
romdata/DT/GM_DT_EVTMSG10.FBC.z	DT_EVTMSG10.FBC/dt_EVTMSG10.txtbin	100	utf-8	{15}CT}1~まねーじゃー： \n{15}CT}1~みかみ　さとし \n \n{15}CT}1~さぶまねーじゃー： \n{15}CT}1~ふじい　かなめ\n
romdata/DT/GM_DT_EVTMSG10.FBC.z	DT_EVTMSG10.FBC/dt_EVTMSG10.txtbin	101	utf-8	{15}CT}1~でべろっぷめんと　まねーじゃーず： \n{15}CT}1~まとば　てるあき \n{15}CT}1~いまた　としのり \n{15}CT}1~あかし　ゆきひろ\n
romdata/DT/GM_DT_EVTMSG10.FBC.z	DT_EVTMSG10.FBC/dt_EVTMSG10.txtbin	102	utf-8	{15}CT}1~おんがく　せいさく： \n{15}CT}1~じょーだうん　すたじお \n \n{15}CT}1~おんがくまねーじゃー： \n{15}CT}1~いがらし　まこと
romdata/DT/GM_DT_EVTMSG10.FBC.z	DT_EVTMSG10.FBC/dt_EVTMSG10.txtbin	103	utf-8	{15}CT}1~あれんじ， \n{15}CT}1~まにぴゅれーたー， \n{15}CT}1~あでぃしょなるこんぽーざー： \n{15}CT}1~たかはし　ゆうぞう \n{15}CT}1~さうんどえふぇくと：たかはら　かずのり\n
romdata/DT/GM_DT_EVTMSG10.FBC.z	DT_EVTMSG10.FBC/dt_EVTMSG10.txtbin	104	utf-8	 \n \n{15}CT}1~すくうぇあ・えにっくす・すたっふ
romdata/DT/GM_DT_EVTMSG10.FBC.z	DT_EVTMSG10.FBC/dt_EVTMSG10.txtbin	105	utf-8	{15}CT}1~おさいふわすれて　かいてんずし \n \n{15}CT}1~きゃらくたーでざいん： \n{15}CT}1~いたはな　としゆき\n
romdata/DT/GM_DT_EVTMSG10.FBC.z	DT_EVTMSG10.FBC/dt_EVTMSG10.txtbin	106	utf-8	{15}CT}1~おきらくごくらくのんだくれ \n \n{15}CT}1~めいんてーま　さっきょく： \n{15}CT}1~たにおか　くみ
romdata/DT/GM_DT_EVTMSG10.FBC.z	DT_EVTMSG10.FBC/dt_EVTMSG10.txtbin	107	utf-8	{15}CT}1~だめにんげんだけどいいやつ \n \n{15}CT}1~むーびーでぃれくしょん： \n{15}CT}1~いくもり　かずゆき
romdata/DT/GM_DT_EVTMSG10.FBC.z	DT_EVTMSG10.FBC/dt_EVTMSG10.txtbin	108	utf-8	{15}CT}1~ダークのひげ　いのちのサケ　そうびちゅう \n{15}CT}1~ひんしつかんりぶ：おおや　きみのり \n \n{15}CT}1~とりにくだいすき　おおぐいヒーローX \n{15}CT}1~でばっぐかんり：はやし　けんたろう\n
romdata/DT/GM_DT_EVTMSG10.FBC.z	DT_EVTMSG10.FBC/dt_EVTMSG10.txtbin	109	utf-8	{15}CT}1~はやすぎたはかいしん \n \n{15}CT}1~せんでんしにあぷろでゅーさー： \n{15}CT}1~ささき　りゅうたろう
romdata/DT/GM_DT_EVTMSG10.FBC.z	DT_EVTMSG10.FBC/dt_EVTMSG10.txtbin	110	utf-8	{15}CT}1~えぐぜくてぃぶひらしゃいん \n \n{15}CT}1~せんでんぷろでゅーさー： \n{15}CT}1~わだ　あきこ\n
romdata/DT/GM_DT_EVTMSG10.FBC.z	DT_EVTMSG10.FBC/dt_EVTMSG10.txtbin	111	utf-8	{15}CT}1~なぞのしゃいん \n{15}CT}1~せんでんすたっふ：きむら　たかのり \n \n{15}CT}1~あいらいくすし \n{15}CT}1~せんでんすたっふ：とやま　ひろゆき\n
romdata/DT/GM_DT_EVTMSG10.FBC.z	DT_EVTMSG10.FBC/dt_EVTMSG10.txtbin	112	utf-8	{15}CT}1~おくれてきたきゅうせいしゅ \n \n{15}CT}1~あしすたんと　ぷろでゅーさー： \n{15}CT}1~たつけ　しんいち
romdata/DT/GM_DT_EVTMSG10.FBC.z	DT_EVTMSG10.FBC/dt_EVTMSG10.txtbin	113	utf-8	{15}CT}1~らいねんこそ　なつやすみがあるといいな \n \n{15}CT}1~ぷろでゅーさー： \n{15}CT}1~{ESC}RD}1~よ{ESC}BW}1~こ{ESC}YL}1~や{ESC}GR}1~ま　{ESC}BL}1~ゆ{ESC}PP}1~う{ESC}PK}1~き\n
romdata/DT/GM_DT_EVTMSG10.FBC.z	DT_EVTMSG10.FBC/dt_EVTMSG10.txtbin	114	utf-8	{15}CT}1~かなりえらいひと \n \n{15}CT}1~えぐぜくてぃぶ　ぷろでゅーさーず： \n{15}CT}1~はしもと　しんじ \n{15}CT}1~さいとう　ようすけ
romdata/DT/GM_DT_EVTMSG10.FBC.z	DT_EVTMSG10.FBC/dt_EVTMSG10.txtbin	115	utf-8	{15}CT}1~とってもえらいひと \n \n{15}CT}1~ぱぶりっしゃー： \n{15}CT}1~わだ　よういち \n{15}CT}1~ほんだ　けいじ\n
romdata/DT/GM_DT_EVTMSG10.FBC.z	DT_EVTMSG10.FBC/dt_EVTMSG10.txtbin	116	utf-8	 \n{15}CT}1~いちばんえらいひと： \n \n{15}CT}1~さいごまであそんでくれた　{ESC}GR}1~あなた{ESC}WT}1~
romdata/DT/GM_DT_EVTMSG10.FBC.z	DT_EVTMSG10.FBC/dt_EVTMSG10.txtbin	117	utf-8	{15}CT}1~SQUARE ENIX \n{15}CT}1~2008 \n \n{15}CT}1~シドとチョコボの不思議なダンジョン \n{15}CT}1~時忘れの迷宮　ＤＳ+
romdata/DT/GM_DT_EVTMSG10.FBC.z	DT_EVTMSG10.FBC/dt_EVTMSG10.txtbin	118	utf-8	{15}CT}1~{ESC}GR}1~シド{ESC}WT}1~は　{ESC}YL}1~オメガの勲章{ESC}WT}1~を \n{15}CT}1~手に入れた！ \n \n \n{15}CT}1~しかし…
romdata/DT/GM_DT_EVTMSG10.FBC.z	DT_EVTMSG10.FBC/dt_EVTMSG10.txtbin	119	utf-8	 \n{15}CT}1~その後の{ESC}GR}1~シド{ESC}WT}1~の行方は \n \n{15}CT}1~だれも　しらない 　{ESC}YL}1~⑪{ESC}WT}1~{13}
romdata/DT/GM_DT_EVTMSG10.FBC.z	DT_EVTMSG10.FBC/dt_EVTMSG10.txtbin	120	utf-8	{15}CT}1~自動セーブ　しています \n \n{15}CT}1~電源をOFFにしたり \n{15}CT}1~DSカードをぬかないでください
romdata/DT/GM_DT_EVTMSG10.FBC.z	DT_EVTMSG10.FBC/dt_EVTMSG10.txtbin	121	utf-8	{15}CT}1~{ESC}PK}1~おつかれさまでした{ESC}WT}1~！ \n \n \n{15}CT}1~電源を　ＯＦＦにしてください
romdata/DT/GM_DT_EVTMSG10.FBC.z	DT_EVTMSG10.FBC/dt_EVTMSG10.txtbin	122	utf-8	ダミー
romdata/DT/GM_DT_EVTMSG10.FBC.z	DT_EVTMSG10.FBC/dt_EVTMSG10.txtbin	123	utf-8	ダミー
romdata/DT/GM_DT_EVTMSG10.FBC.z	DT_EVTMSG10.FBC/dt_EVTMSG10.txtbin	124	utf-8	ダミー
romdata/DT/GM_DT_EVTMSG10.FBC.z	DT_EVTMSG10.FBC/dt_EVTMSG10.txtbin	125	utf-8	ダミー
romdata/DT/GM_DT_EVTMSG10.FBC.z	DT_EVTMSG10.FBC/dt_EVTMSG10.txtbin	126	utf-8	ダミー
romdata/DT/GM_DT_EVTMSG10.FBC.z	DT_EVTMSG10.FBC/dt_EVTMSG10.txtbin	127	utf-8	ダミー
romdata/DT/GM_DT_EVTMSG10.FBC.z	DT_EVTMSG10.FBC/dt_EVTMSG10.txtbin	128	utf-8	ダミー
romdata/DT/GM_DT_EVTMSG10.FBC.z	DT_EVTMSG10.FBC/dt_EVTMSG10.txtbin	129	utf-8	ダミー
romdata/DT/GM_DT_EVTMSG10.FBC.z	DT_EVTMSG10.FBC/dt_EVTMSG10.txtbin	130	utf-8	ダミー
romdata/DT/GM_DT_EVTMSG10.FBC.z	DT_EVTMSG10.FBC/dt_EVTMSG10.txtbin	131	utf-8	ダミー
romdata/DT/GM_DT_EVTMSG10.FBC.z	DT_EVTMSG10.FBC/dt_EVTMSG10.txtbin	132	utf-8	ダミー
romdata/DT/GM_DT_EVTMSG10.FBC.z	DT_EVTMSG10.FBC/dt_EVTMSG10.txtbin	133	utf-8	ダミー
romdata/DT/GM_DT_EVTMSG10.FBC.z	DT_EVTMSG10.FBC/dt_EVTMSG10.txtbin	134	utf-8	ダミー
romdata/DT/GM_DT_EVTMSG10.FBC.z	DT_EVTMSG10.FBC/dt_EVTMSG10.txtbin	135	utf-8	ダミー
romdata/DT/GM_DT_EVTMSG10.FBC.z	DT_EVTMSG10.FBC/dt_EVTMSG10.txtbin	136	utf-8	ダミー
romdata/DT/GM_DT_EVTMSG10.FBC.z	DT_EVTMSG10.FBC/dt_EVTMSG10.txtbin	137	utf-8	ダミー
romdata/DT/GM_DT_EVTMSG10.FBC.z	DT_EVTMSG10.FBC/dt_EVTMSG10.txtbin	138	utf-8	ダミー
romdata/DT/GM_DT_EVTMSG10.FBC.z	DT_EVTMSG10.FBC/dt_EVTMSG10.txtbin	139	utf-8	ダミー
romdata/DT/GM_DT_EVTMSG10.FBC.z	DT_EVTMSG10.FBC/dt_EVTMSG10.txtbin	140	utf-8	ダミー
romdata/DT/GM_DT_EVTMSG10.FBC.z	DT_EVTMSG10.FBC/dt_EVTMSG10.txtbin	141	utf-8	ダミー
romdata/DT/GM_DT_EVTMSG10.FBC.z	DT_EVTMSG10.FBC/dt_EVTMSG10.txtbin	142	utf-8	ダミー
romdata/DT/GM_DT_EVTMSG10.FBC.z	DT_EVTMSG10.FBC/dt_EVTMSG10.txtbin	143	utf-8	ダミー
romdata/DT/GM_DT_EVTMSG10.FBC.z	DT_EVTMSG10.FBC/dt_EVTMSG10.txtbin	144	utf-8	ダミー
romdata/DT/GM_DT_EVTMSG10.FBC.z	DT_EVTMSG10.FBC/dt_EVTMSG10.txtbin	145	utf-8	ダミー
romdata/DT/GM_DT_EVTMSG10.FBC.z	DT_EVTMSG10.FBC/dt_EVTMSG10.txtbin	146	utf-8	ダミー
romdata/DT/GM_DT_EVTMSG10.FBC.z	DT_EVTMSG10.FBC/dt_EVTMSG10.txtbin	147	utf-8	ダミー
romdata/DT/GM_DT_EVTMSG10.FBC.z	DT_EVTMSG10.FBC/dt_EVTMSG10.txtbin	148	utf-8	ダミー
romdata/DT/GM_DT_EVTMSG10.FBC.z	DT_EVTMSG10.FBC/dt_EVTMSG10.txtbin	149	utf-8	ダミー
romdata/DT/GM_DT_EVTMSG10.FBC.z	DT_EVTMSG10.FBC/dt_EVTMSG10.txtbin	150	utf-8	ダミー
romdata/DT/GM_DT_EVTMSG10.FBC.z	DT_EVTMSG10.FBC/dt_EVTMSG10.txtbin	151	utf-8	ダミー
romdata/DT/GM_DT_EVTMSG10.FBC.z	DT_EVTMSG10.FBC/dt_EVTMSG10.txtbin	152	utf-8	ダミー
romdata/DT/GM_DT_EVTMSG10.FBC.z	DT_EVTMSG10.FBC/dt_EVTMSG10.txtbin	153	utf-8	ダミー
romdata/DT/GM_DT_EVTMSG10.FBC.z	DT_EVTMSG10.FBC/dt_EVTMSG10.txtbin	154	utf-8	ダミー
romdata/DT/GM_DT_EVTMSG10.FBC.z	DT_EVTMSG10.FBC/dt_EVTMSG10.txtbin	155	utf-8	ダミー
romdata/DT/GM_DT_EVTMSG10.FBC.z	DT_EVTMSG10.FBC/dt_EVTMSG10.txtbin	156	utf-8	ダミー
romdata/DT/GM_DT_EVTMSG10.FBC.z	DT_EVTMSG10.FBC/dt_EVTMSG10.txtbin	157	utf-8	ダミー
romdata/DT/GM_DT_EVTMSG10.FBC.z	DT_EVTMSG10.FBC/dt_EVTMSG10.txtbin	158	utf-8	ダミー
romdata/DT/GM_DT_EVTMSG10.FBC.z	DT_EVTMSG10.FBC/dt_EVTMSG10.txtbin	159	utf-8	ダミー
romdata/DT/GM_DT_EVTMSG10.FBC.z	DT_EVTMSG10.FBC/dt_EVTMSG10.txtbin	160	utf-8	ダミー
romdata/DT/GM_DT_EVTMSG10.FBC.z	DT_EVTMSG10.FBC/dt_EVTMSG10.txtbin	161	utf-8	ダミー
romdata/DT/GM_DT_EVTMSG10.FBC.z	DT_EVTMSG10.FBC/dt_EVTMSG10.txtbin	162	utf-8	ダミー
romdata/DT/GM_DT_EVTMSG10.FBC.z	DT_EVTMSG10.FBC/dt_EVTMSG10.txtbin	163	utf-8	ダミー
romdata/DT/GM_DT_EVTMSG10.FBC.z	DT_EVTMSG10.FBC/dt_EVTMSG10.txtbin	164	utf-8	ダミー
romdata/DT/GM_DT_EVTMSG10.FBC.z	DT_EVTMSG10.FBC/dt_EVTMSG10.txtbin	165	utf-8	ダミー
romdata/DT/GM_DT_EVTMSG10.FBC.z	DT_EVTMSG10.FBC/dt_EVTMSG10.txtbin	166	utf-8	ダミー
romdata/DT/GM_DT_EVTMSG10.FBC.z	DT_EVTMSG10.FBC/dt_EVTMSG10.txtbin	167	utf-8	ダミー
romdata/DT/GM_DT_EVTMSG10.FBC.z	DT_EVTMSG10.FBC/dt_EVTMSG10.txtbin	168	utf-8	ダミー
romdata/DT/GM_DT_EVTMSG10.FBC.z	DT_EVTMSG10.FBC/dt_EVTMSG10.txtbin	169	utf-8	ダミー
romdata/DT/GM_DT_EVTMSG10.FBC.z	DT_EVTMSG10.FBC/dt_EVTMSG10.txtbin	170	utf-8	ダミー
romdata/DT/GM_DT_EVTMSG10.FBC.z	DT_EVTMSG10.FBC/dt_EVTMSG10.txtbin	171	utf-8	ダミー
romdata/DT/GM_DT_EVTMSG10.FBC.z	DT_EVTMSG10.FBC/dt_EVTMSG10.txtbin	172	utf-8	ダミー
romdata/DT/GM_DT_EVTMSG10.FBC.z	DT_EVTMSG10.FBC/dt_EVTMSG10.txtbin	173	utf-8	ダミー
romdata/DT/GM_DT_EVTMSG10.FBC.z	DT_EVTMSG10.FBC/dt_EVTMSG10.txtbin	174	utf-8	ダミー
romdata/DT/GM_DT_EVTMSG10.FBC.z	DT_EVTMSG10.FBC/dt_EVTMSG10.txtbin	175	utf-8	ダミー
romdata/DT/GM_DT_EVTMSG10.FBC.z	DT_EVTMSG10.FBC/dt_EVTMSG10.txtbin	176	utf-8	ダミー
romdata/DT/GM_DT_EVTMSG10.FBC.z	DT_EVTMSG10.FBC/dt_EVTMSG10.txtbin	177	utf-8	ダミー
romdata/DT/GM_DT_EVTMSG10.FBC.z	DT_EVTMSG10.FBC/dt_EVTMSG10.txtbin	178	utf-8	ダミー
romdata/DT/GM_DT_EVTMSG10.FBC.z	DT_EVTMSG10.FBC/dt_EVTMSG10.txtbin	179	utf-8	ダミー
romdata/DT/GM_DT_EVTMSG10.FBC.z	DT_EVTMSG10.FBC/dt_EVTMSG10.txtbin	180	utf-8	ダミー
romdata/DT/GM_DT_EVTMSG10.FBC.z	DT_EVTMSG10.FBC/dt_EVTMSG10.txtbin	181	utf-8	ダミー
romdata/DT/GM_DT_EVTMSG10.FBC.z	DT_EVTMSG10.FBC/dt_EVTMSG10.txtbin	182	utf-8	ダミー
romdata/DT/GM_DT_EVTMSG10.FBC.z	DT_EVTMSG10.FBC/dt_EVTMSG10.txtbin	183	utf-8	ダミー
romdata/DT/GM_DT_EVTMSG10.FBC.z	DT_EVTMSG10.FBC/dt_EVTMSG10.txtbin	184	utf-8	ダミー
romdata/DT/GM_DT_EVTMSG10.FBC.z	DT_EVTMSG10.FBC/dt_EVTMSG10.txtbin	185	utf-8	ダミー
romdata/DT/GM_DT_EVTMSG10.FBC.z	DT_EVTMSG10.FBC/dt_EVTMSG10.txtbin	186	utf-8	ダミー
romdata/DT/GM_DT_EVTMSG10.FBC.z	DT_EVTMSG10.FBC/dt_EVTMSG10.txtbin	187	utf-8	ダミー
romdata/DT/GM_DT_EVTMSG10.FBC.z	DT_EVTMSG10.FBC/dt_EVTMSG10.txtbin	188	utf-8	ダミー
romdata/DT/GM_DT_EVTMSG10.FBC.z	DT_EVTMSG10.FBC/dt_EVTMSG10.txtbin	189	utf-8	ダミー
romdata/DT/GM_DT_EVTMSG10.FBC.z	DT_EVTMSG10.FBC/dt_EVTMSG10.txtbin	190	utf-8	ダミー
romdata/DT/GM_DT_EVTMSG10.FBC.z	DT_EVTMSG10.FBC/dt_EVTMSG10.txtbin	191	utf-8	ダミー
romdata/DT/GM_DT_EVTMSG10.FBC.z	DT_EVTMSG10.FBC/dt_EVTMSG10.txtbin	192	utf-8	ダミー
romdata/DT/GM_DT_EVTMSG10.FBC.z	DT_EVTMSG10.FBC/dt_EVTMSG10.txtbin	193	utf-8	ダミー
romdata/DT/GM_DT_EVTMSG10.FBC.z	DT_EVTMSG10.FBC/dt_EVTMSG10.txtbin	194	utf-8	ダミー
romdata/DT/GM_DT_EVTMSG10.FBC.z	DT_EVTMSG10.FBC/dt_EVTMSG10.txtbin	195	utf-8	ダミー
romdata/DT/GM_DT_EVTMSG10.FBC.z	DT_EVTMSG10.FBC/dt_EVTMSG10.txtbin	196	utf-8	ダミー
romdata/DT/GM_DT_EVTMSG10.FBC.z	DT_EVTMSG10.FBC/dt_EVTMSG10.txtbin	197	utf-8	ダミー
romdata/DT/GM_DT_EVTMSG10.FBC.z	DT_EVTMSG10.FBC/dt_EVTMSG10.txtbin	198	utf-8	ダミー
romdata/DT/GM_DT_EVTMSG10.FBC.z	DT_EVTMSG10.FBC/dt_EVTMSG10.txtbin	199	utf-8	ダミー
romdata/DT/GM_DT_EVTMSG10.FBC.z	DT_EVTMSG10.FBC/dt_EVTMSG10.txtbin	200	utf-8	ダミー
romdata/DT/GM_DT_EVTMSG10.FBC.z	DT_EVTMSG10.FBC/dt_EVTMSG10.txtbin	201	utf-8	ダミー
romdata/DT/GM_DT_EVTMSG10.FBC.z	DT_EVTMSG10.FBC/dt_EVTMSG10.txtbin	202	utf-8	ダミー
romdata/DT/GM_DT_EVTMSG10.FBC.z	DT_EVTMSG10.FBC/dt_EVTMSG10.txtbin	203	utf-8	ダミー
romdata/DT/GM_DT_EVTMSG10.FBC.z	DT_EVTMSG10.FBC/dt_EVTMSG10.txtbin	204	utf-8	ダミー
romdata/DT/GM_DT_EVTMSG10.FBC.z	DT_EVTMSG10.FBC/dt_EVTMSG10.txtbin	205	utf-8	ダミー
romdata/DT/GM_DT_EVTMSG10.FBC.z	DT_EVTMSG10.FBC/dt_EVTMSG10.txtbin	206	utf-8	ダミー
romdata/DT/GM_DT_EVTMSG10.FBC.z	DT_EVTMSG10.FBC/dt_EVTMSG10.txtbin	207	utf-8	ダミー
romdata/DT/GM_DT_EVTMSG10.FBC.z	DT_EVTMSG10.FBC/dt_EVTMSG10.txtbin	208	utf-8	ダミー
romdata/DT/GM_DT_EVTMSG10.FBC.z	DT_EVTMSG10.FBC/dt_EVTMSG10.txtbin	209	utf-8	ダミー
romdata/DT/GM_DT_EVTMSG10.FBC.z	DT_EVTMSG10.FBC/dt_EVTMSG10.txtbin	210	utf-8	ダミー
romdata/DT/GM_DT_EVTMSG10.FBC.z	DT_EVTMSG10.FBC/dt_EVTMSG10.txtbin	211	utf-8	ダミー
romdata/DT/GM_DT_EVTMSG10.FBC.z	DT_EVTMSG10.FBC/dt_EVTMSG10.txtbin	212	utf-8	ダミー
romdata/DT/GM_DT_EVTMSG10.FBC.z	DT_EVTMSG10.FBC/dt_EVTMSG10.txtbin	213	utf-8	ダミー
romdata/DT/GM_DT_EVTMSG10.FBC.z	DT_EVTMSG10.FBC/dt_EVTMSG10.txtbin	214	utf-8	ダミー
romdata/DT/GM_DT_EVTMSG10.FBC.z	DT_EVTMSG10.FBC/dt_EVTMSG10.txtbin	215	utf-8	ダミー
romdata/DT/GM_DT_EVTMSG10.FBC.z	DT_EVTMSG10.FBC/dt_EVTMSG10.txtbin	216	utf-8	ダミー
romdata/DT/GM_DT_EVTMSG10.FBC.z	DT_EVTMSG10.FBC/dt_EVTMSG10.txtbin	217	utf-8	ダミー
romdata/DT/GM_DT_EVTMSG10.FBC.z	DT_EVTMSG10.FBC/dt_EVTMSG10.txtbin	218	utf-8	ダミー
romdata/DT/GM_DT_EVTMSG10.FBC.z	DT_EVTMSG10.FBC/dt_EVTMSG10.txtbin	219	utf-8	ダミー
romdata/DT/GM_DT_EVTMSG10.FBC.z	DT_EVTMSG10.FBC/dt_EVTMSG10.txtbin	220	utf-8	ダミー
romdata/DT/GM_DT_EVTMSG10.FBC.z	DT_EVTMSG10.FBC/dt_EVTMSG10.txtbin	221	utf-8	ダミー
romdata/DT/GM_DT_EVTMSG10.FBC.z	DT_EVTMSG10.FBC/dt_EVTMSG10.txtbin	222	utf-8	ダミー
romdata/DT/GM_DT_EVTMSG10.FBC.z	DT_EVTMSG10.FBC/dt_EVTMSG10.txtbin	223	utf-8	ダミー
romdata/DT/GM_DT_EVTMSG10.FBC.z	DT_EVTMSG10.FBC/dt_EVTMSG10.txtbin	224	utf-8	ダミー
romdata/DT/GM_DT_EVTMSG10.FBC.z	DT_EVTMSG10.FBC/dt_EVTMSG10.txtbin	225	utf-8	ダミー
romdata/DT/GM_DT_EVTMSG10.FBC.z	DT_EVTMSG10.FBC/dt_EVTMSG10.txtbin	226	utf-8	ダミー
romdata/DT/GM_DT_EVTMSG10.FBC.z	DT_EVTMSG10.FBC/dt_EVTMSG10.txtbin	227	utf-8	ダミー
romdata/DT/GM_DT_EVTMSG10.FBC.z	DT_EVTMSG10.FBC/dt_EVTMSG10.txtbin	228	utf-8	ダミー
romdata/DT/GM_DT_EVTMSG10.FBC.z	DT_EVTMSG10.FBC/dt_EVTMSG10.txtbin	229	utf-8	ダミー
romdata/DT/GM_DT_EVTMSG10.FBC.z	DT_EVTMSG10.FBC/dt_EVTMSG10.txtbin	230	utf-8	ダミー
romdata/DT/GM_DT_EVTMSG10.FBC.z	DT_EVTMSG10.FBC/dt_EVTMSG10.txtbin	231	utf-8	ダミー
romdata/DT/GM_DT_EVTMSG10.FBC.z	DT_EVTMSG10.FBC/dt_EVTMSG10.txtbin	232	utf-8	ダミー
romdata/DT/GM_DT_EVTMSG10.FBC.z	DT_EVTMSG10.FBC/dt_EVTMSG10.txtbin	233	utf-8	ダミー
romdata/DT/GM_DT_EVTMSG10.FBC.z	DT_EVTMSG10.FBC/dt_EVTMSG10.txtbin	234	utf-8	ダミー
romdata/DT/GM_DT_EVTMSG10.FBC.z	DT_EVTMSG10.FBC/dt_EVTMSG10.txtbin	235	utf-8	ダミー
romdata/DT/GM_DT_EVTMSG10.FBC.z	DT_EVTMSG10.FBC/dt_EVTMSG10.txtbin	236	utf-8	ダミー
romdata/DT/GM_DT_EVTMSG10.FBC.z	DT_EVTMSG10.FBC/dt_EVTMSG10.txtbin	237	utf-8	ダミー
romdata/DT/GM_DT_EVTMSG10.FBC.z	DT_EVTMSG10.FBC/dt_EVTMSG10.txtbin	238	utf-8	ダミー
romdata/DT/GM_DT_EVTMSG10.FBC.z	DT_EVTMSG10.FBC/dt_EVTMSG10.txtbin	239	utf-8	ダミー
romdata/DT/GM_DT_EVTMSG10.FBC.z	DT_EVTMSG10.FBC/dt_EVTMSG10.txtbin	240	utf-8	ダミー
romdata/DT/GM_DT_EVTMSG10.FBC.z	DT_EVTMSG10.FBC/dt_EVTMSG10.txtbin	241	utf-8	ダミー
romdata/DT/GM_DT_EVTMSG10.FBC.z	DT_EVTMSG10.FBC/dt_EVTMSG10.txtbin	242	utf-8	ダミー
romdata/DT/GM_DT_EVTMSG10.FBC.z	DT_EVTMSG10.FBC/dt_EVTMSG10.txtbin	243	utf-8	ダミー
romdata/DT/GM_DT_EVTMSG10.FBC.z	DT_EVTMSG10.FBC/dt_EVTMSG10.txtbin	244	utf-8	ダミー
romdata/DT/GM_DT_EVTMSG10.FBC.z	DT_EVTMSG10.FBC/dt_EVTMSG10.txtbin	245	utf-8	ダミー
romdata/DT/GM_DT_EVTMSG10.FBC.z	DT_EVTMSG10.FBC/dt_EVTMSG10.txtbin	246	utf-8	ダミー
romdata/DT/GM_DT_EVTMSG10.FBC.z	DT_EVTMSG10.FBC/dt_EVTMSG10.txtbin	247	utf-8	ダミー
romdata/DT/GM_DT_EVTMSG10.FBC.z	DT_EVTMSG10.FBC/dt_EVTMSG10.txtbin	248	utf-8	ダミー
romdata/DT/GM_DT_EVTMSG10.FBC.z	DT_EVTMSG10.FBC/dt_EVTMSG10.txtbin	249	utf-8	ダミー
romdata/DT/GM_DT_EVTMSG10.FBC.z	DT_EVTMSG10.FBC/dt_EVTMSG10.txtbin	250	utf-8	ダミー
romdata/DT/GM_DT_EVTMSG10.FBC.z	DT_EVTMSG10.FBC/dt_EVTMSG10.txtbin	251	utf-8	ダミー
romdata/DT/GM_DT_EVTMSG10.FBC.z	DT_EVTMSG10.FBC/dt_EVTMSG10.txtbin	252	utf-8	ダミー
romdata/DT/GM_DT_EVTMSG10.FBC.z	DT_EVTMSG10.FBC/dt_EVTMSG10.txtbin	253	utf-8	ダミー
romdata/DT/GM_DT_EVTMSG10.FBC.z	DT_EVTMSG10.FBC/dt_EVTMSG10.txtbin	254	utf-8	ダミー
romdata/DT/GM_DT_EVTMSG10.FBC.z	DT_EVTMSG10.FBC/dt_EVTMSG10.txtbin	255	utf-8	ダミー
romdata/DT/GM_DT_EVTMSG10.FBC.z	DT_EVTMSG10.FBC/dt_EVTMSG10.txtbin	256	utf-8	ダミー
romdata/DT/GM_DT_EVTMSG10.FBC.z	DT_EVTMSG10.FBC/dt_EVTMSG10.txtbin	257	utf-8	ダミー
romdata/DT/GM_DT_EVTMSG10.FBC.z	DT_EVTMSG10.FBC/dt_EVTMSG10.txtbin	258	utf-8	ダミー
romdata/DT/GM_DT_EVTMSG10.FBC.z	DT_EVTMSG10.FBC/dt_EVTMSG10.txtbin	259	utf-8	ダミー
romdata/DT/GM_DT_EVTMSG10.FBC.z	DT_EVTMSG10.FBC/dt_EVTMSG10.txtbin	260	utf-8	ダミー
romdata/DT/GM_DT_EVTMSG10.FBC.z	DT_EVTMSG10.FBC/dt_EVTMSG10.txtbin	261	utf-8	ダミー
romdata/DT/GM_DT_EVTMSG10.FBC.z	DT_EVTMSG10.FBC/dt_EVTMSG10.txtbin	262	utf-8	ダミー
romdata/DT/GM_DT_EVTMSG10.FBC.z	DT_EVTMSG10.FBC/dt_EVTMSG10.txtbin	263	utf-8	ダミー
romdata/DT/GM_DT_EVTMSG10.FBC.z	DT_EVTMSG10.FBC/dt_EVTMSG10.txtbin	264	utf-8	ダミー
romdata/DT/GM_DT_EVTMSG10.FBC.z	DT_EVTMSG10.FBC/dt_EVTMSG10.txtbin	265	utf-8	ダミー
romdata/DT/GM_DT_EVTMSG10.FBC.z	DT_EVTMSG10.FBC/dt_EVTMSG10.txtbin	266	utf-8	ダミー
romdata/DT/GM_DT_EVTMSG10.FBC.z	DT_EVTMSG10.FBC/dt_EVTMSG10.txtbin	267	utf-8	ダミー
romdata/DT/GM_DT_EVTMSG10.FBC.z	DT_EVTMSG10.FBC/dt_EVTMSG10.txtbin	268	utf-8	ダミー
romdata/DT/GM_DT_EVTMSG10.FBC.z	DT_EVTMSG10.FBC/dt_EVTMSG10.txtbin	269	utf-8	ダミー
romdata/DT/GM_DT_EVTMSG10.FBC.z	DT_EVTMSG10.FBC/dt_EVTMSG10.txtbin	270	utf-8	ダミー
romdata/DT/GM_DT_EVTMSG10.FBC.z	DT_EVTMSG10.FBC/dt_EVTMSG10.txtbin	271	utf-8	ダミー
romdata/DT/GM_DT_EVTMSG10.FBC.z	DT_EVTMSG10.FBC/dt_EVTMSG10.txtbin	272	utf-8	ダミー
romdata/DT/GM_DT_EVTMSG10.FBC.z	DT_EVTMSG10.FBC/dt_EVTMSG10.txtbin	273	utf-8	ダミー
romdata/DT/GM_DT_EVTMSG10.FBC.z	DT_EVTMSG10.FBC/dt_EVTMSG10.txtbin	274	utf-8	ダミー
romdata/DT/GM_DT_EVTMSG10.FBC.z	DT_EVTMSG10.FBC/dt_EVTMSG10.txtbin	275	utf-8	ダミー
romdata/DT/GM_DT_EVTMSG10.FBC.z	DT_EVTMSG10.FBC/dt_EVTMSG10.txtbin	276	utf-8	ダミー
romdata/DT/GM_DT_EVTMSG10.FBC.z	DT_EVTMSG10.FBC/dt_EVTMSG10.txtbin	277	utf-8	ダミー
romdata/DT/GM_DT_EVTMSG10.FBC.z	DT_EVTMSG10.FBC/dt_EVTMSG10.txtbin	278	utf-8	ダミー
romdata/DT/GM_DT_EVTMSG10.FBC.z	DT_EVTMSG10.FBC/dt_EVTMSG10.txtbin	279	utf-8	ダミー
romdata/DT/GM_DT_EVTMSG10.FBC.z	DT_EVTMSG10.FBC/dt_EVTMSG10.txtbin	280	utf-8	ダミー
romdata/DT/GM_DT_EVTMSG10.FBC.z	DT_EVTMSG10.FBC/dt_EVTMSG10.txtbin	281	utf-8	ダミー
romdata/DT/GM_DT_EVTMSG10.FBC.z	DT_EVTMSG10.FBC/dt_EVTMSG10.txtbin	282	utf-8	ダミー
romdata/DT/GM_DT_EVTMSG10.FBC.z	DT_EVTMSG10.FBC/dt_EVTMSG10.txtbin	283	utf-8	ダミー
romdata/DT/GM_DT_EVTMSG10.FBC.z	DT_EVTMSG10.FBC/dt_EVTMSG10.txtbin	284	utf-8	ダミー
romdata/DT/GM_DT_EVTMSG10.FBC.z	DT_EVTMSG10.FBC/dt_EVTMSG10.txtbin	285	utf-8	ダミー
romdata/DT/GM_DT_EVTMSG10.FBC.z	DT_EVTMSG10.FBC/dt_EVTMSG10.txtbin	286	utf-8	ダミー
romdata/DT/GM_DT_EVTMSG10.FBC.z	DT_EVTMSG10.FBC/dt_EVTMSG10.txtbin	287	utf-8	ダミー
romdata/DT/GM_DT_EVTMSG10.FBC.z	DT_EVTMSG10.FBC/dt_EVTMSG10.txtbin	288	utf-8	ダミー
romdata/DT/GM_DT_EVTMSG10.FBC.z	DT_EVTMSG10.FBC/dt_EVTMSG10.txtbin	289	utf-8	ダミー
romdata/DT/GM_DT_EVTMSG10.FBC.z	DT_EVTMSG10.FBC/dt_EVTMSG10.txtbin	290	utf-8	ダミー
romdata/DT/GM_DT_EVTMSG10.FBC.z	DT_EVTMSG10.FBC/dt_EVTMSG10.txtbin	291	utf-8	ダミー
romdata/DT/GM_DT_EVTMSG10.FBC.z	DT_EVTMSG10.FBC/dt_EVTMSG10.txtbin	292	utf-8	ダミー
romdata/DT/GM_DT_EVTMSG10.FBC.z	DT_EVTMSG10.FBC/dt_EVTMSG10.txtbin	293	utf-8	ダミー
romdata/DT/GM_DT_EVTMSG10.FBC.z	DT_EVTMSG10.FBC/dt_EVTMSG10.txtbin	294	utf-8	ダミー
romdata/DT/GM_DT_EVTMSG10.FBC.z	DT_EVTMSG10.FBC/dt_EVTMSG10.txtbin	295	utf-8	ダミー
romdata/DT/GM_DT_EVTMSG10.FBC.z	DT_EVTMSG10.FBC/dt_EVTMSG10.txtbin	296	utf-8	ダミー
romdata/DT/GM_DT_EVTMSG10.FBC.z	DT_EVTMSG10.FBC/dt_EVTMSG10.txtbin	297	utf-8	ダミー
romdata/DT/GM_DT_EVTMSG10.FBC.z	DT_EVTMSG10.FBC/dt_EVTMSG10.txtbin	298	utf-8	ダミー
romdata/DT/GM_DT_EVTMSG10.FBC.z	DT_EVTMSG10.FBC/dt_EVTMSG10.txtbin	299	utf-8	ダミー
romdata/DT/GM_DT_EVTMSG10.FBC.z	DT_EVTMSG10.FBC/dt_EVTMSG10.txtbin	300	utf-8	ダミー
romdata/DT/GM_DT_EVTMSG10.FBC.z	DT_EVTMSG10.FBC/dt_EVTMSG10.txtbin	301	utf-8	ダミー
romdata/DT/GM_DT_EVTMSG10.FBC.z	DT_EVTMSG10.FBC/dt_EVTMSG10.txtbin	302	utf-8	ダミー
romdata/DT/GM_DT_EVTMSG10.FBC.z	DT_EVTMSG10.FBC/dt_EVTMSG10.txtbin	303	utf-8	ダミー
romdata/DT/GM_DT_EVTMSG10.FBC.z	DT_EVTMSG10.FBC/dt_EVTMSG10.txtbin	304	utf-8	ダミー
romdata/DT/GM_DT_EVTMSG10.FBC.z	DT_EVTMSG10.FBC/dt_EVTMSG10.txtbin	305	utf-8	ダミー
romdata/DT/GM_DT_EVTMSG10.FBC.z	DT_EVTMSG10.FBC/dt_EVTMSG10.txtbin	306	utf-8	ダミー
romdata/DT/GM_DT_EVTMSG10.FBC.z	DT_EVTMSG10.FBC/dt_EVTMSG10.txtbin	307	utf-8	ダミー
romdata/DT/GM_DT_EVTMSG10.FBC.z	DT_EVTMSG10.FBC/dt_EVTMSG10.txtbin	308	utf-8	ダミー
romdata/DT/GM_DT_EVTMSG10.FBC.z	DT_EVTMSG10.FBC/dt_EVTMSG10.txtbin	309	utf-8	ダミー
romdata/DT/GM_DT_EVTMSG10.FBC.z	DT_EVTMSG10.FBC/dt_EVTMSG10.txtbin	310	utf-8	ダミー
romdata/DT/GM_DT_EVTMSG10.FBC.z	DT_EVTMSG10.FBC/dt_EVTMSG10.txtbin	311	utf-8	ダミー
romdata/DT/GM_DT_EVTMSG10.FBC.z	DT_EVTMSG10.FBC/dt_EVTMSG10.txtbin	312	utf-8	ダミー
romdata/DT/GM_DT_EVTMSG10.FBC.z	DT_EVTMSG10.FBC/dt_EVTMSG10.txtbin	313	utf-8	ダミー
romdata/DT/GM_DT_EVTMSG10.FBC.z	DT_EVTMSG10.FBC/dt_EVTMSG10.txtbin	314	utf-8	ダミー
romdata/DT/GM_DT_EVTMSG10.FBC.z	DT_EVTMSG10.FBC/dt_EVTMSG10.txtbin	315	utf-8	ダミー
romdata/DT/GM_DT_EVTMSG10.FBC.z	DT_EVTMSG10.FBC/dt_EVTMSG10.txtbin	316	utf-8	ダミー
romdata/DT/GM_DT_EVTMSG10.FBC.z	DT_EVTMSG10.FBC/dt_EVTMSG10.txtbin	317	utf-8	ダミー
romdata/DT/GM_DT_EVTMSG10.FBC.z	DT_EVTMSG10.FBC/dt_EVTMSG10.txtbin	318	utf-8	ダミー
romdata/DT/GM_DT_EVTMSG10.FBC.z	DT_EVTMSG10.FBC/dt_EVTMSG10.txtbin	319	utf-8	ダミー
romdata/DT/GM_DT_EVTMSG10.FBC.z	DT_EVTMSG10.FBC/dt_EVTMSG10.txtbin	320	utf-8	ダミー
romdata/DT/GM_DT_EVTMSG10.FBC.z	DT_EVTMSG10.FBC/dt_EVTMSG10.txtbin	321	utf-8	ダミー
romdata/DT/GM_DT_EVTMSG10.FBC.z	DT_EVTMSG10.FBC/dt_EVTMSG10.txtbin	322	utf-8	ダミー
romdata/DT/GM_DT_EVTMSG10.FBC.z	DT_EVTMSG10.FBC/dt_EVTMSG10.txtbin	323	utf-8	ダミー
romdata/DT/GM_DT_EVTMSG10.FBC.z	DT_EVTMSG10.FBC/dt_EVTMSG10.txtbin	324	utf-8	ダミー
romdata/DT/GM_DT_EVTMSG10.FBC.z	DT_EVTMSG10.FBC/dt_EVTMSG10.txtbin	325	utf-8	ダミー
romdata/DT/GM_DT_EVTMSG10.FBC.z	DT_EVTMSG10.FBC/dt_EVTMSG10.txtbin	326	utf-8	ダミー
romdata/DT/GM_DT_EVTMSG10.FBC.z	DT_EVTMSG10.FBC/dt_EVTMSG10.txtbin	327	utf-8	ダミー
romdata/DT/GM_DT_EVTMSG10.FBC.z	DT_EVTMSG10.FBC/dt_EVTMSG10.txtbin	328	utf-8	ダミー
romdata/DT/GM_DT_EVTMSG10.FBC.z	DT_EVTMSG10.FBC/dt_EVTMSG10.txtbin	329	utf-8	ダミー
romdata/DT/GM_DT_EVTMSG10.FBC.z	DT_EVTMSG10.FBC/dt_EVTMSG10.txtbin	330	utf-8	ダミー
romdata/DT/GM_DT_EVTMSG10.FBC.z	DT_EVTMSG10.FBC/dt_EVTMSG10.txtbin	331	utf-8	ダミー
romdata/DT/GM_DT_EVTMSG10.FBC.z	DT_EVTMSG10.FBC/dt_EVTMSG10.txtbin	332	utf-8	ダミー
romdata/DT/GM_DT_EVTMSG10.FBC.z	DT_EVTMSG10.FBC/dt_EVTMSG10.txtbin	333	utf-8	ダミー
romdata/DT/GM_DT_EVTMSG10.FBC.z	DT_EVTMSG10.FBC/dt_EVTMSG10.txtbin	334	utf-8	ダミー
romdata/DT/GM_DT_EVTMSG10.FBC.z	DT_EVTMSG10.FBC/dt_EVTMSG10.txtbin	335	utf-8	ダミー
romdata/DT/GM_DT_EVTMSG10.FBC.z	DT_EVTMSG10.FBC/dt_EVTMSG10.txtbin	336	utf-8	ダミー
romdata/DT/GM_DT_EVTMSG10.FBC.z	DT_EVTMSG10.FBC/dt_EVTMSG10.txtbin	337	utf-8	ダミー
romdata/DT/GM_DT_EVTMSG10.FBC.z	DT_EVTMSG10.FBC/dt_EVTMSG10.txtbin	338	utf-8	ダミー
romdata/DT/GM_DT_EVTMSG10.FBC.z	DT_EVTMSG10.FBC/dt_EVTMSG10.txtbin	339	utf-8	ダミー
romdata/DT/GM_DT_EVTMSG10.FBC.z	DT_EVTMSG10.FBC/dt_EVTMSG10.txtbin	340	utf-8	ダミー
romdata/DT/GM_DT_EVTMSG10.FBC.z	DT_EVTMSG10.FBC/dt_EVTMSG10.txtbin	341	utf-8	ダミー
romdata/DT/GM_DT_EVTMSG10.FBC.z	DT_EVTMSG10.FBC/dt_EVTMSG10.txtbin	342	utf-8	ダミー
romdata/DT/GM_DT_EVTMSG10.FBC.z	DT_EVTMSG10.FBC/dt_EVTMSG10.txtbin	343	utf-8	ダミー
romdata/DT/GM_DT_EVTMSG10.FBC.z	DT_EVTMSG10.FBC/dt_EVTMSG10.txtbin	344	utf-8	ダミー
romdata/DT/GM_DT_EVTMSG10.FBC.z	DT_EVTMSG10.FBC/dt_EVTMSG10.txtbin	345	utf-8	ダミー
romdata/DT/GM_DT_EVTMSG10.FBC.z	DT_EVTMSG10.FBC/dt_EVTMSG10.txtbin	346	utf-8	ダミー
romdata/DT/GM_DT_EVTMSG10.FBC.z	DT_EVTMSG10.FBC/dt_EVTMSG10.txtbin	347	utf-8	ダミー
romdata/DT/GM_DT_EVTMSG10.FBC.z	DT_EVTMSG10.FBC/dt_EVTMSG10.txtbin	348	utf-8	ダミー
romdata/DT/GM_DT_EVTMSG10.FBC.z	DT_EVTMSG10.FBC/dt_EVTMSG10.txtbin	349	utf-8	ダミー
romdata/DT/GM_DT_EVTMSG10.FBC.z	DT_EVTMSG10.FBC/dt_EVTMSG10.txtbin	350	utf-8	ダミー
romdata/DT/GM_DT_EVTMSG10.FBC.z	DT_EVTMSG10.FBC/dt_EVTMSG10.txtbin	351	utf-8	ダミー
romdata/DT/GM_DT_EVTMSG10.FBC.z	DT_EVTMSG10.FBC/dt_EVTMSG10.txtbin	352	utf-8	ダミー
romdata/DT/GM_DT_EVTMSG10.FBC.z	DT_EVTMSG10.FBC/dt_EVTMSG10.txtbin	353	utf-8	ダミー
romdata/DT/GM_DT_EVTMSG10.FBC.z	DT_EVTMSG10.FBC/dt_EVTMSG10.txtbin	354	utf-8	ダミー
romdata/DT/GM_DT_EVTMSG10.FBC.z	DT_EVTMSG10.FBC/dt_EVTMSG10.txtbin	355	utf-8	ダミー
romdata/DT/GM_DT_EVTMSG10.FBC.z	DT_EVTMSG10.FBC/dt_EVTMSG10.txtbin	356	utf-8	ダミー
romdata/DT/GM_DT_EVTMSG10.FBC.z	DT_EVTMSG10.FBC/dt_EVTMSG10.txtbin	357	utf-8	ダミー
romdata/DT/GM_DT_EVTMSG10.FBC.z	DT_EVTMSG10.FBC/dt_EVTMSG10.txtbin	358	utf-8	ダミー
romdata/DT/GM_DT_EVTMSG10.FBC.z	DT_EVTMSG10.FBC/dt_EVTMSG10.txtbin	359	utf-8	ダミー
romdata/DT/GM_DT_EVTMSG10.FBC.z	DT_EVTMSG10.FBC/dt_EVTMSG10.txtbin	360	utf-8	ダミー
romdata/DT/GM_DT_EVTMSG10.FBC.z	DT_EVTMSG10.FBC/dt_EVTMSG10.txtbin	361	utf-8	ダミー
romdata/DT/GM_DT_EVTMSG10.FBC.z	DT_EVTMSG10.FBC/dt_EVTMSG10.txtbin	362	utf-8	ダミー
romdata/DT/GM_DT_EVTMSG10.FBC.z	DT_EVTMSG10.FBC/dt_EVTMSG10.txtbin	363	utf-8	ダミー
romdata/DT/GM_DT_EVTMSG10.FBC.z	DT_EVTMSG10.FBC/dt_EVTMSG10.txtbin	364	utf-8	ダミー
romdata/DT/GM_DT_EVTMSG10.FBC.z	DT_EVTMSG10.FBC/dt_EVTMSG10.txtbin	365	utf-8	ダミー
romdata/DT/GM_DT_EVTMSG10.FBC.z	DT_EVTMSG10.FBC/dt_EVTMSG10.txtbin	366	utf-8	ダミー
romdata/DT/GM_DT_EVTMSG10.FBC.z	DT_EVTMSG10.FBC/dt_EVTMSG10.txtbin	367	utf-8	ダミー
romdata/DT/GM_DT_EVTMSG10.FBC.z	DT_EVTMSG10.FBC/dt_EVTMSG10.txtbin	368	utf-8	ダミー
romdata/DT/GM_DT_EVTMSG10.FBC.z	DT_EVTMSG10.FBC/dt_EVTMSG10.txtbin	369	utf-8	ダミー
romdata/DT/GM_DT_EVTMSG10.FBC.z	DT_EVTMSG10.FBC/dt_EVTMSG10.txtbin	370	utf-8	ダミー
romdata/DT/GM_DT_EVTMSG10.FBC.z	DT_EVTMSG10.FBC/dt_EVTMSG10.txtbin	371	utf-8	ダミー
romdata/DT/GM_DT_EVTMSG10.FBC.z	DT_EVTMSG10.FBC/dt_EVTMSG10.txtbin	372	utf-8	ダミー
romdata/DT/GM_DT_EVTMSG10.FBC.z	DT_EVTMSG10.FBC/dt_EVTMSG10.txtbin	373	utf-8	ダミー
romdata/DT/GM_DT_EVTMSG10.FBC.z	DT_EVTMSG10.FBC/dt_EVTMSG10.txtbin	374	utf-8	ダミー
romdata/DT/GM_DT_EVTMSG10.FBC.z	DT_EVTMSG10.FBC/dt_EVTMSG10.txtbin	375	utf-8	ダミー
romdata/DT/GM_DT_EVTMSG10.FBC.z	DT_EVTMSG10.FBC/dt_EVTMSG10.txtbin	376	utf-8	ダミー
romdata/DT/GM_DT_EVTMSG10.FBC.z	DT_EVTMSG10.FBC/dt_EVTMSG10.txtbin	377	utf-8	ダミー
romdata/DT/GM_DT_EVTMSG2.FBC.z	DT_EVTMSG2.FBC/dt_EVTMSG2.txtbin	0	utf-8	チョコボ\n
romdata/DT/GM_DT_EVTMSG2.FBC.z	DT_EVTMSG2.FBC/dt_EVTMSG2.txtbin	1	utf-8	シロマ\n
romdata/DT/GM_DT_EVTMSG2.FBC.z	DT_EVTMSG2.FBC/dt_EVTMSG2.txtbin	2	utf-8	クロマ\n
romdata/DT/GM_DT_EVTMSG2.FBC.z	DT_EVTMSG2.FBC/dt_EVTMSG2.txtbin	3	utf-8	ラファエロ
romdata/DT/GM_DT_EVTMSG2.FBC.z	DT_EVTMSG2.FBC/dt_EVTMSG2.txtbin	5	utf-8	シド\n
romdata/DT/GM_DT_EVTMSG2.FBC.z	DT_EVTMSG2.FBC/dt_EVTMSG2.txtbin	8	utf-8	ヴォルグ
romdata/DT/GM_DT_EVTMSG2.FBC.z	DT_EVTMSG2.FBC/dt_EVTMSG2.txtbin	9	utf-8	フレイア
romdata/DT/GM_DT_EVTMSG2.FBC.z	DT_EVTMSG2.FBC/dt_EVTMSG2.txtbin	10	utf-8	メーア
romdata/DT/GM_DT_EVTMSG2.FBC.z	DT_EVTMSG2.FBC/dt_EVTMSG2.txtbin	11	utf-8	ゲイル
romdata/DT/GM_DT_EVTMSG2.FBC.z	DT_EVTMSG2.FBC/dt_EVTMSG2.txtbin	12	utf-8	ステラ
romdata/DT/GM_DT_EVTMSG2.FBC.z	DT_EVTMSG2.FBC/dt_EVTMSG2.txtbin	13	utf-8	ローチェ
romdata/DT/GM_DT_EVTMSG2.FBC.z	DT_EVTMSG2.FBC/dt_EVTMSG2.txtbin	14	utf-8	ダードラー
romdata/DT/GM_DT_EVTMSG2.FBC.z	DT_EVTMSG2.FBC/dt_EVTMSG2.txtbin	15	utf-8	ハリー
romdata/DT/GM_DT_EVTMSG2.FBC.z	DT_EVTMSG2.FBC/dt_EVTMSG2.txtbin	16	utf-8	マリス
romdata/DT/GM_DT_EVTMSG2.FBC.z	DT_EVTMSG2.FBC/dt_EVTMSG2.txtbin	17	utf-8	シャルロット
romdata/DT/GM_DT_EVTMSG2.FBC.z	DT_EVTMSG2.FBC/dt_EVTMSG2.txtbin	18	utf-8	フローラ
romdata/DT/GM_DT_EVTMSG2.FBC.z	DT_EVTMSG2.FBC/dt_EVTMSG2.txtbin	19	utf-8	ハンナ\n
romdata/DT/GM_DT_EVTMSG2.FBC.z	DT_EVTMSG2.FBC/dt_EVTMSG2.txtbin	20	utf-8	メディット
romdata/DT/GM_DT_EVTMSG2.FBC.z	DT_EVTMSG2.FBC/dt_EVTMSG2.txtbin	21	utf-8	ディクト\n
romdata/DT/GM_DT_EVTMSG2.FBC.z	DT_EVTMSG2.FBC/dt_EVTMSG2.txtbin	23	utf-8	クレア
romdata/DT/GM_DT_EVTMSG2.FBC.z	DT_EVTMSG2.FBC/dt_EVTMSG2.txtbin	25	utf-8	ドルくん
romdata/DT/GM_DT_EVTMSG2.FBC.z	DT_EVTMSG2.FBC/dt_EVTMSG2.txtbin	26	utf-8	ラン
romdata/DT/GM_DT_EVTMSG2.FBC.z	DT_EVTMSG2.FBC/dt_EVTMSG2.txtbin	28	utf-8	アル
romdata/DT/GM_DT_EVTMSG2.FBC.z	DT_EVTMSG2.FBC/dt_EVTMSG2.txtbin	29	utf-8	ミミ
romdata/DT/GM_DT_EVTMSG2.FBC.z	DT_EVTMSG2.FBC/dt_EVTMSG2.txtbin	30	utf-8	ココ
romdata/DT/GM_DT_EVTMSG2.FBC.z	DT_EVTMSG2.FBC/dt_EVTMSG2.txtbin	31	utf-8	ムーラン
romdata/DT/GM_DT_EVTMSG2.FBC.z	DT_EVTMSG2.FBC/dt_EVTMSG2.txtbin	32	utf-8	モリー
romdata/DT/GM_DT_EVTMSG2.FBC.z	DT_EVTMSG2.FBC/dt_EVTMSG2.txtbin	33	utf-8	マナリー
romdata/DT/GM_DT_EVTMSG2.FBC.z	DT_EVTMSG2.FBC/dt_EVTMSG2.txtbin	34	utf-8	メラニー
romdata/DT/GM_DT_EVTMSG2.FBC.z	DT_EVTMSG2.FBC/dt_EVTMSG2.txtbin	35	utf-8	ゴブリン
romdata/DT/GM_DT_EVTMSG2.FBC.z	DT_EVTMSG2.FBC/dt_EVTMSG2.txtbin	36	utf-8	チョッカーズ
romdata/DT/GM_DT_EVTMSG2.FBC.z	DT_EVTMSG2.FBC/dt_EVTMSG2.txtbin	37	utf-8	モーグリ
romdata/DT/GM_DT_EVTMSG2.FBC.z	DT_EVTMSG2.FBC/dt_EVTMSG2.txtbin	38	utf-8	ダンジョンヒーローＸ
romdata/DT/GM_DT_EVTMSG2.FBC.z	DT_EVTMSG2.FBC/dt_EVTMSG2.txtbin	39	utf-8	ロマンチックヒーローＸ
romdata/DT/GM_DT_EVTMSG2.FBC.z	DT_EVTMSG2.FBC/dt_EVTMSG2.txtbin	40	utf-8	商人ヒーローＸ
romdata/DT/GM_DT_EVTMSG2.FBC.z	DT_EVTMSG2.FBC/dt_EVTMSG2.txtbin	41	utf-8	フェニックス
romdata/DT/GM_DT_EVTMSG2.FBC.z	DT_EVTMSG2.FBC/dt_EVTMSG2.txtbin	44	utf-8	神竜\n
romdata/DT/GM_DT_EVTMSG2.FBC.z	DT_EVTMSG2.FBC/dt_EVTMSG2.txtbin	45	utf-8	オメガ
romdata/DT/GM_DT_EVTMSG2.FBC.z	DT_EVTMSG2.FBC/dt_EVTMSG2.txtbin	46	utf-8	αー２４\n
romdata/DT/GM_DT_EVTMSG2.FBC.z	DT_EVTMSG2.FBC/dt_EVTMSG2.txtbin	47	utf-8	　
romdata/DT/GM_DT_EVTMSG2.FBC.z	DT_EVTMSG2.FBC/dt_EVTMSG2.txtbin	48	utf-8	？？？？？\n
romdata/DT/GM_DT_EVTMSG2.FBC.z	DT_EVTMSG2.FBC/dt_EVTMSG2.txtbin	100	utf-8	{ESC}GR}1~チョコボ{ESC}WT}1~！　たいへんよ \n{ESC}GR}1~ラファエロ{ESC}WT}1~が　いないの！{13}
romdata/DT/GM_DT_EVTMSG2.FBC.z	DT_EVTMSG2.FBC/dt_EVTMSG2.txtbin	101	utf-8	キュピーー！！{13}
romdata/DT/GM_DT_EVTMSG2.FBC.z	DT_EVTMSG2.FBC/dt_EVTMSG2.txtbin	102	utf-8	あの子　まだ　ハイハイも \nできないはずなのにねぇ{13}
romdata/DT/GM_DT_EVTMSG2.FBC.z	DT_EVTMSG2.FBC/dt_EVTMSG2.txtbin	103	utf-8	よし　オレは街を　さがすぜ！{13}
romdata/DT/GM_DT_EVTMSG2.FBC.z	DT_EVTMSG2.FBC/dt_EVTMSG2.txtbin	104	utf-8	そうね　わたしも　いくわ \nさぁ　いきましょう！{13}
romdata/DT/GM_DT_EVTMSG2.FBC.z	DT_EVTMSG2.FBC/dt_EVTMSG2.txtbin	105	utf-8	ああ　そうだね \nでも{ESC}BL}1~時忘れの街{ESC}WT}1~に　いくなら \n気をつけておくれよ{13}
romdata/DT/GM_DT_EVTMSG2.FBC.z	DT_EVTMSG2.FBC/dt_EVTMSG2.txtbin	106	utf-8	{ESC}GR}1~チョコボ{ESC}WT}1~　もうしわけないけど \nあたしと　{ESC}BL}1~牧場{ESC}WT}1~さがすの \nちょっとてつだっとくれ{13}
romdata/DT/GM_DT_EVTMSG2.FBC.z	DT_EVTMSG2.FBC/dt_EVTMSG2.txtbin	107	utf-8	キュウ！{13}
romdata/DT/GM_DT_EVTMSG2.FBC.z	DT_EVTMSG2.FBC/dt_EVTMSG2.txtbin	108	utf-8	そうかい \nありがとう \nじゃ　いこうかね{13}
romdata/DT/GM_DT_EVTMSG2.FBC.z	DT_EVTMSG2.FBC/dt_EVTMSG2.txtbin	110	utf-8	あら？　あなた \nうわさの{ESC}GR}1~チョコボ{ESC}WT}1~じゃない？ \n私{ESC}GR}1~フレイア{ESC}WT}1~　よろしくね！{13}
romdata/DT/GM_DT_EVTMSG2.FBC.z	DT_EVTMSG2.FBC/dt_EVTMSG2.txtbin	111	utf-8	キュキュキュ！{13}
romdata/DT/GM_DT_EVTMSG2.FBC.z	DT_EVTMSG2.FBC/dt_EVTMSG2.txtbin	112	utf-8	はぁ　はぁ \n{ESC}GR}1~フレイア{ESC}WT}1~さーん！{13}
romdata/DT/GM_DT_EVTMSG2.FBC.z	DT_EVTMSG2.FBC/dt_EVTMSG2.txtbin	113	utf-8	あら？　どうしたの{ESC}GR}1~シロマ{ESC}WT}1~ \nあなたが　{ESC}BL}1~時忘れの街{ESC}WT}1~に \n来るなんて　めずらしいじゃない？{13}
romdata/DT/GM_DT_EVTMSG2.FBC.z	DT_EVTMSG2.FBC/dt_EVTMSG2.txtbin	114	utf-8	{ESC}GR}1~ラファエロ{ESC}WT}1~が… \n…{ESC}GR}1~ラファエロ{ESC}WT}1~がいないの{13}
romdata/DT/GM_DT_EVTMSG2.FBC.z	DT_EVTMSG2.FBC/dt_EVTMSG2.txtbin	115	utf-8	うわさの \nふしぎな{ESC}GR}1~あかちゃん{ESC}WT}1~ね？{13}
romdata/DT/GM_DT_EVTMSG2.FBC.z	DT_EVTMSG2.FBC/dt_EVTMSG2.txtbin	116	utf-8	なんでも　{ESC}GR}1~ゲイル{ESC}WT}1~市長に \n{ESC}BL}1~あずかりじょ{ESC}WT}1~の　こととか \n思い出させたらしいじゃない？{13}
romdata/DT/GM_DT_EVTMSG2.FBC.z	DT_EVTMSG2.FBC/dt_EVTMSG2.txtbin	117	utf-8	私も　何か思い出せればなぁ… \n…あら？　ちょっとまって… \nなにか　思い出せそう…{13}
romdata/DT/GM_DT_EVTMSG2.FBC.z	DT_EVTMSG2.FBC/dt_EVTMSG2.txtbin	118	utf-8	…ううん　何の話だったっけ？ \nまぁ忘れちゃったってことは \nだいじなこと　じゃないわよね{13}
romdata/DT/GM_DT_EVTMSG2.FBC.z	DT_EVTMSG2.FBC/dt_EVTMSG2.txtbin	119	utf-8	それじゃあね！ \n{ESC}GR}1~シロマ{ESC}WT}1~！　{ESC}GR}1~チョコボ{ESC}WT}1~！ \nさぁ！　今日も一日がんばるわよ！{13}
romdata/DT/GM_DT_EVTMSG2.FBC.z	DT_EVTMSG2.FBC/dt_EVTMSG2.txtbin	120	utf-8	…あれ？　なにを \nがんばればよかったんだっけ？{13}
romdata/DT/GM_DT_EVTMSG2.FBC.z	DT_EVTMSG2.FBC/dt_EVTMSG2.txtbin	121	utf-8	…{ESC}GR}1~フレイア{ESC}WT}1~さんまで… \nあの　光…　{ESC}GR}1~ラファエロ{ESC}WT}1~？{13}
romdata/DT/GM_DT_EVTMSG2.FBC.z	DT_EVTMSG2.FBC/dt_EVTMSG2.txtbin	140	utf-8	ふぎゃぁ！　…ふぎゃぁ！{13}
romdata/DT/GM_DT_EVTMSG2.FBC.z	DT_EVTMSG2.FBC/dt_EVTMSG2.txtbin	150	utf-8	{15}CT}1~私たちは　 \n{15}CT}1~この　えいよを \n{15}CT}1~つつしんで　おうけいたします{13}
romdata/DT/GM_DT_EVTMSG2.FBC.z	DT_EVTMSG2.FBC/dt_EVTMSG2.txtbin	151	utf-8	{15}CT}1~私たち \n{15}CT}1~４人は \n{15}CT}1~つとめを　まっとうします{13}
romdata/DT/GM_DT_EVTMSG2.FBC.z	DT_EVTMSG2.FBC/dt_EVTMSG2.txtbin	152	utf-8	{15}CT}1~私たち４人は \n{15}CT}1~街を守る \n{15}CT}1~神獣さまたちに祈りをささげます{13}
romdata/DT/GM_DT_EVTMSG2.FBC.z	DT_EVTMSG2.FBC/dt_EVTMSG2.txtbin	153	utf-8	{15}CT}1~神獣さまと \n{15}CT}1~クリスタルの \n{15}CT}1~神官として{13}
romdata/DT/GM_DT_EVTMSG2.FBC.z	DT_EVTMSG2.FBC/dt_EVTMSG2.txtbin	154	utf-8	{15}CT}1~この街を \n{15}CT}1~よりよき　ところに \n{15}CT}1~するために{13}
romdata/DT/GM_DT_EVTMSG2.FBC.z	DT_EVTMSG2.FBC/dt_EVTMSG2.txtbin	155	utf-8	{15}CT}1~この街の \n{15}CT}1~命の炎を \n{15}CT}1~まもるものとして{13}
romdata/DT/GM_DT_EVTMSG2.FBC.z	DT_EVTMSG2.FBC/dt_EVTMSG2.txtbin	156	utf-8	 \n{15}CT}1~人々をまもる　力を作る \n{15}CT}1~かじのわざをもって{13}
romdata/DT/GM_DT_EVTMSG2.FBC.z	DT_EVTMSG2.FBC/dt_EVTMSG2.txtbin	157	utf-8	{15}CT}1~この街の \n{15}CT}1~神官となることを \n{15}CT}1~ちかいます{13}
romdata/DT/GM_DT_EVTMSG2.FBC.z	DT_EVTMSG2.FBC/dt_EVTMSG2.txtbin	158	utf-8	{15}CT}1~火の神獣さまとともに \n{15}CT}1~街を　まもる \n{15}CT}1~火の神官として！{13}
romdata/DT/GM_DT_EVTMSG2.FBC.z	DT_EVTMSG2.FBC/dt_EVTMSG2.txtbin	160	utf-8	{15}CT}1~私は　魔法もつかえないし \n{15}CT}1~剣のうでだって \n{15}CT}1~からっきしだけど{13}
romdata/DT/GM_DT_EVTMSG2.FBC.z	DT_EVTMSG2.FBC/dt_EVTMSG2.txtbin	161	utf-8	{15}CT}1~　 \n{15}CT}1~剣や　たてを \n{15}CT}1~きたえることができる！{13}
romdata/DT/GM_DT_EVTMSG2.FBC.z	DT_EVTMSG2.FBC/dt_EVTMSG2.txtbin	162	utf-8	{15}CT}1~戦いに \n{15}CT}1~たちむかう人たちの \n{15}CT}1~力になることができる！ \n{15}CT}1~そう！　このうでで！{13}
romdata/DT/GM_DT_EVTMSG2.FBC.z	DT_EVTMSG2.FBC/dt_EVTMSG2.txtbin	163	utf-8	{15}CT}1~　 \n{15}CT}1~私は　かじや！ \n{15}CT}1~かじやの　{ESC}GR}1~フレイア{ESC}WT}1~よ！{13}
romdata/DT/GM_DT_EVTMSG2.FBC.z	DT_EVTMSG2.FBC/dt_EVTMSG2.txtbin	170	utf-8	ふぇーん！！ \n…ふぇーん！！{13}
romdata/DT/GM_DT_EVTMSG2.FBC.z	DT_EVTMSG2.FBC/dt_EVTMSG2.txtbin	171	utf-8	あー！　あー！ \n{ESC}GR}1~チョコ・ボ{ESC}WT}1~！　{ESC}GR}1~チョコ・ボ{ESC}WT}1~！{13}
romdata/DT/GM_DT_EVTMSG2.FBC.z	DT_EVTMSG2.FBC/dt_EVTMSG2.txtbin	172	utf-8	キュルル？{13}
romdata/DT/GM_DT_EVTMSG2.FBC.z	DT_EVTMSG2.FBC/dt_EVTMSG2.txtbin	180	utf-8	{ESC}GR}1~ラファエロ{ESC}WT}1~！　それに{ESC}GR}1~チョコボ{ESC}WT}1~！ \nもどってきたのね！　よかった！{13}
romdata/DT/GM_DT_EVTMSG2.FBC.z	DT_EVTMSG2.FBC/dt_EVTMSG2.txtbin	181	utf-8	もう　ひとりで \nそとに出ちゃだめよ！{13}
romdata/DT/GM_DT_EVTMSG2.FBC.z	DT_EVTMSG2.FBC/dt_EVTMSG2.txtbin	182	utf-8	そうそう \n思い出したわ \n私　かじや　だったの！{13}
romdata/DT/GM_DT_EVTMSG2.FBC.z	DT_EVTMSG2.FBC/dt_EVTMSG2.txtbin	183	utf-8	あら？　けむりが出てるわね！ \n{ESC}BL}1~時忘れの街{ESC}WT}1~に　火の力が \nもどってきたのね！{13}
romdata/DT/GM_DT_EVTMSG2.FBC.z	DT_EVTMSG2.FBC/dt_EVTMSG2.txtbin	184	utf-8	{ESC}GR}1~チョコボ{ESC}WT}1~！　{ESC}GR}1~ラファエロ{ESC}WT}1~！ \nあなたたちのおかげね！ \nホントに　ありがと！{13}
romdata/DT/GM_DT_EVTMSG2.FBC.z	DT_EVTMSG2.FBC/dt_EVTMSG2.txtbin	185	utf-8	キュキュキュ！{13}
romdata/DT/GM_DT_EVTMSG2.FBC.z	DT_EVTMSG2.FBC/dt_EVTMSG2.txtbin	186	utf-8	さぁ　今日も一日 \nがんばって　はたらくわよ！ \n私は　かじやの　{ESC}GR}1~フレイア{ESC}WT}1~よ！{13}
romdata/DT/GM_DT_EVTMSG2.FBC.z	DT_EVTMSG2.FBC/dt_EVTMSG2.txtbin	187	utf-8	よかった　{ESC}GR}1~フレイア{ESC}WT}1~さんが \nげんきになって！{13}
romdata/DT/GM_DT_EVTMSG2.FBC.z	DT_EVTMSG2.FBC/dt_EVTMSG2.txtbin	190	utf-8	まって　{ESC}GR}1~チョコボ{ESC}WT}1~！ \n{ESC}GR}1~ラファエロ{ESC}WT}1~が \n何か言いたそうなの{13}
romdata/DT/GM_DT_EVTMSG2.FBC.z	DT_EVTMSG2.FBC/dt_EVTMSG2.txtbin	191	utf-8	うーうー！　あー！{13}
romdata/DT/GM_DT_EVTMSG2.FBC.z	DT_EVTMSG2.FBC/dt_EVTMSG2.txtbin	192	utf-8	え？ \nあっちに何かがあるって \n言ってるの？{13}
romdata/DT/GM_DT_EVTMSG2.FBC.z	DT_EVTMSG2.FBC/dt_EVTMSG2.txtbin	193	utf-8	…ここは？{13}
romdata/DT/GM_DT_EVTMSG2.FBC.z	DT_EVTMSG2.FBC/dt_EVTMSG2.txtbin	194	utf-8	…す　すごい！！{13}
romdata/DT/GM_DT_EVTMSG2.FBC.z	DT_EVTMSG2.FBC/dt_EVTMSG2.txtbin	195	utf-8	…あっ！　まって！ \n{ESC}GR}1~ラファエロ{ESC}WT}1~！　どこにいくの！？{13}
romdata/DT/GM_DT_EVTMSG2.FBC.z	DT_EVTMSG2.FBC/dt_EVTMSG2.txtbin	196	utf-8	中に入っちゃった… \nおねがい！　{ESC}GR}1~チョコボ{ESC}WT}1~！ \n{ESC}GR}1~ラファエロ{ESC}WT}1~を　たすけて！{13}
romdata/DT/GM_DT_EVTMSG2.FBC.z	DT_EVTMSG2.FBC/dt_EVTMSG2.txtbin	197	utf-8	キュウ！{13}
romdata/DT/GM_DT_EVTMSG2.FBC.z	DT_EVTMSG2.FBC/dt_EVTMSG2.txtbin	210	utf-8	{ESC}GR}1~チョコボ{ESC}WT}1~！　あなたのおかげで \nもうひとつ大切なことを \n思い出したわ{13}
romdata/DT/GM_DT_EVTMSG2.FBC.z	DT_EVTMSG2.FBC/dt_EVTMSG2.txtbin	211	utf-8	私は　火の神官だったの！{13}
romdata/DT/GM_DT_EVTMSG2.FBC.z	DT_EVTMSG2.FBC/dt_EVTMSG2.txtbin	212	utf-8	火の…神官？{13}
romdata/DT/GM_DT_EVTMSG2.FBC.z	DT_EVTMSG2.FBC/dt_EVTMSG2.txtbin	213	utf-8	キュルル？{13}
romdata/DT/GM_DT_EVTMSG2.FBC.z	DT_EVTMSG2.FBC/dt_EVTMSG2.txtbin	214	utf-8	この街は　火　水　光　闇 \n４つのクリスタルによって \nバランスがとられているの{13}
romdata/DT/GM_DT_EVTMSG2.FBC.z	DT_EVTMSG2.FBC/dt_EVTMSG2.txtbin	215	utf-8	それぞれのクリスタルは \n神獣さまにまもられていて \n私たち神官が　おせわしているの{13}
romdata/DT/GM_DT_EVTMSG2.FBC.z	DT_EVTMSG2.FBC/dt_EVTMSG2.txtbin	216	utf-8	でも　みんな　私みたいに \n記憶をなくしていたとしたら… \nたいへんなことになるわ！{13}
romdata/DT/GM_DT_EVTMSG2.FBC.z	DT_EVTMSG2.FBC/dt_EVTMSG2.txtbin	217	utf-8	{ESC}GR}1~チョコボ{ESC}WT}1~！　おねがい！ \n{ESC}GR}1~ラファエロ{ESC}WT}1~を　たすけて！{13}
romdata/DT/GM_DT_EVTMSG2.FBC.z	DT_EVTMSG2.FBC/dt_EVTMSG2.txtbin	218	utf-8	キュウ！{13}
romdata/DT/GM_DT_EVTMSG2.FBC.z	DT_EVTMSG2.FBC/dt_EVTMSG2.txtbin	219	utf-8	このおくには \n神獣さまがいるわ{13}
romdata/DT/GM_DT_EVTMSG2.FBC.z	DT_EVTMSG2.FBC/dt_EVTMSG2.txtbin	220	utf-8	{ESC}GR}1~チョコボ{ESC}WT}1~　これをうけとって！　 \n神獣さまが　 \n力をかしてくださるはずよ！{13}
romdata/DT/GM_DT_EVTMSG2.FBC.z	DT_EVTMSG2.FBC/dt_EVTMSG2.txtbin	221	utf-8	{ESC}GR}1~チョコボ{ESC}WT}1~は \n{ESC}YL}1~炎のアミュレット{ESC}WT}1~ \nを手に入れた！{13}
romdata/DT/GM_DT_EVTMSG2.FBC.z	DT_EVTMSG2.FBC/dt_EVTMSG2.txtbin	222	utf-8	ＤＵＭＭＹ{13}
romdata/DT/GM_DT_EVTMSG2.FBC.z	DT_EVTMSG2.FBC/dt_EVTMSG2.txtbin	230	utf-8	けいこくしておこう \n記憶をよびさますな{13}
romdata/DT/GM_DT_EVTMSG2.FBC.z	DT_EVTMSG2.FBC/dt_EVTMSG2.txtbin	231	utf-8	キュルル？{13}
romdata/DT/GM_DT_EVTMSG2.FBC.z	DT_EVTMSG2.FBC/dt_EVTMSG2.txtbin	232	utf-8	今すぐこの街から出ていけ \n…わかったな{13}
romdata/DT/GM_DT_EVTMSG2.FBC.z	DT_EVTMSG2.FBC/dt_EVTMSG2.txtbin	240	utf-8	{15}CT}1~　 \n{15}CT}1~{ESC}GR}1~チョコボ…{ESC}WT}1~ \n{15}CT}1~うんめいを　かえる者よ{13}
romdata/DT/GM_DT_EVTMSG2.FBC.z	DT_EVTMSG2.FBC/dt_EVTMSG2.txtbin	241	utf-8	{15}CT}1~わが火の力を \n{15}CT}1~もとめるならば \n{15}CT}1~わが前に力をしめせ{13}
romdata/DT/GM_DT_EVTMSG2.FBC.z	DT_EVTMSG2.FBC/dt_EVTMSG2.txtbin	242	utf-8	{15}CT}1~　 \n{15}CT}1~うんめいを　正すならば \n{15}CT}1~その心こそ正しくあれ{13}
romdata/DT/GM_DT_EVTMSG2.FBC.z	DT_EVTMSG2.FBC/dt_EVTMSG2.txtbin	243	utf-8	{15}CT}1~　 \n{15}CT}1~炎によって　もえつきるのか？ \n{15}CT}1~鋼のごとく　きたえられるのか？{13}
romdata/DT/GM_DT_EVTMSG2.FBC.z	DT_EVTMSG2.FBC/dt_EVTMSG2.txtbin	244	utf-8	{15}CT}1~今こそ \n{15}CT}1~その　しんかが \n{15}CT}1~とわれる時…{13}
romdata/DT/GM_DT_EVTMSG2.FBC.z	DT_EVTMSG2.FBC/dt_EVTMSG2.txtbin	250	utf-8	キュルル？{13}
romdata/DT/GM_DT_EVTMSG2.FBC.z	DT_EVTMSG2.FBC/dt_EVTMSG2.txtbin	251	utf-8	キュピーー！！{13}
romdata/DT/GM_DT_EVTMSG2.FBC.z	DT_EVTMSG2.FBC/dt_EVTMSG2.txtbin	260	utf-8	{15}CT}1~きゃー！　たすけてよぉ \n{15}CT}1~パパー　ママーッ \n{15}CT}1~こわいよう！{13}
romdata/DT/GM_DT_EVTMSG2.FBC.z	DT_EVTMSG2.FBC/dt_EVTMSG2.txtbin	261	utf-8	 \n \n{15}CT}1~…あれは　何！？{13}
romdata/DT/GM_DT_EVTMSG2.FBC.z	DT_EVTMSG2.FBC/dt_EVTMSG2.txtbin	262	utf-8	{15}CT}1~{ESC}GR}1~シロマ{ESC}WT}1~！ \n{15}CT}1~早く子どもたちを \n{15}CT}1~あんぜんなところへっ！{13}
romdata/DT/GM_DT_EVTMSG2.FBC.z	DT_EVTMSG2.FBC/dt_EVTMSG2.txtbin	263	utf-8	 \n \n{15}CT}1~…は　はいっ！{13}
romdata/DT/GM_DT_EVTMSG2.FBC.z	DT_EVTMSG2.FBC/dt_EVTMSG2.txtbin	264	utf-8	{15}CT}1~なぜこのような \n{15}CT}1~私たちを…せかいを \n{15}CT}1~守るべきものが… \n{15}CT}1~ああ　なんと…恐ろしい…{13}
romdata/DT/GM_DT_EVTMSG2.FBC.z	DT_EVTMSG2.FBC/dt_EVTMSG2.txtbin	265	utf-8	{15}CT}1~おねえちゃん…　どこにいるの？ \n{15}CT}1~わたしたち… \n{15}CT}1~どうなっちゃうの？ \n{15}CT}1~おねえちゃん！！{13}
romdata/DT/GM_DT_EVTMSG2.FBC.z	DT_EVTMSG2.FBC/dt_EVTMSG2.txtbin	270	utf-8	{ESC}GR}1~チョコボ{ESC}WT}1~！　きてくれたんだね \nボク　ちょっと \n眠ってたみたいなんだ{13}
romdata/DT/GM_DT_EVTMSG2.FBC.z	DT_EVTMSG2.FBC/dt_EVTMSG2.txtbin	271	utf-8	おこしてくれてありがとう！ \nさぁ！　ここから出よう！{13}
romdata/DT/GM_DT_EVTMSG2.FBC.z	DT_EVTMSG2.FBC/dt_EVTMSG2.txtbin	272	utf-8	キュキュキュ！{13}
romdata/DT/GM_DT_EVTMSG2.FBC.z	DT_EVTMSG2.FBC/dt_EVTMSG2.txtbin	280	utf-8	{ESC}GR}1~シロマ{ESC}WT}1~！ \n会いたかったよ！！{13}
romdata/DT/GM_DT_EVTMSG2.FBC.z	DT_EVTMSG2.FBC/dt_EVTMSG2.txtbin	281	utf-8	{ESC}GR}1~ラファエロ…{ESC}WT}1~なの？{13}
romdata/DT/GM_DT_EVTMSG2.FBC.z	DT_EVTMSG2.FBC/dt_EVTMSG2.txtbin	282	utf-8	見て！ \nボク大きくなったでしょ？{13}
romdata/DT/GM_DT_EVTMSG2.FBC.z	DT_EVTMSG2.FBC/dt_EVTMSG2.txtbin	283	utf-8	ほんとね \nびっくりしちゃったわ{13}
romdata/DT/GM_DT_EVTMSG2.FBC.z	DT_EVTMSG2.FBC/dt_EVTMSG2.txtbin	284	utf-8	ねぇ！　　ボクおなかすいた！ \n{ESC}GR}1~ステラ{ESC}WT}1~おばさんの \nクッキーが食べたいな！{13}
romdata/DT/GM_DT_EVTMSG2.FBC.z	DT_EVTMSG2.FBC/dt_EVTMSG2.txtbin	285	utf-8	わかったわ \nすぐにもどりましょ！ \nホットココアも　あるわよ！{13}
romdata/DT/GM_DT_EVTMSG2.FBC.z	DT_EVTMSG2.FBC/dt_EVTMSG2.txtbin	286	utf-8	キュキュキュ！{13}
romdata/DT/GM_DT_EVTMSG2.FBC.z	DT_EVTMSG2.FBC/dt_EVTMSG2.txtbin	290	utf-8	…おろかな… \nだが　私は \nこの鐘を鳴らすだけだ{13}
romdata/DT/GM_DT_EVTMSG2.FBC.z	DT_EVTMSG2.FBC/dt_EVTMSG2.txtbin	291	utf-8	鳴りひびけ！　{ESC}PP}1~時忘れの鐘{ESC}WT}1~！！{13}
romdata/DT/GM_DT_EVTMSG2.FBC.z	DT_EVTMSG2.FBC/dt_EVTMSG2.txtbin	300	utf-8	…すみません　お力になれず \nなにか　忘れているような気も \nするのですけれど…{13}
romdata/DT/GM_DT_EVTMSG2.FBC.z	DT_EVTMSG2.FBC/dt_EVTMSG2.txtbin	301	utf-8	そうか… \nオレのじいさんの…{ESC}GR}1~グレン{ESC}WT}1~の \nてがかりはないのか…{13}
romdata/DT/GM_DT_EVTMSG2.FBC.z	DT_EVTMSG2.FBC/dt_EVTMSG2.txtbin	302	utf-8	…ごめんね　思い出せないの… \n{ESC}GR}1~グレン{ESC}WT}1~さん…　どこかで \nきいたような　名前だけどねぇ{13}
romdata/DT/GM_DT_EVTMSG2.FBC.z	DT_EVTMSG2.FBC/dt_EVTMSG2.txtbin	303	utf-8	いや　ありがとう \nじゅうぶんだよ{13}
romdata/DT/GM_DT_EVTMSG2.FBC.z	DT_EVTMSG2.FBC/dt_EVTMSG2.txtbin	304	utf-8	…ホントに　ごめんなさい{13}
romdata/DT/GM_DT_EVTMSG2.FBC.z	DT_EVTMSG2.FBC/dt_EVTMSG2.txtbin	305	utf-8	…うーん　どうだったかなぁ… \nなにせ　いろんなことを \nわすれなきゃ　いけないからなぁ{13}
romdata/DT/GM_DT_EVTMSG2.FBC.z	DT_EVTMSG2.FBC/dt_EVTMSG2.txtbin	306	utf-8	そうか… \nざんねんだな{13}
romdata/DT/GM_DT_EVTMSG2.FBC.z	DT_EVTMSG2.FBC/dt_EVTMSG2.txtbin	307	utf-8	あ　でもあれかね？ \nはつめいとかなら \n本にかくだろ？{13}
romdata/DT/GM_DT_EVTMSG2.FBC.z	DT_EVTMSG2.FBC/dt_EVTMSG2.txtbin	308	utf-8	もしかすると \n{ESC}BL}1~としょかん{ESC}WT}1~に　 \nあるかもしれないよ？{13}
romdata/DT/GM_DT_EVTMSG2.FBC.z	DT_EVTMSG2.FBC/dt_EVTMSG2.txtbin	309	utf-8	お！　{ESC}BL}1~としょかん{ESC}WT}1~？　そこなら \nなにか　じょうほうがありそうだ！ \nたすかったよ！{13}
romdata/DT/GM_DT_EVTMSG2.FBC.z	DT_EVTMSG2.FBC/dt_EVTMSG2.txtbin	310	utf-8	あらら　いっちゃった \nでも　{ESC}BL}1~としょかん{ESC}WT}1~が　どこかは \nおぼえちゃないんだけどなぁ…{13}
romdata/DT/GM_DT_EVTMSG2.FBC.z	DT_EVTMSG2.FBC/dt_EVTMSG2.txtbin	320	utf-8	何か思い出せそうだったけど \nまあいいわ！ \n今日も一日がんばるわよー！{13}
romdata/DT/GM_DT_EVTMSG2.FBC.z	DT_EVTMSG2.FBC/dt_EVTMSG2.txtbin	321	utf-8	いらっしゃい　{ESC}GR}1~チョコボ{ESC}WT}1~！ \nあなたのツメを \nつよくしてあげるわ！{13}
romdata/DT/GM_DT_EVTMSG2.FBC.z	DT_EVTMSG2.FBC/dt_EVTMSG2.txtbin	322	utf-8	いらっしゃい　{ESC}GR}1~チョコボ{ESC}WT}1~！ \n{ESC}RD}1~合成{ESC}WT}1~を　ためしてみない？{13}
romdata/DT/GM_DT_EVTMSG2.FBC.z	DT_EVTMSG2.FBC/dt_EVTMSG2.txtbin	324	utf-8	いらっしゃいませ！ \n…って言いたいところなんですが…{13}
romdata/DT/GM_DT_EVTMSG2.FBC.z	DT_EVTMSG2.FBC/dt_EVTMSG2.txtbin	325	utf-8	今は火が　つかえなくて \nあたたかい　おのみものを \nお出しできないんです…{13}
romdata/DT/GM_DT_EVTMSG2.FBC.z	DT_EVTMSG2.FBC/dt_EVTMSG2.txtbin	326	utf-8	いらっしゃいませ！ \n冒険の合間にあたたかいのみものは \nいかがですか？{13}
romdata/DT/GM_DT_EVTMSG2.FBC.z	DT_EVTMSG2.FBC/dt_EVTMSG2.txtbin	327	utf-8	あら　{ESC}GR}1~チョコボ{ESC}WT}1~！ \nあなたなら　{ESC}GR}1~フレイア{ESC}WT}1~さんを \nたすけられるわ！{13}
romdata/DT/GM_DT_EVTMSG2.FBC.z	DT_EVTMSG2.FBC/dt_EVTMSG2.txtbin	328	utf-8	おねがい！　{ESC}GR}1~チョコボ{ESC}WT}1~！ \n{ESC}GR}1~ラファエロ{ESC}WT}1~を　たすけて！{13}
romdata/DT/GM_DT_EVTMSG2.FBC.z	DT_EVTMSG2.FBC/dt_EVTMSG2.txtbin	329	utf-8	あら　{ESC}GR}1~チョコボ{ESC}WT}1~！ \nここは街の{ESC}BL}1~商業区{ESC}WT}1~よ！ \nお魚に　お薬　お花もあるの{13}
romdata/DT/GM_DT_EVTMSG2.FBC.z	DT_EVTMSG2.FBC/dt_EVTMSG2.txtbin	330	utf-8	でも　{ESC}GR}1~ラファエロ{ESC}WT}1~のこと \nだれもしらないの \n…ほかのばしょなのかなぁ{13}
romdata/DT/GM_DT_EVTMSG2.FBC.z	DT_EVTMSG2.FBC/dt_EVTMSG2.txtbin	331	utf-8	あら　{ESC}GR}1~チョコボ{ESC}WT}1~！ \nここは{ESC}BL}1~海浜公園{ESC}WT}1~よ！ \nしおかぜがきもちいいでしょ！{13}
romdata/DT/GM_DT_EVTMSG2.FBC.z	DT_EVTMSG2.FBC/dt_EVTMSG2.txtbin	332	utf-8	{ESC}GR}1~ラファエロ{ESC}WT}1~はいないみたいね \nわたし　ほかをさがしてみるわ！ \nまたね　{ESC}GR}1~チョコボ{ESC}WT}1~！{13}
romdata/DT/GM_DT_EVTMSG2.FBC.z	DT_EVTMSG2.FBC/dt_EVTMSG2.txtbin	333	utf-8	あら　{ESC}GR}1~チョコボ{ESC}WT}1~ \nここは{ESC}GR}1~ダードラー{ESC}WT}1~さんのレストランよ \nテラスでのむココアはさいこうよ！{13}
romdata/DT/GM_DT_EVTMSG2.FBC.z	DT_EVTMSG2.FBC/dt_EVTMSG2.txtbin	334	utf-8	入り口はそこなんだけど… \n今は　お休みみたいよ{13}
romdata/DT/GM_DT_EVTMSG2.FBC.z	DT_EVTMSG2.FBC/dt_EVTMSG2.txtbin	335	utf-8	ここにも{ESC}GR}1~ラファエロ{ESC}WT}1~はいないみたいね \nわたし　ほかをさがしてみるわ！ \nまたね　{ESC}GR}1~チョコボ{ESC}WT}1~！{13}
romdata/DT/GM_DT_EVTMSG2.FBC.z	DT_EVTMSG2.FBC/dt_EVTMSG2.txtbin	336	utf-8	{ESC}GR}1~チョコボ{ESC}WT}1~！　ここはね \n{ESC}BL}1~あずかりじょ{ESC}WT}1~よ　{ESC}GR}1~ブラル{ESC}WT}1~さんが \nいろいろものをあずかってくれるわ{13}
romdata/DT/GM_DT_EVTMSG2.FBC.z	DT_EVTMSG2.FBC/dt_EVTMSG2.txtbin	337	utf-8	{ESC}GR}1~ラファエロ{ESC}WT}1~はいないみたいね \nわたし　ほかをさがしてみるわ！ \nまたね　{ESC}GR}1~チョコボ{ESC}WT}1~！{13}
romdata/DT/GM_DT_EVTMSG2.FBC.z	DT_EVTMSG2.FBC/dt_EVTMSG2.txtbin	338	utf-8	…{ESC}GR}1~ラファエロ{ESC}WT}1~がみつかりますように… \n{ESC}GR}1~チョコボ{ESC}WT}1~も　おいのりにきたの？ \nここは{ESC}BL}1~教会{ESC}WT}1~よ！{13}
romdata/DT/GM_DT_EVTMSG2.FBC.z	DT_EVTMSG2.FBC/dt_EVTMSG2.txtbin	339	utf-8	{ESC}GR}1~ローチェ{ESC}WT}1~神父さまは \n呪いをといてくださるのよ！ \nでも…ここにもいないみたい{13}
romdata/DT/GM_DT_EVTMSG2.FBC.z	DT_EVTMSG2.FBC/dt_EVTMSG2.txtbin	340	utf-8	あ　{ESC}GR}1~チョコボ{ESC}WT}1~ \nここは{ESC}BL}1~時計塔広場{ESC}WT}1~よ \nこのふんすいがめじるしね！{13}
romdata/DT/GM_DT_EVTMSG2.FBC.z	DT_EVTMSG2.FBC/dt_EVTMSG2.txtbin	341	utf-8	でも　どうやらここにもいないわ… \nあとは{ESC}BL}1~鉱山区{ESC}WT}1~と{ESC}BL}1~居住区{ESC}WT}1~かしら \nじゃ　またね！　{ESC}GR}1~チョコボ{ESC}WT}1~{13}
romdata/DT/GM_DT_EVTMSG2.FBC.z	DT_EVTMSG2.FBC/dt_EVTMSG2.txtbin	342	utf-8	{ESC}GR}1~ラファエロ{ESC}WT}1~は \n街にいっちゃったのかねぇ{13}
romdata/DT/GM_DT_EVTMSG2.FBC.z	DT_EVTMSG2.FBC/dt_EVTMSG2.txtbin	343	utf-8	おや　{ESC}GR}1~チョコボ{ESC}WT}1~！ \n{ESC}GR}1~ラファエロ{ESC}WT}1~は \n{ESC}BL}1~鉱山区{ESC}WT}1~にいたのかい！{13}
romdata/DT/GM_DT_EVTMSG2.FBC.z	DT_EVTMSG2.FBC/dt_EVTMSG2.txtbin	344	utf-8	{ESC}GR}1~ラファエロ{ESC}WT}1~は… \nここにも　いないみたいだねぇ{13}
romdata/DT/GM_DT_EVTMSG2.FBC.z	DT_EVTMSG2.FBC/dt_EVTMSG2.txtbin	345	utf-8	クピピ…{13}
romdata/DT/GM_DT_EVTMSG2.FBC.z	DT_EVTMSG2.FBC/dt_EVTMSG2.txtbin	346	utf-8	キュルル？{13}
romdata/DT/GM_DT_EVTMSG2.FBC.z	DT_EVTMSG2.FBC/dt_EVTMSG2.txtbin	347	utf-8	ん？　これかい？ \nこれは{ESC}BL}1~きかんしゃ{ESC}WT}1~だよ{13}
romdata/DT/GM_DT_EVTMSG2.FBC.z	DT_EVTMSG2.FBC/dt_EVTMSG2.txtbin	348	utf-8	いつから　ここにあるのか \nどうしてここにあるのか \nぜんぜんわからないんだけどね{13}
romdata/DT/GM_DT_EVTMSG2.FBC.z	DT_EVTMSG2.FBC/dt_EVTMSG2.txtbin	349	utf-8	なんだか \nこれを見てると \n気分が　おちつくんだよねぇ{13}
romdata/DT/GM_DT_EVTMSG2.FBC.z	DT_EVTMSG2.FBC/dt_EVTMSG2.txtbin	350	utf-8	キュウ！{13}
romdata/DT/GM_DT_EVTMSG2.FBC.z	DT_EVTMSG2.FBC/dt_EVTMSG2.txtbin	351	utf-8	おや？　{ESC}GR}1~チョコボ{ESC}WT}1~ \nあんたも　そう思うのかい？ \nじゃあ　あたしと　おんなじだね{13}
romdata/DT/GM_DT_EVTMSG2.FBC.z	DT_EVTMSG2.FBC/dt_EVTMSG2.txtbin	352	utf-8	さて　ほかの　ところを \nさがしてみようかね{13}
romdata/DT/GM_DT_EVTMSG2.FBC.z	DT_EVTMSG2.FBC/dt_EVTMSG2.txtbin	353	utf-8	ここにも　いないねぇ… \nおや　{ESC}GR}1~チョコボ{ESC}WT}1~！{13}
romdata/DT/GM_DT_EVTMSG2.FBC.z	DT_EVTMSG2.FBC/dt_EVTMSG2.txtbin	354	utf-8	クピピ…{13}
romdata/DT/GM_DT_EVTMSG2.FBC.z	DT_EVTMSG2.FBC/dt_EVTMSG2.txtbin	355	utf-8	ん？　きれいな{ESC}BL}1~小川{ESC}WT}1~だろ？ \n魚もたくさん　 \nおよいでるんだよ{13}
romdata/DT/GM_DT_EVTMSG2.FBC.z	DT_EVTMSG2.FBC/dt_EVTMSG2.txtbin	356	utf-8	キュピーー！！{13}
romdata/DT/GM_DT_EVTMSG2.FBC.z	DT_EVTMSG2.FBC/dt_EVTMSG2.txtbin	357	utf-8	{ESC}GR}1~シロマ{ESC}WT}1~が　小さいころは \nよく　魚つりをしてたもんさ \nなつかしいねぇ…{13}
romdata/DT/GM_DT_EVTMSG2.FBC.z	DT_EVTMSG2.FBC/dt_EVTMSG2.txtbin	358	utf-8	キュルル？{13}
romdata/DT/GM_DT_EVTMSG2.FBC.z	DT_EVTMSG2.FBC/dt_EVTMSG2.txtbin	359	utf-8	あたしかい？　 \nあたしは　見てるだけさ \n魚つりは　にがてなんだよ{13}
romdata/DT/GM_DT_EVTMSG2.FBC.z	DT_EVTMSG2.FBC/dt_EVTMSG2.txtbin	360	utf-8	キュウ！{13}
romdata/DT/GM_DT_EVTMSG2.FBC.z	DT_EVTMSG2.FBC/dt_EVTMSG2.txtbin	361	utf-8	え？　あんたといっしょにかい？ \nふふっ　そうだね　こんど \nいっしょに　やってみようかね{13}
romdata/DT/GM_DT_EVTMSG2.FBC.z	DT_EVTMSG2.FBC/dt_EVTMSG2.txtbin	362	utf-8	さて　ほかの　ところを \nさがしてみようかね{13}
romdata/DT/GM_DT_EVTMSG2.FBC.z	DT_EVTMSG2.FBC/dt_EVTMSG2.txtbin	363	utf-8	おや　{ESC}GR}1~チョコボ{ESC}WT}1~！ \n{ESC}GR}1~ラファエロ{ESC}WT}1~は　ここであそんでると　 \n思ったのにねぇ…{13}
romdata/DT/GM_DT_EVTMSG2.FBC.z	DT_EVTMSG2.FBC/dt_EVTMSG2.txtbin	364	utf-8	クピピ…{13}
romdata/DT/GM_DT_EVTMSG2.FBC.z	DT_EVTMSG2.FBC/dt_EVTMSG2.txtbin	365	utf-8	そういや　{ESC}GR}1~チョコボ{ESC}WT}1~ \nここの　どうぶつたちとは \nなかよくなれたのかい？{13}
romdata/DT/GM_DT_EVTMSG2.FBC.z	DT_EVTMSG2.FBC/dt_EVTMSG2.txtbin	366	utf-8	キュキュキュ！{13}
romdata/DT/GM_DT_EVTMSG2.FBC.z	DT_EVTMSG2.FBC/dt_EVTMSG2.txtbin	367	utf-8	そうかい　よかったねぇ！ \n{ESC}GR}1~シロマ{ESC}WT}1~もね　どうぶつたちとは \nすぐに　なかよくなってね{13}
romdata/DT/GM_DT_EVTMSG2.FBC.z	DT_EVTMSG2.FBC/dt_EVTMSG2.txtbin	368	utf-8	もともと　明るい子だから \nあいてが　人でもどうぶつでも \n心をひらくんだろうね{13}
romdata/DT/GM_DT_EVTMSG2.FBC.z	DT_EVTMSG2.FBC/dt_EVTMSG2.txtbin	369	utf-8	あんたも　そうだろ？ \nすっかり　{ESC}GR}1~シロマ{ESC}WT}1~と \nなかよしだもんね{13}
romdata/DT/GM_DT_EVTMSG2.FBC.z	DT_EVTMSG2.FBC/dt_EVTMSG2.txtbin	370	utf-8	キュキュキュ！{13}
romdata/DT/GM_DT_EVTMSG2.FBC.z	DT_EVTMSG2.FBC/dt_EVTMSG2.txtbin	371	utf-8	さて　ほかの　ところを \nさがしてみようかね{13}
romdata/DT/GM_DT_EVTMSG2.FBC.z	DT_EVTMSG2.FBC/dt_EVTMSG2.txtbin	372	utf-8	おや　{ESC}GR}1~チョコボ{ESC}WT}1~！　{ESC}GR}1~ラファエロ{ESC}WT}1~は \nどこにいっちまったんだろうねぇ？ \nしんぱいだねぇ…{13}
romdata/DT/GM_DT_EVTMSG2.FBC.z	DT_EVTMSG2.FBC/dt_EVTMSG2.txtbin	373	utf-8	クピピ…{13}
romdata/DT/GM_DT_EVTMSG2.FBC.z	DT_EVTMSG2.FBC/dt_EVTMSG2.txtbin	374	utf-8	あんたも　しんぱいかい？ \n{ESC}GR}1~シロマ{ESC}WT}1~か{ESC}GR}1~シド{ESC}WT}1~さんが \n見つけてくれてればいいけど…{13}
romdata/DT/GM_DT_EVTMSG2.FBC.z	DT_EVTMSG2.FBC/dt_EVTMSG2.txtbin	375	utf-8	キュルル？{13}
romdata/DT/GM_DT_EVTMSG2.FBC.z	DT_EVTMSG2.FBC/dt_EVTMSG2.txtbin	376	utf-8	ん？　あれかい？ \nあれは　この{ESC}BL}1~ステラ牧場{ESC}WT}1~を \n見守ってくれてる　女神さまさ{13}
romdata/DT/GM_DT_EVTMSG2.FBC.z	DT_EVTMSG2.FBC/dt_EVTMSG2.txtbin	377	utf-8	あたしたちが \nケガもなく　くらせるのは \n女神さまのおかげじゃないかね{13}
romdata/DT/GM_DT_EVTMSG2.FBC.z	DT_EVTMSG2.FBC/dt_EVTMSG2.txtbin	378	utf-8	キュキュキュ！{13}
romdata/DT/GM_DT_EVTMSG2.FBC.z	DT_EVTMSG2.FBC/dt_EVTMSG2.txtbin	379	utf-8	うふふ　ちゃんと \n毎日　かんしゃするんだよ？ \nここで　水あびしてもいいからね{13}
romdata/DT/GM_DT_EVTMSG2.FBC.z	DT_EVTMSG2.FBC/dt_EVTMSG2.txtbin	380	utf-8	キュウ！{13}
romdata/DT/GM_DT_EVTMSG2.FBC.z	DT_EVTMSG2.FBC/dt_EVTMSG2.txtbin	381	utf-8	さて　ほかの　ところを \nさがしてみようかね{13}
romdata/DT/GM_DT_EVTMSG2.FBC.z	DT_EVTMSG2.FBC/dt_EVTMSG2.txtbin	382	utf-8	おや　{ESC}GR}1~チョコボ{ESC}WT}1~さん \nあの{ESC}GR}1~ラファエロ{ESC}WT}1~というのは \nふしぎな　こどもですなぁ{13}
romdata/DT/GM_DT_EVTMSG2.FBC.z	DT_EVTMSG2.FBC/dt_EVTMSG2.txtbin	383	utf-8	おや　{ESC}GR}1~チョコボ{ESC}WT}1~さん \n火の力が　もどりました！ \nまさに　おつげのとおり…ですね{13}
romdata/DT/GM_DT_EVTMSG2.FBC.z	DT_EVTMSG2.FBC/dt_EVTMSG2.txtbin	384	utf-8	ああ　{ESC}GR}1~チョコボ{ESC}WT}1~さん \nあなたのすすむ道に \n神のしゅくふくがあらんことを！{13}
romdata/DT/GM_DT_EVTMSG2.FBC.z	DT_EVTMSG2.FBC/dt_EVTMSG2.txtbin	385	utf-8	おや　いらっしゃい \nアツいココアはいかがですか？{13}
romdata/DT/GM_DT_EVTMSG2.FBC.z	DT_EVTMSG2.FBC/dt_EVTMSG2.txtbin	386	utf-8	いらっしゃい・いらっしゃい！ \n魚を持ってきたら \n高く買い取るぜ！{13}
romdata/DT/GM_DT_EVTMSG2.FBC.z	DT_EVTMSG2.FBC/dt_EVTMSG2.txtbin	387	utf-8	いらっしゃい・いらっしゃい！ \nなんか爆発する音がきこえたぞ！ \nだいじょうぶなのかよ{13}
romdata/DT/GM_DT_EVTMSG2.FBC.z	DT_EVTMSG2.FBC/dt_EVTMSG2.txtbin	388	utf-8	{ESC}BL}1~フローラの花屋{ESC}WT}1~へようこそ \n{ESC}YL}1~ふしぎなタネ{ESC}WT}1~はどうだい？{13}
romdata/DT/GM_DT_EVTMSG2.FBC.z	DT_EVTMSG2.FBC/dt_EVTMSG2.txtbin	389	utf-8	{ESC}BL}1~フローラの花屋{ESC}WT}1~へようこそ \n{ESC}BL}1~鉱山区{ESC}WT}1~で爆発があったのかい？ \nふあんだねぇ{13}
romdata/DT/GM_DT_EVTMSG2.FBC.z	DT_EVTMSG2.FBC/dt_EVTMSG2.txtbin	390	utf-8	ようこそ　{ESC}BL}1~薬屋{ESC}WT}1~へ！ \n天才{ESC}GR}1~メディット{ESC}WT}1~さまの薬は \nよくきくぜ！{13}
romdata/DT/GM_DT_EVTMSG2.FBC.z	DT_EVTMSG2.FBC/dt_EVTMSG2.txtbin	392	utf-8	{ESC}BL}1~ハリーの店{ESC}WT}1~へようこそ！ \n{ESC}GR}1~フレイア{ESC}WT}1~さんに \nなにがおきたんだ？{13}
romdata/DT/GM_DT_EVTMSG2.FBC.z	DT_EVTMSG2.FBC/dt_EVTMSG2.txtbin	393	utf-8	{ESC}BL}1~ハリーの店{ESC}WT}1~へようこそ！ \n爆発で店が吹っ飛ばなくて \nよかったぜ！{13}
romdata/DT/GM_DT_EVTMSG2.FBC.z	DT_EVTMSG2.FBC/dt_EVTMSG2.txtbin	394	utf-8	よぉー　{ESC}GR}1~チョコボー{ESC}WT}1~ \n{ESC}GR}1~フレイア{ESC}WT}1~には会ったかい？ \nきれいな人だぜー{13}
romdata/DT/GM_DT_EVTMSG2.FBC.z	DT_EVTMSG2.FBC/dt_EVTMSG2.txtbin	395	utf-8	よぉー　{ESC}GR}1~チョコボー{ESC}WT}1~ \n{ESC}GR}1~シロマ{ESC}WT}1~は　どこだー？ \nあの子もかわいいよなー{13}
romdata/DT/GM_DT_EVTMSG2.FBC.z	DT_EVTMSG2.FBC/dt_EVTMSG2.txtbin	396	utf-8	ねぇ　あんた知ってるかい？ \n{ESC}GR}1~フレイア{ESC}WT}1~って女を！ \nいつも元気な女さ！{13}
romdata/DT/GM_DT_EVTMSG2.FBC.z	DT_EVTMSG2.FBC/dt_EVTMSG2.txtbin	397	utf-8	ねぇ　あんた知ってるかい？ \n{ESC}BL}1~鉱山区{ESC}WT}1~で　爆発が \nあったみたいだってことを！{13}
romdata/DT/GM_DT_EVTMSG2.FBC.z	DT_EVTMSG2.FBC/dt_EVTMSG2.txtbin	398	utf-8	チュウ！　{ESC}GR}1~チョコボ{ESC}WT}1~！ \nじつは　いろんなところを \nしらべられるでチュウ！{13}
romdata/DT/GM_DT_EVTMSG2.FBC.z	DT_EVTMSG2.FBC/dt_EVTMSG2.txtbin	399	utf-8	きっといいことが　あるでチュウ！ \nたくさん　しらべてみるでチュウ！{13}
romdata/DT/GM_DT_EVTMSG2.FBC.z	DT_EVTMSG2.FBC/dt_EVTMSG2.txtbin	400	utf-8	チュウ！　{ESC}GR}1~チョコボ{ESC}WT}1~！ \nオイラ　火のダンジョンに \n入ってみたでチュウ！{13}
romdata/DT/GM_DT_EVTMSG2.FBC.z	DT_EVTMSG2.FBC/dt_EVTMSG2.txtbin	401	utf-8	わかったことがあるでチュウ！ \n火のダンジョンは　１０かいまで！ \nそこから先は進めないでチュウ！{13}
romdata/DT/GM_DT_EVTMSG2.FBC.z	DT_EVTMSG2.FBC/dt_EVTMSG2.txtbin	402	utf-8	そういえば　{ESC}GR}1~アムーリ{ESC}WT}1~さんは \nこの街に　なれたでしょうか{13}
romdata/DT/GM_DT_EVTMSG2.FBC.z	DT_EVTMSG2.FBC/dt_EVTMSG2.txtbin	403	utf-8	キュルル？{13}
romdata/DT/GM_DT_EVTMSG2.FBC.z	DT_EVTMSG2.FBC/dt_EVTMSG2.txtbin	404	utf-8	この街に{ESC}GR}1~アムーリ{ESC}WT}1~さんという \nじょせいの方が　いるのですよ \nなにかと　しんぱいで…{13}
romdata/DT/GM_DT_EVTMSG2.FBC.z	DT_EVTMSG2.FBC/dt_EVTMSG2.txtbin	405	utf-8	そういえば　{ESC}GR}1~アムーリ{ESC}WT}1~さんは \nいつごろからこの街に \nすんでいるんでしたっけ？{13}
romdata/DT/GM_DT_EVTMSG2.FBC.z	DT_EVTMSG2.FBC/dt_EVTMSG2.txtbin	406	utf-8	…おや？　どうやら忘れたようです \nこういう話は \n{ESC}GR}1~ダードラー{ESC}WT}1~がくわしいですよ{13}
romdata/DT/GM_DT_EVTMSG2.FBC.z	DT_EVTMSG2.FBC/dt_EVTMSG2.txtbin	407	utf-8	{ESC}GR}1~アムーリ{ESC}WT}1~さんですか？ \nかわいらしい　人ですよね{13}
romdata/DT/GM_DT_EVTMSG2.FBC.z	DT_EVTMSG2.FBC/dt_EVTMSG2.txtbin	408	utf-8	いつからいたのかは　覚えていません \nほかの人…{ESC}GR}1~ディクト{ESC}WT}1~あたりに \nきいてみてください{13}
romdata/DT/GM_DT_EVTMSG2.FBC.z	DT_EVTMSG2.FBC/dt_EVTMSG2.txtbin	409	utf-8	キュウ！{13}
romdata/DT/GM_DT_EVTMSG2.FBC.z	DT_EVTMSG2.FBC/dt_EVTMSG2.txtbin	410	utf-8	{ESC}GR}1~アムーリ{ESC}WT}1~さん？　ああ！ \nスタイルバツグンの \nきれいな人だろー？{13}
romdata/DT/GM_DT_EVTMSG2.FBC.z	DT_EVTMSG2.FBC/dt_EVTMSG2.txtbin	411	utf-8	赤いかみと　あのびぼうで \nオレはもう　メロメロさー{13}
romdata/DT/GM_DT_EVTMSG2.FBC.z	DT_EVTMSG2.FBC/dt_EVTMSG2.txtbin	412	utf-8	あー　でも今どこにいるんだっけ？ \n思い出せないなー \nなんでかなー{13}
romdata/DT/GM_DT_EVTMSG2.FBC.z	DT_EVTMSG2.FBC/dt_EVTMSG2.txtbin	413	utf-8	{ESC}GR}1~イルマ…{ESC}WT}1~ \nいったいどこに…{13}
romdata/DT/GM_DT_EVTMSG2.FBC.z	DT_EVTMSG2.FBC/dt_EVTMSG2.txtbin	414	utf-8	あまり　人間を \nたよりたくは　ないが… \nきいてまわるしかないか{13}
romdata/DT/GM_DT_EVTMSG2.FBC.z	DT_EVTMSG2.FBC/dt_EVTMSG2.txtbin	415	utf-8	人間にきいても \nわからないよ！{13}
romdata/DT/GM_DT_EVTMSG2.FBC.z	DT_EVTMSG2.FBC/dt_EVTMSG2.txtbin	416	utf-8	お前は？{13}
romdata/DT/GM_DT_EVTMSG2.FBC.z	DT_EVTMSG2.FBC/dt_EVTMSG2.txtbin	417	utf-8	オレは　{ESC}GR}1~ラン{ESC}WT}1~！ \n{ESC}BL}1~鉱山区{ESC}WT}1~を　なわばりにしてるんだ{13}
romdata/DT/GM_DT_EVTMSG2.FBC.z	DT_EVTMSG2.FBC/dt_EVTMSG2.txtbin	418	utf-8	何か知っているのか？{13}
romdata/DT/GM_DT_EVTMSG2.FBC.z	DT_EVTMSG2.FBC/dt_EVTMSG2.txtbin	419	utf-8	{ESC}GR}1~イルマ{ESC}WT}1~って人のことは知らないな \nけど　人間は記憶をなくしてしまう \nってことは知っているぜ{13}
romdata/DT/GM_DT_EVTMSG2.FBC.z	DT_EVTMSG2.FBC/dt_EVTMSG2.txtbin	420	utf-8	そして \nオレたち　どうぶつは \n記憶を　うしなわないのさ！{13}
romdata/DT/GM_DT_EVTMSG2.FBC.z	DT_EVTMSG2.FBC/dt_EVTMSG2.txtbin	421	utf-8	つまり　お前のような \nどうぶつたちに　きけと？{13}
romdata/DT/GM_DT_EVTMSG2.FBC.z	DT_EVTMSG2.FBC/dt_EVTMSG2.txtbin	422	utf-8	そうだよ！{13}
romdata/DT/GM_DT_EVTMSG2.FBC.z	DT_EVTMSG2.FBC/dt_EVTMSG2.txtbin	423	utf-8	では　ほかの \nどうぶつたちと　話してみよう \nかんしゃする！{13}
romdata/DT/GM_DT_EVTMSG2.FBC.z	DT_EVTMSG2.FBC/dt_EVTMSG2.txtbin	424	utf-8	{ESC}GR}1~あかちゃん{ESC}WT}1~だから \nそんなにとおくに　いけない \nはずなんだけどねぇ{13}
romdata/DT/GM_DT_EVTMSG2.FBC.z	DT_EVTMSG2.FBC/dt_EVTMSG2.txtbin	425	utf-8	おや　{ESC}GR}1~チョコボ{ESC}WT}1~ \nこっちにも　いなかったかい？ \n外に出ると　あぶないのにねぇ{13}
romdata/DT/GM_DT_EVTMSG2.FBC.z	DT_EVTMSG2.FBC/dt_EVTMSG2.txtbin	426	utf-8	クピピ…{13}
romdata/DT/GM_DT_EVTMSG2.FBC.z	DT_EVTMSG2.FBC/dt_EVTMSG2.txtbin	427	utf-8	さて　ほかの　ところを \nさがしてみようかね{13}
romdata/DT/GM_DT_EVTMSG2.FBC.z	DT_EVTMSG2.FBC/dt_EVTMSG2.txtbin	428	utf-8	おや　{ESC}GR}1~チョコボ{ESC}WT}1~！　 \nやっぱり　ここにもいないねぇ{13}
romdata/DT/GM_DT_EVTMSG2.FBC.z	DT_EVTMSG2.FBC/dt_EVTMSG2.txtbin	429	utf-8	クピピ…{13}
romdata/DT/GM_DT_EVTMSG2.FBC.z	DT_EVTMSG2.FBC/dt_EVTMSG2.txtbin	430	utf-8	まぁ　しょうがないよ！ \nほかを　さがそ！{13}
romdata/DT/GM_DT_EVTMSG2.FBC.z	DT_EVTMSG2.FBC/dt_EVTMSG2.txtbin	431	utf-8	クポ！　モグはモーグリクポ！ \nよろしくクポ！{13}
romdata/DT/GM_DT_EVTMSG2.FBC.z	DT_EVTMSG2.FBC/dt_EVTMSG2.txtbin	432	utf-8	クポ！　{ESC}GR}1~チョコボ{ESC}WT}1~！　 \nそこらへんにある　きかいは \nしらべたクポ？{13}
romdata/DT/GM_DT_EVTMSG2.FBC.z	DT_EVTMSG2.FBC/dt_EVTMSG2.txtbin	433	utf-8	なんと　{ESC}RD}1~ポップアップデュエル{ESC}WT}1~が \nあそべるクポ！ \nぜひ　やってみるクポ！{13}
romdata/DT/GM_DT_EVTMSG2.FBC.z	DT_EVTMSG2.FBC/dt_EVTMSG2.txtbin	434	utf-8	たいへんだ！　たいへんだぞ！ \n街中の火がきえちまったぞ！ \nって　お前見かけない顔だな{13}
romdata/DT/GM_DT_EVTMSG2.FBC.z	DT_EVTMSG2.FBC/dt_EVTMSG2.txtbin	435	utf-8	オレは{ESC}GR}1~アル{ESC}WT}1~！　この{ESC}BL}1~時忘れの街{ESC}WT}1~の \nへいわを守るためにパトロールを \nするのがしごとだ！{13}
romdata/DT/GM_DT_EVTMSG2.FBC.z	DT_EVTMSG2.FBC/dt_EVTMSG2.txtbin	436	utf-8	ここで会ったのも何かのえんだ！ \nよろしくな！{13}
romdata/DT/GM_DT_EVTMSG2.FBC.z	DT_EVTMSG2.FBC/dt_EVTMSG2.txtbin	437	utf-8	たいへんだ！　たいへんだぞ！ \n街中の火がきえちまったぞ！　 \n一体何が　げんいんなんだ！？{13}
romdata/DT/GM_DT_EVTMSG2.FBC.z	DT_EVTMSG2.FBC/dt_EVTMSG2.txtbin	438	utf-8	たいへんだ！　たいへんだぞ！ \n空からたまごがふってきた！{13}
romdata/DT/GM_DT_EVTMSG2.FBC.z	DT_EVTMSG2.FBC/dt_EVTMSG2.txtbin	439	utf-8	{ESC}GR}1~あかんぼう{ESC}WT}1~は{ESC}GR}1~シロマ{ESC}WT}1~が \n{ESC}BL}1~ステラ牧場{ESC}WT}1~にもってったぞ！ \nあいつ何者なんだ？{13}
romdata/DT/GM_DT_EVTMSG2.FBC.z	DT_EVTMSG2.FBC/dt_EVTMSG2.txtbin	440	utf-8	たいへんだ！　たいへんだぞ！ \n空飛ぶ　{ESC}GR}1~あかんぼう{ESC}WT}1~だ！ \n{ESC}BL}1~鉱山区{ESC}WT}1~の方に飛んでいったぞ！{13}
romdata/DT/GM_DT_EVTMSG2.FBC.z	DT_EVTMSG2.FBC/dt_EVTMSG2.txtbin	441	utf-8	たいへんだ！　たいへんだぞ！ \n街に火の力がもどったぞ！ \nでも　どうして　もどったんだ？{13}
romdata/DT/GM_DT_EVTMSG2.FBC.z	DT_EVTMSG2.FBC/dt_EVTMSG2.txtbin	442	utf-8	たいへんだ！　たいへんだぞ！ \n{ESC}BL}1~フエゴ鉱山{ESC}WT}1~のおくが \nすげーことになったぞ！{13}
romdata/DT/GM_DT_EVTMSG2.FBC.z	DT_EVTMSG2.FBC/dt_EVTMSG2.txtbin	443	utf-8	たいへんだ！　たいへんだぞ！　 \nあのふしぎな　{ESC}GR}1~あかんぼう…{ESC}WT}1~ \nどこかにはしってったぞ！{13}
romdata/DT/GM_DT_EVTMSG2.FBC.z	DT_EVTMSG2.FBC/dt_EVTMSG2.txtbin	444	utf-8	たいへんだ！　たいへんだぞ！ \n街にあるふんすいが \nすげーことになってるぞ！{13}
romdata/DT/GM_DT_EVTMSG2.FBC.z	DT_EVTMSG2.FBC/dt_EVTMSG2.txtbin	445	utf-8	たいへんだ！　たいへんだぞ！ \n{ESC}BL}1~ダードラーの店{ESC}WT}1~の　{ESC}GR}1~メーア{ESC}WT}1~が \nやけにおちこんでるぞ！{13}
romdata/DT/GM_DT_EVTMSG2.FBC.z	DT_EVTMSG2.FBC/dt_EVTMSG2.txtbin	446	utf-8	たいへんだ！　たいへんだぞ！ \nふんすいが元にもどったんだ！ \nきれいな水のにおいだぞ！{13}
romdata/DT/GM_DT_EVTMSG2.FBC.z	DT_EVTMSG2.FBC/dt_EVTMSG2.txtbin	447	utf-8	たいへんだ！　たいへんだぞ！ \nまた　あの{ESC}GR}1~ラファエロ{ESC}WT}1~が \nでかくなったぞ！{13}
romdata/DT/GM_DT_EVTMSG2.FBC.z	DT_EVTMSG2.FBC/dt_EVTMSG2.txtbin	448	utf-8	たいへんだ！　たいへんだぞ！ \nそらがきゅうに明るくなったぞ！ \n{ESC}GR}1~チョコボ{ESC}WT}1~ってヤツのおかげだ！{13}
romdata/DT/GM_DT_EVTMSG2.FBC.z	DT_EVTMSG2.FBC/dt_EVTMSG2.txtbin	449	utf-8	たいへんだ！たいへんだぞ！ \n街にアクマがあらわれた！ \nこの世はもうおしまいだ！{13}
romdata/DT/GM_DT_EVTMSG2.FBC.z	DT_EVTMSG2.FBC/dt_EVTMSG2.txtbin	450	utf-8	たいへんだ！　たいへんだぞ！ \n{ESC}BL}1~時忘れの街{ESC}WT}1~が　{ESC}BL}1~時刻みの街{ESC}WT}1~に \nなったぞ！{13}
romdata/DT/GM_DT_EVTMSG2.FBC.z	DT_EVTMSG2.FBC/dt_EVTMSG2.txtbin	451	utf-8	オレは　{ESC}GR}1~ラン{ESC}WT}1~！ \nこのへんのことなら \nなんでも　オレにきいてくれよな{13}
romdata/DT/GM_DT_EVTMSG2.FBC.z	DT_EVTMSG2.FBC/dt_EVTMSG2.txtbin	452	utf-8	この{ESC}BL}1~鉱山区{ESC}WT}1~には　 \n{ESC}GR}1~フレイア{ESC}WT}1~さんのかじやと \n{ESC}GR}1~ハリー{ESC}WT}1~さんのどうぐやがあるんだ{13}
romdata/DT/GM_DT_EVTMSG2.FBC.z	DT_EVTMSG2.FBC/dt_EVTMSG2.txtbin	453	utf-8	{ESC}BL}1~ハリーの店{ESC}WT}1~で{ESC}RD}1~カバン{ESC}WT}1~を買えば \nもっとたくさんのアイテムを \nもてるようになるんだ{13}
romdata/DT/GM_DT_EVTMSG2.FBC.z	DT_EVTMSG2.FBC/dt_EVTMSG2.txtbin	454	utf-8	店に売ってるアイテムってのは \nちょくちょく　かわるから \nつねにチェックをしておけよ{13}
romdata/DT/GM_DT_EVTMSG2.FBC.z	DT_EVTMSG2.FBC/dt_EVTMSG2.txtbin	455	utf-8	ここんとこ　じけんがおおいよな \nこういうときこそ \nしょうばいのチャンスさ！{13}
romdata/DT/GM_DT_EVTMSG2.FBC.z	DT_EVTMSG2.FBC/dt_EVTMSG2.txtbin	456	utf-8	なんかもうダメっぽいな \nせんでんしても　売れないんだ \nでもお前は　かってくれるよな！{13}
romdata/DT/GM_DT_EVTMSG2.FBC.z	DT_EVTMSG2.FBC/dt_EVTMSG2.txtbin	457	utf-8	なぁ　きいてくれよ！ \nオレさ　{ESC}GR}1~ハリー{ESC}WT}1~さんふうふに \nおせわになってるんだ{13}
romdata/DT/GM_DT_EVTMSG2.FBC.z	DT_EVTMSG2.FBC/dt_EVTMSG2.txtbin	458	utf-8	これも　地道なせんでんと \nお前がいっぱい買いものしてくれた \nおかげだ！　ありがとな！！{13}
romdata/DT/GM_DT_EVTMSG3.FBC.z	DT_EVTMSG3.FBC/dt_EVTMSG3.txtbin	0	utf-8	チョコボ\n
romdata/DT/GM_DT_EVTMSG3.FBC.z	DT_EVTMSG3.FBC/dt_EVTMSG3.txtbin	1	utf-8	シロマ\n
romdata/DT/GM_DT_EVTMSG3.FBC.z	DT_EVTMSG3.FBC/dt_EVTMSG3.txtbin	2	utf-8	クロマ\n
romdata/DT/GM_DT_EVTMSG3.FBC.z	DT_EVTMSG3.FBC/dt_EVTMSG3.txtbin	3	utf-8	ラファエロ
romdata/DT/GM_DT_EVTMSG3.FBC.z	DT_EVTMSG3.FBC/dt_EVTMSG3.txtbin	5	utf-8	シド\n
romdata/DT/GM_DT_EVTMSG3.FBC.z	DT_EVTMSG3.FBC/dt_EVTMSG3.txtbin	6	utf-8	イルマ\n
romdata/DT/GM_DT_EVTMSG3.FBC.z	DT_EVTMSG3.FBC/dt_EVTMSG3.txtbin	7	utf-8	アムーリ
romdata/DT/GM_DT_EVTMSG3.FBC.z	DT_EVTMSG3.FBC/dt_EVTMSG3.txtbin	8	utf-8	ヴォルグ
romdata/DT/GM_DT_EVTMSG3.FBC.z	DT_EVTMSG3.FBC/dt_EVTMSG3.txtbin	9	utf-8	フレイア
romdata/DT/GM_DT_EVTMSG3.FBC.z	DT_EVTMSG3.FBC/dt_EVTMSG3.txtbin	10	utf-8	メーア
romdata/DT/GM_DT_EVTMSG3.FBC.z	DT_EVTMSG3.FBC/dt_EVTMSG3.txtbin	11	utf-8	ゲイル
romdata/DT/GM_DT_EVTMSG3.FBC.z	DT_EVTMSG3.FBC/dt_EVTMSG3.txtbin	12	utf-8	ステラ
romdata/DT/GM_DT_EVTMSG3.FBC.z	DT_EVTMSG3.FBC/dt_EVTMSG3.txtbin	13	utf-8	ローチェ
romdata/DT/GM_DT_EVTMSG3.FBC.z	DT_EVTMSG3.FBC/dt_EVTMSG3.txtbin	14	utf-8	ダードラー
romdata/DT/GM_DT_EVTMSG3.FBC.z	DT_EVTMSG3.FBC/dt_EVTMSG3.txtbin	15	utf-8	ハリー
romdata/DT/GM_DT_EVTMSG3.FBC.z	DT_EVTMSG3.FBC/dt_EVTMSG3.txtbin	16	utf-8	マリス
romdata/DT/GM_DT_EVTMSG3.FBC.z	DT_EVTMSG3.FBC/dt_EVTMSG3.txtbin	17	utf-8	シャルロット
romdata/DT/GM_DT_EVTMSG3.FBC.z	DT_EVTMSG3.FBC/dt_EVTMSG3.txtbin	18	utf-8	フローラ
romdata/DT/GM_DT_EVTMSG3.FBC.z	DT_EVTMSG3.FBC/dt_EVTMSG3.txtbin	19	utf-8	ハンナ\n
romdata/DT/GM_DT_EVTMSG3.FBC.z	DT_EVTMSG3.FBC/dt_EVTMSG3.txtbin	20	utf-8	メディット
romdata/DT/GM_DT_EVTMSG3.FBC.z	DT_EVTMSG3.FBC/dt_EVTMSG3.txtbin	21	utf-8	ディクト\n
romdata/DT/GM_DT_EVTMSG3.FBC.z	DT_EVTMSG3.FBC/dt_EVTMSG3.txtbin	22	utf-8	ロディ
romdata/DT/GM_DT_EVTMSG3.FBC.z	DT_EVTMSG3.FBC/dt_EVTMSG3.txtbin	23	utf-8	クレア
romdata/DT/GM_DT_EVTMSG3.FBC.z	DT_EVTMSG3.FBC/dt_EVTMSG3.txtbin	24	utf-8	ブラル
romdata/DT/GM_DT_EVTMSG3.FBC.z	DT_EVTMSG3.FBC/dt_EVTMSG3.txtbin	25	utf-8	ドルくん
romdata/DT/GM_DT_EVTMSG3.FBC.z	DT_EVTMSG3.FBC/dt_EVTMSG3.txtbin	26	utf-8	ラン
romdata/DT/GM_DT_EVTMSG3.FBC.z	DT_EVTMSG3.FBC/dt_EVTMSG3.txtbin	27	utf-8	ウェン
romdata/DT/GM_DT_EVTMSG3.FBC.z	DT_EVTMSG3.FBC/dt_EVTMSG3.txtbin	37	utf-8	モーグリ
romdata/DT/GM_DT_EVTMSG3.FBC.z	DT_EVTMSG3.FBC/dt_EVTMSG3.txtbin	38	utf-8	ダンジョンヒーローＸ
romdata/DT/GM_DT_EVTMSG3.FBC.z	DT_EVTMSG3.FBC/dt_EVTMSG3.txtbin	39	utf-8	ロマンチックヒーローＸ
romdata/DT/GM_DT_EVTMSG3.FBC.z	DT_EVTMSG3.FBC/dt_EVTMSG3.txtbin	40	utf-8	商人ヒーローＸ
romdata/DT/GM_DT_EVTMSG3.FBC.z	DT_EVTMSG3.FBC/dt_EVTMSG3.txtbin	42	utf-8	リヴァイアサン
romdata/DT/GM_DT_EVTMSG3.FBC.z	DT_EVTMSG3.FBC/dt_EVTMSG3.txtbin	47	utf-8	　
romdata/DT/GM_DT_EVTMSG3.FBC.z	DT_EVTMSG3.FBC/dt_EVTMSG3.txtbin	48	utf-8	？？？？？\n
romdata/DT/GM_DT_EVTMSG3.FBC.z	DT_EVTMSG3.FBC/dt_EVTMSG3.txtbin	100	utf-8	それにしても　びっくりしたな \nこんなに \n大きくなっちまうなんて…{13}
romdata/DT/GM_DT_EVTMSG3.FBC.z	DT_EVTMSG3.FBC/dt_EVTMSG3.txtbin	101	utf-8	お前　タマゴから出てきたり \nいきなり　大きくなったり \nいったい何者なんだ？{13}
romdata/DT/GM_DT_EVTMSG3.FBC.z	DT_EVTMSG3.FBC/dt_EVTMSG3.txtbin	102	utf-8	え？ \nう　うーんと…{13}
romdata/DT/GM_DT_EVTMSG3.FBC.z	DT_EVTMSG3.FBC/dt_EVTMSG3.txtbin	103	utf-8	何者でもいいさ \n{ESC}GR}1~ラファエロ{ESC}WT}1~は \n{ESC}GR}1~ラファエロ{ESC}WT}1~じゃないか{13}
romdata/DT/GM_DT_EVTMSG3.FBC.z	DT_EVTMSG3.FBC/dt_EVTMSG3.txtbin	104	utf-8	ボク　 \nそとを　もっと \nみたいんだ！{13}
romdata/DT/GM_DT_EVTMSG3.FBC.z	DT_EVTMSG3.FBC/dt_EVTMSG3.txtbin	105	utf-8	え？ \nだいじょうぶ？{13}
romdata/DT/GM_DT_EVTMSG3.FBC.z	DT_EVTMSG3.FBC/dt_EVTMSG3.txtbin	106	utf-8	いいよ　いいよ \n思いっきり　あそんでおいで \nでも　街に　近づかないようにね{13}
romdata/DT/GM_DT_EVTMSG3.FBC.z	DT_EVTMSG3.FBC/dt_EVTMSG3.txtbin	107	utf-8	じゃ　いってくるね！{13}
romdata/DT/GM_DT_EVTMSG3.FBC.z	DT_EVTMSG3.FBC/dt_EVTMSG3.txtbin	108	utf-8	ひとりで \nだいじょうぶかな？{13}
romdata/DT/GM_DT_EVTMSG3.FBC.z	DT_EVTMSG3.FBC/dt_EVTMSG3.txtbin	109	utf-8	男にはなぁ　ひとりで \nたびだたなきゃならない \n日がくるものだぜ！{13}
romdata/DT/GM_DT_EVTMSG3.FBC.z	DT_EVTMSG3.FBC/dt_EVTMSG3.txtbin	110	utf-8	キュルル？{13}
romdata/DT/GM_DT_EVTMSG3.FBC.z	DT_EVTMSG3.FBC/dt_EVTMSG3.txtbin	111	utf-8	…{ESC}GR}1~シド{ESC}WT}1~さん \nむせきにん…{13}
romdata/DT/GM_DT_EVTMSG3.FBC.z	DT_EVTMSG3.FBC/dt_EVTMSG3.txtbin	112	utf-8	…ま　まぁ \nなんにしても　あのぐらいの子は \n外で元気に　あそばないと！{13}
romdata/DT/GM_DT_EVTMSG3.FBC.z	DT_EVTMSG3.FBC/dt_EVTMSG3.txtbin	113	utf-8	…ゴホゴホ　ところで \n{ESC}GR}1~ステラ{ESC}WT}1~さん　{ESC}BL}1~としょかん{ESC}WT}1~って \nどこにあるか　しらないか？{13}
romdata/DT/GM_DT_EVTMSG3.FBC.z	DT_EVTMSG3.FBC/dt_EVTMSG3.txtbin	114	utf-8	オレの　じいさん…{ESC}GR}1~グレン{ESC}WT}1~について \nしらべているところなんだよ{13}
romdata/DT/GM_DT_EVTMSG3.FBC.z	DT_EVTMSG3.FBC/dt_EVTMSG3.txtbin	115	utf-8	うーん　あたしは \n街のことは　よく知らないねぇ…{13}
romdata/DT/GM_DT_EVTMSG3.FBC.z	DT_EVTMSG3.FBC/dt_EVTMSG3.txtbin	116	utf-8	あ！　{ESC}GR}1~ゲイル{ESC}WT}1~市長なら \nわかるかもしれないわ！ \n{ESC}BL}1~居住区{ESC}WT}1~に　いくといいわよ{13}
romdata/DT/GM_DT_EVTMSG3.FBC.z	DT_EVTMSG3.FBC/dt_EVTMSG3.txtbin	117	utf-8	そうか　ありがとう　{ESC}GR}1~シロマ{ESC}WT}1~ \nさっそくいってくるぜ！ \nさぁ　ぼうけんのはじまりだっ！{13}
romdata/DT/GM_DT_EVTMSG3.FBC.z	DT_EVTMSG3.FBC/dt_EVTMSG3.txtbin	118	utf-8	キュウ！{13}
romdata/DT/GM_DT_EVTMSG3.FBC.z	DT_EVTMSG3.FBC/dt_EVTMSG3.txtbin	119	utf-8	ありがとう！　{ESC}GR}1~ステラ{ESC}WT}1~おばさん！ \nねぇ　{ESC}GR}1~シロマ{ESC}WT}1~ \nあそびに　いってきてもいい？{13}
romdata/DT/GM_DT_EVTMSG3.FBC.z	DT_EVTMSG3.FBC/dt_EVTMSG3.txtbin	120	utf-8	…ごらんに　なるのは \nごじゆうに　なさってかまいません{13}
romdata/DT/GM_DT_EVTMSG3.FBC.z	DT_EVTMSG3.FBC/dt_EVTMSG3.txtbin	121	utf-8	でも　むかしのきろくは \nぜんぶ　しょぶん　しましたよ？{13}
romdata/DT/GM_DT_EVTMSG3.FBC.z	DT_EVTMSG3.FBC/dt_EVTMSG3.txtbin	122	utf-8	なにせ \n忘却は　美徳　なのですから{13}
romdata/DT/GM_DT_EVTMSG3.FBC.z	DT_EVTMSG3.FBC/dt_EVTMSG3.txtbin	123	utf-8	…これじゃ　ないな \n…こいつか？{13}
romdata/DT/GM_DT_EVTMSG3.FBC.z	DT_EVTMSG3.FBC/dt_EVTMSG3.txtbin	124	utf-8	{ESC}GR}1~シド{ESC}WT}1~さん… \n…ふむ…　では \nおきのすむまで　ごゆっくり{13}
romdata/DT/GM_DT_EVTMSG3.FBC.z	DT_EVTMSG3.FBC/dt_EVTMSG3.txtbin	130	utf-8	あ！　{ESC}GR}1~チョコボ{ESC}WT}1~！{13}
romdata/DT/GM_DT_EVTMSG3.FBC.z	DT_EVTMSG3.FBC/dt_EVTMSG3.txtbin	131	utf-8	やっぱり　 \nちょっと　 \nしんぱいだから…{13}
romdata/DT/GM_DT_EVTMSG3.FBC.z	DT_EVTMSG3.FBC/dt_EVTMSG3.txtbin	132	utf-8	{ESC}GR}1~ステラ{ESC}WT}1~おばさんに　ないしょで \n{ESC}GR}1~ラファエロ{ESC}WT}1~のこと \n見にきちゃった{13}
romdata/DT/GM_DT_EVTMSG3.FBC.z	DT_EVTMSG3.FBC/dt_EVTMSG3.txtbin	133	utf-8	キュキュキュ！{13}
romdata/DT/GM_DT_EVTMSG3.FBC.z	DT_EVTMSG3.FBC/dt_EVTMSG3.txtbin	134	utf-8	{ESC}GR}1~シロマ{ESC}WT}1~！　{ESC}GR}1~チョコボ{ESC}WT}1~！ \nたいへんよ！ \n{ESC}BL}1~時計塔広場{ESC}WT}1~の　ふんすいが…{13}
romdata/DT/GM_DT_EVTMSG3.FBC.z	DT_EVTMSG3.FBC/dt_EVTMSG3.txtbin	135	utf-8	え？　 \nふんすいが　 \nどうかしたの？{13}
romdata/DT/GM_DT_EVTMSG3.FBC.z	DT_EVTMSG3.FBC/dt_EVTMSG3.txtbin	136	utf-8	キュルル？{13}
romdata/DT/GM_DT_EVTMSG3.FBC.z	DT_EVTMSG3.FBC/dt_EVTMSG3.txtbin	137	utf-8	と　とにかく来て！{13}
romdata/DT/GM_DT_EVTMSG3.FBC.z	DT_EVTMSG3.FBC/dt_EVTMSG3.txtbin	140	utf-8	ほら　このにおい \n水が　くさってるみたいなの！{13}
romdata/DT/GM_DT_EVTMSG3.FBC.z	DT_EVTMSG3.FBC/dt_EVTMSG3.txtbin	141	utf-8	うっ　これは　ひどいわ \nなんでこんなことに… \nあら　{ESC}GR}1~ラファエロ{ESC}WT}1~！{13}
romdata/DT/GM_DT_EVTMSG3.FBC.z	DT_EVTMSG3.FBC/dt_EVTMSG3.txtbin	142	utf-8	あ！　{ESC}GR}1~チョコボ{ESC}WT}1~！　{ESC}GR}1~シロマ{ESC}WT}1~！ \nボクね　はじめて \nふんすい みたよ！{13}
romdata/DT/GM_DT_EVTMSG3.FBC.z	DT_EVTMSG3.FBC/dt_EVTMSG3.txtbin	143	utf-8	でも　あんまりステキじゃないね \nいやな　においがするし \nちょっと　がっかりだよ{13}
romdata/DT/GM_DT_EVTMSG3.FBC.z	DT_EVTMSG3.FBC/dt_EVTMSG3.txtbin	144	utf-8	あっ！　そうだ！ \nこんどは　ぼくじょうを \nみにいこうっと！{13}
romdata/DT/GM_DT_EVTMSG3.FBC.z	DT_EVTMSG3.FBC/dt_EVTMSG3.txtbin	145	utf-8	{ESC}GR}1~ラファエロ…{ESC}WT}1~{13}
romdata/DT/GM_DT_EVTMSG3.FBC.z	DT_EVTMSG3.FBC/dt_EVTMSG3.txtbin	146	utf-8	このふんすいは \n{ESC}BL}1~時忘れの街{ESC}WT}1~の　のみ水を \nほとんど　まかなってる{13}
romdata/DT/GM_DT_EVTMSG3.FBC.z	DT_EVTMSG3.FBC/dt_EVTMSG3.txtbin	147	utf-8	ここの水が　ダメになると \n{ESC}BL}1~時忘れの街{ESC}WT}1~が \nダメになってしまう{13}
romdata/DT/GM_DT_EVTMSG3.FBC.z	DT_EVTMSG3.FBC/dt_EVTMSG3.txtbin	148	utf-8	たぶん　火の力の時と同じで \n水の神官の力が　弱くなってる \nせいだと　思うの{13}
romdata/DT/GM_DT_EVTMSG3.FBC.z	DT_EVTMSG3.FBC/dt_EVTMSG3.txtbin	149	utf-8	だから　{ESC}GR}1~チョコボ{ESC}WT}1~ \n私の時のように \nなんとか　できないかな？{13}
romdata/DT/GM_DT_EVTMSG3.FBC.z	DT_EVTMSG3.FBC/dt_EVTMSG3.txtbin	150	utf-8	そうね　{ESC}GR}1~チョコボ{ESC}WT}1~ \nわたしからも　おねがい \n水の力を　とりもどして！{13}
romdata/DT/GM_DT_EVTMSG3.FBC.z	DT_EVTMSG3.FBC/dt_EVTMSG3.txtbin	151	utf-8	キュキュキュ！{13}
romdata/DT/GM_DT_EVTMSG3.FBC.z	DT_EVTMSG3.FBC/dt_EVTMSG3.txtbin	152	utf-8	どうすればいいのかしら \n水の神官を　さがす？{13}
romdata/DT/GM_DT_EVTMSG3.FBC.z	DT_EVTMSG3.FBC/dt_EVTMSG3.txtbin	153	utf-8	でも　水の神官が \nだれだか　わからないなぁ… \nよし！　みんなで　さがそう！{13}
romdata/DT/GM_DT_EVTMSG3.FBC.z	DT_EVTMSG3.FBC/dt_EVTMSG3.txtbin	154	utf-8	うん　さがしましょ！{13}
romdata/DT/GM_DT_EVTMSG3.FBC.z	DT_EVTMSG3.FBC/dt_EVTMSG3.txtbin	160	utf-8	む　これは… \nもしや…いや　やっぱりそうだ \nオレの考えは…まちがっちゃない{13}
romdata/DT/GM_DT_EVTMSG3.FBC.z	DT_EVTMSG3.FBC/dt_EVTMSG3.txtbin	161	utf-8	イーーーヤッホウ！ \nそうだ　そうだ！ \nこの街にやっぱり　あったんだ！{13}
romdata/DT/GM_DT_EVTMSG3.FBC.z	DT_EVTMSG3.FBC/dt_EVTMSG3.txtbin	162	utf-8	ど　どうしました？ \nきゅうに　おおごえを　だされると \nビックリするじゃ　ないですか{13}
romdata/DT/GM_DT_EVTMSG3.FBC.z	DT_EVTMSG3.FBC/dt_EVTMSG3.txtbin	163	utf-8	ああ　こうしちゃいられない！ \nさっそく　いかなくちゃ！ \nおおっと　そうだ　{ESC}GR}1~ゲイル{ESC}WT}1~市長{13}
romdata/DT/GM_DT_EVTMSG3.FBC.z	DT_EVTMSG3.FBC/dt_EVTMSG3.txtbin	164	utf-8	な　なんですか？{13}
romdata/DT/GM_DT_EVTMSG3.FBC.z	DT_EVTMSG3.FBC/dt_EVTMSG3.txtbin	165	utf-8	{ESC}BL}1~フエゴ鉱山{ESC}WT}1~ \nってのは　どこにあるんだい？{13}
romdata/DT/GM_DT_EVTMSG3.FBC.z	DT_EVTMSG3.FBC/dt_EVTMSG3.txtbin	166	utf-8	{ESC}BL}1~フエゴ鉱山{ESC}WT}1~　ですか？ \nもう使われていませんが \n{ESC}BL}1~鉱山区{ESC}WT}1~にありますよ{13}
romdata/DT/GM_DT_EVTMSG3.FBC.z	DT_EVTMSG3.FBC/dt_EVTMSG3.txtbin	167	utf-8	おお　そうかい \n{ESC}BL}1~鉱山区{ESC}WT}1~にあるんだな！ \nさぁ　ぼうけんのはじまりだっ！{13}
romdata/DT/GM_DT_EVTMSG3.FBC.z	DT_EVTMSG3.FBC/dt_EVTMSG3.txtbin	170	utf-8	ねぇ　{ESC}GR}1~シロマ{ESC}WT}1~ \nほかのみんなは　ボクみたいに{13}
romdata/DT/GM_DT_EVTMSG3.FBC.z	DT_EVTMSG3.FBC/dt_EVTMSG3.txtbin	171	utf-8	タマゴから　生まれたりとか \nマユの中に　入ったりしないの？{13}
romdata/DT/GM_DT_EVTMSG3.FBC.z	DT_EVTMSG3.FBC/dt_EVTMSG3.txtbin	172	utf-8	うーん　そうねぇ \nふつうは　そうかもしれないわね{13}
romdata/DT/GM_DT_EVTMSG3.FBC.z	DT_EVTMSG3.FBC/dt_EVTMSG3.txtbin	173	utf-8	なんで　ボクは \nふつうじゃ　ないのかな？{13}
romdata/DT/GM_DT_EVTMSG3.FBC.z	DT_EVTMSG3.FBC/dt_EVTMSG3.txtbin	174	utf-8	…ごめんね　わたしにも \nよくわからないの{13}
romdata/DT/GM_DT_EVTMSG3.FBC.z	DT_EVTMSG3.FBC/dt_EVTMSG3.txtbin	175	utf-8	でもね　ほかの人と \nちがうからって \n気にすること　ないわよ{13}
romdata/DT/GM_DT_EVTMSG3.FBC.z	DT_EVTMSG3.FBC/dt_EVTMSG3.txtbin	176	utf-8	そうなの？{13}
romdata/DT/GM_DT_EVTMSG3.FBC.z	DT_EVTMSG3.FBC/dt_EVTMSG3.txtbin	177	utf-8	わたしも　{ESC}GR}1~ラファエロ{ESC}WT}1~も \nおなじじゃ　ないでしょ？ \nちがうから　おはなしもできる{13}
romdata/DT/GM_DT_EVTMSG3.FBC.z	DT_EVTMSG3.FBC/dt_EVTMSG3.txtbin	178	utf-8	たのしいときに　わらいあえるし \nさみしいときに　ささえられる \nうれしいときに　わかりあえるの{13}
romdata/DT/GM_DT_EVTMSG3.FBC.z	DT_EVTMSG3.FBC/dt_EVTMSG3.txtbin	179	utf-8	だから　ほかの人と　ちがうのは \nいいことなんじゃないかな？ \n気にしなくてもいいと思うわ{13}
romdata/DT/GM_DT_EVTMSG3.FBC.z	DT_EVTMSG3.FBC/dt_EVTMSG3.txtbin	180	utf-8	そうだね！ \nありがと！　{ESC}GR}1~シロマ{ESC}WT}1~{13}
romdata/DT/GM_DT_EVTMSG3.FBC.z	DT_EVTMSG3.FBC/dt_EVTMSG3.txtbin	190	utf-8	おや　{ESC}GR}1~チョコボ{ESC}WT}1~！ \n今　{ESC}YL}1~とくせいクッキー{ESC}WT}1~が \nできたところだよ{13}
romdata/DT/GM_DT_EVTMSG3.FBC.z	DT_EVTMSG3.FBC/dt_EVTMSG3.txtbin	191	utf-8	このクッキー　 \n{ESC}BL}1~ダードラーの店{ESC}WT}1~に \nとどけてくれないかい？{13}
romdata/DT/GM_DT_EVTMSG3.FBC.z	DT_EVTMSG3.FBC/dt_EVTMSG3.txtbin	192	utf-8	キュウ！{13}
romdata/DT/GM_DT_EVTMSG3.FBC.z	DT_EVTMSG3.FBC/dt_EVTMSG3.txtbin	193	utf-8	おや？　ひょっとして… \n今　めんどくさそうな顔を \nしなかったかい？{13}
romdata/DT/GM_DT_EVTMSG3.FBC.z	DT_EVTMSG3.FBC/dt_EVTMSG3.txtbin	194	utf-8	キュピーー！！{13}
romdata/DT/GM_DT_EVTMSG3.FBC.z	DT_EVTMSG3.FBC/dt_EVTMSG3.txtbin	195	utf-8	あはは　そうだよね　 \n{ESC}GR}1~チョコボ{ESC}WT}1~ \nあんたは　いい子だもんね{13}
romdata/DT/GM_DT_EVTMSG3.FBC.z	DT_EVTMSG3.FBC/dt_EVTMSG3.txtbin	196	utf-8	ふふ　それにしても… \nあたしも　多少は　チョコボ語が \nわかるようになってきたようだね{13}
romdata/DT/GM_DT_EVTMSG3.FBC.z	DT_EVTMSG3.FBC/dt_EVTMSG3.txtbin	197	utf-8	それじゃ　よろしくたのんだよ \n{ESC}GR}1~ダードラー{ESC}WT}1~さんのお店に \nこれを　とどけておくれ{13}
romdata/DT/GM_DT_EVTMSG3.FBC.z	DT_EVTMSG3.FBC/dt_EVTMSG3.txtbin	198	utf-8	{ESC}GR}1~チョコボ{ESC}WT}1~は \n{ESC}YL}1~とくせいクッキー{ESC}WT}1~ \nを手に入れた！{13}
romdata/DT/GM_DT_EVTMSG3.FBC.z	DT_EVTMSG3.FBC/dt_EVTMSG3.txtbin	199	utf-8	{ESC}GR}1~ステラ{ESC}WT}1~おばさんのクッキー \nこうばしい　においが \nたまらない{13}
romdata/DT/GM_DT_EVTMSG3.FBC.z	DT_EVTMSG3.FBC/dt_EVTMSG3.txtbin	210	utf-8	ここが　{ESC}BL}1~フエゴ鉱山…{ESC}WT}1~ \nまってろよ！　じいさん！ \nさぁ　ぼうけんの　はじまりだっ！{13}
romdata/DT/GM_DT_EVTMSG3.FBC.z	DT_EVTMSG3.FBC/dt_EVTMSG3.txtbin	220	utf-8	おや　いらっしゃい \nアツいココアは… \nと言いたいところですが{13}
romdata/DT/GM_DT_EVTMSG3.FBC.z	DT_EVTMSG3.FBC/dt_EVTMSG3.txtbin	221	utf-8	……………{13}
romdata/DT/GM_DT_EVTMSG3.FBC.z	DT_EVTMSG3.FBC/dt_EVTMSG3.txtbin	222	utf-8	キュルル？{13}
romdata/DT/GM_DT_EVTMSG3.FBC.z	DT_EVTMSG3.FBC/dt_EVTMSG3.txtbin	223	utf-8	ちょっと　{ESC}GR}1~メーア…{ESC}WT}1~ \n{ESC}GR}1~メーア{ESC}WT}1~！{13}
romdata/DT/GM_DT_EVTMSG3.FBC.z	DT_EVTMSG3.FBC/dt_EVTMSG3.txtbin	224	utf-8	………あっ　いらっしゃいませ！ \n{ESC}BL}1~ダードラーの店{ESC}WT}1~へ　ようこそ！ \nあら？　そのにおい…{13}
romdata/DT/GM_DT_EVTMSG3.FBC.z	DT_EVTMSG3.FBC/dt_EVTMSG3.txtbin	225	utf-8	ひょっとして　 \n{ESC}YL}1~とくせいクッキー{ESC}WT}1~を \nとどけてくれたんですか？{13}
romdata/DT/GM_DT_EVTMSG3.FBC.z	DT_EVTMSG3.FBC/dt_EVTMSG3.txtbin	226	utf-8	うわぁー！ \nいつも　ありがとうございますー！{13}
romdata/DT/GM_DT_EVTMSG3.FBC.z	DT_EVTMSG3.FBC/dt_EVTMSG3.txtbin	227	utf-8	キュキュキュ！{13}
romdata/DT/GM_DT_EVTMSG3.FBC.z	DT_EVTMSG3.FBC/dt_EVTMSG3.txtbin	228	utf-8	うふふ　じつは私　小さいころから \nこのクッキーの \n大ファンなんです！{13}
romdata/DT/GM_DT_EVTMSG3.FBC.z	DT_EVTMSG3.FBC/dt_EVTMSG3.txtbin	229	utf-8	このクッキーは… \n{ESC}GR}1~ステラ{ESC}WT}1~おばさん…が… \nえーと…{13}
romdata/DT/GM_DT_EVTMSG3.FBC.z	DT_EVTMSG3.FBC/dt_EVTMSG3.txtbin	230	utf-8	あれ？　何の話でしたっけ？ \nえーっと…あれ？ \n私…だれでしたっけ…？{13}
romdata/DT/GM_DT_EVTMSG3.FBC.z	DT_EVTMSG3.FBC/dt_EVTMSG3.txtbin	231	utf-8	さいきん　もの忘れが \nひどくなってきたと思ったら… \nうーんと……　えーっと…{13}
romdata/DT/GM_DT_EVTMSG3.FBC.z	DT_EVTMSG3.FBC/dt_EVTMSG3.txtbin	232	utf-8	今は水がダメで \nミルクぐらいしか出せないんですが \nいかがでしょうか？{13}
romdata/DT/GM_DT_EVTMSG3.FBC.z	DT_EVTMSG3.FBC/dt_EVTMSG3.txtbin	236	utf-8	{15}CT}1~いらっしゃいませ！ \n{15}CT}1~おいしいココアは \n{15}CT}1~いかがですか？{13}
romdata/DT/GM_DT_EVTMSG3.FBC.z	DT_EVTMSG3.FBC/dt_EVTMSG3.txtbin	237	utf-8	{15}CT}1~　 \n{15}CT}1~コーヒーだけじゃなく \n{15}CT}1~ホットココアもおいしいですよっ{13}
romdata/DT/GM_DT_EVTMSG3.FBC.z	DT_EVTMSG3.FBC/dt_EVTMSG3.txtbin	238	utf-8	{15}CT}1~　 \n{15}CT}1~ここは水にかこまれた \n{15}CT}1~うつくしい街です{13}
romdata/DT/GM_DT_EVTMSG3.FBC.z	DT_EVTMSG3.FBC/dt_EVTMSG3.txtbin	239	utf-8	{15}CT}1~　 \n{15}CT}1~すき通っていて \n{15}CT}1~とってもおいしいんです{13}
romdata/DT/GM_DT_EVTMSG3.FBC.z	DT_EVTMSG3.FBC/dt_EVTMSG3.txtbin	240	utf-8	{15}CT}1~　 \n{15}CT}1~この水がのみものを \n{15}CT}1~おいしくしてくれるんです{13}
romdata/DT/GM_DT_EVTMSG3.FBC.z	DT_EVTMSG3.FBC/dt_EVTMSG3.txtbin	241	utf-8	{15}CT}1~このきれいな水が \n{15}CT}1~この街の \n{15}CT}1~じまんなんですよ{13}
romdata/DT/GM_DT_EVTMSG3.FBC.z	DT_EVTMSG3.FBC/dt_EVTMSG3.txtbin	242	utf-8	{15}CT}1~　 \n{15}CT}1~この街の人々も… \n{15}CT}1~この街をかこむ水も…{13}
romdata/DT/GM_DT_EVTMSG3.FBC.z	DT_EVTMSG3.FBC/dt_EVTMSG3.txtbin	243	utf-8	{15}CT}1~　 \n{15}CT}1~そして　この街の空気も… \n{15}CT}1~どれもこれも素晴らしいです{13}
romdata/DT/GM_DT_EVTMSG3.FBC.z	DT_EVTMSG3.FBC/dt_EVTMSG3.txtbin	244	utf-8	{15}CT}1~私はこの街が \n{15}CT}1~ずっときれいだったらなぁって \n{15}CT}1~思ってます{13}
romdata/DT/GM_DT_EVTMSG3.FBC.z	DT_EVTMSG3.FBC/dt_EVTMSG3.txtbin	245	utf-8	{15}CT}1~あなたも　きっと \n{15}CT}1~この街を \n{15}CT}1~気に入ってくれると思いますよ{13}
romdata/DT/GM_DT_EVTMSG3.FBC.z	DT_EVTMSG3.FBC/dt_EVTMSG3.txtbin	246	utf-8	{15}CT}1~　 \n{15}CT}1~私ですか？ \n{15}CT}1~はい！　この街が大好きです{13}
romdata/DT/GM_DT_EVTMSG3.FBC.z	DT_EVTMSG3.FBC/dt_EVTMSG3.txtbin	247	utf-8	{15}CT}1~　 \n{15}CT}1~　 \n{15}CT}1~え？　私が…ですか？{13}
romdata/DT/GM_DT_EVTMSG3.FBC.z	DT_EVTMSG3.FBC/dt_EVTMSG3.txtbin	250	utf-8	{15}CT}1~　 \n{15}CT}1~私はもう　まけない \n{15}CT}1~私はもう　なかない{13}
romdata/DT/GM_DT_EVTMSG3.FBC.z	DT_EVTMSG3.FBC/dt_EVTMSG3.txtbin	251	utf-8	{15}CT}1~水の神獣さまと \n{15}CT}1~水のクリスタルに \n{15}CT}1~いのりを{13}
romdata/DT/GM_DT_EVTMSG3.FBC.z	DT_EVTMSG3.FBC/dt_EVTMSG3.txtbin	252	utf-8	{15}CT}1~水の　みやこと \n{15}CT}1~うたわれたこの街に \n{15}CT}1~いのりを{13}
romdata/DT/GM_DT_EVTMSG3.FBC.z	DT_EVTMSG3.FBC/dt_EVTMSG3.txtbin	253	utf-8	{15}CT}1~私は{ESC}GR}1~メーア{ESC}WT}1~ \n \n{15}CT}1~{ESC}GR}1~メーア・イーリス{ESC}WT}1~{13}
romdata/DT/GM_DT_EVTMSG3.FBC.z	DT_EVTMSG3.FBC/dt_EVTMSG3.txtbin	254	utf-8	{15}CT}1~　 \n{15}CT}1~　 \n{15}CT}1~この街の…水の神官！{13}
romdata/DT/GM_DT_EVTMSG3.FBC.z	DT_EVTMSG3.FBC/dt_EVTMSG3.txtbin	260	utf-8	{ESC}GR}1~チョコボ{ESC}WT}1~さん \nありがとうございます{13}
romdata/DT/GM_DT_EVTMSG3.FBC.z	DT_EVTMSG3.FBC/dt_EVTMSG3.txtbin	261	utf-8	キュウ！{13}
romdata/DT/GM_DT_EVTMSG3.FBC.z	DT_EVTMSG3.FBC/dt_EVTMSG3.txtbin	262	utf-8	あなたのおかげで \nいろんなことを \n思い出すことができました{13}
romdata/DT/GM_DT_EVTMSG3.FBC.z	DT_EVTMSG3.FBC/dt_EVTMSG3.txtbin	263	utf-8	…あれ？　 \nちょっと　まってください！{13}
romdata/DT/GM_DT_EVTMSG3.FBC.z	DT_EVTMSG3.FBC/dt_EVTMSG3.txtbin	264	utf-8	キュルル？{13}
romdata/DT/GM_DT_EVTMSG3.FBC.z	DT_EVTMSG3.FBC/dt_EVTMSG3.txtbin	265	utf-8	だれかが私の名前を… \nよんでる… \nふんすいの方です！{13}
romdata/DT/GM_DT_EVTMSG3.FBC.z	DT_EVTMSG3.FBC/dt_EVTMSG3.txtbin	266	utf-8	すみません！ \n私　ちょっと　 \nしつれいします！{13}
romdata/DT/GM_DT_EVTMSG3.FBC.z	DT_EVTMSG3.FBC/dt_EVTMSG3.txtbin	270	utf-8	あなたが…私を \nよんでいたのね？{13}
romdata/DT/GM_DT_EVTMSG3.FBC.z	DT_EVTMSG3.FBC/dt_EVTMSG3.txtbin	271	utf-8	うん！　{ESC}GR}1~メーア{ESC}WT}1~おねえちゃん \nふんすいを \nなおしてよ！{13}
romdata/DT/GM_DT_EVTMSG3.FBC.z	DT_EVTMSG3.FBC/dt_EVTMSG3.txtbin	272	utf-8	ええ　そうですね \nこの水は　きれいにしてあげないと \nいけないですね…{13}
romdata/DT/GM_DT_EVTMSG3.FBC.z	DT_EVTMSG3.FBC/dt_EVTMSG3.txtbin	273	utf-8	キュピーー！！{13}
romdata/DT/GM_DT_EVTMSG3.FBC.z	DT_EVTMSG3.FBC/dt_EVTMSG3.txtbin	274	utf-8	今の光は何？　…どうしたの？ \nあ！　水が…きれいになってる！ \nこれは…どういうこと？{13}
romdata/DT/GM_DT_EVTMSG3.FBC.z	DT_EVTMSG3.FBC/dt_EVTMSG3.txtbin	275	utf-8	私は水の神獣さまに \nおつかえする \n水の神官なんです！{13}
romdata/DT/GM_DT_EVTMSG3.FBC.z	DT_EVTMSG3.FBC/dt_EVTMSG3.txtbin	276	utf-8	ねぇ　こっち！ \nもっと　いいもの \nみせてあげる！{13}
romdata/DT/GM_DT_EVTMSG3.FBC.z	DT_EVTMSG3.FBC/dt_EVTMSG3.txtbin	277	utf-8	ねぇ　ちょっと！ \n{ESC}GR}1~ラファエロ{ESC}WT}1~！？{13}
romdata/DT/GM_DT_EVTMSG3.FBC.z	DT_EVTMSG3.FBC/dt_EVTMSG3.txtbin	278	utf-8	じゃ \n{ESC}GR}1~フレイア{ESC}WT}1~さんと同じなのね！ \n{ESC}GR}1~メーア{ESC}WT}1~さんすごい！{13}
romdata/DT/GM_DT_EVTMSG3.FBC.z	DT_EVTMSG3.FBC/dt_EVTMSG3.txtbin	280	utf-8	{ESC}BL}1~水の神殿{ESC}WT}1~のトビラ \nふしぎな　力で \nとざされている{13}
romdata/DT/GM_DT_EVTMSG3.FBC.z	DT_EVTMSG3.FBC/dt_EVTMSG3.txtbin	290	utf-8	あ　{ESC}GR}1~チョコボ{ESC}WT}1~さん \nちょうど　いいところに　あなたに \nわたすものがあるんです！{13}
romdata/DT/GM_DT_EVTMSG3.FBC.z	DT_EVTMSG3.FBC/dt_EVTMSG3.txtbin	291	utf-8	キュルル？{13}
romdata/DT/GM_DT_EVTMSG3.FBC.z	DT_EVTMSG3.FBC/dt_EVTMSG3.txtbin	292	utf-8	これがあれば \n水の神獣さまが \nお力に　なってくださるはずです！{13}
romdata/DT/GM_DT_EVTMSG3.FBC.z	DT_EVTMSG3.FBC/dt_EVTMSG3.txtbin	293	utf-8	がんばってくださいね \n{ESC}GR}1~チョコボ{ESC}WT}1~さん！{13}
romdata/DT/GM_DT_EVTMSG3.FBC.z	DT_EVTMSG3.FBC/dt_EVTMSG3.txtbin	294	utf-8	キュキュキュ！{13}
romdata/DT/GM_DT_EVTMSG3.FBC.z	DT_EVTMSG3.FBC/dt_EVTMSG3.txtbin	295	utf-8	{ESC}GR}1~チョコボ{ESC}WT}1~は \n{ESC}YL}1~水の腕輪{ESC}WT}1~ \nを手に入れた！{13}
romdata/DT/GM_DT_EVTMSG3.FBC.z	DT_EVTMSG3.FBC/dt_EVTMSG3.txtbin	296	utf-8	水の力をもった　腕輪 \nとざされた　トビラを \nひらく力があるらしい{13}
romdata/DT/GM_DT_EVTMSG3.FBC.z	DT_EVTMSG3.FBC/dt_EVTMSG3.txtbin	300	utf-8	記憶を　よびさますなと \nいちど　ちゅうこく \nしたはずだ{13}
romdata/DT/GM_DT_EVTMSG3.FBC.z	DT_EVTMSG3.FBC/dt_EVTMSG3.txtbin	301	utf-8	クピピ…{13}
romdata/DT/GM_DT_EVTMSG3.FBC.z	DT_EVTMSG3.FBC/dt_EVTMSG3.txtbin	302	utf-8	ほう　かくごを　していると \nいうことだな \nならば…　ためさせてもらう{13}
romdata/DT/GM_DT_EVTMSG3.FBC.z	DT_EVTMSG3.FBC/dt_EVTMSG3.txtbin	303	utf-8	封印を　守るものとして！{13}
romdata/DT/GM_DT_EVTMSG3.FBC.z	DT_EVTMSG3.FBC/dt_EVTMSG3.txtbin	310	utf-8	なかなか　やるようだな \nそのかくご　みとめよう{13}
romdata/DT/GM_DT_EVTMSG3.FBC.z	DT_EVTMSG3.FBC/dt_EVTMSG3.txtbin	311	utf-8	だが　もういちど言おう \n記憶を　よびさますな！{13}
romdata/DT/GM_DT_EVTMSG3.FBC.z	DT_EVTMSG3.FBC/dt_EVTMSG3.txtbin	320	utf-8	{15}CT}1~{ESC}GR}1~チョコボ…{ESC}WT}1~ \n{15}CT}1~未来を　きりひらくものよ \n{15}CT}1~我が　ふういんをとくつもりか…{13}
romdata/DT/GM_DT_EVTMSG3.FBC.z	DT_EVTMSG3.FBC/dt_EVTMSG3.txtbin	321	utf-8	{15}CT}1~　 \n{15}CT}1~水は　つねにながれゆく \n{15}CT}1~時もまた　同じ{13}
romdata/DT/GM_DT_EVTMSG3.FBC.z	DT_EVTMSG3.FBC/dt_EVTMSG3.txtbin	322	utf-8	{15}CT}1~止められし時は \n{15}CT}1~ただ　くさりゆくのを待つのみ \n{15}CT}1~これもまた　人のせんたく{13}
romdata/DT/GM_DT_EVTMSG3.FBC.z	DT_EVTMSG3.FBC/dt_EVTMSG3.txtbin	323	utf-8	{15}CT}1~　 \n{15}CT}1~我は　とざされし人の記憶を \n{15}CT}1~まもる者なり{13}
romdata/DT/GM_DT_EVTMSG3.FBC.z	DT_EVTMSG3.FBC/dt_EVTMSG3.txtbin	324	utf-8	{15}CT}1~　 \n{15}CT}1~とどまりし水は　大いなる力を持つ \n{15}CT}1~時も　記憶も同じ{13}
romdata/DT/GM_DT_EVTMSG3.FBC.z	DT_EVTMSG3.FBC/dt_EVTMSG3.txtbin	325	utf-8	{15}CT}1~　 \n{15}CT}1~その力… \n{15}CT}1~とくと　うけとめよ！{13}
romdata/DT/GM_DT_EVTMSG3.FBC.z	DT_EVTMSG3.FBC/dt_EVTMSG3.txtbin	330	utf-8	キュルル？{13}
romdata/DT/GM_DT_EVTMSG3.FBC.z	DT_EVTMSG3.FBC/dt_EVTMSG3.txtbin	331	utf-8	キュピーー！！{13}
romdata/DT/GM_DT_EVTMSG3.FBC.z	DT_EVTMSG3.FBC/dt_EVTMSG3.txtbin	340	utf-8	{15}CT}1~さきほど \n{15}CT}1~竜騎士{ESC}GR}1~ウェッジ{ESC}WT}1~さまと \n{15}CT}1~暗黒騎士{ESC}GR}1~ビッグス{ESC}WT}1~さまが \n{15}CT}1~なくなられました…{13}
romdata/DT/GM_DT_EVTMSG3.FBC.z	DT_EVTMSG3.FBC/dt_EVTMSG3.txtbin	341	utf-8	{15}CT}1~えっ　あの二人がですか？ \n{15}CT}1~{ESC}RD}1~はかいしん…{ESC}WT}1~ \n{15}CT}1~ふるい言いつたえでは \n{15}CT}1~魔法も剣もきかないという…{13}
romdata/DT/GM_DT_EVTMSG3.FBC.z	DT_EVTMSG3.FBC/dt_EVTMSG3.txtbin	342	utf-8	{15}CT}1~そうだ…{ESC}GR}1~ローチェ{ESC}WT}1~は \n{15}CT}1~今どこに？ \n{15}CT}1~もと　闇の神官だった{ESC}GR}1~ローチェ{ESC}WT}1~なら \n{15}CT}1~なんとかできるかもしれません！{13}
romdata/DT/GM_DT_EVTMSG3.FBC.z	DT_EVTMSG3.FBC/dt_EVTMSG3.txtbin	343	utf-8	{15}CT}1~{ESC}GR}1~ローチェ{ESC}WT}1~さんは \n{15}CT}1~{ESC}BL}1~教会{ESC}WT}1~で街のひとびとを \n{15}CT}1~まもっているわ！{13}
romdata/DT/GM_DT_EVTMSG3.FBC.z	DT_EVTMSG3.FBC/dt_EVTMSG3.txtbin	344	utf-8	{15}CT}1~今{ESC}GR}1~ローチェ{ESC}WT}1~さんが \n{15}CT}1~戦いにでたら \n{15}CT}1~みんながあぶないわ{13}
romdata/DT/GM_DT_EVTMSG3.FBC.z	DT_EVTMSG3.FBC/dt_EVTMSG3.txtbin	345	utf-8	{15}CT}1~わ…私の \n{15}CT}1~力が足りないばかりに… \n{15}CT}1~いかせて　ください！{13}
romdata/DT/GM_DT_EVTMSG3.FBC.z	DT_EVTMSG3.FBC/dt_EVTMSG3.txtbin	346	utf-8	{15}CT}1~　 \n{15}CT}1~おねえちゃんがいくなら \n{15}CT}1~わたしも　いくわ！{13}
romdata/DT/GM_DT_EVTMSG3.FBC.z	DT_EVTMSG3.FBC/dt_EVTMSG3.txtbin	347	utf-8	{15}CT}1~いえ　それはできません \n{15}CT}1~あなたひとりの力では \n{15}CT}1~どうすることも \n{15}CT}1~できないのです{13}
romdata/DT/GM_DT_EVTMSG3.FBC.z	DT_EVTMSG3.FBC/dt_EVTMSG3.txtbin	348	utf-8	{15}CT}1~…もう \n{15}CT}1~さいごの　ほうほうを \n{15}CT}1~ためすしかありませんね{13}
romdata/DT/GM_DT_EVTMSG3.FBC.z	DT_EVTMSG3.FBC/dt_EVTMSG3.txtbin	349	utf-8	{15}CT}1~　 \n{15}CT}1~　 \n{15}CT}1~さいごの…ほうほう？{13}
romdata/DT/GM_DT_EVTMSG3.FBC.z	DT_EVTMSG3.FBC/dt_EVTMSG3.txtbin	350	utf-8	{15}CT}1~神獣たちの力を \n{15}CT}1~つかって \n{15}CT}1~{ESC}RD}1~はかいしん{ESC}WT}1~へ　ながれている \n{15}CT}1~エネルギーを　封じるのです{13}
romdata/DT/GM_DT_EVTMSG3.FBC.z	DT_EVTMSG3.FBC/dt_EVTMSG3.txtbin	351	utf-8	{15}CT}1~{ESC}RD}1~はかいしん{ESC}WT}1~のエネルギー… \n{15}CT}1~それって…　 \n{15}CT}1~私たちの \n{15}CT}1~心！？{13}
romdata/DT/GM_DT_EVTMSG3.FBC.z	DT_EVTMSG3.FBC/dt_EVTMSG3.txtbin	352	utf-8	{15}CT}1~そうです… \n{15}CT}1~私たちの　心です… \n{15}CT}1~おそれる　心… \n{15}CT}1~ぜつぼうする　心…{13}
romdata/DT/GM_DT_EVTMSG3.FBC.z	DT_EVTMSG3.FBC/dt_EVTMSG3.txtbin	353	utf-8	{15}CT}1~それは　でも \n{15}CT}1~私たちの　心も \n{15}CT}1~封じられてしまうと \n{15}CT}1~いうことですか？{13}
romdata/DT/GM_DT_EVTMSG3.FBC.z	DT_EVTMSG3.FBC/dt_EVTMSG3.txtbin	354	utf-8	{15}CT}1~しかし　このままでは \n{15}CT}1~せかいが　{ESC}RD}1~はかいしん{ESC}WT}1~に \n{15}CT}1~のみこまれてしまいます{13}
romdata/DT/GM_DT_EVTMSG3.FBC.z	DT_EVTMSG3.FBC/dt_EVTMSG3.txtbin	355	utf-8	{15}CT}1~ざんねんながら　これが \n{15}CT}1~われわれに　できる \n{15}CT}1~ただひとつの \n{15}CT}1~せきにんのとりかたです{13}
romdata/DT/GM_DT_EVTMSG3.FBC.z	DT_EVTMSG3.FBC/dt_EVTMSG3.txtbin	356	utf-8	{15}CT}1~さぁ　いきましょう \n{15}CT}1~神獣　クリスタル　神官の \n{15}CT}1~すべての　力をつかって \n{15}CT}1~{ESC}RD}1~はかいしん{ESC}WT}1~を　封印するのです！{13}
romdata/DT/GM_DT_EVTMSG3.FBC.z	DT_EVTMSG3.FBC/dt_EVTMSG3.txtbin	357	utf-8	{15}CT}1~　 \n{15}CT}1~　 \n{15}CT}1~はい！{13}
romdata/DT/GM_DT_EVTMSG3.FBC.z	DT_EVTMSG3.FBC/dt_EVTMSG3.txtbin	360	utf-8	ああ　{ESC}GR}1~チョコボ{ESC}WT}1~ \nきてくれてたんだね…{13}
romdata/DT/GM_DT_EVTMSG3.FBC.z	DT_EVTMSG3.FBC/dt_EVTMSG3.txtbin	361	utf-8	キュルル？{13}
romdata/DT/GM_DT_EVTMSG3.FBC.z	DT_EVTMSG3.FBC/dt_EVTMSG3.txtbin	362	utf-8	いこうか　{ESC}GR}1~チョコボ…{ESC}WT}1~{13}
romdata/DT/GM_DT_EVTMSG3.FBC.z	DT_EVTMSG3.FBC/dt_EVTMSG3.txtbin	365	utf-8	これいじょう \n記憶を　とりもどさせん！ \n鳴りひびけ！　{ESC}PP}1~時忘れの鐘{ESC}WT}1~！！{13}
romdata/DT/GM_DT_EVTMSG3.FBC.z	DT_EVTMSG3.FBC/dt_EVTMSG3.txtbin	370	utf-8	見ちがえちゃったわ！ \n{ESC}GR}1~ラファエロ{ESC}WT}1~！ \nまた　大きくなったのね！？{13}
romdata/DT/GM_DT_EVTMSG3.FBC.z	DT_EVTMSG3.FBC/dt_EVTMSG3.txtbin	371	utf-8	…うん　 \nまぁ…{13}
romdata/DT/GM_DT_EVTMSG3.FBC.z	DT_EVTMSG3.FBC/dt_EVTMSG3.txtbin	372	utf-8	どうしたの？ \n元気ないみたい…{13}
romdata/DT/GM_DT_EVTMSG3.FBC.z	DT_EVTMSG3.FBC/dt_EVTMSG3.txtbin	373	utf-8	家にもどろう… \n話があるんだ{13}
romdata/DT/GM_DT_EVTMSG3.FBC.z	DT_EVTMSG3.FBC/dt_EVTMSG3.txtbin	374	utf-8	うん… \nわかったわ{13}
romdata/DT/GM_DT_EVTMSG3.FBC.z	DT_EVTMSG3.FBC/dt_EVTMSG3.txtbin	375	utf-8	キュウ！{13}
romdata/DT/GM_DT_EVTMSG3.FBC.z	DT_EVTMSG3.FBC/dt_EVTMSG3.txtbin	380	utf-8	え？　ここは… \n{ESC}BL}1~レビア岬{ESC}WT}1~じゃないの \nこんなところに　なにが？{13}
romdata/DT/GM_DT_EVTMSG3.FBC.z	DT_EVTMSG3.FBC/dt_EVTMSG3.txtbin	381	utf-8	ひ・み・つ \nきゃはは{13}
romdata/DT/GM_DT_EVTMSG3.FBC.z	DT_EVTMSG3.FBC/dt_EVTMSG3.txtbin	382	utf-8	ええ？ \nちょっと　{ESC}GR}1~ラファエロ…{ESC}WT}1~{13}
romdata/DT/GM_DT_EVTMSG3.FBC.z	DT_EVTMSG3.FBC/dt_EVTMSG3.txtbin	383	utf-8	そう…ここは… \n{ESC}BL}1~水の神殿{ESC}WT}1~が \nねむっている　ところ…{13}
romdata/DT/GM_DT_EVTMSG3.FBC.z	DT_EVTMSG3.FBC/dt_EVTMSG3.txtbin	384	utf-8	え？　神殿ってどういうこと？ \nな…なに？？{13}
romdata/DT/GM_DT_EVTMSG3.FBC.z	DT_EVTMSG3.FBC/dt_EVTMSG3.txtbin	385	utf-8	キュピーー！！{13}
romdata/DT/GM_DT_EVTMSG3.FBC.z	DT_EVTMSG3.FBC/dt_EVTMSG3.txtbin	386	utf-8	{ESC}GR}1~チョコボ{ESC}WT}1~！ \nなんだか　ワクワクしてくるよね！ \nさ　いこうよ！{13}
romdata/DT/GM_DT_EVTMSG3.FBC.z	DT_EVTMSG3.FBC/dt_EVTMSG3.txtbin	387	utf-8	ちょっと…{ESC}GR}1~ラファエロ{ESC}WT}1~！？{13}
romdata/DT/GM_DT_EVTMSG3.FBC.z	DT_EVTMSG3.FBC/dt_EVTMSG3.txtbin	390	utf-8	いらっしゃい　{ESC}GR}1~チョコボ{ESC}WT}1~！ \n水の神官は　見つかった？ \nできることがあったら言ってね！{13}
romdata/DT/GM_DT_EVTMSG3.FBC.z	DT_EVTMSG3.FBC/dt_EVTMSG3.txtbin	391	utf-8	いらっしゃい　{ESC}GR}1~チョコボ{ESC}WT}1~！ \n水がきれいになったのって \nあなたのおかげよね！{13}
romdata/DT/GM_DT_EVTMSG3.FBC.z	DT_EVTMSG3.FBC/dt_EVTMSG3.txtbin	393	utf-8	いらっしゃいませ！　{ESC}GR}1~チョコボ{ESC}WT}1~さん \n{ESC}GR}1~ステラ{ESC}WT}1~おばさんのクッキー \nもってきてくれませんか？{13}
romdata/DT/GM_DT_EVTMSG3.FBC.z	DT_EVTMSG3.FBC/dt_EVTMSG3.txtbin	394	utf-8	{ESC}GR}1~チョコボ{ESC}WT}1~さん！ \n神殿のおくへ　進んでください！{13}
romdata/DT/GM_DT_EVTMSG3.FBC.z	DT_EVTMSG3.FBC/dt_EVTMSG3.txtbin	395	utf-8	…はぁ… \n私　何か忘れてる？{13}
romdata/DT/GM_DT_EVTMSG3.FBC.z	DT_EVTMSG3.FBC/dt_EVTMSG3.txtbin	396	utf-8	あら！　{ESC}GR}1~チョコボ{ESC}WT}1~！ \n{ESC}GR}1~ラファエロ…{ESC}WT}1~ \nだいじょうぶかしら{13}
romdata/DT/GM_DT_EVTMSG3.FBC.z	DT_EVTMSG3.FBC/dt_EVTMSG3.txtbin	397	utf-8	{ESC}GR}1~チョコボ{ESC}WT}1~！ \n{ESC}GR}1~ラファエロ{ESC}WT}1~を　おねがい！{13}
romdata/DT/GM_DT_EVTMSG3.FBC.z	DT_EVTMSG3.FBC/dt_EVTMSG3.txtbin	398	utf-8	よう！　あいぼう！ \nすまん　いまちょっと \n手が　はなせないんだ{13}
romdata/DT/GM_DT_EVTMSG3.FBC.z	DT_EVTMSG3.FBC/dt_EVTMSG3.txtbin	399	utf-8	ほんとうにありがとね！ \nこのきもちは… \nにどと　忘れないよ！{13}
romdata/DT/GM_DT_EVTMSG3.FBC.z	DT_EVTMSG3.FBC/dt_EVTMSG3.txtbin	400	utf-8	おや　{ESC}GR}1~チョコボ{ESC}WT}1~ \n{ESC}BL}1~ダードラーの店{ESC}WT}1~に \nもっていってくれればいいからね{13}
romdata/DT/GM_DT_EVTMSG3.FBC.z	DT_EVTMSG3.FBC/dt_EVTMSG3.txtbin	401	utf-8	おや　{ESC}GR}1~チョコボ{ESC}WT}1~さん \n{ESC}GR}1~シド{ESC}WT}1~さんが　なにかしらべて \nいらっしゃるようですよ{13}
romdata/DT/GM_DT_EVTMSG3.FBC.z	DT_EVTMSG3.FBC/dt_EVTMSG3.txtbin	402	utf-8	おや　{ESC}GR}1~チョコボ{ESC}WT}1~さん \n{ESC}GR}1~シド{ESC}WT}1~さんは　{ESC}BL}1~フエゴ鉱山{ESC}WT}1~に \nいかれたようですよ{13}
romdata/DT/GM_DT_EVTMSG3.FBC.z	DT_EVTMSG3.FBC/dt_EVTMSG3.txtbin	403	utf-8	きゃー　{ESC}GR}1~チョ・コ・ボ{ESC}WT}1~ちゃん！ \n今日も　ふわふわきいろで \nかわいいわねっ！{13}
romdata/DT/GM_DT_EVTMSG3.FBC.z	DT_EVTMSG3.FBC/dt_EVTMSG3.txtbin	404	utf-8	きゃー　{ESC}GR}1~チョ・コ・ボ{ESC}WT}1~ちゃん！ \nぎゅーって　させてっ！{13}
romdata/DT/GM_DT_EVTMSG3.FBC.z	DT_EVTMSG3.FBC/dt_EVTMSG3.txtbin	405	utf-8	よぉ　{ESC}GR}1~チョコボ{ESC}WT}1~！ \nなかなか　{ESC}GR}1~イルマ{ESC}WT}1~が見つからない… \nせまい　街なんだがな{13}
romdata/DT/GM_DT_EVTMSG3.FBC.z	DT_EVTMSG3.FBC/dt_EVTMSG3.txtbin	406	utf-8	ああ　{ESC}GR}1~チョコボ{ESC}WT}1~さん \nあなたのすすむ道に \n神のしゅくふくがあらんことを！{13}
romdata/DT/GM_DT_EVTMSG3.FBC.z	DT_EVTMSG3.FBC/dt_EVTMSG3.txtbin	407	utf-8	いらっしゃい・いらっしゃい！ \nこんなに　にごった水じゃ \n魚がかわいそうだぜ！{13}
romdata/DT/GM_DT_EVTMSG3.FBC.z	DT_EVTMSG3.FBC/dt_EVTMSG3.txtbin	408	utf-8	いらっしゃい・いらっしゃい！ \n水もきれいになったし \nこれで魚も　あんしんだろう！{13}
romdata/DT/GM_DT_EVTMSG3.FBC.z	DT_EVTMSG3.FBC/dt_EVTMSG3.txtbin	409	utf-8	{ESC}BL}1~フローラの花屋{ESC}WT}1~へようこそ \n花にやる水が　にごっちまった \nなんとかならないかねぇ{13}
romdata/DT/GM_DT_EVTMSG3.FBC.z	DT_EVTMSG3.FBC/dt_EVTMSG3.txtbin	410	utf-8	{ESC}BL}1~フローラの花屋{ESC}WT}1~へようこそ \n水もきれいになったし \n花も　うれしそうだよ{13}
romdata/DT/GM_DT_EVTMSG3.FBC.z	DT_EVTMSG3.FBC/dt_EVTMSG3.txtbin	411	utf-8	ようこそ　{ESC}BL}1~薬屋{ESC}WT}1~へ！ \n水がにごっちまった！ \nオレの薬じゃなんともならねー！{13}
romdata/DT/GM_DT_EVTMSG3.FBC.z	DT_EVTMSG3.FBC/dt_EVTMSG3.txtbin	412	utf-8	ようこそ　{ESC}BL}1~薬屋{ESC}WT}1~へ！ \n水は　薬でも使うからなー \n元にもどってよかったぜ！{13}
romdata/DT/GM_DT_EVTMSG3.FBC.z	DT_EVTMSG3.FBC/dt_EVTMSG3.txtbin	413	utf-8	おや　いらっしゃい \nアツいココアは… \nと言いたいところですが{13}
romdata/DT/GM_DT_EVTMSG3.FBC.z	DT_EVTMSG3.FBC/dt_EVTMSG3.txtbin	414	utf-8	今は水が　ダメで \nミルクぐらいしか出せないんですが \nいかがでしょうか？{13}
romdata/DT/GM_DT_EVTMSG3.FBC.z	DT_EVTMSG3.FBC/dt_EVTMSG3.txtbin	415	utf-8	ん？　あれれ？ \nわたし　今なにを \nはなそうとしてましたっけ？…{13}
romdata/DT/GM_DT_EVTMSG3.FBC.z	DT_EVTMSG3.FBC/dt_EVTMSG3.txtbin	416	utf-8	おや　いらっしゃい \nアツいココアはいかがですか？{13}
romdata/DT/GM_DT_EVTMSG3.FBC.z	DT_EVTMSG3.FBC/dt_EVTMSG3.txtbin	417	utf-8	{ESC}BL}1~ハリーの店{ESC}WT}1~へようこそ！ \n水が　にごったから \nのどが　かわいてしかたないぜ{13}
romdata/DT/GM_DT_EVTMSG3.FBC.z	DT_EVTMSG3.FBC/dt_EVTMSG3.txtbin	418	utf-8	{ESC}BL}1~ハリーの店{ESC}WT}1~へようこそ！ \n水がもどったからって \nのみすぎたらハラ壊しちまった…{13}
romdata/DT/GM_DT_EVTMSG3.FBC.z	DT_EVTMSG3.FBC/dt_EVTMSG3.txtbin	419	utf-8	こんにちは　{ESC}GR}1~チョコボ{ESC}WT}1~ \n{ESC}GR}1~ラファエロ{ESC}WT}1~は元気でいいわね{13}
romdata/DT/GM_DT_EVTMSG3.FBC.z	DT_EVTMSG3.FBC/dt_EVTMSG3.txtbin	420	utf-8	こんにちは　{ESC}GR}1~チョコボ{ESC}WT}1~ \n{ESC}GR}1~ロディ{ESC}WT}1~と{ESC}GR}1~クレア{ESC}WT}1~は \nいつも　なかよしなのよ{13}
romdata/DT/GM_DT_EVTMSG3.FBC.z	DT_EVTMSG3.FBC/dt_EVTMSG3.txtbin	421	utf-8	{ESC}GR}1~チョコボ{ESC}WT}1~！ \nこんどはみんなで \nあそぼうよ！{13}
romdata/DT/GM_DT_EVTMSG3.FBC.z	DT_EVTMSG3.FBC/dt_EVTMSG3.txtbin	423	utf-8	ねぇねぇ　{ESC}GR}1~チョコボ{ESC}WT}1~ \nあそぼうよ！ \nすべり台なんてどう？ {13}
romdata/DT/GM_DT_EVTMSG3.FBC.z	DT_EVTMSG3.FBC/dt_EVTMSG3.txtbin	427	utf-8	よぉー　{ESC}GR}1~チョコボー{ESC}WT}1~ \n{ESC}GR}1~メーア{ESC}WT}1~ちゃんって知ってるか？ \nかれんな　女の子だぜー{13}
romdata/DT/GM_DT_EVTMSG3.FBC.z	DT_EVTMSG3.FBC/dt_EVTMSG3.txtbin	428	utf-8	よぉー　{ESC}GR}1~チョコボー{ESC}WT}1~ \n{ESC}GR}1~ステラ{ESC}WT}1~さんは元気かい？ \nオトナの女性だよなー{13}
romdata/DT/GM_DT_EVTMSG3.FBC.z	DT_EVTMSG3.FBC/dt_EVTMSG3.txtbin	429	utf-8	ねぇ　あんた知ってるかい？ \n{ESC}GR}1~メーア{ESC}WT}1~って女の子を！ \n男が好きそうなムスメさ！{13}
romdata/DT/GM_DT_EVTMSG3.FBC.z	DT_EVTMSG3.FBC/dt_EVTMSG3.txtbin	430	utf-8	ねぇ　あんた知ってるかい？ \n{ESC}BL}1~レビア岬{ESC}WT}1~で \nなにかあったみたいだよ！{13}
romdata/DT/GM_DT_EVTMSG3.FBC.z	DT_EVTMSG3.FBC/dt_EVTMSG3.txtbin	431	utf-8	チュウ！　{ESC}GR}1~チョコボ{ESC}WT}1~！ \nツメを　鍛えているでチュウ？{13}
romdata/DT/GM_DT_EVTMSG3.FBC.z	DT_EVTMSG3.FBC/dt_EVTMSG3.txtbin	432	utf-8	ツメやクラは \nどんどん　強くしていくでチュウ！{13}
romdata/DT/GM_DT_EVTMSG3.FBC.z	DT_EVTMSG3.FBC/dt_EVTMSG3.txtbin	433	utf-8	チュウ！　{ESC}GR}1~チョコボ{ESC}WT}1~！ \nオイラ　水のダンジョンに \n入ってみたでチュウ！{13}
romdata/DT/GM_DT_EVTMSG3.FBC.z	DT_EVTMSG3.FBC/dt_EVTMSG3.txtbin	434	utf-8	わかったことがあるでチュウ！ \n水のダンジョンは　３０かいまで！ \nこれ以上はいえないでチュウ！{13}
romdata/DT/GM_DT_EVTMSG3.FBC.z	DT_EVTMSG3.FBC/dt_EVTMSG3.txtbin	435	utf-8	クポ！　{ESC}GR}1~チョコボ{ESC}WT}1~！ \n{ESC}BL}1~サイロ{ESC}WT}1~には　いってみたクポ？{13}
romdata/DT/GM_DT_EVTMSG3.FBC.z	DT_EVTMSG3.FBC/dt_EVTMSG3.txtbin	436	utf-8	おもしろいことがあるクポ！ \nぜひ　いってみるクポ！{13}
romdata/DT/GM_DT_EVTMSG3.FBC.z	DT_EVTMSG3.FBC/dt_EVTMSG3.txtbin	437	utf-8	クポ！　は？ \n{ESC}GR}1~ダンジョンヒーローＸ{ESC}WT}1~？{13}
romdata/DT/GM_DT_EVTMSG3.FBC.z	DT_EVTMSG3.FBC/dt_EVTMSG3.txtbin	438	utf-8	{ESC}GR}1~ダンジョンヒーローＸ{ESC}WT}1~は \nすごく強いクポ！ \nモ　モグじゃないクポ！{13}
romdata/DT/GM_DT_EVTMSG3.FBC.z	DT_EVTMSG3.FBC/dt_EVTMSG3.txtbin	439	utf-8	あ！　{ESC}GR}1~チョコボ{ESC}WT}1~！ \n今ね　{ESC}GR}1~ロディ{ESC}WT}1~とあそんでるんだよ！ \n{ESC}GR}1~チョコボ{ESC}WT}1~も　あそぼうよ{13}
romdata/DT/GM_DT_EVTMSG3.FBC.z	DT_EVTMSG3.FBC/dt_EVTMSG3.txtbin	440	utf-8	{ESC}GR}1~ラファエロ{ESC}WT}1~と　あそんでると　 \nおとうとができたみたいで \nすごく楽しいよ！{13}
romdata/DT/GM_DT_EVTMSG3.FBC.z	DT_EVTMSG3.FBC/dt_EVTMSG3.txtbin	441	utf-8	{ESC}GR}1~ラファエロ{ESC}WT}1~がきてからずっと \n{ESC}GR}1~ロディ{ESC}WT}1~があそんでくれないの \nアタシだけ　なかまはずれよ…{13}
romdata/DT/GM_DT_EVTMSG3.FBC.z	DT_EVTMSG3.FBC/dt_EVTMSG3.txtbin	442	utf-8	{ESC}GR}1~チョコボ{ESC}WT}1~！ \nどうぶつってすごくかわいいね！ \nすぐに　なかよしになれたよ！{13}
romdata/DT/GM_DT_EVTMSG3.FBC.z	DT_EVTMSG3.FBC/dt_EVTMSG3.txtbin	443	utf-8	でもどうして　ボクは \nどうぶつや{ESC}GR}1~チョコボ{ESC}WT}1~の \n言うことがわかるんだろう？　{13}
romdata/DT/GM_DT_EVTMSG3.FBC.z	DT_EVTMSG3.FBC/dt_EVTMSG3.txtbin	444	utf-8	フシギだなぁ… \nきっと　ボクと{ESC}GR}1~チョコボ{ESC}WT}1~は \nうんと　なかよしだからだね！{13}
romdata/DT/GM_DT_EVTMSG3.FBC.z	DT_EVTMSG3.FBC/dt_EVTMSG3.txtbin	445	utf-8	キュキュキュ！{13}
romdata/DT/GM_DT_EVTMSG3.FBC.z	DT_EVTMSG3.FBC/dt_EVTMSG3.txtbin	446	utf-8	オレは今　カンドウしてるぞ！ \n{ESC}GR}1~ラファエロ{ESC}WT}1~の　おかげで \n今日はさみしくない！{13}
romdata/DT/GM_DT_EVTMSG3.FBC.z	DT_EVTMSG3.FBC/dt_EVTMSG3.txtbin	447	utf-8	か　かんちがいするなよ！？ \nべ　べつに　いつも \nさみしがってるわけじゃないぞ！{13}
romdata/DT/GM_DT_EVTMSG3.FBC.z	DT_EVTMSG3.FBC/dt_EVTMSG3.txtbin	448	utf-8	やあ！　{ESC}GR}1~チョコボ{ESC}WT}1~ \n海を見てたんだ　ここは \nとっても　おちつくね{13}
romdata/DT/GM_DT_EVTMSG3.FBC.z	DT_EVTMSG3.FBC/dt_EVTMSG3.txtbin	449	utf-8	しずかに　海をながめるのも \n楽しいんだね！ \nボク　知らなかったよ！{13}
romdata/DT/GM_DT_EVTMSG3.FBC.z	DT_EVTMSG3.FBC/dt_EVTMSG3.txtbin	450	utf-8	キュウ！{13}
romdata/DT/GM_DT_EVTMSG3.FBC.z	DT_EVTMSG3.FBC/dt_EVTMSG3.txtbin	451	utf-8	あ！　{ESC}GR}1~チョコボ{ESC}WT}1~！　ボクね \nはじめて　ふんすいを見たよ！{13}
romdata/DT/GM_DT_EVTMSG3.FBC.z	DT_EVTMSG3.FBC/dt_EVTMSG3.txtbin	452	utf-8	ふんすいってすごいね！ \nキレイなだけじゃなくて \nにじ　までつくっちゃうんだもん{13}
romdata/DT/GM_DT_EVTMSG3.FBC.z	DT_EVTMSG3.FBC/dt_EVTMSG3.txtbin	453	utf-8	キュキュキュ！{13}
romdata/DT/GM_DT_EVTMSG3.FBC.z	DT_EVTMSG3.FBC/dt_EVTMSG3.txtbin	454	utf-8	{ESC}GR}1~チョコボ{ESC}WT}1~も　ふんすいがすきなの？ \nあはは　ボクとおんなじだね！ \nやっぱりボクら　なかよしだね！{13}
romdata/DT/GM_DT_EVTMSG3.FBC.z	DT_EVTMSG3.FBC/dt_EVTMSG3.txtbin	455	utf-8	{ESC}GR}1~チョコボ…{ESC}WT}1~ \nねぇ　どうしてみんなは \n{ESC}BL}1~教会{ESC}WT}1~で　おいのりを　するの？{13}
romdata/DT/GM_DT_EVTMSG3.FBC.z	DT_EVTMSG3.FBC/dt_EVTMSG3.txtbin	456	utf-8	キュルル？{13}
romdata/DT/GM_DT_EVTMSG3.FBC.z	DT_EVTMSG3.FBC/dt_EVTMSG3.txtbin	457	utf-8	おいのりしたら \nいつもおいしいものを \nたべていられるのかな？{13}
romdata/DT/GM_DT_EVTMSG3.FBC.z	DT_EVTMSG3.FBC/dt_EVTMSG3.txtbin	458	utf-8	ボクには　わかんないや \nおいのりなんかしたって \nおなかは　ふくれないよね！{13}
romdata/DT/GM_DT_EVTMSG3.FBC.z	DT_EVTMSG3.FBC/dt_EVTMSG3.txtbin	459	utf-8	クピピ…{13}
romdata/DT/GM_DT_EVTMSG3.FBC.z	DT_EVTMSG3.FBC/dt_EVTMSG3.txtbin	460	utf-8	ねえねえ　{ESC}GR}1~チョコボ{ESC}WT}1~！ \nここって　魚がつれるんでしょ？ \n魚っておいしいの？{13}
romdata/DT/GM_DT_EVTMSG3.FBC.z	DT_EVTMSG3.FBC/dt_EVTMSG3.txtbin	461	utf-8	キュキュキュ！{13}
romdata/DT/GM_DT_EVTMSG3.FBC.z	DT_EVTMSG3.FBC/dt_EVTMSG3.txtbin	462	utf-8	そんなにおいしいんだ！ \nいいなあー　ボクも食べたいなー！ \n{ESC}GR}1~チョコボ{ESC}WT}1~ばっかり　ずるいよ！{13}
romdata/DT/GM_DT_EVTMSG3.FBC.z	DT_EVTMSG3.FBC/dt_EVTMSG3.txtbin	463	utf-8	キュピーー！！{13}
romdata/DT/GM_DT_EVTMSG3.FBC.z	DT_EVTMSG3.FBC/dt_EVTMSG3.txtbin	464	utf-8	ねえ　{ESC}GR}1~チョコボ{ESC}WT}1~ \nこの場所に　タネをうえると \nキレイな　お花がさくんだよね？{13}
romdata/DT/GM_DT_EVTMSG3.FBC.z	DT_EVTMSG3.FBC/dt_EVTMSG3.txtbin	465	utf-8	キュピーー！！{13}
romdata/DT/GM_DT_EVTMSG3.FBC.z	DT_EVTMSG3.FBC/dt_EVTMSG3.txtbin	466	utf-8	もしかして　そのお花って \nおいしいのかな！？ \nねえ！　おいしいのかな！？{13}
romdata/DT/GM_DT_EVTMSG3.FBC.z	DT_EVTMSG3.FBC/dt_EVTMSG3.txtbin	467	utf-8	キュルル？{13}
romdata/DT/GM_DT_EVTMSG4.FBC.z	DT_EVTMSG4.FBC/dt_EVTMSG4.txtbin	0	utf-8	チョコボ\n
romdata/DT/GM_DT_EVTMSG4.FBC.z	DT_EVTMSG4.FBC/dt_EVTMSG4.txtbin	1	utf-8	シロマ\n
romdata/DT/GM_DT_EVTMSG4.FBC.z	DT_EVTMSG4.FBC/dt_EVTMSG4.txtbin	2	utf-8	クロマ\n
romdata/DT/GM_DT_EVTMSG4.FBC.z	DT_EVTMSG4.FBC/dt_EVTMSG4.txtbin	3	utf-8	ラファエロ
romdata/DT/GM_DT_EVTMSG4.FBC.z	DT_EVTMSG4.FBC/dt_EVTMSG4.txtbin	5	utf-8	シド\n
romdata/DT/GM_DT_EVTMSG4.FBC.z	DT_EVTMSG4.FBC/dt_EVTMSG4.txtbin	7	utf-8	アムーリ
romdata/DT/GM_DT_EVTMSG4.FBC.z	DT_EVTMSG4.FBC/dt_EVTMSG4.txtbin	8	utf-8	ヴォルグ
romdata/DT/GM_DT_EVTMSG4.FBC.z	DT_EVTMSG4.FBC/dt_EVTMSG4.txtbin	9	utf-8	フレイア
romdata/DT/GM_DT_EVTMSG4.FBC.z	DT_EVTMSG4.FBC/dt_EVTMSG4.txtbin	10	utf-8	メーア
romdata/DT/GM_DT_EVTMSG4.FBC.z	DT_EVTMSG4.FBC/dt_EVTMSG4.txtbin	11	utf-8	ゲイル
romdata/DT/GM_DT_EVTMSG4.FBC.z	DT_EVTMSG4.FBC/dt_EVTMSG4.txtbin	12	utf-8	ステラ
romdata/DT/GM_DT_EVTMSG4.FBC.z	DT_EVTMSG4.FBC/dt_EVTMSG4.txtbin	13	utf-8	ローチェ
romdata/DT/GM_DT_EVTMSG4.FBC.z	DT_EVTMSG4.FBC/dt_EVTMSG4.txtbin	14	utf-8	ダードラー
romdata/DT/GM_DT_EVTMSG4.FBC.z	DT_EVTMSG4.FBC/dt_EVTMSG4.txtbin	15	utf-8	ハリー
romdata/DT/GM_DT_EVTMSG4.FBC.z	DT_EVTMSG4.FBC/dt_EVTMSG4.txtbin	16	utf-8	マリス
romdata/DT/GM_DT_EVTMSG4.FBC.z	DT_EVTMSG4.FBC/dt_EVTMSG4.txtbin	17	utf-8	シャルロット
romdata/DT/GM_DT_EVTMSG4.FBC.z	DT_EVTMSG4.FBC/dt_EVTMSG4.txtbin	18	utf-8	フローラ
romdata/DT/GM_DT_EVTMSG4.FBC.z	DT_EVTMSG4.FBC/dt_EVTMSG4.txtbin	19	utf-8	ハンナ\n
romdata/DT/GM_DT_EVTMSG4.FBC.z	DT_EVTMSG4.FBC/dt_EVTMSG4.txtbin	20	utf-8	メディット
romdata/DT/GM_DT_EVTMSG4.FBC.z	DT_EVTMSG4.FBC/dt_EVTMSG4.txtbin	21	utf-8	ディクト\n
romdata/DT/GM_DT_EVTMSG4.FBC.z	DT_EVTMSG4.FBC/dt_EVTMSG4.txtbin	22	utf-8	ロディ
romdata/DT/GM_DT_EVTMSG4.FBC.z	DT_EVTMSG4.FBC/dt_EVTMSG4.txtbin	23	utf-8	クレア
romdata/DT/GM_DT_EVTMSG4.FBC.z	DT_EVTMSG4.FBC/dt_EVTMSG4.txtbin	24	utf-8	ブラル
romdata/DT/GM_DT_EVTMSG4.FBC.z	DT_EVTMSG4.FBC/dt_EVTMSG4.txtbin	25	utf-8	ドルくん
romdata/DT/GM_DT_EVTMSG4.FBC.z	DT_EVTMSG4.FBC/dt_EVTMSG4.txtbin	26	utf-8	ラン
romdata/DT/GM_DT_EVTMSG4.FBC.z	DT_EVTMSG4.FBC/dt_EVTMSG4.txtbin	27	utf-8	ウェン
romdata/DT/GM_DT_EVTMSG4.FBC.z	DT_EVTMSG4.FBC/dt_EVTMSG4.txtbin	28	utf-8	アル
romdata/DT/GM_DT_EVTMSG4.FBC.z	DT_EVTMSG4.FBC/dt_EVTMSG4.txtbin	29	utf-8	ミミ
romdata/DT/GM_DT_EVTMSG4.FBC.z	DT_EVTMSG4.FBC/dt_EVTMSG4.txtbin	30	utf-8	ココ
romdata/DT/GM_DT_EVTMSG4.FBC.z	DT_EVTMSG4.FBC/dt_EVTMSG4.txtbin	31	utf-8	ムーラン
romdata/DT/GM_DT_EVTMSG4.FBC.z	DT_EVTMSG4.FBC/dt_EVTMSG4.txtbin	32	utf-8	モリー
romdata/DT/GM_DT_EVTMSG4.FBC.z	DT_EVTMSG4.FBC/dt_EVTMSG4.txtbin	33	utf-8	マナリー
romdata/DT/GM_DT_EVTMSG4.FBC.z	DT_EVTMSG4.FBC/dt_EVTMSG4.txtbin	34	utf-8	メラニー
romdata/DT/GM_DT_EVTMSG4.FBC.z	DT_EVTMSG4.FBC/dt_EVTMSG4.txtbin	35	utf-8	ゴブリン
romdata/DT/GM_DT_EVTMSG4.FBC.z	DT_EVTMSG4.FBC/dt_EVTMSG4.txtbin	36	utf-8	チョッカーズ
romdata/DT/GM_DT_EVTMSG4.FBC.z	DT_EVTMSG4.FBC/dt_EVTMSG4.txtbin	37	utf-8	モーグリ
romdata/DT/GM_DT_EVTMSG4.FBC.z	DT_EVTMSG4.FBC/dt_EVTMSG4.txtbin	38	utf-8	ダンジョンヒーローＸ
romdata/DT/GM_DT_EVTMSG4.FBC.z	DT_EVTMSG4.FBC/dt_EVTMSG4.txtbin	39	utf-8	ロマンチックヒーローＸ
romdata/DT/GM_DT_EVTMSG4.FBC.z	DT_EVTMSG4.FBC/dt_EVTMSG4.txtbin	40	utf-8	商人ヒーローＸ
romdata/DT/GM_DT_EVTMSG4.FBC.z	DT_EVTMSG4.FBC/dt_EVTMSG4.txtbin	41	utf-8	フェニックス
romdata/DT/GM_DT_EVTMSG4.FBC.z	DT_EVTMSG4.FBC/dt_EVTMSG4.txtbin	42	utf-8	リヴァイアサン
romdata/DT/GM_DT_EVTMSG4.FBC.z	DT_EVTMSG4.FBC/dt_EVTMSG4.txtbin	43	utf-8	アレクサンダー
romdata/DT/GM_DT_EVTMSG4.FBC.z	DT_EVTMSG4.FBC/dt_EVTMSG4.txtbin	47	utf-8	　
romdata/DT/GM_DT_EVTMSG4.FBC.z	DT_EVTMSG4.FBC/dt_EVTMSG4.txtbin	48	utf-8	？？？？？\n
romdata/DT/GM_DT_EVTMSG4.FBC.z	DT_EVTMSG4.FBC/dt_EVTMSG4.txtbin	100	utf-8	お前　またでかくなったな！ \nこれじゃあしたには　オレより \nでかくなってそうだな！{13}
romdata/DT/GM_DT_EVTMSG4.FBC.z	DT_EVTMSG4.FBC/dt_EVTMSG4.txtbin	101	utf-8	…うん \nそうだね…{13}
romdata/DT/GM_DT_EVTMSG4.FBC.z	DT_EVTMSG4.FBC/dt_EVTMSG4.txtbin	102	utf-8	キュルル？{13}
romdata/DT/GM_DT_EVTMSG4.FBC.z	DT_EVTMSG4.FBC/dt_EVTMSG4.txtbin	103	utf-8	どうしたんだい？ \nそんな　クラい　かおして…{13}
romdata/DT/GM_DT_EVTMSG4.FBC.z	DT_EVTMSG4.FBC/dt_EVTMSG4.txtbin	104	utf-8	う　うん…{13}
romdata/DT/GM_DT_EVTMSG4.FBC.z	DT_EVTMSG4.FBC/dt_EVTMSG4.txtbin	105	utf-8	なんだか　げんき　ないぜ！ \nこどもはなぁ　げんきをだすのが \nしごとだろ！　{13}
romdata/DT/GM_DT_EVTMSG4.FBC.z	DT_EVTMSG4.FBC/dt_EVTMSG4.txtbin	106	utf-8	っと　しごとで　思い出した！ \nじいさんの　{ESC}BL}1~けんきゅうじょ{ESC}WT}1~を \n見つけたんだ{13}
romdata/DT/GM_DT_EVTMSG4.FBC.z	DT_EVTMSG4.FBC/dt_EVTMSG4.txtbin	107	utf-8	Ｄ{13}
romdata/DT/GM_DT_EVTMSG4.FBC.z	DT_EVTMSG4.FBC/dt_EVTMSG4.txtbin	108	utf-8	キュキュキュ！{13}
romdata/DT/GM_DT_EVTMSG4.FBC.z	DT_EVTMSG4.FBC/dt_EVTMSG4.txtbin	109	utf-8	そんなわけで　オレは　{ESC}BL}1~鉱山区{ESC}WT}1~に \nいってくるからな \nさぁ　ぼうけんの　はじまりだっ！{13}
romdata/DT/GM_DT_EVTMSG4.FBC.z	DT_EVTMSG4.FBC/dt_EVTMSG4.txtbin	110	utf-8	…{ESC}GR}1~シド{ESC}WT}1~さん… \nいっちゃった…{13} \n
romdata/DT/GM_DT_EVTMSG4.FBC.z	DT_EVTMSG4.FBC/dt_EVTMSG4.txtbin	111	utf-8	{ESC}GR}1~シド{ESC}WT}1~さんは　いつも \nいそがしそうだねぇ{13}
romdata/DT/GM_DT_EVTMSG4.FBC.z	DT_EVTMSG4.FBC/dt_EVTMSG4.txtbin	112	utf-8	あ！　そういえば \n{ESC}GR}1~ラファエロ{ESC}WT}1~が　なにか \n話があるんだって{13}
romdata/DT/GM_DT_EVTMSG4.FBC.z	DT_EVTMSG4.FBC/dt_EVTMSG4.txtbin	113	utf-8	おや　そうなのかい \nじゃあ　えんりょなく \n言ってごらんよ{13}
romdata/DT/GM_DT_EVTMSG4.FBC.z	DT_EVTMSG4.FBC/dt_EVTMSG4.txtbin	114	utf-8	う　うん… \nあのね… \nボク…自分がわからないんだ{13}
romdata/DT/GM_DT_EVTMSG4.FBC.z	DT_EVTMSG4.FBC/dt_EVTMSG4.txtbin	115	utf-8	ボクの体が大きくなるたびに \nボクのココロの中で…{13}
romdata/DT/GM_DT_EVTMSG4.FBC.z	DT_EVTMSG4.FBC/dt_EVTMSG4.txtbin	116	utf-8	なにか　いやなものが　大きく \nなってるような気がするんだ　{13}
romdata/DT/GM_DT_EVTMSG4.FBC.z	DT_EVTMSG4.FBC/dt_EVTMSG4.txtbin	117	utf-8	…あんたも大きくなったね \n大人になる時には　みんな \nそんなふうに　考えるものさ　{13}
romdata/DT/GM_DT_EVTMSG4.FBC.z	DT_EVTMSG4.FBC/dt_EVTMSG4.txtbin	118	utf-8	でも…でも \nそのココロの中のなにかは…{13}
romdata/DT/GM_DT_EVTMSG4.FBC.z	DT_EVTMSG4.FBC/dt_EVTMSG4.txtbin	119	utf-8	まぁ　クッキーでも　たべて \nおなかが　ふくれれば \nおちついて　考えられるさ{13}
romdata/DT/GM_DT_EVTMSG4.FBC.z	DT_EVTMSG4.FBC/dt_EVTMSG4.txtbin	120	utf-8	いらないっ！{13}
romdata/DT/GM_DT_EVTMSG4.FBC.z	DT_EVTMSG4.FBC/dt_EVTMSG4.txtbin	121	utf-8	ま　まって！ \n{ESC}GR}1~ラファエロ{ESC}WT}1~！{13}
romdata/DT/GM_DT_EVTMSG4.FBC.z	DT_EVTMSG4.FBC/dt_EVTMSG4.txtbin	130	utf-8	{ESC}GR}1~チョコボ…{ESC}WT}1~{13}
romdata/DT/GM_DT_EVTMSG4.FBC.z	DT_EVTMSG4.FBC/dt_EVTMSG4.txtbin	131	utf-8	{ESC}GR}1~ラファエロ{ESC}WT}1~！ \nねぇ！　{ESC}GR}1~ラファエロ{ESC}WT}1~！？{13}
romdata/DT/GM_DT_EVTMSG4.FBC.z	DT_EVTMSG4.FBC/dt_EVTMSG4.txtbin	132	utf-8	{ESC}GR}1~シロマ{ESC}WT}1~おねえちゃん… \nこないで！ \nボクは…　ボクは…{13}
romdata/DT/GM_DT_EVTMSG4.FBC.z	DT_EVTMSG4.FBC/dt_EVTMSG4.txtbin	133	utf-8	{ESC}GR}1~ラファエロ{ESC}WT}1~！　ちょっとま… \nえ？　わたし　前にも…{13}
romdata/DT/GM_DT_EVTMSG4.FBC.z	DT_EVTMSG4.FBC/dt_EVTMSG4.txtbin	134	utf-8	こんな　かんじ… \n見たことがある… \nでも　なんで…　ああっ{13}
romdata/DT/GM_DT_EVTMSG4.FBC.z	DT_EVTMSG4.FBC/dt_EVTMSG4.txtbin	135	utf-8	いきなり　暗くなったわね \n何がおきたんだろ{13}
romdata/DT/GM_DT_EVTMSG4.FBC.z	DT_EVTMSG4.FBC/dt_EVTMSG4.txtbin	136	utf-8	あ　{ESC}GR}1~シロマ{ESC}WT}1~！ \nどうしたの！？{13}
romdata/DT/GM_DT_EVTMSG4.FBC.z	DT_EVTMSG4.FBC/dt_EVTMSG4.txtbin	137	utf-8	これは　もしかして… \n{ESC}GR}1~チョコボ{ESC}WT}1~！ \nちょっと　てつだって！{13}
romdata/DT/GM_DT_EVTMSG4.FBC.z	DT_EVTMSG4.FBC/dt_EVTMSG4.txtbin	138	utf-8	キュキュキュ！{13}
romdata/DT/GM_DT_EVTMSG4.FBC.z	DT_EVTMSG4.FBC/dt_EVTMSG4.txtbin	150	utf-8	{ESC}GR}1~シロマ{ESC}WT}1~！　だいじょうぶ？ \n{ESC}GR}1~シロマ{ESC}WT}1~が　きゅうに \nたおれたから…　{13}
romdata/DT/GM_DT_EVTMSG4.FBC.z	DT_EVTMSG4.FBC/dt_EVTMSG4.txtbin	151	utf-8	うん　しんぱいかけてごめんね \nああっ{13}
romdata/DT/GM_DT_EVTMSG4.FBC.z	DT_EVTMSG4.FBC/dt_EVTMSG4.txtbin	152	utf-8	{ESC}GR}1~シロマ{ESC}WT}1~　ムリはしないでいいよ \nあたしも　{ESC}GR}1~フレイア{ESC}WT}1~さんも \n{ESC}GR}1~チョコボ{ESC}WT}1~も　いるから{13}
romdata/DT/GM_DT_EVTMSG4.FBC.z	DT_EVTMSG4.FBC/dt_EVTMSG4.txtbin	153	utf-8	キュウ！{13}
romdata/DT/GM_DT_EVTMSG4.FBC.z	DT_EVTMSG4.FBC/dt_EVTMSG4.txtbin	154	utf-8	うん…ありが…とう…{13}
romdata/DT/GM_DT_EVTMSG4.FBC.z	DT_EVTMSG4.FBC/dt_EVTMSG4.txtbin	155	utf-8	ほら　この{ESC}GR}1~ネズミくん{ESC}WT}1~も \nおうえん　してくれてるよ \nもうゆっくり　やすみなよ{13}
romdata/DT/GM_DT_EVTMSG4.FBC.z	DT_EVTMSG4.FBC/dt_EVTMSG4.txtbin	157	utf-8	ああっ…{13}
romdata/DT/GM_DT_EVTMSG4.FBC.z	DT_EVTMSG4.FBC/dt_EVTMSG4.txtbin	158	utf-8	ああ　{ESC}GR}1~シロマ…{ESC}WT}1~だいじょうぶかい？ \n{ESC}GR}1~チョコボ{ESC}WT}1~！ \nどうにかしてあげておくれ！{13}
romdata/DT/GM_DT_EVTMSG4.FBC.z	DT_EVTMSG4.FBC/dt_EVTMSG4.txtbin	160	utf-8	{15}CT}1~ぐすっ！　ううぅ… \n{15}CT}1~おねえちゃん！ \n{15}CT}1~うう…　イタいよう{13}
romdata/DT/GM_DT_EVTMSG4.FBC.z	DT_EVTMSG4.FBC/dt_EVTMSG4.txtbin	161	utf-8	{15}CT}1~　 \n{15}CT}1~あ　イタくない！ \n{15}CT}1~まほうなの？{13}
romdata/DT/GM_DT_EVTMSG4.FBC.z	DT_EVTMSG4.FBC/dt_EVTMSG4.txtbin	162	utf-8	{15}CT}1~　 \n{15}CT}1~すごーい　すごーい \n{15}CT}1~わたしも　まほう　つかいたい！{13}
romdata/DT/GM_DT_EVTMSG4.FBC.z	DT_EVTMSG4.FBC/dt_EVTMSG4.txtbin	163	utf-8	{15}CT}1~　 \n{15}CT}1~まほうってどこにあるの？ \n{15}CT}1~シロマには　見えないよ…{13}
romdata/DT/GM_DT_EVTMSG4.FBC.z	DT_EVTMSG4.FBC/dt_EVTMSG4.txtbin	164	utf-8	{15}CT}1~くうきみたい？ \n{15}CT}1~じゃあ　みんなの \n{15}CT}1~まわりにあるの？{13}
romdata/DT/GM_DT_EVTMSG4.FBC.z	DT_EVTMSG4.FBC/dt_EVTMSG4.txtbin	165	utf-8	{15}CT}1~　 \n{15}CT}1~どうすればまほうが \n{15}CT}1~つかえるようになるの？{13}
romdata/DT/GM_DT_EVTMSG4.FBC.z	DT_EVTMSG4.FBC/dt_EVTMSG4.txtbin	166	utf-8	{15}CT}1~べんきょうしなきゃ \n{15}CT}1~だめなの？ \n{15}CT}1~ちょっと　たいへんだね{13}
romdata/DT/GM_DT_EVTMSG4.FBC.z	DT_EVTMSG4.FBC/dt_EVTMSG4.txtbin	167	utf-8	{15}CT}1~でも　おねえちゃんみたいに \n{15}CT}1~なりたいから \n{15}CT}1~シロマ　がんばるよ{13}
romdata/DT/GM_DT_EVTMSG4.FBC.z	DT_EVTMSG4.FBC/dt_EVTMSG4.txtbin	168	utf-8	{15}CT}1~　 \n{15}CT}1~べんきょうだけじゃ \n{15}CT}1~だめなの？{13}
romdata/DT/GM_DT_EVTMSG4.FBC.z	DT_EVTMSG4.FBC/dt_EVTMSG4.txtbin	170	utf-8	{15}CT}1~ありがとうございます \n{15}CT}1~今日　わたしは \n{15}CT}1~４人の神官のひとりとして{13}
romdata/DT/GM_DT_EVTMSG4.FBC.z	DT_EVTMSG4.FBC/dt_EVTMSG4.txtbin	171	utf-8	{15}CT}1~光の神獣さまと \n{15}CT}1~クリスタルの力と　ともに \n{15}CT}1~この塔を \n{15}CT}1~まもるものとして{13}
romdata/DT/GM_DT_EVTMSG4.FBC.z	DT_EVTMSG4.FBC/dt_EVTMSG4.txtbin	172	utf-8	{15}CT}1~{ESC}YL}1~光の杖{ESC}WT}1~を \n{15}CT}1~ひきつぎます \n{15}CT}1~わたしは{ESC}GR}1~シロマ・マグノーリエ{ESC}WT}1~ \n{15}CT}1~光の神官です！{13}
romdata/DT/GM_DT_EVTMSG4.FBC.z	DT_EVTMSG4.FBC/dt_EVTMSG4.txtbin	174	utf-8	{15}CT}1~やさしいきもち？ \n{15}CT}1~それなら　シロマ　いーっぱい \n{15}CT}1~あるよ{13}
romdata/DT/GM_DT_EVTMSG4.FBC.z	DT_EVTMSG4.FBC/dt_EVTMSG4.txtbin	175	utf-8	{15}CT}1~わたしも \n{15}CT}1~おねえちゃんみたいに \n{15}CT}1~なりたい！{13}
romdata/DT/GM_DT_EVTMSG4.FBC.z	DT_EVTMSG4.FBC/dt_EVTMSG4.txtbin	176	utf-8	{15}CT}1~　 \n{15}CT}1~おねえちゃんは \n{15}CT}1~神官さまになるの？{13}
romdata/DT/GM_DT_EVTMSG4.FBC.z	DT_EVTMSG4.FBC/dt_EVTMSG4.txtbin	177	utf-8	{15}CT}1~　 \n{15}CT}1~じゃ　シロマも \n{15}CT}1~神官さまになる！{13}
romdata/DT/GM_DT_EVTMSG4.FBC.z	DT_EVTMSG4.FBC/dt_EVTMSG4.txtbin	178	utf-8	{15}CT}1~　 \n{15}CT}1~わたしたち \n{15}CT}1~ずーっと　いっしょだよ！{13}
romdata/DT/GM_DT_EVTMSG4.FBC.z	DT_EVTMSG4.FBC/dt_EVTMSG4.txtbin	180	utf-8	{ESC}GR}1~チョコボ{ESC}WT}1~！ \n思い出したの！ \nわたし　光の神官だったのよ！{13}
romdata/DT/GM_DT_EVTMSG4.FBC.z	DT_EVTMSG4.FBC/dt_EVTMSG4.txtbin	181	utf-8	目がさめたんだね！{13}
romdata/DT/GM_DT_EVTMSG4.FBC.z	DT_EVTMSG4.FBC/dt_EVTMSG4.txtbin	182	utf-8	キュキュキュ！{13}
romdata/DT/GM_DT_EVTMSG4.FBC.z	DT_EVTMSG4.FBC/dt_EVTMSG4.txtbin	183	utf-8	よかった！ \n{ESC}GR}1~チョコボ{ESC}WT}1~　ありがとう！{13}
romdata/DT/GM_DT_EVTMSG4.FBC.z	DT_EVTMSG4.FBC/dt_EVTMSG4.txtbin	184	utf-8	ああ　みんな　ありがとう \n…そうだ　光を　もどさないと！ \n{ESC}GR}1~チョコボ{ESC}WT}1~！　こっちにきて{13}
romdata/DT/GM_DT_EVTMSG4.FBC.z	DT_EVTMSG4.FBC/dt_EVTMSG4.txtbin	190	utf-8	さぁ　いくわよ！ \n闇に　かこまれし　光よ！ \nもどってきて！{13}
romdata/DT/GM_DT_EVTMSG4.FBC.z	DT_EVTMSG4.FBC/dt_EVTMSG4.txtbin	192	utf-8	やっぱり　お日さまって \nいいわね！{13}
romdata/DT/GM_DT_EVTMSG4.FBC.z	DT_EVTMSG4.FBC/dt_EVTMSG4.txtbin	193	utf-8	これも　{ESC}GR}1~チョコボ{ESC}WT}1~のおかげよ！ \nありがとう{13}
romdata/DT/GM_DT_EVTMSG4.FBC.z	DT_EVTMSG4.FBC/dt_EVTMSG4.txtbin	194	utf-8	キュキュキュ！{13}
romdata/DT/GM_DT_EVTMSG4.FBC.z	DT_EVTMSG4.FBC/dt_EVTMSG4.txtbin	195	utf-8	{ESC}GR}1~シロマ…{ESC}WT}1~あんた… \nえらいことができたんだね！{13}
romdata/DT/GM_DT_EVTMSG4.FBC.z	DT_EVTMSG4.FBC/dt_EVTMSG4.txtbin	200	utf-8	{ESC}GR}1~チョコボ…{ESC}WT}1~ \nこうして見てると \nふんすい…　キレイだよね…{13}
romdata/DT/GM_DT_EVTMSG4.FBC.z	DT_EVTMSG4.FBC/dt_EVTMSG4.txtbin	201	utf-8	{ESC}GR}1~シロマ{ESC}WT}1~おねえちゃんには \n言えなかったけど \n{ESC}GR}1~チョコボ{ESC}WT}1~なら　きいてくれるよね？{13}
romdata/DT/GM_DT_EVTMSG4.FBC.z	DT_EVTMSG4.FBC/dt_EVTMSG4.txtbin	202	utf-8	あのね… \nボク…　自分のことが \nきらいなんだ{13}
romdata/DT/GM_DT_EVTMSG4.FBC.z	DT_EVTMSG4.FBC/dt_EVTMSG4.txtbin	203	utf-8	あんなにやさしい \n{ESC}GR}1~シロマ{ESC}WT}1~おねえちゃんたちを \nこまらせてばっかりなんだもん{13}
romdata/DT/GM_DT_EVTMSG4.FBC.z	DT_EVTMSG4.FBC/dt_EVTMSG4.txtbin	204	utf-8	クピピ…{13}
romdata/DT/GM_DT_EVTMSG4.FBC.z	DT_EVTMSG4.FBC/dt_EVTMSG4.txtbin	205	utf-8	だから　そんなボクが \nこの街にいて…いいのかな？{13}
romdata/DT/GM_DT_EVTMSG4.FBC.z	DT_EVTMSG4.FBC/dt_EVTMSG4.txtbin	206	utf-8	キュキュキュ！{13}
romdata/DT/GM_DT_EVTMSG4.FBC.z	DT_EVTMSG4.FBC/dt_EVTMSG4.txtbin	207	utf-8	でも…　でも… \nボク…　ふつうじゃないし… \n…なんだろ…これ…な・み…だ？{13}
romdata/DT/GM_DT_EVTMSG4.FBC.z	DT_EVTMSG4.FBC/dt_EVTMSG4.txtbin	208	utf-8	キュピーー！！{13}
romdata/DT/GM_DT_EVTMSG4.FBC.z	DT_EVTMSG4.FBC/dt_EVTMSG4.txtbin	209	utf-8	…{ESC}GR}1~チョコボ{ESC}WT}1~？{13}
romdata/DT/GM_DT_EVTMSG4.FBC.z	DT_EVTMSG4.FBC/dt_EVTMSG4.txtbin	210	utf-8	え？　{ESC}GR}1~チョコボ{ESC}WT}1~ \nちょっと！{13}
romdata/DT/GM_DT_EVTMSG4.FBC.z	DT_EVTMSG4.FBC/dt_EVTMSG4.txtbin	211	utf-8	キュキュキュ！{13}
romdata/DT/GM_DT_EVTMSG4.FBC.z	DT_EVTMSG4.FBC/dt_EVTMSG4.txtbin	212	utf-8	まってよ！ \nく　くすぐったいよ！{13}
romdata/DT/GM_DT_EVTMSG4.FBC.z	DT_EVTMSG4.FBC/dt_EVTMSG4.txtbin	213	utf-8	そうだね　{ESC}GR}1~チョコボ{ESC}WT}1~ \nわかった \nボク　もう泣かないよ{13}
romdata/DT/GM_DT_EVTMSG4.FBC.z	DT_EVTMSG4.FBC/dt_EVTMSG4.txtbin	214	utf-8	いつまでも泣いていたって \nしかたないもんね \nありがとう！{13}
romdata/DT/GM_DT_EVTMSG4.FBC.z	DT_EVTMSG4.FBC/dt_EVTMSG4.txtbin	215	utf-8	あは…　あははは \nあははは　{13}
romdata/DT/GM_DT_EVTMSG4.FBC.z	DT_EVTMSG4.FBC/dt_EVTMSG4.txtbin	220	utf-8	{ESC}GR}1~ラファエロ{ESC}WT}1~！　ここにいたのね \nいきなり出ていっちゃって \nしんぱい　したんだからね{13}
romdata/DT/GM_DT_EVTMSG4.FBC.z	DT_EVTMSG4.FBC/dt_EVTMSG4.txtbin	221	utf-8	{ESC}GR}1~シロマ{ESC}WT}1~おねえちゃん \n…ボクも　いろいろ \nわかってきたんだ…{13}
romdata/DT/GM_DT_EVTMSG4.FBC.z	DT_EVTMSG4.FBC/dt_EVTMSG4.txtbin	222	utf-8	え？　どういうこと？ \nなにが　わかったの？{13}
romdata/DT/GM_DT_EVTMSG4.FBC.z	DT_EVTMSG4.FBC/dt_EVTMSG4.txtbin	223	utf-8	ボクは　この塔に \nのぼらなきゃ…{13}
romdata/DT/GM_DT_EVTMSG4.FBC.z	DT_EVTMSG4.FBC/dt_EVTMSG4.txtbin	224	utf-8	マユの中では \nこわい　夢を見るんだ \nたくさんの人が…{13}
romdata/DT/GM_DT_EVTMSG4.FBC.z	DT_EVTMSG4.FBC/dt_EVTMSG4.txtbin	225	utf-8	くるしんで　かなしんで \nきぼうをなくしてる… \nボク　こわいんだ…　でも…{13}
romdata/DT/GM_DT_EVTMSG4.FBC.z	DT_EVTMSG4.FBC/dt_EVTMSG4.txtbin	226	utf-8	{ESC}GR}1~ラファエロ…{ESC}WT}1~ \nそんなに　こわい思いをするなら \nいかなくても　いいんじゃない？{13}
romdata/DT/GM_DT_EVTMSG4.FBC.z	DT_EVTMSG4.FBC/dt_EVTMSG4.txtbin	227	utf-8	でも…　いかなきゃいけない \nなんのために　ここにいるのか \n知らなきゃいけないんだ！{13}
romdata/DT/GM_DT_EVTMSG4.FBC.z	DT_EVTMSG4.FBC/dt_EVTMSG4.txtbin	228	utf-8	{ESC}GR}1~ラファエロ…{ESC}WT}1~ \n{ESC}GR}1~ラファエロー{ESC}WT}1~！！{13}
romdata/DT/GM_DT_EVTMSG4.FBC.z	DT_EVTMSG4.FBC/dt_EVTMSG4.txtbin	229	utf-8	…どうすれば…{13}
romdata/DT/GM_DT_EVTMSG4.FBC.z	DT_EVTMSG4.FBC/dt_EVTMSG4.txtbin	230	utf-8	クピピ…{13}
romdata/DT/GM_DT_EVTMSG4.FBC.z	DT_EVTMSG4.FBC/dt_EVTMSG4.txtbin	231	utf-8	ああっそうだわ！　{ESC}YL}1~光の杖{ESC}WT}1~！ \nわたし{ESC}BL}1~ステラ牧場{ESC}WT}1~にいってくる！{13}
romdata/DT/GM_DT_EVTMSG4.FBC.z	DT_EVTMSG4.FBC/dt_EVTMSG4.txtbin	240	utf-8	わたし　思い出したの！ \nこの　{ESC}YL}1~光の杖…{ESC}WT}1~ いえ…カギ \nいそいで{ESC}BL}1~時計塔{ESC}WT}1~にいきましょ！{13}
romdata/DT/GM_DT_EVTMSG4.FBC.z	DT_EVTMSG4.FBC/dt_EVTMSG4.txtbin	241	utf-8	キュキュキュ！{13}
romdata/DT/GM_DT_EVTMSG4.FBC.z	DT_EVTMSG4.FBC/dt_EVTMSG4.txtbin	250	utf-8	この{ESC}YL}1~光の杖{ESC}WT}1~が \n光のトビラをひらく　カギだったの \nちょっとさがって　{ESC}GR}1~チョコボ{ESC}WT}1~{13}
romdata/DT/GM_DT_EVTMSG4.FBC.z	DT_EVTMSG4.FBC/dt_EVTMSG4.txtbin	252	utf-8	キュピーー！！{13}
romdata/DT/GM_DT_EVTMSG4.FBC.z	DT_EVTMSG4.FBC/dt_EVTMSG4.txtbin	253	utf-8	これでもう　だいじょうぶ \n{ESC}GR}1~チョコボ{ESC}WT}1~！ \n{ESC}GR}1~ラファエロ{ESC}WT}1~をおねがい！{13}
romdata/DT/GM_DT_EVTMSG4.FBC.z	DT_EVTMSG4.FBC/dt_EVTMSG4.txtbin	254	utf-8	{ESC}GR}1~チョコボ{ESC}WT}1~　これを \nもっていって！{13}
romdata/DT/GM_DT_EVTMSG4.FBC.z	DT_EVTMSG4.FBC/dt_EVTMSG4.txtbin	255	utf-8	{ESC}GR}1~チョコボ{ESC}WT}1~は \n{ESC}YL}1~光の杖{ESC}WT}1~ \nを手に入れた！{13}
romdata/DT/GM_DT_EVTMSG4.FBC.z	DT_EVTMSG4.FBC/dt_EVTMSG4.txtbin	260	utf-8	とうとう　ここまで \nきてしまったのだな…{13}
romdata/DT/GM_DT_EVTMSG4.FBC.z	DT_EVTMSG4.FBC/dt_EVTMSG4.txtbin	261	utf-8	だが　ここまでだ！{13}
romdata/DT/GM_DT_EVTMSG4.FBC.z	DT_EVTMSG4.FBC/dt_EVTMSG4.txtbin	262	utf-8	私の　影のまえに \nちからつきるがよい！！{13}
romdata/DT/GM_DT_EVTMSG4.FBC.z	DT_EVTMSG4.FBC/dt_EVTMSG4.txtbin	270	utf-8	わ　私の　影までやぶるとは… \nすこし　みくびりすぎたようだ… \nだが　これでおわりにしよう{13}
romdata/DT/GM_DT_EVTMSG4.FBC.z	DT_EVTMSG4.FBC/dt_EVTMSG4.txtbin	271	utf-8	私は \n記憶のまもりて \n{ESC}GR}1~クロマ・マグノーリエ{ESC}WT}1~！{13}
romdata/DT/GM_DT_EVTMSG4.FBC.z	DT_EVTMSG4.FBC/dt_EVTMSG4.txtbin	280	utf-8	この　私が \nやぶれるとは…{13}
romdata/DT/GM_DT_EVTMSG4.FBC.z	DT_EVTMSG4.FBC/dt_EVTMSG4.txtbin	281	utf-8	これが　神獣たちの \nいし　だというのか \nならば　私のしてきたことは…{13}
romdata/DT/GM_DT_EVTMSG4.FBC.z	DT_EVTMSG4.FBC/dt_EVTMSG4.txtbin	282	utf-8	うう…なにか…　思い出せそうだ{13}
romdata/DT/GM_DT_EVTMSG4.FBC.z	DT_EVTMSG4.FBC/dt_EVTMSG4.txtbin	283	utf-8	この　私が \nいまさら　なにを　思い出せると…{13}
romdata/DT/GM_DT_EVTMSG4.FBC.z	DT_EVTMSG4.FBC/dt_EVTMSG4.txtbin	284	utf-8	くっ　ここは \nさがらせてもらうぞ！{13}
romdata/DT/GM_DT_EVTMSG4.FBC.z	DT_EVTMSG4.FBC/dt_EVTMSG4.txtbin	288	utf-8	{15}CT}1~{ESC}GR}1~チョコボ…{ESC}WT}1~ \n{15}CT}1~闇に　とざされし　道を \n{15}CT}1~てらしだす　ものよ{13}
romdata/DT/GM_DT_EVTMSG4.FBC.z	DT_EVTMSG4.FBC/dt_EVTMSG4.txtbin	289	utf-8	{15}CT}1~われは　 \n{15}CT}1~闇のなかにかくされた \n{15}CT}1~しんじつを　まもるものなり{13}
romdata/DT/GM_DT_EVTMSG4.FBC.z	DT_EVTMSG4.FBC/dt_EVTMSG4.txtbin	290	utf-8	{15}CT}1~しんじつをてらす \n{15}CT}1~光の力を　もとめるならば \n{15}CT}1~その力を　しめすがよい！{13}
romdata/DT/GM_DT_EVTMSG4.FBC.z	DT_EVTMSG4.FBC/dt_EVTMSG4.txtbin	300	utf-8	{15}CT}1~　 \n{15}CT}1~さあ！　神獣たちに \n{15}CT}1~いのりを　ささげるのです{13}
romdata/DT/GM_DT_EVTMSG4.FBC.z	DT_EVTMSG4.FBC/dt_EVTMSG4.txtbin	301	utf-8	{15}CT}1~でも　{ESC}GR}1~ゲイル{ESC}WT}1~市長！ \n{15}CT}1~わたしたちの記憶は \n{15}CT}1~いったい　どうなってしまうの？{13}
romdata/DT/GM_DT_EVTMSG4.FBC.z	DT_EVTMSG4.FBC/dt_EVTMSG4.txtbin	302	utf-8	{15}CT}1~クリスタルに \n{15}CT}1~封じられるのです… \n{15}CT}1~記憶のおくそこに　あるものを \n{15}CT}1~すべて　忘れさるのです{13}
romdata/DT/GM_DT_EVTMSG4.FBC.z	DT_EVTMSG4.FBC/dt_EVTMSG4.txtbin	303	utf-8	{15}CT}1~もう時間がありません \n{15}CT}1~神獣たちに　いのりを　とどけ \n{15}CT}1~クリスタルの力を \n{15}CT}1~あつめるのです{13}
romdata/DT/GM_DT_EVTMSG4.FBC.z	DT_EVTMSG4.FBC/dt_EVTMSG4.txtbin	304	utf-8	{15}CT}1~封印を　まもる　やくわりは \n{15}CT}1~{ESC}GR}1~クロマ{ESC}WT}1~　あなたに \n{15}CT}1~おねがいします！{13}
romdata/DT/GM_DT_EVTMSG4.FBC.z	DT_EVTMSG4.FBC/dt_EVTMSG4.txtbin	305	utf-8	{15}CT}1~　 \n{15}CT}1~　 \n{15}CT}1~…わかり　ました{13}
romdata/DT/GM_DT_EVTMSG4.FBC.z	DT_EVTMSG4.FBC/dt_EVTMSG4.txtbin	306	utf-8	{15}CT}1~　 \n{15}CT}1~火の神獣 \n{15}CT}1~フェニックスよ！{13}
romdata/DT/GM_DT_EVTMSG4.FBC.z	DT_EVTMSG4.FBC/dt_EVTMSG4.txtbin	307	utf-8	{15}CT}1~　 \n{15}CT}1~水の神獣 \n{15}CT}1~リヴァイアサンよ！{13}
romdata/DT/GM_DT_EVTMSG4.FBC.z	DT_EVTMSG4.FBC/dt_EVTMSG4.txtbin	308	utf-8	{15}CT}1~　 \n{15}CT}1~光の神獣 \n{15}CT}1~アレクサンダーよ！{13}
romdata/DT/GM_DT_EVTMSG4.FBC.z	DT_EVTMSG4.FBC/dt_EVTMSG4.txtbin	309	utf-8	{15}CT}1~クリスタルにやどる　神獣たちよ！ \n{15}CT}1~このあくむが　せかいに \n{15}CT}1~ひろがらぬよう　私たちの記憶を \n{15}CT}1~封じてください！　{13}
romdata/DT/GM_DT_EVTMSG4.FBC.z	DT_EVTMSG4.FBC/dt_EVTMSG4.txtbin	311	utf-8	{15}CT}1~クリスタルのまもり手たる \n{15}CT}1~神官たちよ \n{15}CT}1~その　ねがい \n{15}CT}1~ききとどけよう　{13}
romdata/DT/GM_DT_EVTMSG4.FBC.z	DT_EVTMSG4.FBC/dt_EVTMSG4.txtbin	312	utf-8	{15}CT}1~記憶を　おそれを　人の心を \n{15}CT}1~とりもどしそうになった時 \n{15}CT}1~封印のまもり手が　鳴らす \n{15}CT}1~鐘の音をきけ{13}
romdata/DT/GM_DT_EVTMSG4.FBC.z	DT_EVTMSG4.FBC/dt_EVTMSG4.txtbin	313	utf-8	{15}CT}1~鐘の音が　ふたたび \n{15}CT}1~その思いを　迷宮のおくに \n{15}CT}1~封じこめるであろう{13}
romdata/DT/GM_DT_EVTMSG4.FBC.z	DT_EVTMSG4.FBC/dt_EVTMSG4.txtbin	314	utf-8	{15}CT}1~　 \n{15}CT}1~　 \n{15}CT}1~もえつきぬ　いのち{13}
romdata/DT/GM_DT_EVTMSG4.FBC.z	DT_EVTMSG4.FBC/dt_EVTMSG4.txtbin	315	utf-8	{15}CT}1~　 \n{15}CT}1~　 \n{15}CT}1~えいえんの　ねむり{13}
romdata/DT/GM_DT_EVTMSG4.FBC.z	DT_EVTMSG4.FBC/dt_EVTMSG4.txtbin	316	utf-8	{15}CT}1~　 \n{15}CT}1~　 \n{15}CT}1~とざされた　ひかり{13}
romdata/DT/GM_DT_EVTMSG4.FBC.z	DT_EVTMSG4.FBC/dt_EVTMSG4.txtbin	317	utf-8	{15}CT}1~緑と水の{ESC}BL}1~ヴィレ{ESC}WT}1~よ \n{15}CT}1~闇の力　 \n{15}CT}1~神獣{ESC}GR}1~ラファエロ{ESC}WT}1~と　ともに \n{15}CT}1~時を忘れよ！{13}
romdata/DT/GM_DT_EVTMSG4.FBC.z	DT_EVTMSG4.FBC/dt_EVTMSG4.txtbin	320	utf-8	ボクは　なくなった　みんなの \n記憶を　とりもどすために \nここに　もどってきたんだ{13}
romdata/DT/GM_DT_EVTMSG4.FBC.z	DT_EVTMSG4.FBC/dt_EVTMSG4.txtbin	321	utf-8	そして　さいごの　封印が \nとかれた今　ボクも \nするべきことを　思い出した{13}
romdata/DT/GM_DT_EVTMSG4.FBC.z	DT_EVTMSG4.FBC/dt_EVTMSG4.txtbin	322	utf-8	…いかなくちゃね \nしんじつを　見たいなら \nキミも　ついてくるといいよ{13}
romdata/DT/GM_DT_EVTMSG4.FBC.z	DT_EVTMSG4.FBC/dt_EVTMSG4.txtbin	323	utf-8	キュルル？{13}
romdata/DT/GM_DT_EVTMSG4.FBC.z	DT_EVTMSG4.FBC/dt_EVTMSG4.txtbin	330	utf-8	くそっ　{ESC}BL}1~時計塔{ESC}WT}1~の上で \n何がおこってるんだ！？{13}
romdata/DT/GM_DT_EVTMSG4.FBC.z	DT_EVTMSG4.FBC/dt_EVTMSG4.txtbin	331	utf-8	なんとか　上にいけないの？ \n{ESC}GR}1~ラファエロ{ESC}WT}1~と　{ESC}GR}1~チョコボ{ESC}WT}1~が \nいるはずなのよ！{13}
romdata/DT/GM_DT_EVTMSG4.FBC.z	DT_EVTMSG4.FBC/dt_EVTMSG4.txtbin	332	utf-8	わかってるって！ \nこの　{ESC}RD}1~てんそうそうち{ESC}WT}1~で \n上にいけるはずだ！{13}
romdata/DT/GM_DT_EVTMSG4.FBC.z	DT_EVTMSG4.FBC/dt_EVTMSG4.txtbin	333	utf-8	{ESC}GR}1~チョコボ{ESC}WT}1~たち… \nだいじょうぶかしら{13}
romdata/DT/GM_DT_EVTMSG4.FBC.z	DT_EVTMSG4.FBC/dt_EVTMSG4.txtbin	334	utf-8	まかせとけっ \nよしっ　これだ！　まってろよ！ \n{ESC}GR}1~チョコボ{ESC}WT}1~！　{ESC}GR}1~ラファエロ{ESC}WT}1~！{13}
romdata/DT/GM_DT_EVTMSG4.FBC.z	DT_EVTMSG4.FBC/dt_EVTMSG4.txtbin	340	utf-8	ここは？{13}
romdata/DT/GM_DT_EVTMSG4.FBC.z	DT_EVTMSG4.FBC/dt_EVTMSG4.txtbin	341	utf-8	{ESC}BL}1~時計塔{ESC}WT}1~？？？{13}
romdata/DT/GM_DT_EVTMSG4.FBC.z	DT_EVTMSG4.FBC/dt_EVTMSG4.txtbin	342	utf-8	あ！あれは！？ \n{ESC}GR}1~チョコボ{ESC}WT}1~！{13}
romdata/DT/GM_DT_EVTMSG4.FBC.z	DT_EVTMSG4.FBC/dt_EVTMSG4.txtbin	343	utf-8	あ…おねえちゃん？ \n{ESC}GR}1~クロマ{ESC}WT}1~おねえちゃんなのね？{13}
romdata/DT/GM_DT_EVTMSG4.FBC.z	DT_EVTMSG4.FBC/dt_EVTMSG4.txtbin	344	utf-8	{ESC}GR}1~シロマ{ESC}WT}1~　か… \nこいつには手を出すな \nお前が　かなうあいてじゃない{13}
romdata/DT/GM_DT_EVTMSG4.FBC.z	DT_EVTMSG4.FBC/dt_EVTMSG4.txtbin	345	utf-8	ようこそ　みなさん　これから \nいちだい　イベントをゆっくり \nごらんいただこう{13}
romdata/DT/GM_DT_EVTMSG4.FBC.z	DT_EVTMSG4.FBC/dt_EVTMSG4.txtbin	346	utf-8	{ESC}GR}1~ラファエロ…{ESC}WT}1~なのか？{13}
romdata/DT/GM_DT_EVTMSG4.FBC.z	DT_EVTMSG4.FBC/dt_EVTMSG4.txtbin	347	utf-8	ううっ！ \nみんな　にげて！ \nこれは　ボクの　悪い心なんだ{13}
romdata/DT/GM_DT_EVTMSG4.FBC.z	DT_EVTMSG4.FBC/dt_EVTMSG4.txtbin	348	utf-8	キサマ…まだ　いしきがっ！{13}
romdata/DT/GM_DT_EVTMSG4.FBC.z	DT_EVTMSG4.FBC/dt_EVTMSG4.txtbin	349	utf-8	{ESC}GR}1~チョコボ…{ESC}WT}1~ \nお前なら…{13}
romdata/DT/GM_DT_EVTMSG4.FBC.z	DT_EVTMSG4.FBC/dt_EVTMSG4.txtbin	350	utf-8	ハァッ　ハァッ \nふう…　さすが　闇の神官だな \nよくわかっている{13}
romdata/DT/GM_DT_EVTMSG4.FBC.z	DT_EVTMSG4.FBC/dt_EVTMSG4.txtbin	351	utf-8	{ESC}GR}1~ラファエロ{ESC}WT}1~の　心がのこる \n今の私では　もしかすると \n{ESC}GR}1~チョコボ{ESC}WT}1~に　苦戦するかもしれん{13}
romdata/DT/GM_DT_EVTMSG4.FBC.z	DT_EVTMSG4.FBC/dt_EVTMSG4.txtbin	352	utf-8	キュウ！{13}
romdata/DT/GM_DT_EVTMSG4.FBC.z	DT_EVTMSG4.FBC/dt_EVTMSG4.txtbin	353	utf-8	まずは　{ESC}GR}1~クロマ…{ESC}WT}1~ \nキサマの闇の力 \nそして　すべてをいただこう{13}
romdata/DT/GM_DT_EVTMSG4.FBC.z	DT_EVTMSG4.FBC/dt_EVTMSG4.txtbin	354	utf-8	やめて！　{ESC}GR}1~ラファエロ{ESC}WT}1~ \nあなたは　そんな子じゃない！{13}
romdata/DT/GM_DT_EVTMSG4.FBC.z	DT_EVTMSG4.FBC/dt_EVTMSG4.txtbin	355	utf-8	{ESC}GR}1~ラファエロ{ESC}WT}1~？　かんちがいするな… \nここにいるのは \n{ESC}GR}1~ラファエロ{ESC}WT}1~などではない{13}
romdata/DT/GM_DT_EVTMSG4.FBC.z	DT_EVTMSG4.FBC/dt_EVTMSG4.txtbin	356	utf-8	{ESC}RD}1~はかいしん…{ESC}WT}1~こいつは \nそのむかし… \n{ESC}BL}1~ヴィレ{ESC}WT}1~を　こわした{13}
romdata/DT/GM_DT_EVTMSG4.FBC.z	DT_EVTMSG4.FBC/dt_EVTMSG4.txtbin	357	utf-8	いったい　どういうことだっ！ \n答えろ！　{ESC}GR}1~ラファエロッ{ESC}WT}1~！{13}
romdata/DT/GM_DT_EVTMSG4.FBC.z	DT_EVTMSG4.FBC/dt_EVTMSG4.txtbin	358	utf-8	ん？　お前の顔は… \nふっ　まぁいい… \nどういうことか？　ときいたな？{13}
romdata/DT/GM_DT_EVTMSG4.FBC.z	DT_EVTMSG4.FBC/dt_EVTMSG4.txtbin	359	utf-8	こういうことだぁー！！{13}
romdata/DT/GM_DT_EVTMSG4.FBC.z	DT_EVTMSG4.FBC/dt_EVTMSG4.txtbin	360	utf-8	おっとこれはしつれい \nはっはっはっは！{13}
romdata/DT/GM_DT_EVTMSG4.FBC.z	DT_EVTMSG4.FBC/dt_EVTMSG4.txtbin	361	utf-8	お前っ！！{13}
romdata/DT/GM_DT_EVTMSG4.FBC.z	DT_EVTMSG4.FBC/dt_EVTMSG4.txtbin	362	utf-8	お…おねぇちゃん…{13}
romdata/DT/GM_DT_EVTMSG4.FBC.z	DT_EVTMSG4.FBC/dt_EVTMSG4.txtbin	363	utf-8	ぐっ　{ESC}GR}1~シ　シロマ…{ESC}WT}1~ \nす…すまないな…{13}
romdata/DT/GM_DT_EVTMSG4.FBC.z	DT_EVTMSG4.FBC/dt_EVTMSG4.txtbin	364	utf-8	な　ながいあいだ… \n姉らしいこと… \nしてやれなくて…{13}
romdata/DT/GM_DT_EVTMSG4.FBC.z	DT_EVTMSG4.FBC/dt_EVTMSG4.txtbin	365	utf-8	な　なにを言っているの？ \nこんなときに…{13}
romdata/DT/GM_DT_EVTMSG4.FBC.z	DT_EVTMSG4.FBC/dt_EVTMSG4.txtbin	366	utf-8	{ESC}GR}1~シロマ{ESC}WT}1~　なくんじゃない！ \nわたしは…しなないから… \n…やくそく　したじゃないか{13}
romdata/DT/GM_DT_EVTMSG4.FBC.z	DT_EVTMSG4.FBC/dt_EVTMSG4.txtbin	367	utf-8	ずーっと… \nずーっと…いっしょ…だ……{13}
romdata/DT/GM_DT_EVTMSG4.FBC.z	DT_EVTMSG4.FBC/dt_EVTMSG4.txtbin	368	utf-8	お…おねぇちゃん… \nおねぇちゃーーーーん！！！！{13}
romdata/DT/GM_DT_EVTMSG4.FBC.z	DT_EVTMSG4.FBC/dt_EVTMSG4.txtbin	369	utf-8	さて　おわかれは　すんだかな？ \nいただくぞ　{ESC}GR}1~クロマ{ESC}WT}1~！ \nお前のすべてを！！{13}
romdata/DT/GM_DT_EVTMSG4.FBC.z	DT_EVTMSG4.FBC/dt_EVTMSG4.txtbin	370	utf-8	{ESC}GR}1~ラファエロ…{ESC}WT}1~お前… \nなんてことを！{13}
romdata/DT/GM_DT_EVTMSG4.FBC.z	DT_EVTMSG4.FBC/dt_EVTMSG4.txtbin	371	utf-8	キュピーー！！{13}
romdata/DT/GM_DT_EVTMSG4.FBC.z	DT_EVTMSG4.FBC/dt_EVTMSG4.txtbin	372	utf-8	はーはっはっは！ \n闇の力は　すべてすいとった \nすばらしいぞ　この力は！{13}
romdata/DT/GM_DT_EVTMSG4.FBC.z	DT_EVTMSG4.FBC/dt_EVTMSG4.txtbin	373	utf-8	さらに　キサマらの　いかりと \nかなしみが　この私を　より \nつよくするのだ！{13}
romdata/DT/GM_DT_EVTMSG4.FBC.z	DT_EVTMSG4.FBC/dt_EVTMSG4.txtbin	374	utf-8	ではもっと　おそれや　ぜつぼうを \nいただくとしようか \n…出でよ　{ESC}BL}1~闇の神殿{ESC}WT}1~！{13}
romdata/DT/GM_DT_EVTMSG4.FBC.z	DT_EVTMSG4.FBC/dt_EVTMSG4.txtbin	375	utf-8	な　なんだ　アレは！ \nなんて　すごい　力だ…{13}
romdata/DT/GM_DT_EVTMSG4.FBC.z	DT_EVTMSG4.FBC/dt_EVTMSG4.txtbin	376	utf-8	…ああっ　あれは \n{ESC}BL}1~闇の神殿{ESC}WT}1~！{13}
romdata/DT/GM_DT_EVTMSG4.FBC.z	DT_EVTMSG4.FBC/dt_EVTMSG4.txtbin	377	utf-8	キュピーー！！{13}
romdata/DT/GM_DT_EVTMSG4.FBC.z	DT_EVTMSG4.FBC/dt_EVTMSG4.txtbin	378	utf-8	ハハハハハ{13}
romdata/DT/GM_DT_EVTMSG4.FBC.z	DT_EVTMSG4.FBC/dt_EVTMSG4.txtbin	379	utf-8	{ESC}GR}1~チョコボ{ESC}WT}1~！　私を　おこしてくれて{13}
romdata/DT/GM_DT_EVTMSG4.FBC.z	DT_EVTMSG4.FBC/dt_EVTMSG4.txtbin	380	utf-8	 \n \n{15}CT}1~あ・り・が・と・う{13}
romdata/DT/GM_DT_EVTMSG4.FBC.z	DT_EVTMSG4.FBC/dt_EVTMSG4.txtbin	390	utf-8	{ESC}GR}1~シロマ{ESC}WT}1~のそばに　いてあげたいし \nとくべつに　ここで \nツメをつよくしてあげるわ！{13}
romdata/DT/GM_DT_EVTMSG4.FBC.z	DT_EVTMSG4.FBC/dt_EVTMSG4.txtbin	391	utf-8	いらっしゃい　{ESC}GR}1~チョコボ{ESC}WT}1~！ \n明るいのって　やっぱりいいわね！ \nさあ　ツメをきたえるんでしょ{13}
romdata/DT/GM_DT_EVTMSG4.FBC.z	DT_EVTMSG4.FBC/dt_EVTMSG4.txtbin	392	utf-8	いらっしゃい　{ESC}GR}1~チョコボ{ESC}WT}1~！ \nえ？　{ESC}GR}1~ラファエロ{ESC}WT}1~？ \nんー　見てないわねぇ{13}
romdata/DT/GM_DT_EVTMSG4.FBC.z	DT_EVTMSG4.FBC/dt_EVTMSG4.txtbin	394	utf-8	いらっしゃいませ！ \nなにか浮かない顔をしていますが \nどうかされたんですか？{13}
romdata/DT/GM_DT_EVTMSG4.FBC.z	DT_EVTMSG4.FBC/dt_EVTMSG4.txtbin	395	utf-8	いらっしゃいませ！ \nきゅうに暗くなって \nびっくりしました{13}
romdata/DT/GM_DT_EVTMSG4.FBC.z	DT_EVTMSG4.FBC/dt_EVTMSG4.txtbin	396	utf-8	よぉ　{ESC}GR}1~ラファエロ{ESC}WT}1~じゃないか \nどうしたんだ？　ひとりで{13}
romdata/DT/GM_DT_EVTMSG4.FBC.z	DT_EVTMSG4.FBC/dt_EVTMSG4.txtbin	397	utf-8	ボク…なやんでるんだ \nぜんぜん　自分のことが \nわからないんだよ…{13}
romdata/DT/GM_DT_EVTMSG4.FBC.z	DT_EVTMSG4.FBC/dt_EVTMSG4.txtbin	398	utf-8	そうか…　お前も \nいきなり大きくなったからな… \nでもな　{ESC}GR}1~ラファエロ{ESC}WT}1~{13}
romdata/DT/GM_DT_EVTMSG4.FBC.z	DT_EVTMSG4.FBC/dt_EVTMSG4.txtbin	399	utf-8	だれだって　なやみはあるもんだが \n自分のこと　わかってるやつなんて \nいやしないぜ…{13}
romdata/DT/GM_DT_EVTMSG4.FBC.z	DT_EVTMSG4.FBC/dt_EVTMSG4.txtbin	400	utf-8	え…　そうなの？{13}
romdata/DT/GM_DT_EVTMSG4.FBC.z	DT_EVTMSG4.FBC/dt_EVTMSG4.txtbin	401	utf-8	大事なのは \nわかろうとすることだ　だから \nお前は　まちがっちゃない{13}
romdata/DT/GM_DT_EVTMSG4.FBC.z	DT_EVTMSG4.FBC/dt_EVTMSG4.txtbin	402	utf-8	なぁ　{ESC}GR}1~ラファエロ{ESC}WT}1~ \nまずは　自分で動いてみろよ \nあんがい　はっきりするもんだぜ{13}
romdata/DT/GM_DT_EVTMSG4.FBC.z	DT_EVTMSG4.FBC/dt_EVTMSG4.txtbin	403	utf-8	そうだね…　そうするのが \nいいのかもね \nありがとう…{ESC}GR}1~シド{ESC}WT}1~さん…{13}
romdata/DT/GM_DT_EVTMSG4.FBC.z	DT_EVTMSG4.FBC/dt_EVTMSG4.txtbin	404	utf-8	お　明るくなってきたな \nさぁ　オレも　もどるとするか！ \n元気だせよ！　{ESC}GR}1~ラファエロ{ESC}WT}1~！{13}
romdata/DT/GM_DT_EVTMSG4.FBC.z	DT_EVTMSG4.FBC/dt_EVTMSG4.txtbin	405	utf-8	でも…ボクは \nまだ　{ESC}GR}1~シド{ESC}WT}1~さんみたいに \nかんがえられないよ…{13}
romdata/DT/GM_DT_EVTMSG4.FBC.z	DT_EVTMSG4.FBC/dt_EVTMSG4.txtbin	406	utf-8	あら　{ESC}GR}1~チョコボ…{ESC}WT}1~ \n{ESC}GR}1~ラファエロ{ESC}WT}1~は \nだいじょうぶよね？{13}
romdata/DT/GM_DT_EVTMSG4.FBC.z	DT_EVTMSG4.FBC/dt_EVTMSG4.txtbin	407	utf-8	おや　{ESC}GR}1~チョコボ…{ESC}WT}1~{ESC}GR}1~ラファエロ{ESC}WT}1~の \n話しあいてに　なっておやり \nあの子には　ひつようなことだよ{13}
romdata/DT/GM_DT_EVTMSG4.FBC.z	DT_EVTMSG4.FBC/dt_EVTMSG4.txtbin	408	utf-8	{ESC}GR}1~チョコボ{ESC}WT}1~！　 \n{ESC}GR}1~シロマ{ESC}WT}1~のこと　たのんだよ！{13}
romdata/DT/GM_DT_EVTMSG4.FBC.z	DT_EVTMSG4.FBC/dt_EVTMSG4.txtbin	409	utf-8	{ESC}GR}1~チョコボ{ESC}WT}1~！ \n{ESC}GR}1~ラファエロ{ESC}WT}1~のこと　たのんだよ！ \nあんたにしかできないんだから！{13}
romdata/DT/GM_DT_EVTMSG4.FBC.z	DT_EVTMSG4.FBC/dt_EVTMSG4.txtbin	410	utf-8	おや　{ESC}GR}1~チョコボ{ESC}WT}1~さん \nあなたの　おかげで \n街のみんなが明るくなりましたよ{13}
romdata/DT/GM_DT_EVTMSG4.FBC.z	DT_EVTMSG4.FBC/dt_EVTMSG4.txtbin	411	utf-8	おや　{ESC}GR}1~チョコボ{ESC}WT}1~さん \n暗くなったと思ったら \nまた　明るくなりましたね{13}
romdata/DT/GM_DT_EVTMSG4.FBC.z	DT_EVTMSG4.FBC/dt_EVTMSG4.txtbin	412	utf-8	きゃー　{ESC}GR}1~チョ・コ・ボ{ESC}WT}1~ちゃん！ \nぱふぱふさせてっ！{13}
romdata/DT/GM_DT_EVTMSG4.FBC.z	DT_EVTMSG4.FBC/dt_EVTMSG4.txtbin	413	utf-8	ああ　キモチいいっ \nまた　きてねっ{13}
romdata/DT/GM_DT_EVTMSG4.FBC.z	DT_EVTMSG4.FBC/dt_EVTMSG4.txtbin	414	utf-8	きゃー　{ESC}GR}1~チョ・コ・ボ{ESC}WT}1~ちゃん！ \nさいきん　明るくなったり \n暗くなったりで　たいへんよね！{13}
romdata/DT/GM_DT_EVTMSG4.FBC.z	DT_EVTMSG4.FBC/dt_EVTMSG4.txtbin	415	utf-8	よぉ　{ESC}GR}1~チョコボ{ESC}WT}1~！ \nオレは　今　{ESC}GR}1~イルマ{ESC}WT}1~のてがかりを \nはっけん…したようなんだが…{13}
romdata/DT/GM_DT_EVTMSG4.FBC.z	DT_EVTMSG4.FBC/dt_EVTMSG4.txtbin	416	utf-8	いらっしゃい・いらっしゃい！ \n{ESC}BL}1~時計塔広場{ESC}WT}1~で \n何かあったのか？{13}
romdata/DT/GM_DT_EVTMSG4.FBC.z	DT_EVTMSG4.FBC/dt_EVTMSG4.txtbin	417	utf-8	いらっしゃい・いらっしゃい！ \n晴れの日ってのは \n魚がよく　つれるもんだぜ！{13}
romdata/DT/GM_DT_EVTMSG4.FBC.z	DT_EVTMSG4.FBC/dt_EVTMSG4.txtbin	418	utf-8	{ESC}BL}1~フローラの花屋{ESC}WT}1~へようこそ \n{ESC}GR}1~ラファエロ{ESC}WT}1~は \nどうしちまったんだい？{13}
romdata/DT/GM_DT_EVTMSG4.FBC.z	DT_EVTMSG4.FBC/dt_EVTMSG4.txtbin	419	utf-8	{ESC}BL}1~フローラの花屋{ESC}WT}1~へようこそ \nやっぱり　お日さまが出てると \n花も元気になるねぇ{13}
romdata/DT/GM_DT_EVTMSG4.FBC.z	DT_EVTMSG4.FBC/dt_EVTMSG4.txtbin	420	utf-8	ようこそ　{ESC}BL}1~薬屋{ESC}WT}1~へ！ \nもっと色んな薬を \n作ってみたいんだよなぁ{13}
romdata/DT/GM_DT_EVTMSG4.FBC.z	DT_EVTMSG4.FBC/dt_EVTMSG4.txtbin	421	utf-8	ようこそ　{ESC}BL}1~薬屋{ESC}WT}1~へ！ \nたいようの光って苦手なんだよなぁ \nま　いいや　さあ薬を買え！{13}
romdata/DT/GM_DT_EVTMSG4.FBC.z	DT_EVTMSG4.FBC/dt_EVTMSG4.txtbin	422	utf-8	おや　いらっしゃい \nアツいココアはいかがですか？{13}
romdata/DT/GM_DT_EVTMSG4.FBC.z	DT_EVTMSG4.FBC/dt_EVTMSG4.txtbin	423	utf-8	{ESC}BL}1~ハリーの店{ESC}WT}1~へようこそ！ \n冒険の前の　じゅんびは \nうちでしていってくれ！{13}
romdata/DT/GM_DT_EVTMSG4.FBC.z	DT_EVTMSG4.FBC/dt_EVTMSG4.txtbin	424	utf-8	{ESC}BL}1~ハリーの店{ESC}WT}1~へようこそ！ \n日の光を　あびると \nはたらいてる気がするよな！{13}
romdata/DT/GM_DT_EVTMSG4.FBC.z	DT_EVTMSG4.FBC/dt_EVTMSG4.txtbin	425	utf-8	こんにちは　{ESC}GR}1~チョコボ{ESC}WT}1~ \n元気だった　{ESC}GR}1~ラファエロ{ESC}WT}1~は \n一体どうしたの？{13}
romdata/DT/GM_DT_EVTMSG4.FBC.z	DT_EVTMSG4.FBC/dt_EVTMSG4.txtbin	426	utf-8	こんにちは　{ESC}GR}1~チョコボ{ESC}WT}1~ \n晴れている日は \nおさんぽでも　したいわね{13}
romdata/DT/GM_DT_EVTMSG4.FBC.z	DT_EVTMSG4.FBC/dt_EVTMSG4.txtbin	427	utf-8	{ESC}GR}1~チョコボ{ESC}WT}1~！ \n{ESC}GR}1~ラファエロ{ESC}WT}1~にいってあげてよ！ \nキミも　ひとりじゃないよって！{13}
romdata/DT/GM_DT_EVTMSG4.FBC.z	DT_EVTMSG4.FBC/dt_EVTMSG4.txtbin	428	utf-8	{ESC}GR}1~チョコボ{ESC}WT}1~！ \n{ESC}GR}1~ラファエロ…{ESC}WT}1~ \nどうなっちゃうのかな？{13}
romdata/DT/GM_DT_EVTMSG4.FBC.z	DT_EVTMSG4.FBC/dt_EVTMSG4.txtbin	429	utf-8	ねぇねぇ　{ESC}GR}1~チョコボ{ESC}WT}1~！ \n{ESC}GR}1~ラファエロ{ESC}WT}1~はどこ？ \nまた　いっしょにあそぼ！{13}
romdata/DT/GM_DT_EVTMSG4.FBC.z	DT_EVTMSG4.FBC/dt_EVTMSG4.txtbin	430	utf-8	ねぇねぇ　{ESC}GR}1~チョコボ{ESC}WT}1~！ \n{ESC}GR}1~ラファエロ{ESC}WT}1~はどこ？ \nまた　いっしょにあそぼ！{13}
romdata/DT/GM_DT_EVTMSG4.FBC.z	DT_EVTMSG4.FBC/dt_EVTMSG4.txtbin	431	utf-8	よぉー　{ESC}GR}1~チョコボー{ESC}WT}1~ \nなんか　オレ　ほかに女の子 \n知ってる気がするんだよなー{13}
romdata/DT/GM_DT_EVTMSG4.FBC.z	DT_EVTMSG4.FBC/dt_EVTMSG4.txtbin	432	utf-8	よぉー　{ESC}GR}1~チョコボー{ESC}WT}1~ \n{ESC}GR}1~アムーリ{ESC}WT}1~さんには会ったか？ \nもうかわいくて　オレ　メロメロー{13}
romdata/DT/GM_DT_EVTMSG4.FBC.z	DT_EVTMSG4.FBC/dt_EVTMSG4.txtbin	433	utf-8	ねぇ　あんた知ってるかい？ \n{ESC}GR}1~ラファエロ{ESC}WT}1~は \n何か　なやんでいるみたいだよ{13}
romdata/DT/GM_DT_EVTMSG4.FBC.z	DT_EVTMSG4.FBC/dt_EVTMSG4.txtbin	434	utf-8	ねぇ　あんた知ってるかい？ \n{ESC}GR}1~アムーリ{ESC}WT}1~って女を！ \n男に　コビを売るいやな女さ！{13}
romdata/DT/GM_DT_EVTMSG4.FBC.z	DT_EVTMSG4.FBC/dt_EVTMSG4.txtbin	435	utf-8	チュウ！　{ESC}GR}1~チョコボ{ESC}WT}1~！ \n{ESC}BL}1~あずかりじょ{ESC}WT}1~へは　オイラが \nいってやるでチュウ！{13}
romdata/DT/GM_DT_EVTMSG4.FBC.z	DT_EVTMSG4.FBC/dt_EVTMSG4.txtbin	436	utf-8	チュウ！　{ESC}GR}1~チョコボ{ESC}WT}1~！ \nオイラ　光のダンジョンに \n入ってみたでチュウ！{13}
romdata/DT/GM_DT_EVTMSG4.FBC.z	DT_EVTMSG4.FBC/dt_EVTMSG4.txtbin	437	utf-8	わかったことがあるでチュウ！ \n光のダンジョンは{ESC}RD}1~てき{ESC}WT}1~が強すぎ！ \nオマエでは進めないでチュウ！{13}
romdata/DT/GM_DT_EVTMSG4.FBC.z	DT_EVTMSG4.FBC/dt_EVTMSG4.txtbin	438	utf-8	クポ！　は？ \n{ESC}GR}1~商人ヒーローＸ{ESC}WT}1~？{13}
romdata/DT/GM_DT_EVTMSG4.FBC.z	DT_EVTMSG4.FBC/dt_EVTMSG4.txtbin	439	utf-8	商売人のヒーロークポね \n盗みは　ゆるさないときいてるクポ \nモグじゃないクポよ{13}
romdata/DT/GM_DT_EVTMSG4.FBC.z	DT_EVTMSG4.FBC/dt_EVTMSG4.txtbin	440	utf-8	クポ！　は？ \n{ESC}GR}1~ポップアップヒーローＸ{ESC}WT}1~？{13}
romdata/DT/GM_DT_EVTMSG4.FBC.z	DT_EVTMSG4.FBC/dt_EVTMSG4.txtbin	441	utf-8	ＰＵＤの　たつじんクポね \nそれがどうしたクポ？ \nもちろんモグじゃないクポ{13}
romdata/DT/GM_DT_EVTMSG4.FBC.z	DT_EVTMSG4.FBC/dt_EVTMSG4.txtbin	442	utf-8	うーん… \nおね…ちゃ… \nあぁっ…{13}
romdata/DT/GM_DT_EVTMSG4.FBC.z	DT_EVTMSG4.FBC/dt_EVTMSG4.txtbin	443	utf-8	ああっ　こないでっ… \nいやっ…　うーん{13}
romdata/DT/GM_DT_EVTMSG4.FBC.z	DT_EVTMSG4.FBC/dt_EVTMSG4.txtbin	444	utf-8	やめてっ… \nああっ…{13}
romdata/DT/GM_DT_EVTMSG4.FBC.z	DT_EVTMSG4.FBC/dt_EVTMSG4.txtbin	445	utf-8	すんでいて　きれいな水…{13}
romdata/DT/GM_DT_EVTMSG4.FBC.z	DT_EVTMSG4.FBC/dt_EVTMSG4.txtbin	446	utf-8	よごしたいんだ \nこの手で…{13}
romdata/DT/GM_DT_EVTMSG4.FBC.z	DT_EVTMSG4.FBC/dt_EVTMSG4.txtbin	447	utf-8	キュルル？{13}
romdata/DT/GM_DT_EVTMSG4.FBC.z	DT_EVTMSG4.FBC/dt_EVTMSG4.txtbin	448	utf-8	…ッ！？　だめだっ{13}
romdata/DT/GM_DT_EVTMSG4.FBC.z	DT_EVTMSG4.FBC/dt_EVTMSG4.txtbin	449	utf-8	キュルル？{13}
romdata/DT/GM_DT_EVTMSG4.FBC.z	DT_EVTMSG4.FBC/dt_EVTMSG4.txtbin	450	utf-8	体が　大きくなるにつれて \nふあんな　キモチも \n大きくなってくみたいなんだ{13}
romdata/DT/GM_DT_EVTMSG4.FBC.z	DT_EVTMSG4.FBC/dt_EVTMSG4.txtbin	451	utf-8	クピピ…{13}
romdata/DT/GM_DT_EVTMSG4.FBC.z	DT_EVTMSG4.FBC/dt_EVTMSG4.txtbin	452	utf-8	ボクは　どうしたら…{13}
romdata/DT/GM_DT_EVTMSG4.FBC.z	DT_EVTMSG4.FBC/dt_EVTMSG4.txtbin	453	utf-8	こんなに　おだやかで \nきれいな　海　なのに… \n水のそこに　なにかが見えるんだ{13}
romdata/DT/GM_DT_EVTMSG4.FBC.z	DT_EVTMSG4.FBC/dt_EVTMSG4.txtbin	454	utf-8	キュルル？{13}
romdata/DT/GM_DT_EVTMSG4.FBC.z	DT_EVTMSG4.FBC/dt_EVTMSG4.txtbin	455	utf-8	その暗い　なにかが… \nボクを…　見ている気がするんだ{13}
romdata/DT/GM_DT_EVTMSG4.FBC.z	DT_EVTMSG4.FBC/dt_EVTMSG4.txtbin	456	utf-8	クピピ…{13}
romdata/DT/GM_DT_EVTMSG4.FBC.z	DT_EVTMSG4.FBC/dt_EVTMSG4.txtbin	457	utf-8	ごめん \nこまらせちゃったね…{13}
romdata/DT/GM_DT_EVTMSG4.FBC.z	DT_EVTMSG4.FBC/dt_EVTMSG4.txtbin	458	utf-8	なんでそんなに \nうれしそうなのかな？ \nボクがこんなに…{13}
romdata/DT/GM_DT_EVTMSG4.FBC.z	DT_EVTMSG4.FBC/dt_EVTMSG4.txtbin	459	utf-8	キュルル？{13}
romdata/DT/GM_DT_EVTMSG4.FBC.z	DT_EVTMSG4.FBC/dt_EVTMSG4.txtbin	460	utf-8	…！　え　いや　ごめん \nそんなつもりじゃないんだ{13}
romdata/DT/GM_DT_EVTMSG4.FBC.z	DT_EVTMSG4.FBC/dt_EVTMSG4.txtbin	461	utf-8	ねえ　{ESC}GR}1~チョコボ{ESC}WT}1~{13}
romdata/DT/GM_DT_EVTMSG4.FBC.z	DT_EVTMSG4.FBC/dt_EVTMSG4.txtbin	462	utf-8	キュルル？{13}
romdata/DT/GM_DT_EVTMSG4.FBC.z	DT_EVTMSG4.FBC/dt_EVTMSG4.txtbin	463	utf-8	おいのりをすれば \nボクの　ココロの中にいる \nなにかが　きえるのかな…？{13}
romdata/DT/GM_DT_EVTMSG4.FBC.z	DT_EVTMSG4.FBC/dt_EVTMSG4.txtbin	464	utf-8	キュキュキュ！{13}
romdata/DT/GM_DT_EVTMSG4.FBC.z	DT_EVTMSG4.FBC/dt_EVTMSG4.txtbin	465	utf-8	ありがとう \n{ESC}GR}1~チョコボ{ESC}WT}1~は　やさしいね \nでも　ボクは…{13}
romdata/DT/GM_DT_EVTMSG4.FBC.z	DT_EVTMSG4.FBC/dt_EVTMSG4.txtbin	466	utf-8	それはモグの \nたいせつなものクポ！ \nさわらないでほしいクポ！\n
romdata/DT/GM_DT_EVTMSG4.FBC.z	DT_EVTMSG4.FBC/dt_EVTMSG4.txtbin	467	utf-8	わかればいいクポ{13}
romdata/DT/GM_DT_EVTMSG4.FBC.z	DT_EVTMSG4.FBC/dt_EVTMSG4.txtbin	468	utf-8	ゆるせないクポ… \nここは　あの人を \nよぶしかないクポ！{13}
romdata/DT/GM_DT_EVTMSG4.FBC.z	DT_EVTMSG4.FBC/dt_EVTMSG4.txtbin	469	utf-8	へへーんだ！ \nアイテムがいっぱいで \nもっていけないクポ！{13}
romdata/DT/GM_DT_EVTMSG4.FBC.z	DT_EVTMSG4.FBC/dt_EVTMSG4.txtbin	470	utf-8	おきゃくさん… \nその{ESC}YL}1~シーフの記憶{ESC}WT}1~は \nもっていっちゃダメクポよ！\n
romdata/DT/GM_DT_EVTMSG4.FBC.z	DT_EVTMSG4.FBC/dt_EVTMSG4.txtbin	471	utf-8	とぉーーう！ \n{ESC}GR}1~ダンジョンヒーローＸ{ESC}WT}1~！ \nここに　けん・ざん・クポ！{13}
romdata/DT/GM_DT_EVTMSG4.FBC.z	DT_EVTMSG4.FBC/dt_EVTMSG4.txtbin	472	utf-8	人の物をとっちゃう \n{ESC}GR}1~チョコボ{ESC}WT}1~には　おしおきクポ！{13}
romdata/DT/GM_DT_EVTMSG4.FBC.z	DT_EVTMSG4.FBC/dt_EVTMSG4.txtbin	473	utf-8	階段まで　たどりついたら \nそのアイテムはあげてもいいクポ \nテレポとか　ズルはなしクポ！{13}
romdata/DT/GM_DT_EVTMSG4.FBC.z	DT_EVTMSG4.FBC/dt_EVTMSG4.txtbin	474	utf-8	ほんとうに商人ヒーローＸの \nたいせつなものを \nもっていきますか？\n
romdata/DT/GM_DT_EVTMSG5.FBC.z	DT_EVTMSG5.FBC/dt_EVTMSG5.txtbin	0	utf-8	チョコボ\n
romdata/DT/GM_DT_EVTMSG5.FBC.z	DT_EVTMSG5.FBC/dt_EVTMSG5.txtbin	1	utf-8	シロマ\n
romdata/DT/GM_DT_EVTMSG5.FBC.z	DT_EVTMSG5.FBC/dt_EVTMSG5.txtbin	2	utf-8	クロマ\n
romdata/DT/GM_DT_EVTMSG5.FBC.z	DT_EVTMSG5.FBC/dt_EVTMSG5.txtbin	3	utf-8	ラファエロ
romdata/DT/GM_DT_EVTMSG5.FBC.z	DT_EVTMSG5.FBC/dt_EVTMSG5.txtbin	4	utf-8	はかいしん
romdata/DT/GM_DT_EVTMSG5.FBC.z	DT_EVTMSG5.FBC/dt_EVTMSG5.txtbin	5	utf-8	シド\n
romdata/DT/GM_DT_EVTMSG5.FBC.z	DT_EVTMSG5.FBC/dt_EVTMSG5.txtbin	6	utf-8	イルマ\n
romdata/DT/GM_DT_EVTMSG5.FBC.z	DT_EVTMSG5.FBC/dt_EVTMSG5.txtbin	7	utf-8	アムーリ
romdata/DT/GM_DT_EVTMSG5.FBC.z	DT_EVTMSG5.FBC/dt_EVTMSG5.txtbin	8	utf-8	ヴォルグ
romdata/DT/GM_DT_EVTMSG5.FBC.z	DT_EVTMSG5.FBC/dt_EVTMSG5.txtbin	9	utf-8	フレイア
romdata/DT/GM_DT_EVTMSG5.FBC.z	DT_EVTMSG5.FBC/dt_EVTMSG5.txtbin	10	utf-8	メーア
romdata/DT/GM_DT_EVTMSG5.FBC.z	DT_EVTMSG5.FBC/dt_EVTMSG5.txtbin	11	utf-8	ゲイル
romdata/DT/GM_DT_EVTMSG5.FBC.z	DT_EVTMSG5.FBC/dt_EVTMSG5.txtbin	12	utf-8	ステラ
romdata/DT/GM_DT_EVTMSG5.FBC.z	DT_EVTMSG5.FBC/dt_EVTMSG5.txtbin	13	utf-8	ローチェ
romdata/DT/GM_DT_EVTMSG5.FBC.z	DT_EVTMSG5.FBC/dt_EVTMSG5.txtbin	14	utf-8	ダードラー
romdata/DT/GM_DT_EVTMSG5.FBC.z	DT_EVTMSG5.FBC/dt_EVTMSG5.txtbin	15	utf-8	ハリー
romdata/DT/GM_DT_EVTMSG5.FBC.z	DT_EVTMSG5.FBC/dt_EVTMSG5.txtbin	16	utf-8	マリス
romdata/DT/GM_DT_EVTMSG5.FBC.z	DT_EVTMSG5.FBC/dt_EVTMSG5.txtbin	17	utf-8	シャルロット
romdata/DT/GM_DT_EVTMSG5.FBC.z	DT_EVTMSG5.FBC/dt_EVTMSG5.txtbin	18	utf-8	フローラ
romdata/DT/GM_DT_EVTMSG5.FBC.z	DT_EVTMSG5.FBC/dt_EVTMSG5.txtbin	19	utf-8	ハンナ\n
romdata/DT/GM_DT_EVTMSG5.FBC.z	DT_EVTMSG5.FBC/dt_EVTMSG5.txtbin	20	utf-8	メディット
romdata/DT/GM_DT_EVTMSG5.FBC.z	DT_EVTMSG5.FBC/dt_EVTMSG5.txtbin	21	utf-8	ディクト\n
romdata/DT/GM_DT_EVTMSG5.FBC.z	DT_EVTMSG5.FBC/dt_EVTMSG5.txtbin	22	utf-8	ロディ
romdata/DT/GM_DT_EVTMSG5.FBC.z	DT_EVTMSG5.FBC/dt_EVTMSG5.txtbin	23	utf-8	クレア
romdata/DT/GM_DT_EVTMSG5.FBC.z	DT_EVTMSG5.FBC/dt_EVTMSG5.txtbin	24	utf-8	ブラル
romdata/DT/GM_DT_EVTMSG5.FBC.z	DT_EVTMSG5.FBC/dt_EVTMSG5.txtbin	25	utf-8	ドルくん
romdata/DT/GM_DT_EVTMSG5.FBC.z	DT_EVTMSG5.FBC/dt_EVTMSG5.txtbin	29	utf-8	ミミ
romdata/DT/GM_DT_EVTMSG5.FBC.z	DT_EVTMSG5.FBC/dt_EVTMSG5.txtbin	30	utf-8	ココ
romdata/DT/GM_DT_EVTMSG5.FBC.z	DT_EVTMSG5.FBC/dt_EVTMSG5.txtbin	37	utf-8	モーグリ
romdata/DT/GM_DT_EVTMSG5.FBC.z	DT_EVTMSG5.FBC/dt_EVTMSG5.txtbin	38	utf-8	ダンジョンヒーローＸ
romdata/DT/GM_DT_EVTMSG5.FBC.z	DT_EVTMSG5.FBC/dt_EVTMSG5.txtbin	39	utf-8	ロマンチックヒーローＸ
romdata/DT/GM_DT_EVTMSG5.FBC.z	DT_EVTMSG5.FBC/dt_EVTMSG5.txtbin	40	utf-8	商人ヒーローＸ
romdata/DT/GM_DT_EVTMSG5.FBC.z	DT_EVTMSG5.FBC/dt_EVTMSG5.txtbin	47	utf-8	　
romdata/DT/GM_DT_EVTMSG5.FBC.z	DT_EVTMSG5.FBC/dt_EVTMSG5.txtbin	48	utf-8	？？？？？\n
romdata/DT/GM_DT_EVTMSG5.FBC.z	DT_EVTMSG5.FBC/dt_EVTMSG5.txtbin	100	utf-8	{ESC}BL}1~闇の神殿…{ESC}WT}1~もうかてない…{13}
romdata/DT/GM_DT_EVTMSG5.FBC.z	DT_EVTMSG5.FBC/dt_EVTMSG5.txtbin	101	utf-8	オレの魚たちが…また…{13}
romdata/DT/GM_DT_EVTMSG5.FBC.z	DT_EVTMSG5.FBC/dt_EVTMSG5.txtbin	102	utf-8	花のタネが　灰になってしまう…{13}
romdata/DT/GM_DT_EVTMSG5.FBC.z	DT_EVTMSG5.FBC/dt_EVTMSG5.txtbin	103	utf-8	はめつが…せかいのはめつが…{13}
romdata/DT/GM_DT_EVTMSG5.FBC.z	DT_EVTMSG5.FBC/dt_EVTMSG5.txtbin	104	utf-8	ああ　私のせいで…{13}
romdata/DT/GM_DT_EVTMSG5.FBC.z	DT_EVTMSG5.FBC/dt_EVTMSG5.txtbin	105	utf-8	生きていたってしょうがないよ…{13}
romdata/DT/GM_DT_EVTMSG5.FBC.z	DT_EVTMSG5.FBC/dt_EVTMSG5.txtbin	106	utf-8	おとうさん…　おとうさあああん{13}
romdata/DT/GM_DT_EVTMSG5.FBC.z	DT_EVTMSG5.FBC/dt_EVTMSG5.txtbin	107	utf-8	ねぇ　ママは　どこ？　どこなの？{13}
romdata/DT/GM_DT_EVTMSG5.FBC.z	DT_EVTMSG5.FBC/dt_EVTMSG5.txtbin	108	utf-8	やっと…おわれるのね…{13}
romdata/DT/GM_DT_EVTMSG5.FBC.z	DT_EVTMSG5.FBC/dt_EVTMSG5.txtbin	109	utf-8	また…オレの大切なものが…{13}
romdata/DT/GM_DT_EVTMSG5.FBC.z	DT_EVTMSG5.FBC/dt_EVTMSG5.txtbin	110	utf-8	おわりだ…何もかも…{13}
romdata/DT/GM_DT_EVTMSG5.FBC.z	DT_EVTMSG5.FBC/dt_EVTMSG5.txtbin	111	utf-8	もう　あきらめるしか…{13}
romdata/DT/GM_DT_EVTMSG5.FBC.z	DT_EVTMSG5.FBC/dt_EVTMSG5.txtbin	112	utf-8	おねえ…ちゃん{13}
romdata/DT/GM_DT_EVTMSG5.FBC.z	DT_EVTMSG5.FBC/dt_EVTMSG5.txtbin	113	utf-8	くそっ　なにが　おきているんだ？ \n{ESC}GR}1~シロマ{ESC}WT}1~　しっかりしてくれ{13}
romdata/DT/GM_DT_EVTMSG5.FBC.z	DT_EVTMSG5.FBC/dt_EVTMSG5.txtbin	114	utf-8	ぜんぶ…ぜんぶ　思い出したの \n{ESC}GR}1~ラファエロ{ESC}WT}1~は　闇の神獣…{13}
romdata/DT/GM_DT_EVTMSG5.FBC.z	DT_EVTMSG5.FBC/dt_EVTMSG5.txtbin	115	utf-8	わたしたちの　記憶に封印していた \nおそろしい　{ESC}RD}1~はかいしん{ESC}WT}1~なのよ…{13}
romdata/DT/GM_DT_EVTMSG5.FBC.z	DT_EVTMSG5.FBC/dt_EVTMSG5.txtbin	116	utf-8	キュピーー！！{13}
romdata/DT/GM_DT_EVTMSG5.FBC.z	DT_EVTMSG5.FBC/dt_EVTMSG5.txtbin	117	utf-8	それじゃ　オレたちは \n{ESC}RD}1~はかいしん{ESC}WT}1~の　ふっかつを \nてだすけしていたのか？{13}
romdata/DT/GM_DT_EVTMSG5.FBC.z	DT_EVTMSG5.FBC/dt_EVTMSG5.txtbin	118	utf-8	{ESC}RD}1~はかいしん{ESC}WT}1~は　わたしたちの \n暗い　こころを \nすいとって　つよくなるの{13}
romdata/DT/GM_DT_EVTMSG5.FBC.z	DT_EVTMSG5.FBC/dt_EVTMSG5.txtbin	119	utf-8	おそろしくて　かなしい　記憶 \nぜんぶ　思い出してしまった… \nもう…とめられないわ…{13}
romdata/DT/GM_DT_EVTMSG5.FBC.z	DT_EVTMSG5.FBC/dt_EVTMSG5.txtbin	120	utf-8	いいか　{ESC}GR}1~シロマ{ESC}WT}1~！ \n{ESC}RD}1~はかいしん{ESC}WT}1~は　すべての力を \nとりもどした　わけじゃない{13}
romdata/DT/GM_DT_EVTMSG5.FBC.z	DT_EVTMSG5.FBC/dt_EVTMSG5.txtbin	121	utf-8	{ESC}GR}1~クロマ{ESC}WT}1~も　言ってたじゃないかっ \nなにがあっても \nあきらめるなってな！{13}
romdata/DT/GM_DT_EVTMSG5.FBC.z	DT_EVTMSG5.FBC/dt_EVTMSG5.txtbin	122	utf-8	{ESC}GR}1~ラファエロ{ESC}WT}1~の　こころは \nまだ　ヤツの中にいきている！{13}
romdata/DT/GM_DT_EVTMSG5.FBC.z	DT_EVTMSG5.FBC/dt_EVTMSG5.txtbin	123	utf-8	力を　かんぜんに　ためる前に \nオレと{ESC}GR}1~チョコボ{ESC}WT}1~で \n{ESC}RD}1~はかいしん{ESC}WT}1~を　やっつける！{13}
romdata/DT/GM_DT_EVTMSG5.FBC.z	DT_EVTMSG5.FBC/dt_EVTMSG5.txtbin	124	utf-8	キュキュキュ！{13}
romdata/DT/GM_DT_EVTMSG5.FBC.z	DT_EVTMSG5.FBC/dt_EVTMSG5.txtbin	125	utf-8	…でも…　どうやって \n{ESC}BL}1~闇の神殿{ESC}WT}1~に　いけばいいの？{13}
romdata/DT/GM_DT_EVTMSG5.FBC.z	DT_EVTMSG5.FBC/dt_EVTMSG5.txtbin	126	utf-8	まだ　きぼうは　ある！ \nあきらめたら　そこでホントに \nおしまいが　きちまうぞ！{13}
romdata/DT/GM_DT_EVTMSG5.FBC.z	DT_EVTMSG5.FBC/dt_EVTMSG5.txtbin	127	utf-8	キュキュキュ！{13}
romdata/DT/GM_DT_EVTMSG5.FBC.z	DT_EVTMSG5.FBC/dt_EVTMSG5.txtbin	128	utf-8	そうね…そうよね… \nおねえちゃんとわたしは \nずーっといっしょだもんね{13}
romdata/DT/GM_DT_EVTMSG5.FBC.z	DT_EVTMSG5.FBC/dt_EVTMSG5.txtbin	129	utf-8	あきらめちゃったら \n{ESC}RD}1~はかいしん{ESC}WT}1~を強くするだけだよね \n{ESC}GR}1~チョコボ{ESC}WT}1~！　{ESC}GR}1~シド{ESC}WT}1~さん！{13}
romdata/DT/GM_DT_EVTMSG5.FBC.z	DT_EVTMSG5.FBC/dt_EVTMSG5.txtbin	130	utf-8	おねえちゃんの \n{ESC}PP}1~杖{ESC}WT}1~をもっていって \nきっと何かのやくにたつはずよ！{13}
romdata/DT/GM_DT_EVTMSG5.FBC.z	DT_EVTMSG5.FBC/dt_EVTMSG5.txtbin	131	utf-8	キュキュキュ！{13}
romdata/DT/GM_DT_EVTMSG5.FBC.z	DT_EVTMSG5.FBC/dt_EVTMSG5.txtbin	132	utf-8	そうだ！ \nそのちょうしだ！ \n{ESC}GR}1~シロマ{ESC}WT}1~！{13}
romdata/DT/GM_DT_EVTMSG5.FBC.z	DT_EVTMSG5.FBC/dt_EVTMSG5.txtbin	133	utf-8	うん！ \nおねえちゃん…みんな \nわたし…まけないわ！　{13}
romdata/DT/GM_DT_EVTMSG5.FBC.z	DT_EVTMSG5.FBC/dt_EVTMSG5.txtbin	134	utf-8	オレたちは　{ESC}RD}1~飛空艇{ESC}WT}1~を作り上げて \n{ESC}RD}1~はかいしん{ESC}WT}1~を　たおしにいく！ \nさぁ　いこうぜ　あいぼう！　{13}
romdata/DT/GM_DT_EVTMSG5.FBC.z	DT_EVTMSG5.FBC/dt_EVTMSG5.txtbin	135	utf-8	キュキュキュ！{13}
romdata/DT/GM_DT_EVTMSG5.FBC.z	DT_EVTMSG5.FBC/dt_EVTMSG5.txtbin	136	utf-8	{ESC}GR}1~チョコボ{ESC}WT}1~は \n{ESC}YL}1~闇の杖{ESC}WT}1~ \nを手に入れた！{13}
romdata/DT/GM_DT_EVTMSG5.FBC.z	DT_EVTMSG5.FBC/dt_EVTMSG5.txtbin	140	utf-8	{ESC}GR}1~チョコボ…{ESC}WT}1~ \n{ESC}GR}1~シド{ESC}WT}1~さんは　{ESC}BL}1~フエゴ鉱山{ESC}WT}1~で \nなにか　さがしているんですって{13}
romdata/DT/GM_DT_EVTMSG5.FBC.z	DT_EVTMSG5.FBC/dt_EVTMSG5.txtbin	141	utf-8	{ESC}GR}1~チョコボ…{ESC}WT}1~ \n{ESC}GR}1~アムーリ{ESC}WT}1~さんは　なぜか \n記憶がもどらないんですって{13}
romdata/DT/GM_DT_EVTMSG5.FBC.z	DT_EVTMSG5.FBC/dt_EVTMSG5.txtbin	142	utf-8	{ESC}GR}1~チョコボ…{ESC}WT}1~ \n{ESC}GR}1~シド{ESC}WT}1~さんは　{ESC}BL}1~ゲイル市長の家{ESC}WT}1~で \nなにかしらべているそうよ{13}
romdata/DT/GM_DT_EVTMSG5.FBC.z	DT_EVTMSG5.FBC/dt_EVTMSG5.txtbin	150	utf-8	やっぱり　{ESC}PP}1~大いなる力{ESC}WT}1~がないと \n{ESC}RD}1~飛空艇{ESC}WT}1~は　動かないのか \nどこかに　ヒントは…{13}
romdata/DT/GM_DT_EVTMSG5.FBC.z	DT_EVTMSG5.FBC/dt_EVTMSG5.txtbin	151	utf-8	おさがしものは \nこれかしら？{13}
romdata/DT/GM_DT_EVTMSG5.FBC.z	DT_EVTMSG5.FBC/dt_EVTMSG5.txtbin	152	utf-8	{ESC}GR}1~イ　イルマ{ESC}WT}1~！？{13}
romdata/DT/GM_DT_EVTMSG5.FBC.z	DT_EVTMSG5.FBC/dt_EVTMSG5.txtbin	153	utf-8	あたし　ぬすむのは　すきだけど \nぬすまれるのは \n大っきらい{13}
romdata/DT/GM_DT_EVTMSG5.FBC.z	DT_EVTMSG5.FBC/dt_EVTMSG5.txtbin	154	utf-8	あたしの　記憶をぬすんだ \nこの街から \nとにかく　出ていきたいの！{13}
romdata/DT/GM_DT_EVTMSG5.FBC.z	DT_EVTMSG5.FBC/dt_EVTMSG5.txtbin	155	utf-8	そ　そうなのか \nとにかく　たすかる{13}
romdata/DT/GM_DT_EVTMSG5.FBC.z	DT_EVTMSG5.FBC/dt_EVTMSG5.txtbin	156	utf-8	でも　じょうけんがあるわ{13}
romdata/DT/GM_DT_EVTMSG5.FBC.z	DT_EVTMSG5.FBC/dt_EVTMSG5.txtbin	157	utf-8	…いったい　どんな \nじょうけんなんだ？{13}
romdata/DT/GM_DT_EVTMSG5.FBC.z	DT_EVTMSG5.FBC/dt_EVTMSG5.txtbin	158	utf-8	あの　{ESC}RD}1~はかいしん{ESC}WT}1~とやらに \nぜったい　かつこと！ \nわかったわね！{13}
romdata/DT/GM_DT_EVTMSG5.FBC.z	DT_EVTMSG5.FBC/dt_EVTMSG5.txtbin	159	utf-8	ふっ…　あたりまえだ！ \nいくぜ　あいぼう！ \nさぁ　ぼうけんの　はじまりだっ！{13}
romdata/DT/GM_DT_EVTMSG5.FBC.z	DT_EVTMSG5.FBC/dt_EVTMSG5.txtbin	160	utf-8	キュキュキュ！{13}
romdata/DT/GM_DT_EVTMSG5.FBC.z	DT_EVTMSG5.FBC/dt_EVTMSG5.txtbin	170	utf-8	この　{ESC}PP}1~大いなる力{ESC}WT}1~さえ　あれば… \nよし！　思ったとおりだ！ \nさぁ　じゅんびは　いいか？{13}
romdata/DT/GM_DT_EVTMSG5.FBC.z	DT_EVTMSG5.FBC/dt_EVTMSG5.txtbin	171	utf-8	{ESC}GR}1~チョコボ{ESC}WT}1~！ \n{ESC}RD}1~はかいしん{ESC}WT}1~を \nぶったおしにいくぞ！{13}
romdata/DT/GM_DT_EVTMSG5.FBC.z	DT_EVTMSG5.FBC/dt_EVTMSG5.txtbin	172	utf-8	クピピ…{13}
romdata/DT/GM_DT_EVTMSG5.FBC.z	DT_EVTMSG5.FBC/dt_EVTMSG5.txtbin	173	utf-8	え？　どうしたんだ？ \nなんか　オレ　まずいことでも \n言ったか？{13}
romdata/DT/GM_DT_EVTMSG5.FBC.z	DT_EVTMSG5.FBC/dt_EVTMSG5.txtbin	174	utf-8	うわぁ！　な　なんだ！？ \nいてっ \nうわぁああああ{13}
romdata/DT/GM_DT_EVTMSG5.FBC.z	DT_EVTMSG5.FBC/dt_EVTMSG5.txtbin	175	utf-8	お　おい！　ちょっとまて！ \nお前　まさかひとりで \nいくつもりなのか！？{13}
romdata/DT/GM_DT_EVTMSG5.FBC.z	DT_EVTMSG5.FBC/dt_EVTMSG5.txtbin	176	utf-8	アイツ…ひとりで{ESC}GR}1~ラファエロ{ESC}WT}1~を \nすくうつもりなんだ…{13}
romdata/DT/GM_DT_EVTMSG5.FBC.z	DT_EVTMSG5.FBC/dt_EVTMSG5.txtbin	180	utf-8	ほう　まさか　ここまで \nたどりつくとはな{13}
romdata/DT/GM_DT_EVTMSG5.FBC.z	DT_EVTMSG5.FBC/dt_EVTMSG5.txtbin	181	utf-8	こ　こないで！　{ESC}GR}1~チョコボ{ESC}WT}1~！ \nボクはキミを　キズつけたくない{13}
romdata/DT/GM_DT_EVTMSG5.FBC.z	DT_EVTMSG5.FBC/dt_EVTMSG5.txtbin	182	utf-8	まだ　いしきがあるのか \nそんなに　友がたいせつか？ \nだが…{13}
romdata/DT/GM_DT_EVTMSG5.FBC.z	DT_EVTMSG5.FBC/dt_EVTMSG5.txtbin	183	utf-8	だめだ！　{ESC}GR}1~チョコボ{ESC}WT}1~ \nにげて！ \nう　うぁああ{13}
romdata/DT/GM_DT_EVTMSG5.FBC.z	DT_EVTMSG5.FBC/dt_EVTMSG5.txtbin	184	utf-8	私は　闇の神獣{ESC}GR}1~ラファエロ{ESC}WT}1~ \nこのせかいを \nはかいするそんざい！{13}
romdata/DT/GM_DT_EVTMSG5.FBC.z	DT_EVTMSG5.FBC/dt_EVTMSG5.txtbin	185	utf-8	見るがよい！　闇の力を！{13}
romdata/DT/GM_DT_EVTMSG5.FBC.z	DT_EVTMSG5.FBC/dt_EVTMSG5.txtbin	190	utf-8	このていどとはな…{13}
romdata/DT/GM_DT_EVTMSG5.FBC.z	DT_EVTMSG5.FBC/dt_EVTMSG5.txtbin	191	utf-8	さらばだ　地上の光よ \nこのせかいは \n天空の闇にそまるのだ{13}
romdata/DT/GM_DT_EVTMSG5.FBC.z	DT_EVTMSG5.FBC/dt_EVTMSG5.txtbin	192	utf-8	今　闇にとりこんでやろう{13}
romdata/DT/GM_DT_EVTMSG5.FBC.z	DT_EVTMSG5.FBC/dt_EVTMSG5.txtbin	200	utf-8	{ESC}GR}1~チョコボ{ESC}WT}1~の…声？{13}
romdata/DT/GM_DT_EVTMSG5.FBC.z	DT_EVTMSG5.FBC/dt_EVTMSG5.txtbin	201	utf-8	まだ　たたかっているのね！ \nがんばって　{ESC}GR}1~チョコボ{ESC}WT}1~{13}
romdata/DT/GM_DT_EVTMSG5.FBC.z	DT_EVTMSG5.FBC/dt_EVTMSG5.txtbin	202	utf-8	まけないで　{ESC}GR}1~チョコボ{ESC}WT}1~さん！{13}
romdata/DT/GM_DT_EVTMSG5.FBC.z	DT_EVTMSG5.FBC/dt_EVTMSG5.txtbin	203	utf-8	わたしたちの　思い出を \nとどけましょう！{13}
romdata/DT/GM_DT_EVTMSG5.FBC.z	DT_EVTMSG5.FBC/dt_EVTMSG5.txtbin	204	utf-8	あつき　ゆうきの炎 \n{ESC}RD}1~火のクリスタルの力{ESC}WT}1~を！{13}
romdata/DT/GM_DT_EVTMSG5.FBC.z	DT_EVTMSG5.FBC/dt_EVTMSG5.txtbin	205	utf-8	すべてを　あらいながす \n{ESC}BL}1~水のクリスタルの力{ESC}WT}1~を！{13}
romdata/DT/GM_DT_EVTMSG5.FBC.z	DT_EVTMSG5.FBC/dt_EVTMSG5.txtbin	206	utf-8	闇を　うちはらう \n{ESC}YL}1~光のクリスタルの力{ESC}WT}1~を！{13}
romdata/DT/GM_DT_EVTMSG5.FBC.z	DT_EVTMSG5.FBC/dt_EVTMSG5.txtbin	207	utf-8	 \n{15}CT}1~うけとって！ \n{15}CT}1~{ESC}GR}1~チョコボ{ESC}WT}1~！{13}
romdata/DT/GM_DT_EVTMSG5.FBC.z	DT_EVTMSG5.FBC/dt_EVTMSG5.txtbin	210	utf-8	神官たちめっ \nよけいな　ことを！{13}
romdata/DT/GM_DT_EVTMSG5.FBC.z	DT_EVTMSG5.FBC/dt_EVTMSG5.txtbin	211	utf-8	{ESC}GR}1~チョコボ{ESC}WT}1~！　よかった！ \nみんなの　ココロを \nかんじるよ！{13}
romdata/DT/GM_DT_EVTMSG5.FBC.z	DT_EVTMSG5.FBC/dt_EVTMSG5.txtbin	212	utf-8	ぜんぶが　悪に \nなってしまうまえに… \nボクを…　たおして！{13}
romdata/DT/GM_DT_EVTMSG5.FBC.z	DT_EVTMSG5.FBC/dt_EVTMSG5.txtbin	213	utf-8	キュピーー！！{13}
romdata/DT/GM_DT_EVTMSG5.FBC.z	DT_EVTMSG5.FBC/dt_EVTMSG5.txtbin	214	utf-8	キサマッ \nそれがどういうことか \nわかっているのかっ！{13}
romdata/DT/GM_DT_EVTMSG5.FBC.z	DT_EVTMSG5.FBC/dt_EVTMSG5.txtbin	215	utf-8	{ESC}GR}1~チョコボ{ESC}WT}1~！！　早く！！！{13}
romdata/DT/GM_DT_EVTMSG5.FBC.z	DT_EVTMSG5.FBC/dt_EVTMSG5.txtbin	220	utf-8	なぜだ…なぜなんだ… \nウッォオオオオオ{13}
romdata/DT/GM_DT_EVTMSG5.FBC.z	DT_EVTMSG5.FBC/dt_EVTMSG5.txtbin	221	utf-8	{ESC}GR}1~チョコボ…{ESC}WT}1~さよなら… \nそして…ありがとう…{13}
romdata/DT/GM_DT_EVTMSG5.FBC.z	DT_EVTMSG5.FBC/dt_EVTMSG5.txtbin	222	utf-8	{15}CT}1~すべてを　のみこみ \n{15}CT}1~すべてを　けしさり \n{15}CT}1~すべてを　闇にかえす…{13}
romdata/DT/GM_DT_EVTMSG5.FBC.z	DT_EVTMSG5.FBC/dt_EVTMSG5.txtbin	223	utf-8	{15}CT}1~　 \n{15}CT}1~闇のじだいが　はじまる \n{15}CT}1~ワレは　はかいの　かみ　なり…{13}
romdata/DT/GM_DT_EVTMSG5.FBC.z	DT_EVTMSG5.FBC/dt_EVTMSG5.txtbin	230	utf-8	あれは… \n{ESC}BL}1~闇の神殿{ESC}WT}1~が… \nこわれる！{13}
romdata/DT/GM_DT_EVTMSG5.FBC.z	DT_EVTMSG5.FBC/dt_EVTMSG5.txtbin	231	utf-8	{ESC}GR}1~ラファエロー{ESC}WT}1~！？ \n{ESC}GR}1~チョコボー{ESC}WT}1~！！{13}
romdata/DT/GM_DT_EVTMSG5.FBC.z	DT_EVTMSG5.FBC/dt_EVTMSG5.txtbin	240	utf-8	あ　{ESC}RD}1~飛空艇{ESC}WT}1~が…{13}
romdata/DT/GM_DT_EVTMSG5.FBC.z	DT_EVTMSG5.FBC/dt_EVTMSG5.txtbin	241	utf-8	あれは…　{ESC}BL}1~海浜公園{ESC}WT}1~のほうだ \nいってみよう！{13}
romdata/DT/GM_DT_EVTMSG5.FBC.z	DT_EVTMSG5.FBC/dt_EVTMSG5.txtbin	245	utf-8	 \n{15}CT}1~おつかれさまでした \n{15}CT}1~電源をＯＦＦにしてください
romdata/DT/GM_DT_EVTMSG5.FBC.z	DT_EVTMSG5.FBC/dt_EVTMSG5.txtbin	250	utf-8	{ESC}GR}1~チョコボ{ESC}WT}1~？{13}
romdata/DT/GM_DT_EVTMSG5.FBC.z	DT_EVTMSG5.FBC/dt_EVTMSG5.txtbin	251	utf-8	キュキュキュ！{13}
romdata/DT/GM_DT_EVTMSG5.FBC.z	DT_EVTMSG5.FBC/dt_EVTMSG5.txtbin	252	utf-8	{ESC}GR}1~チョコボ{ESC}WT}1~！！{13}
romdata/DT/GM_DT_EVTMSG5.FBC.z	DT_EVTMSG5.FBC/dt_EVTMSG5.txtbin	253	utf-8	あいぼう！　たすかったのか！！{13}
romdata/DT/GM_DT_EVTMSG5.FBC.z	DT_EVTMSG5.FBC/dt_EVTMSG5.txtbin	254	utf-8	まぁ！　{ESC}GR}1~チョコボ{ESC}WT}1~さん！{13}
romdata/DT/GM_DT_EVTMSG5.FBC.z	DT_EVTMSG5.FBC/dt_EVTMSG5.txtbin	255	utf-8	ありがとう　{ESC}GR}1~チョコボ{ESC}WT}1~！ \nおかげで　みんなたすかったわよ！ \nでも　いったいだれが…{13}
romdata/DT/GM_DT_EVTMSG5.FBC.z	DT_EVTMSG5.FBC/dt_EVTMSG5.txtbin	256	utf-8	{ESC}GR}1~ラファエロ{ESC}WT}1~？ \nお…おねえちゃん！？ \n{ESC}GR}1~クロマ{ESC}WT}1~おねえちゃんなのね！{13}
romdata/DT/GM_DT_EVTMSG5.FBC.z	DT_EVTMSG5.FBC/dt_EVTMSG5.txtbin	257	utf-8	{ESC}GR}1~シロマ…{ESC}WT}1~ \nみんな…{13}
romdata/DT/GM_DT_EVTMSG5.FBC.z	DT_EVTMSG5.FBC/dt_EVTMSG5.txtbin	258	utf-8	…ごめんなさい　ボク \n…きがついたら…{13}
romdata/DT/GM_DT_EVTMSG5.FBC.z	DT_EVTMSG5.FBC/dt_EVTMSG5.txtbin	259	utf-8	もう　いいんだ　 \nみんな　しあわせになった \nそれで　いいじゃないか{13}
romdata/DT/GM_DT_EVTMSG5.FBC.z	DT_EVTMSG5.FBC/dt_EVTMSG5.txtbin	260	utf-8	忘れちゃいけない思い出… \nとりもどせたのも　ふたりの \nおかげじゃない{13}
romdata/DT/GM_DT_EVTMSG5.FBC.z	DT_EVTMSG5.FBC/dt_EVTMSG5.txtbin	261	utf-8	みなさんが　いなかったら \n私たち　いつまでも \nあのままだったんですもの{13}
romdata/DT/GM_DT_EVTMSG5.FBC.z	DT_EVTMSG5.FBC/dt_EVTMSG5.txtbin	262	utf-8	おねえちゃんが \nもどってこれたのも \n{ESC}GR}1~チョコボ{ESC}WT}1~のおかげよ！{13}
romdata/DT/GM_DT_EVTMSG5.FBC.z	DT_EVTMSG5.FBC/dt_EVTMSG5.txtbin	263	utf-8	キュキュキュ！{13}
romdata/DT/GM_DT_EVTMSG5.FBC.z	DT_EVTMSG5.FBC/dt_EVTMSG5.txtbin	264	utf-8	あ…{ESC}PP}1~時忘れの鐘{ESC}WT}1~が…{13}
romdata/DT/GM_DT_EVTMSG5.FBC.z	DT_EVTMSG5.FBC/dt_EVTMSG5.txtbin	265	utf-8	いや…もうあの鐘は{13}
romdata/DT/GM_DT_EVTMSG5.FBC.z	DT_EVTMSG5.FBC/dt_EVTMSG5.txtbin	266	utf-8	これまでの　思い出と　 \nこれからの　時間を　刻む \n{ESC}YL}1~時刻みの鐘{ESC}WT}1~になったのさ{13}
romdata/DT/GM_DT_EVTMSG5.FBC.z	DT_EVTMSG5.FBC/dt_EVTMSG5.txtbin	270	utf-8	ああ　魚…つってきてくれたのか \n{ESC}YL}1~{05}}18~{ESC}WT}1~なら{ESC}YL}1~{06}}72~┣┳{ESC}WT}1~だ \n売りたいなら…買うよ
romdata/DT/GM_DT_EVTMSG5.FBC.z	DT_EVTMSG5.FBC/dt_EVTMSG5.txtbin	271	utf-8	{ESC}GR}1~チョコボ{ESC}WT}1~は \n{ESC}YL}1~{06}}72~┣┳{ESC}WT}1~ \nを手に入れた…{13}
romdata/DT/GM_DT_EVTMSG5.FBC.z	DT_EVTMSG5.FBC/dt_EVTMSG5.txtbin	272	utf-8	わるいけど…　さいふが \nいっぱいみたいだ… \n使い道は…ないだろうけどな…{13}
romdata/DT/GM_DT_EVTMSG5.FBC.z	DT_EVTMSG5.FBC/dt_EVTMSG5.txtbin	273	utf-8	こんにちは　{ESC}GR}1~チョコボ{ESC}WT}1~！ \n思い出を　とりもどしてくれて \nほんとうにありがとう！{13}
romdata/DT/GM_DT_EVTMSG5.FBC.z	DT_EVTMSG5.FBC/dt_EVTMSG5.txtbin	276	utf-8	{ESC}GR}1~チョコボ…{ESC}WT}1~ \n{ESC}GR}1~ラファエロ{ESC}WT}1~を　にくんではだめよ{13}
romdata/DT/GM_DT_EVTMSG5.FBC.z	DT_EVTMSG5.FBC/dt_EVTMSG5.txtbin	277	utf-8	その　にくしみのこころを \n{ESC}RD}1~はかいしん{ESC}WT}1~は　ねらってくるの… \n気をつけてね！{13}
romdata/DT/GM_DT_EVTMSG5.FBC.z	DT_EVTMSG5.FBC/dt_EVTMSG5.txtbin	278	utf-8	あんた　わかってるでしょうね \nアノことは　ぜっっっつたいに \nひみつよ！！{13}
romdata/DT/GM_DT_EVTMSG5.FBC.z	DT_EVTMSG5.FBC/dt_EVTMSG5.txtbin	279	utf-8	よぉ　{ESC}GR}1~チョコボ{ESC}WT}1~！ \nお前も　ごしゅじんさまは \n大切に　しろよ！{13}
romdata/DT/GM_DT_EVTMSG5.FBC.z	DT_EVTMSG5.FBC/dt_EVTMSG5.txtbin	280	utf-8	チュウ！　{ESC}GR}1~チョコボ{ESC}WT}1~！ \nオイラも　{ESC}GR}1~ラファエロ{ESC}WT}1~と \n戦いたいでチュウ！{13}
romdata/DT/GM_DT_EVTMSG5.FBC.z	DT_EVTMSG5.FBC/dt_EVTMSG5.txtbin	281	utf-8	とはいえ　オイラでは力不足… \n{ESC}GR}1~チョコボ{ESC}WT}1~に　すべてを \nまかせるでチュウ{13}
romdata/DT/GM_DT_EVTMSG5.FBC.z	DT_EVTMSG5.FBC/dt_EVTMSG5.txtbin	282	utf-8	チュウ！　{ESC}GR}1~チョコボ{ESC}WT}1~！ \nいよいよ　さいごの戦いでチュウ！{13}
romdata/DT/GM_DT_EVTMSG5.FBC.z	DT_EVTMSG5.FBC/dt_EVTMSG5.txtbin	283	utf-8	ツメやクラはもちろん \nすべてにおいて \nよういをととのえるでチュウ！{13}
romdata/DT/GM_DT_EVTMSG5.FBC.z	DT_EVTMSG5.FBC/dt_EVTMSG5.txtbin	284	utf-8	クポ！　は？ \n{ESC}GR}1~ロマンチックヒーローＸ{ESC}WT}1~？{13}
romdata/DT/GM_DT_EVTMSG5.FBC.z	DT_EVTMSG5.FBC/dt_EVTMSG5.txtbin	285	utf-8	ほかの世界から来たヒーロークポね \nモグも知っているクポ \nぜったいにモグじゃないクポ{13}
romdata/DT/GM_DT_EVTMSG5.FBC.z	DT_EVTMSG5.FBC/dt_EVTMSG5.txtbin	286	utf-8	クポ！　は？ \n死神の　かっこうをした \nヒーロー？？{13}
romdata/DT/GM_DT_EVTMSG5.FBC.z	DT_EVTMSG5.FBC/dt_EVTMSG5.txtbin	287	utf-8	ホントに見たクポ？ \nモグはそんなヒーロー知らないクポ \nホントにホントクポ{13}
romdata/DT/GM_DT_EVTMSG5.FBC.z	DT_EVTMSG5.FBC/dt_EVTMSG5.txtbin	288	utf-8	よぉっ　みんななんか \nつらそうだな… \nそれで　なにを　あずかろうか？{13}
romdata/DT/GM_DT_EVTMSG5.FBC.z	DT_EVTMSG5.FBC/dt_EVTMSG5.txtbin	289	utf-8	おや　{ESC}GR}1~チョコボ{ESC}WT}1~さん \n私たちは　もうダメかもしれません
romdata/DT/GM_DT_EVTMSG5.FBC.z	DT_EVTMSG5.FBC/dt_EVTMSG5.txtbin	290	utf-8	えっ \nまだ私たちに　のぞみが \nあるとでもいうのですか？{13}
romdata/DT/GM_DT_EVTMSG5.FBC.z	DT_EVTMSG5.FBC/dt_EVTMSG5.txtbin	291	utf-8	きらくにかんがえられる \nあなたが　うらやましいですよ…{13}
romdata/DT/GM_DT_EVTMSG5.FBC.z	DT_EVTMSG5.FBC/dt_EVTMSG5.txtbin	292	utf-8	そうでしょう　やはり \n私たちはもう　ダメなのです{13}
romdata/DT/GM_DT_EVTMSG5.FBC.z	DT_EVTMSG5.FBC/dt_EVTMSG5.txtbin	293	utf-8	ああ　すべて忘れてしまいたい… \n忘却こそ　美徳なのですよ…{13}
romdata/DT/GM_DT_EVTMSG5.FBC.z	DT_EVTMSG5.FBC/dt_EVTMSG5.txtbin	294	utf-8	ああ　{ESC}GR}1~チョコボ{ESC}WT}1~さん… \n私の　ざんげを　どうか… \nきいてはもらえませんか？\n
romdata/DT/GM_DT_EVTMSG5.FBC.z	DT_EVTMSG5.FBC/dt_EVTMSG5.txtbin	295	utf-8	ありがとう…{ESC}GR}1~チョコボ{ESC}WT}1~さん \nじつを　言うと　{ESC}GR}1~ラファエロ{ESC}WT}1~は…{13}
romdata/DT/GM_DT_EVTMSG5.FBC.z	DT_EVTMSG5.FBC/dt_EVTMSG5.txtbin	296	utf-8	私が…　私が… \n作り出したようなものなのです{13}
romdata/DT/GM_DT_EVTMSG5.FBC.z	DT_EVTMSG5.FBC/dt_EVTMSG5.txtbin	297	utf-8	キュピーー！！{13}
romdata/DT/GM_DT_EVTMSG5.FBC.z	DT_EVTMSG5.FBC/dt_EVTMSG5.txtbin	298	utf-8	むかし　{ESC}GR}1~シド{ESC}WT}1~さんの　おじいさん \n{ESC}GR}1~グレン{ESC}WT}1~さんが　この街に \nいらっしゃったころのことです{13}
romdata/DT/GM_DT_EVTMSG5.FBC.z	DT_EVTMSG5.FBC/dt_EVTMSG5.txtbin	299	utf-8	私は　神父であるとともに \n闇の神官でもあったのです…{13}
romdata/DT/GM_DT_EVTMSG5.FBC.z	DT_EVTMSG5.FBC/dt_EVTMSG5.txtbin	300	utf-8	私は　なやんでいました \n闇のもつ　『悪』に… \nとりこまれてしまうのではと…{13}
romdata/DT/GM_DT_EVTMSG5.FBC.z	DT_EVTMSG5.FBC/dt_EVTMSG5.txtbin	301	utf-8	心の弱さを　神にいのることで \nどうにかできると \n思っていましたが…だめでした{13}
romdata/DT/GM_DT_EVTMSG5.FBC.z	DT_EVTMSG5.FBC/dt_EVTMSG5.txtbin	302	utf-8	ついに私は　{ESC}GR}1~グレン{ESC}WT}1~さんに　 \n闇の力を　ふたつに分けてもらう \nおねがいをしてしまったのです{13}
romdata/DT/GM_DT_EVTMSG5.FBC.z	DT_EVTMSG5.FBC/dt_EVTMSG5.txtbin	303	utf-8	クピピ…{13}
romdata/DT/GM_DT_EVTMSG5.FBC.z	DT_EVTMSG5.FBC/dt_EVTMSG5.txtbin	304	utf-8	わかれた　悪のココロを \n{ESC}BL}1~闇の神殿{ESC}WT}1~に　封印して \n私は　あんしんしていました{13}
romdata/DT/GM_DT_EVTMSG5.FBC.z	DT_EVTMSG5.FBC/dt_EVTMSG5.txtbin	305	utf-8	そこから　生まれる　ゆがみに \n気づくことなく…{13}
romdata/DT/GM_DT_EVTMSG5.FBC.z	DT_EVTMSG5.FBC/dt_EVTMSG5.txtbin	306	utf-8	もともと　闇の力に \n善　も　悪　もないのです \n私が作り出してしまったのです{13}
romdata/DT/GM_DT_EVTMSG5.FBC.z	DT_EVTMSG5.FBC/dt_EVTMSG5.txtbin	307	utf-8	わるいことからは \nただ　目をそらしていたのです…{13}
romdata/DT/GM_DT_EVTMSG5.FBC.z	DT_EVTMSG5.FBC/dt_EVTMSG5.txtbin	308	utf-8	ふたたび　あらわれてしまった \nこのじごくは　私への \n…ばつなのです{13}
romdata/DT/GM_DT_EVTMSG5.FBC.z	DT_EVTMSG5.FBC/dt_EVTMSG5.txtbin	309	utf-8	私のココロの弱さが \nすべての　はじまりなのです \nどうか…ゆるしてください{13}
romdata/DT/GM_DT_EVTMSG5.FBC.z	DT_EVTMSG5.FBC/dt_EVTMSG5.txtbin	310	utf-8	私には　もう \nなげくことしか… \nできないのです{13}
romdata/DT/GM_DT_EVTMSG5.FBC.z	DT_EVTMSG5.FBC/dt_EVTMSG5.txtbin	311	utf-8	神のしゅくふく… \nすくなくとも　あなたがすすむ… \n道だけにはあらんことを…{13}
romdata/DT/GM_DT_EVTMSG5.FBC.z	DT_EVTMSG5.FBC/dt_EVTMSG5.txtbin	312	utf-8	そうですね　神父のざんげなど… \nでは　あなたのすすむ道に… \n神のしゅくふくがあらんことを{13}
romdata/DT/GM_DT_EVTMSG5.FBC.z	DT_EVTMSG5.FBC/dt_EVTMSG5.txtbin	313	utf-8	いらっしゃい　{ESC}GR}1~チョコボ{ESC}WT}1~！ \n私が思いだした話を \nきいてもらえるかしら？\n
romdata/DT/GM_DT_EVTMSG5.FBC.z	DT_EVTMSG5.FBC/dt_EVTMSG5.txtbin	314	utf-8	ありがとう \nあの日…{ESC}RD}1~はかいしん{ESC}WT}1~は \nこの街を火の海にしていたの{13}
romdata/DT/GM_DT_EVTMSG5.FBC.z	DT_EVTMSG5.FBC/dt_EVTMSG5.txtbin	315	utf-8	火の神官の私もこわくなる炎の中 \n{ESC}RD}1~はかいしん{ESC}WT}1~に　いどんだのが \nえいゆう{ESC}GR}1~ジーク{ESC}WT}1~だった{13}
romdata/DT/GM_DT_EVTMSG5.FBC.z	DT_EVTMSG5.FBC/dt_EVTMSG5.txtbin	316	utf-8	でもナイトだった{ESC}GR}1~ジーク{ESC}WT}1~の力でも \n{ESC}RD}1~はかいしん{ESC}WT}1~は　たおせず… \n{ESC}GR}1~ジーク{ESC}WT}1~はたおれてしまった{13}
romdata/DT/GM_DT_EVTMSG5.FBC.z	DT_EVTMSG5.FBC/dt_EVTMSG5.txtbin	317	utf-8	クピピ…{13}
romdata/DT/GM_DT_EVTMSG5.FBC.z	DT_EVTMSG5.FBC/dt_EVTMSG5.txtbin	318	utf-8	人が　たおれていって… \nそして…この世界は \nおわってしまうのかも…{13}
romdata/DT/GM_DT_EVTMSG5.FBC.z	DT_EVTMSG5.FBC/dt_EVTMSG5.txtbin	319	utf-8	クピピ…{13}
romdata/DT/GM_DT_EVTMSG5.FBC.z	DT_EVTMSG5.FBC/dt_EVTMSG5.txtbin	320	utf-8	…さ　ツメを強くしましょう \n私には　それくらいしか \nできないもの{13}
romdata/DT/GM_DT_EVTMSG5.FBC.z	DT_EVTMSG5.FBC/dt_EVTMSG5.txtbin	321	utf-8	そう…じゃあ \nあなたのツメをつよくするわね{13}
romdata/DT/GM_DT_EVTMSG5.FBC.z	DT_EVTMSG5.FBC/dt_EVTMSG5.txtbin	322	utf-8	{ESC}GR}1~チョコボ{ESC}WT}1~さん… \nあの日のことを \nきいてくれますか？\n
romdata/DT/GM_DT_EVTMSG5.FBC.z	DT_EVTMSG5.FBC/dt_EVTMSG5.txtbin	323	utf-8	ありがとうございます \n{ESC}RD}1~はかいしん{ESC}WT}1~が　あらわれたあの日… \n街の水に　へんかがありました{13}
romdata/DT/GM_DT_EVTMSG5.FBC.z	DT_EVTMSG5.FBC/dt_EVTMSG5.txtbin	324	utf-8	水のながれが　止まったんです \n水はながれていなければ \nよごれてしまうんです{13}
romdata/DT/GM_DT_EVTMSG5.FBC.z	DT_EVTMSG5.FBC/dt_EVTMSG5.txtbin	325	utf-8	水はすべての　命のみなもと… \n私は　なんとかしなくちゃって \nがんばったんですけど{13}
romdata/DT/GM_DT_EVTMSG5.FBC.z	DT_EVTMSG5.FBC/dt_EVTMSG5.txtbin	326	utf-8	水の神官なのに \n私の力では　水のながれを \nとりもどせませんでした{13}
romdata/DT/GM_DT_EVTMSG5.FBC.z	DT_EVTMSG5.FBC/dt_EVTMSG5.txtbin	327	utf-8	そして　今回も… \n私の力では　何もできないんです \nこうして　いるしかないんです…{13}
romdata/DT/GM_DT_EVTMSG5.FBC.z	DT_EVTMSG5.FBC/dt_EVTMSG5.txtbin	328	utf-8	そうですか…{13}
romdata/DT/GM_DT_EVTMSG5.FBC.z	DT_EVTMSG5.FBC/dt_EVTMSG5.txtbin	329	utf-8	おや　{ESC}GR}1~チョコボ…{ESC}WT}1~　 \nちょっと　話そうか？\n
romdata/DT/GM_DT_EVTMSG5.FBC.z	DT_EVTMSG5.FBC/dt_EVTMSG5.txtbin	330	utf-8	思い出したくもないこと \nたくさん思い出しちまって \nみんな　くるしいんだね…{13}
romdata/DT/GM_DT_EVTMSG5.FBC.z	DT_EVTMSG5.FBC/dt_EVTMSG5.txtbin	331	utf-8	{ESC}RD}1~はかいしん{ESC}WT}1~が　{ESC}BL}1~ヴィレ{ESC}WT}1~に来たとき \nおびえて　にげまわってばかりで \nあたしはなんにもできなかったよ{13}
romdata/DT/GM_DT_EVTMSG5.FBC.z	DT_EVTMSG5.FBC/dt_EVTMSG5.txtbin	332	utf-8	それでも　なにかしてやりたくてね \n{ESC}GR}1~シロマ{ESC}WT}1~をこの{ESC}BL}1~牧場{ESC}WT}1~までつれてきた{13}
romdata/DT/GM_DT_EVTMSG5.FBC.z	DT_EVTMSG5.FBC/dt_EVTMSG5.txtbin	333	utf-8	でも　けっきょく \nにげてただけなんだね{13}
romdata/DT/GM_DT_EVTMSG5.FBC.z	DT_EVTMSG5.FBC/dt_EVTMSG5.txtbin	334	utf-8	こんなつらい思い出なんて \nもう　ごめんだよ……{13}
romdata/DT/GM_DT_EVTMSG5.FBC.z	DT_EVTMSG5.FBC/dt_EVTMSG5.txtbin	335	utf-8	あたしたちは \nいったい \nどうなっちゃうのかね…{13}
romdata/DT/GM_DT_EVTMSG5.FBC.z	DT_EVTMSG5.FBC/dt_EVTMSG5.txtbin	336	utf-8	そうかい　 \nまぁ　いつでも話せる…かね{13}
romdata/DT/GM_DT_EVTMSG5.FBC.z	DT_EVTMSG5.FBC/dt_EVTMSG5.txtbin	337	utf-8	オレ　思い出したことがあるんだ \nきいてくれるか？\n
romdata/DT/GM_DT_EVTMSG5.FBC.z	DT_EVTMSG5.FBC/dt_EVTMSG5.txtbin	338	utf-8	オレが　魚が \nだいすきだってことは \n知ってるよな？{13}
romdata/DT/GM_DT_EVTMSG5.FBC.z	DT_EVTMSG5.FBC/dt_EVTMSG5.txtbin	339	utf-8	キュウ！{13}
romdata/DT/GM_DT_EVTMSG5.FBC.z	DT_EVTMSG5.FBC/dt_EVTMSG5.txtbin	340	utf-8	{ESC}RD}1~はかいしん{ESC}WT}1~は　ちょくせつ \nオレに　こうげきするんじゃなく \n魚に手を出しやがったのさ{13}
romdata/DT/GM_DT_EVTMSG5.FBC.z	DT_EVTMSG5.FBC/dt_EVTMSG5.txtbin	341	utf-8	魚が　およぎながら \nくさっていくんだ \nだいじな命がムダになった{13}
romdata/DT/GM_DT_EVTMSG5.FBC.z	DT_EVTMSG5.FBC/dt_EVTMSG5.txtbin	342	utf-8	あのときは　こわかったぜ \nなんたって　もう魚が食えないかと \n思ったくらいだ{13}
romdata/DT/GM_DT_EVTMSG5.FBC.z	DT_EVTMSG5.FBC/dt_EVTMSG5.txtbin	343	utf-8	そして　また \nオレの魚たちが… \nこんどこそ　おわりかもな{13}
romdata/DT/GM_DT_EVTMSG5.FBC.z	DT_EVTMSG5.FBC/dt_EVTMSG5.txtbin	344	utf-8	そうか… \nまあ　気がむいたらきいてくれ{13}
romdata/DT/GM_DT_EVTMSG5.FBC.z	DT_EVTMSG5.FBC/dt_EVTMSG5.txtbin	345	utf-8	{ESC}BL}1~闇の神殿{ESC}WT}1~をみて \n思い出したことがあるんだが \nきいてくれるよな？\n
romdata/DT/GM_DT_EVTMSG5.FBC.z	DT_EVTMSG5.FBC/dt_EVTMSG5.txtbin	346	utf-8	あの{ESC}BL}1~闇の神殿{ESC}WT}1~があらわれたとき… \nジマンの　バクヤクで \nオレも戦ったんだ{13}
romdata/DT/GM_DT_EVTMSG5.FBC.z	DT_EVTMSG5.FBC/dt_EVTMSG5.txtbin	347	utf-8	空に浮かぶ{ESC}BL}1~闇の神殿{ESC}WT}1~を \n落としてやろうと思ってな{13}
romdata/DT/GM_DT_EVTMSG5.FBC.z	DT_EVTMSG5.FBC/dt_EVTMSG5.txtbin	348	utf-8	だが　できなかった \n鉱山も　コナゴナにする \nオレのバクヤクで　むきずだった{13}
romdata/DT/GM_DT_EVTMSG5.FBC.z	DT_EVTMSG5.FBC/dt_EVTMSG5.txtbin	349	utf-8	{ESC}BL}1~闇の神殿{ESC}WT}1~が \nあらわれたんだ \nもう　おしまいなのさ{13}
romdata/DT/GM_DT_EVTMSG5.FBC.z	DT_EVTMSG5.FBC/dt_EVTMSG5.txtbin	350	utf-8	なんだよ　きいてくれよ…{13}
romdata/DT/GM_DT_EVTMSG5.FBC.z	DT_EVTMSG5.FBC/dt_EVTMSG5.txtbin	351	utf-8	{ESC}RD}1~はかいしん{ESC}WT}1~が　あらわれた時 \n何があったか…　きいてくれるかい？\n
romdata/DT/GM_DT_EVTMSG5.FBC.z	DT_EVTMSG5.FBC/dt_EVTMSG5.txtbin	352	utf-8	私は　あの日　見たのは… \n花が　いっしゅんで \nかれていくところさ{13}
romdata/DT/GM_DT_EVTMSG5.FBC.z	DT_EVTMSG5.FBC/dt_EVTMSG5.txtbin	353	utf-8	花だって　生きているのさ \nその命が　きえていく… \nそれが　すごくこわかったのさ{13}
romdata/DT/GM_DT_EVTMSG5.FBC.z	DT_EVTMSG5.FBC/dt_EVTMSG5.txtbin	354	utf-8	私は　かなしかったし \n何もできなかったことが \nくやしかった{13}
romdata/DT/GM_DT_EVTMSG5.FBC.z	DT_EVTMSG5.FBC/dt_EVTMSG5.txtbin	355	utf-8	クピピ…{13}
romdata/DT/GM_DT_EVTMSG5.FBC.z	DT_EVTMSG5.FBC/dt_EVTMSG5.txtbin	356	utf-8	そして　こんどは… \n花のタネも灰になって \nしまうかもねぇ…{13}
romdata/DT/GM_DT_EVTMSG5.FBC.z	DT_EVTMSG5.FBC/dt_EVTMSG5.txtbin	357	utf-8	そうかい \nまあ　無理強いも \nよくないしねぇ{13}
romdata/DT/GM_DT_EVTMSG5.FBC.z	DT_EVTMSG5.FBC/dt_EVTMSG5.txtbin	358	utf-8	なあ　{ESC}GR}1~チョコボ{ESC}WT}1~ \nオレの話をきいてくれるか？\n
romdata/DT/GM_DT_EVTMSG5.FBC.z	DT_EVTMSG5.FBC/dt_EVTMSG5.txtbin	359	utf-8	オレには　子どもがいたんだ \n名前は{ESC}GR}1~ムート{ESC}WT}1~ \nオレと{ESC}GR}1~シャルロット{ESC}WT}1~の子どもだ{13}
romdata/DT/GM_DT_EVTMSG5.FBC.z	DT_EVTMSG5.FBC/dt_EVTMSG5.txtbin	360	utf-8	あの日　オレたちは　いつもと \nかわらない日をおくっていた{13}
romdata/DT/GM_DT_EVTMSG5.FBC.z	DT_EVTMSG5.FBC/dt_EVTMSG5.txtbin	361	utf-8	だがとつぜん… \n{ESC}RD}1~はかいしん{ESC}WT}1~が　あばれだした{13}
romdata/DT/GM_DT_EVTMSG5.FBC.z	DT_EVTMSG5.FBC/dt_EVTMSG5.txtbin	362	utf-8	その攻撃のまきぞえになって \n{ESC}GR}1~ムート{ESC}WT}1~は…{13}
romdata/DT/GM_DT_EVTMSG5.FBC.z	DT_EVTMSG5.FBC/dt_EVTMSG5.txtbin	363	utf-8	こんなつらい記憶… \n忘れていたほうが \n幸せだったのに…{13}
romdata/DT/GM_DT_EVTMSG5.FBC.z	DT_EVTMSG5.FBC/dt_EVTMSG5.txtbin	364	utf-8	そしてまた… \nオレの大切なものが…{13}
romdata/DT/GM_DT_EVTMSG5.FBC.z	DT_EVTMSG5.FBC/dt_EVTMSG5.txtbin	365	utf-8	そうか… \nさ　買いものだろ？{13}
romdata/DT/GM_DT_EVTMSG5.FBC.z	DT_EVTMSG5.FBC/dt_EVTMSG5.txtbin	366	utf-8	{ESC}GR}1~チョコボ…{ESC}WT}1~ \nちょっとお話しましょう？\n
romdata/DT/GM_DT_EVTMSG5.FBC.z	DT_EVTMSG5.FBC/dt_EVTMSG5.txtbin	367	utf-8	ありがとう \n…私と{ESC}GR}1~ハリー{ESC}WT}1~の間には \n子どもがいたの{13}
romdata/DT/GM_DT_EVTMSG5.FBC.z	DT_EVTMSG5.FBC/dt_EVTMSG5.txtbin	368	utf-8	{ESC}GR}1~ムート{ESC}WT}1~っていう男の子よ \n大切な大切な…私たちの子ども{13}
romdata/DT/GM_DT_EVTMSG5.FBC.z	DT_EVTMSG5.FBC/dt_EVTMSG5.txtbin	369	utf-8	でもね　{ESC}RD}1~はかいしん{ESC}WT}1~が \n街を攻撃したとき… \nあの子は　にげおくれてね…{13}
romdata/DT/GM_DT_EVTMSG5.FBC.z	DT_EVTMSG5.FBC/dt_EVTMSG5.txtbin	370	utf-8	クピピ…{13}
romdata/DT/GM_DT_EVTMSG5.FBC.z	DT_EVTMSG5.FBC/dt_EVTMSG5.txtbin	371	utf-8	そしてまた　{ESC}RD}1~はかいしん{ESC}WT}1~が \nあらわれた…{13}
romdata/DT/GM_DT_EVTMSG5.FBC.z	DT_EVTMSG5.FBC/dt_EVTMSG5.txtbin	372	utf-8	きっと　きっと \nこれで　おわれるのよ…{13}
romdata/DT/GM_DT_EVTMSG5.FBC.z	DT_EVTMSG5.FBC/dt_EVTMSG5.txtbin	373	utf-8	そう…{13}
romdata/DT/GM_DT_EVTMSG5.FBC.z	DT_EVTMSG5.FBC/dt_EVTMSG5.txtbin	374	utf-8	おや　いらっしゃい \nサメたココアなどいかがですか？\n
romdata/DT/GM_DT_EVTMSG5.FBC.z	DT_EVTMSG5.FBC/dt_EVTMSG5.txtbin	375	utf-8	わたしも \n{ESC}GR}1~チョコボ{ESC}WT}1~さんと \nお話がしたいと思っていたんですよ{13}
romdata/DT/GM_DT_EVTMSG5.FBC.z	DT_EVTMSG5.FBC/dt_EVTMSG5.txtbin	376	utf-8	あの日　{ESC}RD}1~はかいしん{ESC}WT}1~が　はじめて \nこの街に　あらわれた時も \n今と　おんなじでした{13}
romdata/DT/GM_DT_EVTMSG5.FBC.z	DT_EVTMSG5.FBC/dt_EVTMSG5.txtbin	377	utf-8	街の住人は　きょうふにおびえ \nたちむかっていったものたちは \n帰ってこない…{13}
romdata/DT/GM_DT_EVTMSG5.FBC.z	DT_EVTMSG5.FBC/dt_EVTMSG5.txtbin	378	utf-8	そしてわたしも \nこわくて　 \nただふるえるばかりでした{13}
romdata/DT/GM_DT_EVTMSG5.FBC.z	DT_EVTMSG5.FBC/dt_EVTMSG5.txtbin	379	utf-8	きょうふから　にげられるならと \nかんたんに記憶を \nてばなしてしまった…{13}
romdata/DT/GM_DT_EVTMSG5.FBC.z	DT_EVTMSG5.FBC/dt_EVTMSG5.txtbin	380	utf-8	おくびょうだと　思いますよね？ \n自分でも　そう思います…… \nどうしようもなく　こわいんです{13}
romdata/DT/GM_DT_EVTMSG5.FBC.z	DT_EVTMSG5.FBC/dt_EVTMSG5.txtbin	381	utf-8	勇気も力もない　わたしは \nいったい　なにを信じていけば \nいいんでしょうね……{13}
romdata/DT/GM_DT_EVTMSG5.FBC.z	DT_EVTMSG5.FBC/dt_EVTMSG5.txtbin	382	utf-8	そうですか… \nゆっくりしていってくださいね{13}
romdata/DT/GM_DT_EVTMSG5.FBC.z	DT_EVTMSG5.FBC/dt_EVTMSG5.txtbin	383	utf-8	きゃー　{ESC}GR}1~チョ・コ・ボ{ESC}WT}1~・ちゃん！ \n今日もふわふわねっ \nぎゅーってしたいわ{13}
romdata/DT/GM_DT_EVTMSG5.FBC.z	DT_EVTMSG5.FBC/dt_EVTMSG5.txtbin	384	utf-8	キュピーー！！{13}
romdata/DT/GM_DT_EVTMSG5.FBC.z	DT_EVTMSG5.FBC/dt_EVTMSG5.txtbin	385	utf-8	なあに？ \nそんなに見つめられたら… \nアムーリ　はずかしい{13}
romdata/DT/GM_DT_EVTMSG5.FBC.z	DT_EVTMSG5.FBC/dt_EVTMSG5.txtbin	386	utf-8	どうだ？　{ESC}GR}1~チョコボ…{ESC}WT}1~ \nオレには　{ESC}GR}1~イルマ{ESC}WT}1~と \nむかんけいとは　思えないんだが…{13}
romdata/DT/GM_DT_EVTMSG5.FBC.z	DT_EVTMSG5.FBC/dt_EVTMSG5.txtbin	387	utf-8	あら？　あなたは？ \n目つきの悪い… \n大っきな黒チョコボ…{13}
romdata/DT/GM_DT_EVTMSG5.FBC.z	DT_EVTMSG5.FBC/dt_EVTMSG5.txtbin	388	utf-8	えーと　なんだったっけ… \nアムーリ　わかんなーい！{13}
romdata/DT/GM_DT_EVTMSG5.FBC.z	DT_EVTMSG5.FBC/dt_EVTMSG5.txtbin	389	utf-8	…{ESC}GR}1~アムーリ{ESC}WT}1~？ \n何なのよアレは！ \nあんなの　あたしじゃない！{13}
romdata/DT/GM_DT_EVTMSG5.FBC.z	DT_EVTMSG5.FBC/dt_EVTMSG5.txtbin	390	utf-8	{ESC}GR}1~イルマ…{ESC}WT}1~その…なんだ \nアレもアレで…なんというか…{13}
romdata/DT/GM_DT_EVTMSG5.FBC.z	DT_EVTMSG5.FBC/dt_EVTMSG5.txtbin	391	utf-8	キュキュキュ！{13}
romdata/DT/GM_DT_EVTMSG5.FBC.z	DT_EVTMSG5.FBC/dt_EVTMSG5.txtbin	392	utf-8	あんたたち… \nわかってるわね？{13}
romdata/DT/GM_DT_EVTMSG5.FBC.z	DT_EVTMSG5.FBC/dt_EVTMSG5.txtbin	393	utf-8	なんだ？{13}
romdata/DT/GM_DT_EVTMSG5.FBC.z	DT_EVTMSG5.FBC/dt_EVTMSG5.txtbin	394	utf-8	キュルル？{13}
romdata/DT/GM_DT_EVTMSG5.FBC.z	DT_EVTMSG5.FBC/dt_EVTMSG5.txtbin	395	utf-8	忘れなさい！ \nここから出ていきなさい！ \n…早く！　いますぐよ！{13}
romdata/DT/GM_DT_EVTMSG5.FBC.z	DT_EVTMSG5.FBC/dt_EVTMSG5.txtbin	396	utf-8	やれやれ… \nこまった　ごしゅじんさまだ…{13}
romdata/DT/GM_DT_EVTMSG5.FBC.z	DT_EVTMSG5.FBC/dt_EVTMSG5.txtbin	397	utf-8	よぉ　{ESC}GR}1~チョコボ{ESC}WT}1~！ \nお前は　{ESC}GR}1~イルマ{ESC}WT}1~のことを \nきいたりしていないか？{13}
romdata/DT/GM_DT_EVTMSG5.FBC.z	DT_EVTMSG5.FBC/dt_EVTMSG5.txtbin	398	utf-8	クピピ…{13}
romdata/DT/GM_DT_EVTMSG5.FBC.z	DT_EVTMSG5.FBC/dt_EVTMSG5.txtbin	399	utf-8	そうか… \nオレもさがしてはいるんだが \nなかなか手がかりがなくてな{13}
romdata/DT/GM_DT_EVTMSG5.FBC.z	DT_EVTMSG5.FBC/dt_EVTMSG5.txtbin	400	utf-8	もしや　このせかいに \n来なかったのではないかと \n考えてもみたんだが…{13}
romdata/DT/GM_DT_EVTMSG5.FBC.z	DT_EVTMSG5.FBC/dt_EVTMSG5.txtbin	401	utf-8	キュウ！{13}
romdata/DT/GM_DT_EVTMSG5.FBC.z	DT_EVTMSG5.FBC/dt_EVTMSG5.txtbin	402	utf-8	…お前の言うとおり \nあの時　オレたちは４人で \nこのせかいに来た{13}
romdata/DT/GM_DT_EVTMSG5.FBC.z	DT_EVTMSG5.FBC/dt_EVTMSG5.txtbin	403	utf-8	{ESC}GR}1~イルマ{ESC}WT}1~はたしかに \nこのせかいにいる \nオレはそう信じている！{13}
romdata/DT/GM_DT_EVTMSG5.FBC.z	DT_EVTMSG5.FBC/dt_EVTMSG5.txtbin	404	utf-8	れいを　言うぞ！ \nまた会おう　{ESC}GR}1~チョコボ{ESC}WT}1~！{13}
romdata/DT/GM_DT_EVTMSG5.FBC.z	DT_EVTMSG5.FBC/dt_EVTMSG5.txtbin	405	utf-8	おや　{ESC}GR}1~チョコボ{ESC}WT}1~ \nあんたには　 \nかんしゃしないといけないね{13}
romdata/DT/GM_DT_EVTMSG5.FBC.z	DT_EVTMSG5.FBC/dt_EVTMSG5.txtbin	406	utf-8	キュルル？{13}
romdata/DT/GM_DT_EVTMSG5.FBC.z	DT_EVTMSG5.FBC/dt_EVTMSG5.txtbin	407	utf-8	あたしは　いつのまにか \n一番大切にしてた思い出を \n忘れてたよ…{13}
romdata/DT/GM_DT_EVTMSG5.FBC.z	DT_EVTMSG5.FBC/dt_EVTMSG5.txtbin	408	utf-8	そういや　目なんてそっくりだね \nあの　冒険にかける \nじょうねつも　ひたむきさも…{13}
romdata/DT/GM_DT_EVTMSG5.FBC.z	DT_EVTMSG5.FBC/dt_EVTMSG5.txtbin	409	utf-8	ほんとうにありがとね！ \nこのきもちは… \nにどと　忘れないよ！{13}
romdata/DT/GM_DT_EVTMSG5.FBC.z	DT_EVTMSG5.FBC/dt_EVTMSG5.txtbin	410	utf-8	そうそう　思い出した！ \n風車が動くようになったから \n畑で　花を　そだてられるよ{13}
romdata/DT/GM_DT_EVTMSG5.FBC.z	DT_EVTMSG5.FBC/dt_EVTMSG5.txtbin	411	utf-8	あら？　あなた… \n私たちのことばがわかるのね！？{13}
romdata/DT/GM_DT_EVTMSG5.FBC.z	DT_EVTMSG5.FBC/dt_EVTMSG5.txtbin	412	utf-8	私は{ESC}GR}1~ココ{ESC}WT}1~！ \nちょうど話しあいてが \nほしかったの！{13}
romdata/DT/GM_DT_EVTMSG5.FBC.z	DT_EVTMSG5.FBC/dt_EVTMSG5.txtbin	413	utf-8	わ　私見たの！　みどり色の \nかみをした{ESC}GR}1~あかちゃん{ESC}WT}1~が…街の方に \nふわふわ飛んでいくのを！{13}
romdata/DT/GM_DT_EVTMSG5.FBC.z	DT_EVTMSG5.FBC/dt_EVTMSG5.txtbin	414	utf-8	{ESC}GR}1~ラファエロ{ESC}WT}1~とあなたが \nみんなの記憶を　 \nとりもどしてくれてるのね！？{13}
romdata/DT/GM_DT_EVTMSG5.FBC.z	DT_EVTMSG5.FBC/dt_EVTMSG5.txtbin	415	utf-8	…でも街のみんなは　忘れることが \n幸せだと思ってるから… \n私　{ESC}GR}1~ラファエロ{ESC}WT}1~がしんぱいだわ…{13}
romdata/DT/GM_DT_EVTMSG5.FBC.z	DT_EVTMSG5.FBC/dt_EVTMSG5.txtbin	416	utf-8	{ESC}GR}1~ラファエロ{ESC}WT}1~　こっちまで幸せに \nなるくらいのえがおで \nあそびまわってるわ…{13}
romdata/DT/GM_DT_EVTMSG5.FBC.z	DT_EVTMSG5.FBC/dt_EVTMSG5.txtbin	417	utf-8	北にある{ESC}BL}1~小川{ESC}WT}1~のあたりにいたから \n{ESC}GR}1~チョコボ{ESC}WT}1~もいってあげて！{13}
romdata/DT/GM_DT_EVTMSG5.FBC.z	DT_EVTMSG5.FBC/dt_EVTMSG5.txtbin	418	utf-8	よぉー　{ESC}GR}1~チョコボー{ESC}WT}1~ \n思い出したよー　忘れてた女の子ー \n{ESC}GR}1~クロマ{ESC}WT}1~のことだったんだー{13}
romdata/DT/GM_DT_EVTMSG5.FBC.z	DT_EVTMSG5.FBC/dt_EVTMSG5.txtbin	419	utf-8	ねぇ　あんた知ってるかい？ \nもう　生きていたってムダなのさ \nウワサが　おしえてくれたんだよ{13}
romdata/DT/GM_DT_EVTMSG5.FBC.z	DT_EVTMSG5.FBC/dt_EVTMSG5.txtbin	420	utf-8	なんだか{ESC}GR}1~ラファエロ{ESC}WT}1~げんきないわね \nあなた　げんきづけてあげてよ{13}
romdata/DT/GM_DT_EVTMSG5.FBC.z	DT_EVTMSG5.FBC/dt_EVTMSG5.txtbin	421	utf-8	{ESC}GR}1~チョコボ{ESC}WT}1~！　やっぱりあなたって \nさいこうね \nお日さまをまた見れるなんて！{13}
romdata/DT/GM_DT_EVTMSG5.FBC.z	DT_EVTMSG5.FBC/dt_EVTMSG5.txtbin	422	utf-8	つらいことが　たくさんあったけど \nでもあなたなら　だいじょうぶ！ \nぜったい　のりこえられるわ！{13}
romdata/DT/GM_DT_EVTMSG5.FBC.z	DT_EVTMSG5.FBC/dt_EVTMSG5.txtbin	426	utf-8	あら　あなた私たちのことばが \nわかるのね？　うふふ　ステキ！ \n私は{ESC}GR}1~ミミ{ESC}WT}1~！　よろしくね！{13}
romdata/DT/GM_DT_EVTMSG5.FBC.z	DT_EVTMSG5.FBC/dt_EVTMSG5.txtbin	427	utf-8	小耳にはさんだ話では \n街から火が　きえてるらしいわね！{13}
romdata/DT/GM_DT_EVTMSG5.FBC.z	DT_EVTMSG5.FBC/dt_EVTMSG5.txtbin	428	utf-8	小耳にはさんだ話では \nみどり色のかみの　{ESC}GR}1~あかちゃん{ESC}WT}1~が \n{ESC}GR}1~ラファエロ{ESC}WT}1~っていうらしいわね！{13}
romdata/DT/GM_DT_EVTMSG5.FBC.z	DT_EVTMSG5.FBC/dt_EVTMSG5.txtbin	429	utf-8	小耳にはさんだ話では \nふんすいが　ひどいことに \nなってるらしいわね！{13}
romdata/DT/GM_DT_EVTMSG5.FBC.z	DT_EVTMSG5.FBC/dt_EVTMSG5.txtbin	430	utf-8	小耳にはさんだ話では \nあなたの　あいぼう{ESC}GR}1~シド{ESC}WT}1~さんが \nなにかさがしてるらしいわね！{13}
romdata/DT/GM_DT_EVTMSG5.FBC.z	DT_EVTMSG5.FBC/dt_EVTMSG5.txtbin	431	utf-8	小耳にはさんだ話では \n神官はぜんぶで４人いるそうよ！{13}
romdata/DT/GM_DT_EVTMSG5.FBC.z	DT_EVTMSG5.FBC/dt_EVTMSG5.txtbin	432	utf-8	小耳にはさんだ話では \n{ESC}GR}1~ラファエロ{ESC}WT}1~はむかし \n神獣だったらしいわね！{13}
romdata/DT/GM_DT_EVTMSG5.FBC.z	DT_EVTMSG5.FBC/dt_EVTMSG5.txtbin	433	utf-8	小耳にはさんだ話では \n{ESC}GR}1~チョコボ{ESC}WT}1~のだいかつやくで \nこの街がすくわれたらしいわね{13}
romdata/DT/GM_DT_EVTMSG5.FBC.z	DT_EVTMSG5.FBC/dt_EVTMSG5.txtbin	434	utf-8	うふふ　ありがとう　{ESC}GR}1~チョコボ{ESC}WT}1~ \nぜんぶあなたのおかげね！{13}
romdata/DT/GM_DT_EVTMSG5.FBC.z	DT_EVTMSG5.FBC/dt_EVTMSG5.txtbin	435	utf-8	{ESC}GR}1~チョコボ{ESC}WT}1~　ボクたちね \nやっと　おもいだしたんだ \nお父さんと　お母さんのこと{13}
romdata/DT/GM_DT_EVTMSG5.FBC.z	DT_EVTMSG5.FBC/dt_EVTMSG5.txtbin	436	utf-8	ボクたちの　はなし \nきいてくれる？\n
romdata/DT/GM_DT_EVTMSG5.FBC.z	DT_EVTMSG5.FBC/dt_EVTMSG5.txtbin	437	utf-8	{ESC}RD}1~はかいしん{ESC}WT}1~が　やってきたとき \nお父さんは　なかまたちと \nいっしょに　戦いにいったんだ{13}
romdata/DT/GM_DT_EVTMSG5.FBC.z	DT_EVTMSG5.FBC/dt_EVTMSG5.txtbin	438	utf-8	さいしょは　おかーさんと \nおにーちゃんと　さんにんで \nかくれてたけど…{13}
romdata/DT/GM_DT_EVTMSG5.FBC.z	DT_EVTMSG5.FBC/dt_EVTMSG5.txtbin	439	utf-8	アタシたちを　にがすために \nおかーさんも……{13}
romdata/DT/GM_DT_EVTMSG5.FBC.z	DT_EVTMSG5.FBC/dt_EVTMSG5.txtbin	440	utf-8	もう…お父さんにもお母さんにも \n会えないけど……{13}
romdata/DT/GM_DT_EVTMSG5.FBC.z	DT_EVTMSG5.FBC/dt_EVTMSG5.txtbin	441	utf-8	{ESC}GR}1~チョコボ{ESC}WT}1~のおかげで \n妹の{ESC}GR}1~クレア{ESC}WT}1~と会えたんだ！{13}
romdata/DT/GM_DT_EVTMSG5.FBC.z	DT_EVTMSG5.FBC/dt_EVTMSG5.txtbin	442	utf-8	うん！　{ESC}GR}1~チョコボ{ESC}WT}1~のおかげだよ！{13}
romdata/DT/GM_DT_EVTMSG5.FBC.z	DT_EVTMSG5.FBC/dt_EVTMSG5.txtbin	443	utf-8	キュキュキュ！{13}
romdata/DT/GM_DT_EVTMSG5.FBC.z	DT_EVTMSG5.FBC/dt_EVTMSG5.txtbin	444	utf-8	だから　もう{ESC}GR}1~クレア{ESC}WT}1~とはなれるのは \nイヤなんだ！ \nずっと　いっしょに　いたいんだ！{13}
romdata/DT/GM_DT_EVTMSG5.FBC.z	DT_EVTMSG5.FBC/dt_EVTMSG5.txtbin	445	utf-8	アタシも！おにーちゃんと \nいっしょにいたい！{13}
romdata/DT/GM_DT_EVTMSG5.FBC.z	DT_EVTMSG5.FBC/dt_EVTMSG5.txtbin	446	utf-8	でも…やっぱりダメなのかもね \n{ESC}RD}1~はかいしん{ESC}WT}1~には　かてないよ{13}
romdata/DT/GM_DT_EVTMSG5.FBC.z	DT_EVTMSG5.FBC/dt_EVTMSG5.txtbin	447	utf-8	そっか　 \n{ESC}GR}1~チョコボ{ESC}WT}1~はいそがしいもんね…{13}
romdata/DT/GM_DT_EVTMSG5.FBC.z	DT_EVTMSG5.FBC/dt_EVTMSG5.txtbin	448	utf-8	じゃあ　またね…{13}
romdata/DT/GM_DT_EVTMSG6.FBC.z	DT_EVTMSG6.FBC/dt_EVTMSG6.txtbin	0	utf-8	チョコボ\n
romdata/DT/GM_DT_EVTMSG6.FBC.z	DT_EVTMSG6.FBC/dt_EVTMSG6.txtbin	1	utf-8	シロマ\n
romdata/DT/GM_DT_EVTMSG6.FBC.z	DT_EVTMSG6.FBC/dt_EVTMSG6.txtbin	2	utf-8	クロマ\n
romdata/DT/GM_DT_EVTMSG6.FBC.z	DT_EVTMSG6.FBC/dt_EVTMSG6.txtbin	3	utf-8	ラファエロ
romdata/DT/GM_DT_EVTMSG6.FBC.z	DT_EVTMSG6.FBC/dt_EVTMSG6.txtbin	4	utf-8	はかいしん
romdata/DT/GM_DT_EVTMSG6.FBC.z	DT_EVTMSG6.FBC/dt_EVTMSG6.txtbin	5	utf-8	シド\n
romdata/DT/GM_DT_EVTMSG6.FBC.z	DT_EVTMSG6.FBC/dt_EVTMSG6.txtbin	6	utf-8	イルマ\n
romdata/DT/GM_DT_EVTMSG6.FBC.z	DT_EVTMSG6.FBC/dt_EVTMSG6.txtbin	7	utf-8	アムーリ
romdata/DT/GM_DT_EVTMSG6.FBC.z	DT_EVTMSG6.FBC/dt_EVTMSG6.txtbin	8	utf-8	ヴォルグ
romdata/DT/GM_DT_EVTMSG6.FBC.z	DT_EVTMSG6.FBC/dt_EVTMSG6.txtbin	9	utf-8	フレイア
romdata/DT/GM_DT_EVTMSG6.FBC.z	DT_EVTMSG6.FBC/dt_EVTMSG6.txtbin	10	utf-8	メーア
romdata/DT/GM_DT_EVTMSG6.FBC.z	DT_EVTMSG6.FBC/dt_EVTMSG6.txtbin	11	utf-8	ゲイル
romdata/DT/GM_DT_EVTMSG6.FBC.z	DT_EVTMSG6.FBC/dt_EVTMSG6.txtbin	12	utf-8	ステラ
romdata/DT/GM_DT_EVTMSG6.FBC.z	DT_EVTMSG6.FBC/dt_EVTMSG6.txtbin	13	utf-8	ローチェ
romdata/DT/GM_DT_EVTMSG6.FBC.z	DT_EVTMSG6.FBC/dt_EVTMSG6.txtbin	14	utf-8	ダードラー
romdata/DT/GM_DT_EVTMSG6.FBC.z	DT_EVTMSG6.FBC/dt_EVTMSG6.txtbin	15	utf-8	ハリー
romdata/DT/GM_DT_EVTMSG6.FBC.z	DT_EVTMSG6.FBC/dt_EVTMSG6.txtbin	16	utf-8	マリス
romdata/DT/GM_DT_EVTMSG6.FBC.z	DT_EVTMSG6.FBC/dt_EVTMSG6.txtbin	17	utf-8	シャルロット
romdata/DT/GM_DT_EVTMSG6.FBC.z	DT_EVTMSG6.FBC/dt_EVTMSG6.txtbin	18	utf-8	フローラ
romdata/DT/GM_DT_EVTMSG6.FBC.z	DT_EVTMSG6.FBC/dt_EVTMSG6.txtbin	19	utf-8	ハンナ\n
romdata/DT/GM_DT_EVTMSG6.FBC.z	DT_EVTMSG6.FBC/dt_EVTMSG6.txtbin	20	utf-8	メディット
romdata/DT/GM_DT_EVTMSG6.FBC.z	DT_EVTMSG6.FBC/dt_EVTMSG6.txtbin	21	utf-8	ディクト\n
romdata/DT/GM_DT_EVTMSG6.FBC.z	DT_EVTMSG6.FBC/dt_EVTMSG6.txtbin	22	utf-8	ロディ
romdata/DT/GM_DT_EVTMSG6.FBC.z	DT_EVTMSG6.FBC/dt_EVTMSG6.txtbin	23	utf-8	クレア
romdata/DT/GM_DT_EVTMSG6.FBC.z	DT_EVTMSG6.FBC/dt_EVTMSG6.txtbin	24	utf-8	ブラル
romdata/DT/GM_DT_EVTMSG6.FBC.z	DT_EVTMSG6.FBC/dt_EVTMSG6.txtbin	25	utf-8	ドルくん
romdata/DT/GM_DT_EVTMSG6.FBC.z	DT_EVTMSG6.FBC/dt_EVTMSG6.txtbin	26	utf-8	ラン
romdata/DT/GM_DT_EVTMSG6.FBC.z	DT_EVTMSG6.FBC/dt_EVTMSG6.txtbin	27	utf-8	ウェン
romdata/DT/GM_DT_EVTMSG6.FBC.z	DT_EVTMSG6.FBC/dt_EVTMSG6.txtbin	28	utf-8	アル
romdata/DT/GM_DT_EVTMSG6.FBC.z	DT_EVTMSG6.FBC/dt_EVTMSG6.txtbin	29	utf-8	ミミ
romdata/DT/GM_DT_EVTMSG6.FBC.z	DT_EVTMSG6.FBC/dt_EVTMSG6.txtbin	30	utf-8	ココ
romdata/DT/GM_DT_EVTMSG6.FBC.z	DT_EVTMSG6.FBC/dt_EVTMSG6.txtbin	31	utf-8	ムーラン
romdata/DT/GM_DT_EVTMSG6.FBC.z	DT_EVTMSG6.FBC/dt_EVTMSG6.txtbin	32	utf-8	モリー
romdata/DT/GM_DT_EVTMSG6.FBC.z	DT_EVTMSG6.FBC/dt_EVTMSG6.txtbin	33	utf-8	マナリー
romdata/DT/GM_DT_EVTMSG6.FBC.z	DT_EVTMSG6.FBC/dt_EVTMSG6.txtbin	34	utf-8	メラニー
romdata/DT/GM_DT_EVTMSG6.FBC.z	DT_EVTMSG6.FBC/dt_EVTMSG6.txtbin	35	utf-8	ゴブリン
romdata/DT/GM_DT_EVTMSG6.FBC.z	DT_EVTMSG6.FBC/dt_EVTMSG6.txtbin	36	utf-8	チョッカーズ
romdata/DT/GM_DT_EVTMSG6.FBC.z	DT_EVTMSG6.FBC/dt_EVTMSG6.txtbin	37	utf-8	モーグリ
romdata/DT/GM_DT_EVTMSG6.FBC.z	DT_EVTMSG6.FBC/dt_EVTMSG6.txtbin	38	utf-8	ダンジョンヒーローＸ
romdata/DT/GM_DT_EVTMSG6.FBC.z	DT_EVTMSG6.FBC/dt_EVTMSG6.txtbin	45	utf-8	オメガ
romdata/DT/GM_DT_EVTMSG6.FBC.z	DT_EVTMSG6.FBC/dt_EVTMSG6.txtbin	46	utf-8	αー２４\n
romdata/DT/GM_DT_EVTMSG6.FBC.z	DT_EVTMSG6.FBC/dt_EVTMSG6.txtbin	47	utf-8	　
romdata/DT/GM_DT_EVTMSG6.FBC.z	DT_EVTMSG6.FBC/dt_EVTMSG6.txtbin	48	utf-8	？？？？？\n
romdata/DT/GM_DT_EVTMSG6.FBC.z	DT_EVTMSG6.FBC/dt_EVTMSG6.txtbin	100	utf-8	…{ESC}GR}1~ラファエロ{ESC}WT}1~も　 \n{ESC}RD}1~はかいしん{ESC}WT}1~と　たたかっていたに \nちがいありません{13}
romdata/DT/GM_DT_EVTMSG6.FBC.z	DT_EVTMSG6.FBC/dt_EVTMSG6.txtbin	101	utf-8	これまで　この街は \n時を忘れてきました{13}
romdata/DT/GM_DT_EVTMSG6.FBC.z	DT_EVTMSG6.FBC/dt_EVTMSG6.txtbin	102	utf-8	でも　これからは \n時を刻んでいこうと思います{13}
romdata/DT/GM_DT_EVTMSG6.FBC.z	DT_EVTMSG6.FBC/dt_EVTMSG6.txtbin	103	utf-8	ありがとうございました \nあなたがたは　この街の \nえいゆうです{13}
romdata/DT/GM_DT_EVTMSG6.FBC.z	DT_EVTMSG6.FBC/dt_EVTMSG6.txtbin	104	utf-8	なんか　めんとむかって \nいわれると　てれるな{13}
romdata/DT/GM_DT_EVTMSG6.FBC.z	DT_EVTMSG6.FBC/dt_EVTMSG6.txtbin	105	utf-8	キュウ！{13}
romdata/DT/GM_DT_EVTMSG6.FBC.z	DT_EVTMSG6.FBC/dt_EVTMSG6.txtbin	106	utf-8	そして　本日　ここに \n{ESC}GR}1~チョコボ{ESC}WT}1~さんへ \nかんしゃの　思いをこめて{13}
romdata/DT/GM_DT_EVTMSG6.FBC.z	DT_EVTMSG6.FBC/dt_EVTMSG6.txtbin	107	utf-8	きねんの　ぞうを \nしんてい　したいと　思います{13}
romdata/DT/GM_DT_EVTMSG6.FBC.z	DT_EVTMSG6.FBC/dt_EVTMSG6.txtbin	108	utf-8	キュピーー！！{13}
romdata/DT/GM_DT_EVTMSG6.FBC.z	DT_EVTMSG6.FBC/dt_EVTMSG6.txtbin	109	utf-8	うぉっ　こりゃすごい… \n…けど　オレのぞうは？{13}
romdata/DT/GM_DT_EVTMSG6.FBC.z	DT_EVTMSG6.FBC/dt_EVTMSG6.txtbin	110	utf-8	あー　ごめんね \nざいりょうがたりなくて… \nでも{ESC}GR}1~シド{ESC}WT}1~さんの　名前はあるわ{13}
romdata/DT/GM_DT_EVTMSG6.FBC.z	DT_EVTMSG6.FBC/dt_EVTMSG6.txtbin	111	utf-8	…なになに？ \n『えいゆう　{ESC}GR}1~チョコボ{ESC}WT}1~と　その \n　あいぼう　{ESC}GR}1~シド{ESC}WT}1~をたたえる』{13}
romdata/DT/GM_DT_EVTMSG6.FBC.z	DT_EVTMSG6.FBC/dt_EVTMSG6.txtbin	112	utf-8	ええっ　それだけかよっ \nそりゃないぜ…{13}
romdata/DT/GM_DT_EVTMSG6.FBC.z	DT_EVTMSG6.FBC/dt_EVTMSG6.txtbin	113	utf-8	キュキュキュ！{13}
romdata/DT/GM_DT_EVTMSG6.FBC.z	DT_EVTMSG6.FBC/dt_EVTMSG6.txtbin	114	utf-8	『えいゆうのぞう』　作・フレイア \nーえいゆう　チョコボと　その \n　あいぼう　シドをたたえるー{13}
romdata/DT/GM_DT_EVTMSG6.FBC.z	DT_EVTMSG6.FBC/dt_EVTMSG6.txtbin	115	utf-8	{ESC}GR}1~チョコボ…{ESC}WT}1~ \n私たちは　まちがっていたのかも \nしれない{13}
romdata/DT/GM_DT_EVTMSG6.FBC.z	DT_EVTMSG6.FBC/dt_EVTMSG6.txtbin	116	utf-8	クピピ…{13}
romdata/DT/GM_DT_EVTMSG6.FBC.z	DT_EVTMSG6.FBC/dt_EVTMSG6.txtbin	117	utf-8	{ESC}PP}1~時忘れの鐘{ESC}WT}1~で　思い出をけす… \nそれで　{ESC}RD}1~はかいしん{ESC}WT}1~を \n止めようとしていた{13}
romdata/DT/GM_DT_EVTMSG6.FBC.z	DT_EVTMSG6.FBC/dt_EVTMSG6.txtbin	118	utf-8	でもそれは　思い出を　 \nすてるだけじゃなく　みらいも　 \nすてることだったんだ{13}
romdata/DT/GM_DT_EVTMSG6.FBC.z	DT_EVTMSG6.FBC/dt_EVTMSG6.txtbin	119	utf-8	今を　せいいっぱい　生きることで \nみらいは　かえられる \n私は　やっと気づいたんだ{13}
romdata/DT/GM_DT_EVTMSG6.FBC.z	DT_EVTMSG6.FBC/dt_EVTMSG6.txtbin	120	utf-8	ありがとう　これからは \n{ESC}GR}1~シロマ{ESC}WT}1~とずーっといっしょだ \nやくそくを　やっとはたせる{13}
romdata/DT/GM_DT_EVTMSG6.FBC.z	DT_EVTMSG6.FBC/dt_EVTMSG6.txtbin	121	utf-8	キュキュキュ！{13}
romdata/DT/GM_DT_EVTMSG6.FBC.z	DT_EVTMSG6.FBC/dt_EVTMSG6.txtbin	123	utf-8	{15}CT}1~　 \n{15}CT}1~　 \n{15}CT}1~ね？　おぼえてる？{13}
romdata/DT/GM_DT_EVTMSG6.FBC.z	DT_EVTMSG6.FBC/dt_EVTMSG6.txtbin	124	utf-8	{15}CT}1~　 \n{15}CT}1~魔法はね… \n{15}CT}1~みんながもってるの{13}
romdata/DT/GM_DT_EVTMSG6.FBC.z	DT_EVTMSG6.FBC/dt_EVTMSG6.txtbin	125	utf-8	{15}CT}1~もちろんよ！ \n{15}CT}1~{ESC}GR}1~シロマ{ESC}WT}1~にだって \n{15}CT}1~できるよ{13}
romdata/DT/GM_DT_EVTMSG6.FBC.z	DT_EVTMSG6.FBC/dt_EVTMSG6.txtbin	126	utf-8	{15}CT}1~　 \n{15}CT}1~それはね \n{15}CT}1~どこにでも　あるの{13}
romdata/DT/GM_DT_EVTMSG6.FBC.z	DT_EVTMSG6.FBC/dt_EVTMSG6.txtbin	127	utf-8	{15}CT}1~　 \n{15}CT}1~見ようと思わなければ \n{15}CT}1~見えない　くうき　みたいなもの{13}
romdata/DT/GM_DT_EVTMSG6.FBC.z	DT_EVTMSG6.FBC/dt_EVTMSG6.txtbin	128	utf-8	{15}CT}1~　 \n{15}CT}1~でもね　かんたんに \n{15}CT}1~手に入れようとしてはだめ{13}
romdata/DT/GM_DT_EVTMSG6.FBC.z	DT_EVTMSG6.FBC/dt_EVTMSG6.txtbin	129	utf-8	{15}CT}1~　 \n{15}CT}1~　 \n{15}CT}1~しっかり　べんきょうしないとね{13}
romdata/DT/GM_DT_EVTMSG6.FBC.z	DT_EVTMSG6.FBC/dt_EVTMSG6.txtbin	130	utf-8	『せまりくる影』 \nＬｖ上限：９０ \nルール：おくをめざせ{13}
romdata/DT/GM_DT_EVTMSG6.FBC.z	DT_EVTMSG6.FBC/dt_EVTMSG6.txtbin	131	utf-8	ここは{ESC}RD}1~試練のダンジョン{ESC}WT}1~です \n{ESC}YL}1~アイテム{ESC}WT}1~の持込み 持出しができず \nＬｖが制限され 中断もできません{13}
romdata/DT/GM_DT_EVTMSG6.FBC.z	DT_EVTMSG6.FBC/dt_EVTMSG6.txtbin	132	utf-8	『えいゆうのぞう』 \n{ESC}YL}1~記憶のブローチ{ESC}WT}1~が かがやいている \nダンジョンの中に入りますか？\n
romdata/DT/GM_DT_EVTMSG6.FBC.z	DT_EVTMSG6.FBC/dt_EVTMSG6.txtbin	139	utf-8	{15}CT}1~そう \n{15}CT}1~私が魔法をつかうのは \n{15}CT}1~たったひとりの　妹のため{13}
romdata/DT/GM_DT_EVTMSG6.FBC.z	DT_EVTMSG6.FBC/dt_EVTMSG6.txtbin	140	utf-8	{15}CT}1~守りたいだれかの \n{15}CT}1~ためだから \n{15}CT}1~魔法がつかえる{13}
romdata/DT/GM_DT_EVTMSG6.FBC.z	DT_EVTMSG6.FBC/dt_EVTMSG6.txtbin	141	utf-8	{15}CT}1~　 \n{15}CT}1~守りつづける　かぎり \n{15}CT}1~やくそくは　かわらない{13}
romdata/DT/GM_DT_EVTMSG6.FBC.z	DT_EVTMSG6.FBC/dt_EVTMSG6.txtbin	142	utf-8	{15}CT}1~これまでの私がしてきたこと \n{15}CT}1~これからの私にできること \n{15}CT}1~すべて　うけとめよう{13}
romdata/DT/GM_DT_EVTMSG6.FBC.z	DT_EVTMSG6.FBC/dt_EVTMSG6.txtbin	143	utf-8	{15}CT}1~私は　{ESC}GR}1~クロマ{ESC}WT}1~ \n{15}CT}1~闇の神官にして \n{15}CT}1~魔法使い{13}
romdata/DT/GM_DT_EVTMSG6.FBC.z	DT_EVTMSG6.FBC/dt_EVTMSG6.txtbin	145	utf-8	{ESC}GR}1~シロマ{ESC}WT}1~とのやくそく \nずっといっしょ… \nこれが　私に力をくれた{13}
romdata/DT/GM_DT_EVTMSG6.FBC.z	DT_EVTMSG6.FBC/dt_EVTMSG6.txtbin	146	utf-8	今　私たちの \nこれからを　かんがえたとき \n私ももっと　強くなろうと思う{13}
romdata/DT/GM_DT_EVTMSG6.FBC.z	DT_EVTMSG6.FBC/dt_EVTMSG6.txtbin	147	utf-8	むかしの　思い出が \n今の自分を　強くしてくれる \nそんな気がするんだ{13}
romdata/DT/GM_DT_EVTMSG6.FBC.z	DT_EVTMSG6.FBC/dt_EVTMSG6.txtbin	148	utf-8	よろしくな \n{ESC}GR}1~チョコボ{ESC}WT}1~ \nそして　ありがとう…{13}
romdata/DT/GM_DT_EVTMSG6.FBC.z	DT_EVTMSG6.FBC/dt_EVTMSG6.txtbin	150	utf-8	{ESC}GR}1~チョコボ…{ESC}WT}1~ボク \nそとのせかいに \nいこうと思うんだ{13}
romdata/DT/GM_DT_EVTMSG6.FBC.z	DT_EVTMSG6.FBC/dt_EVTMSG6.txtbin	151	utf-8	キュルル？{13}
romdata/DT/GM_DT_EVTMSG6.FBC.z	DT_EVTMSG6.FBC/dt_EVTMSG6.txtbin	152	utf-8	ボクのしてしまったことは \nホントはゆるしてもらえるような \nことじゃない{13}
romdata/DT/GM_DT_EVTMSG6.FBC.z	DT_EVTMSG6.FBC/dt_EVTMSG6.txtbin	153	utf-8	でも　みんな　ゆるしてくれる \nおきてしまったことは \nしょうがない…って{13}
romdata/DT/GM_DT_EVTMSG6.FBC.z	DT_EVTMSG6.FBC/dt_EVTMSG6.txtbin	154	utf-8	そんな　みんなに　なにか \nしてあげられることは \nないかなって思うんだ{13}
romdata/DT/GM_DT_EVTMSG6.FBC.z	DT_EVTMSG6.FBC/dt_EVTMSG6.txtbin	155	utf-8	ボクだから　できること \nボクにしか　できないこと \nさがしにいこうと思うんだ{13}
romdata/DT/GM_DT_EVTMSG6.FBC.z	DT_EVTMSG6.FBC/dt_EVTMSG6.txtbin	156	utf-8	キュキュキュ！{13}
romdata/DT/GM_DT_EVTMSG6.FBC.z	DT_EVTMSG6.FBC/dt_EVTMSG6.txtbin	157	utf-8	ありがとう　{ESC}GR}1~チョコボ{ESC}WT}1~！{13}
romdata/DT/GM_DT_EVTMSG6.FBC.z	DT_EVTMSG6.FBC/dt_EVTMSG6.txtbin	158	utf-8	…ボクに　なにができるんだろ… \nあ　{ESC}GR}1~チョコボ{ESC}WT}1~ \nうん　ボクも考えてるんだ…{13}
romdata/DT/GM_DT_EVTMSG6.FBC.z	DT_EVTMSG6.FBC/dt_EVTMSG6.txtbin	159	utf-8	{ESC}GR}1~チョコボ…{ESC}WT}1~ \nいろいろ \nつらいこともあったけど…{13}
romdata/DT/GM_DT_EVTMSG6.FBC.z	DT_EVTMSG6.FBC/dt_EVTMSG6.txtbin	160	utf-8	わたし　がんばるね{13}
romdata/DT/GM_DT_EVTMSG6.FBC.z	DT_EVTMSG6.FBC/dt_EVTMSG6.txtbin	161	utf-8	キュウ！{13}
romdata/DT/GM_DT_EVTMSG6.FBC.z	DT_EVTMSG6.FBC/dt_EVTMSG6.txtbin	162	utf-8	{ESC}GR}1~チョコボ{ESC}WT}1~に　もらった \nあったかいきもちとか…{13}
romdata/DT/GM_DT_EVTMSG6.FBC.z	DT_EVTMSG6.FBC/dt_EVTMSG6.txtbin	163	utf-8	大好きな{ESC}GR}1~クロマ{ESC}WT}1~おねえちゃんと \nまた　あえたときのきもちとか…{13}
romdata/DT/GM_DT_EVTMSG6.FBC.z	DT_EVTMSG6.FBC/dt_EVTMSG6.txtbin	164	utf-8	ぜんぶ \nココロに刻んでいくわ{13}
romdata/DT/GM_DT_EVTMSG6.FBC.z	DT_EVTMSG6.FBC/dt_EVTMSG6.txtbin	165	utf-8	キュキュキュ！{13}
romdata/DT/GM_DT_EVTMSG6.FBC.z	DT_EVTMSG6.FBC/dt_EVTMSG6.txtbin	166	utf-8	やくそくしたんだ \nわたしたち \nずーっといっしょだよって{13}
romdata/DT/GM_DT_EVTMSG6.FBC.z	DT_EVTMSG6.FBC/dt_EVTMSG6.txtbin	168	utf-8	そろそろこの街とも \nお別れね{13}
romdata/DT/GM_DT_EVTMSG6.FBC.z	DT_EVTMSG6.FBC/dt_EVTMSG6.txtbin	169	utf-8	{ESC}GR}1~チョコボ{ESC}WT}1~　あんたには \nれいを言わなきゃね{13}
romdata/DT/GM_DT_EVTMSG6.FBC.z	DT_EVTMSG6.FBC/dt_EVTMSG6.txtbin	170	utf-8	キュルル？{13}
romdata/DT/GM_DT_EVTMSG6.FBC.z	DT_EVTMSG6.FBC/dt_EVTMSG6.txtbin	171	utf-8	ヒドい目に　あったけど \nおかげで　たいくつだけは \nしなかったしね{13}
romdata/DT/GM_DT_EVTMSG6.FBC.z	DT_EVTMSG6.FBC/dt_EVTMSG6.txtbin	172	utf-8	さぁ　じゅんびはいい？　{ESC}GR}1~ヴォルグ{ESC}WT}1~！ \nツギのお宝が \nあたしたちをまってるわ！{13}
romdata/DT/GM_DT_EVTMSG6.FBC.z	DT_EVTMSG6.FBC/dt_EVTMSG6.txtbin	173	utf-8	承知{13}
romdata/DT/GM_DT_EVTMSG6.FBC.z	DT_EVTMSG6.FBC/dt_EVTMSG6.txtbin	174	utf-8	ああ　それからね \nセンパイとして　あんたに \nひとことアドバイスしとくわ{13}
romdata/DT/GM_DT_EVTMSG6.FBC.z	DT_EVTMSG6.FBC/dt_EVTMSG6.txtbin	175	utf-8	お宝ってのはね…つかみとろうって \n気持ちがないと \n手に入らないものよ{13}
romdata/DT/GM_DT_EVTMSG6.FBC.z	DT_EVTMSG6.FBC/dt_EVTMSG6.txtbin	176	utf-8	あんた　けっこう見こみがあるからね \n自分のお宝を　つかみとりなさい！{13}
romdata/DT/GM_DT_EVTMSG6.FBC.z	DT_EVTMSG6.FBC/dt_EVTMSG6.txtbin	177	utf-8	キュキュキュ！{13}
romdata/DT/GM_DT_EVTMSG6.FBC.z	DT_EVTMSG6.FBC/dt_EVTMSG6.txtbin	179	utf-8	じゃあね！　{ESC}GR}1~チョコボ{ESC}WT}1~ \nあんたはあんたのお宝を \nつかみとりなさい！{13}
romdata/DT/GM_DT_EVTMSG6.FBC.z	DT_EVTMSG6.FBC/dt_EVTMSG6.txtbin	180	utf-8	よぉ！　{ESC}GR}1~チョコボ{ESC}WT}1~！ \nまた会おう！{13}
romdata/DT/GM_DT_EVTMSG6.FBC.z	DT_EVTMSG6.FBC/dt_EVTMSG6.txtbin	181	utf-8	いらっしゃい　{ESC}GR}1~チョコボ{ESC}WT}1~！ \nまだまだ冒険するんでしょ？ \nもちろん　きょうりょくするわ！{13}
romdata/DT/GM_DT_EVTMSG6.FBC.z	DT_EVTMSG6.FBC/dt_EVTMSG6.txtbin	183	utf-8	おや　{ESC}GR}1~チョコボ{ESC}WT}1~！ \nありがとね　あんたの　おかげで \nみんなに　思い出がもどったよ{13}
romdata/DT/GM_DT_EVTMSG6.FBC.z	DT_EVTMSG6.FBC/dt_EVTMSG6.txtbin	185	utf-8	いらっしゃいませ！ \n私　{ESC}GR}1~チョコボ{ESC}WT}1~さんのおかげで \n気づいたことがあるんです{13}
romdata/DT/GM_DT_EVTMSG6.FBC.z	DT_EVTMSG6.FBC/dt_EVTMSG6.txtbin	186	utf-8	『忘れればみんなへいわになれる』 \nでも　たぶん私たちは　幸せを \n考えることも忘れていたんです{13}
romdata/DT/GM_DT_EVTMSG6.FBC.z	DT_EVTMSG6.FBC/dt_EVTMSG6.txtbin	187	utf-8	{ESC}GR}1~チョコボ{ESC}WT}1~さんを見ていて \n気づきました！ \nほんとうにありがとうございます{13}
romdata/DT/GM_DT_EVTMSG6.FBC.z	DT_EVTMSG6.FBC/dt_EVTMSG6.txtbin	189	utf-8	おや　{ESC}GR}1~チョコボ{ESC}WT}1~さん \nあなたのおかげで　目がさめました \n私　まちがっておりました{13}
romdata/DT/GM_DT_EVTMSG6.FBC.z	DT_EVTMSG6.FBC/dt_EVTMSG6.txtbin	190	utf-8	すべてを　忘れてしまえば \n忘れることも　忘れてしまう… \nとてもキケンなことです…{13}
romdata/DT/GM_DT_EVTMSG6.FBC.z	DT_EVTMSG6.FBC/dt_EVTMSG6.txtbin	191	utf-8	キュウ！{13}
romdata/DT/GM_DT_EVTMSG6.FBC.z	DT_EVTMSG6.FBC/dt_EVTMSG6.txtbin	192	utf-8	つまり… \nほどほどに忘れることこそが \n本当の　美徳なのです！{13}
romdata/DT/GM_DT_EVTMSG6.FBC.z	DT_EVTMSG6.FBC/dt_EVTMSG6.txtbin	193	utf-8	キュピーー！！{13}
romdata/DT/GM_DT_EVTMSG6.FBC.z	DT_EVTMSG6.FBC/dt_EVTMSG6.txtbin	194	utf-8	ありがとう！ \n{ESC}GR}1~チョコボ{ESC}WT}1~さん！！{13}
romdata/DT/GM_DT_EVTMSG6.FBC.z	DT_EVTMSG6.FBC/dt_EVTMSG6.txtbin	196	utf-8	ああ　{ESC}GR}1~チョコボ{ESC}WT}1~さん \nありがとうございました \n私　あなたに気づかされました{13}
romdata/DT/GM_DT_EVTMSG6.FBC.z	DT_EVTMSG6.FBC/dt_EVTMSG6.txtbin	197	utf-8	もともと一つだったものを \nわけてしまうのは \nまちがっていたことだと{13}
romdata/DT/GM_DT_EVTMSG6.FBC.z	DT_EVTMSG6.FBC/dt_EVTMSG6.txtbin	198	utf-8	弱いところも　あれば \n強いところも　ある… \nそれぞれが　その人なのですね{13}
romdata/DT/GM_DT_EVTMSG6.FBC.z	DT_EVTMSG6.FBC/dt_EVTMSG6.txtbin	199	utf-8	キュウ！{13}
romdata/DT/GM_DT_EVTMSG6.FBC.z	DT_EVTMSG6.FBC/dt_EVTMSG6.txtbin	200	utf-8	ありがとう　{ESC}GR}1~チョコボ{ESC}WT}1~さん \nでは　あなたのすすむ道に \n神のしゅくふくがあらんことを！{13}
romdata/DT/GM_DT_EVTMSG6.FBC.z	DT_EVTMSG6.FBC/dt_EVTMSG6.txtbin	201	utf-8	ありがとう　{ESC}GR}1~チョコボ{ESC}WT}1~さん \nあなたのすすむ道に \n神のしゅくふくがあらんことを！{13}
romdata/DT/GM_DT_EVTMSG6.FBC.z	DT_EVTMSG6.FBC/dt_EVTMSG6.txtbin	203	utf-8	いらっしゃい・いらっしゃい！ \n魚は　つっているか？ \nオレが高く買い取るぜ！{13}
romdata/DT/GM_DT_EVTMSG6.FBC.z	DT_EVTMSG6.FBC/dt_EVTMSG6.txtbin	208	utf-8	{ESC}BL}1~フローラの花屋{ESC}WT}1~へようこそ \n{ESC}GR}1~チョコボ{ESC}WT}1~　あんたのおかげで \n花を見ていられるようになったね{13}
romdata/DT/GM_DT_EVTMSG6.FBC.z	DT_EVTMSG6.FBC/dt_EVTMSG6.txtbin	211	utf-8	ようこそ　{ESC}BL}1~薬屋{ESC}WT}1~へ！ \nこの街をすくった　えいゆうが \nここで買いものを　したんだぜ！{13}
romdata/DT/GM_DT_EVTMSG6.FBC.z	DT_EVTMSG6.FBC/dt_EVTMSG6.txtbin	212	utf-8	って本人じゃねーか！ \n買いものかい？　だったら \nサービスするぜ！{13}
romdata/DT/GM_DT_EVTMSG6.FBC.z	DT_EVTMSG6.FBC/dt_EVTMSG6.txtbin	213	utf-8	なんたって　{ESC}GR}1~チョコボ{ESC}WT}1~は \n街をすくった \nえいゆうさま　だからな{13}
romdata/DT/GM_DT_EVTMSG6.FBC.z	DT_EVTMSG6.FBC/dt_EVTMSG6.txtbin	215	utf-8	おや　いらっしゃい \nアツいココアなどいかがですか？{13}
romdata/DT/GM_DT_EVTMSG6.FBC.z	DT_EVTMSG6.FBC/dt_EVTMSG6.txtbin	216	utf-8	{ESC}GR}1~チョコボ{ESC}WT}1~さんのおかげで \nわたしのこころにも \nアツさがもどりました{13}
romdata/DT/GM_DT_EVTMSG6.FBC.z	DT_EVTMSG6.FBC/dt_EVTMSG6.txtbin	217	utf-8	ええ　がんばってみますよ \n{ESC}GR}1~チョコボ{ESC}WT}1~さんのようにね… \nありがとう　{ESC}GR}1~チョコボ{ESC}WT}1~さん{13}
romdata/DT/GM_DT_EVTMSG6.FBC.z	DT_EVTMSG6.FBC/dt_EVTMSG6.txtbin	219	utf-8	{ESC}BL}1~ハリーの店{ESC}WT}1~へようこそ！ \nオレの店も　少しはお前の役に \n立てたのかな{13}
romdata/DT/GM_DT_EVTMSG6.FBC.z	DT_EVTMSG6.FBC/dt_EVTMSG6.txtbin	220	utf-8	もし　役立ったなら \nそれは　オレのジマンになるよ \nさ　買いものだろ？{13}
romdata/DT/GM_DT_EVTMSG6.FBC.z	DT_EVTMSG6.FBC/dt_EVTMSG6.txtbin	222	utf-8	こんにちは　{ESC}GR}1~チョコボ{ESC}WT}1~！ \nへいわをありがとう！ \nそして…思い出をありがとう！{13}
romdata/DT/GM_DT_EVTMSG6.FBC.z	DT_EVTMSG6.FBC/dt_EVTMSG6.txtbin	223	utf-8	あの子の　思い出を \nとりもどしてくれて \nほんとうにありがとう！{13}
romdata/DT/GM_DT_EVTMSG6.FBC.z	DT_EVTMSG6.FBC/dt_EVTMSG6.txtbin	225	utf-8	{ESC}GR}1~チョコボ{ESC}WT}1~！ \nいっしょに　あそぼ！{13}
romdata/DT/GM_DT_EVTMSG6.FBC.z	DT_EVTMSG6.FBC/dt_EVTMSG6.txtbin	226	utf-8	ねぇねぇ！　{ESC}GR}1~チョコボ{ESC}WT}1~！ \nあそぼうよ！{13}
romdata/DT/GM_DT_EVTMSG6.FBC.z	DT_EVTMSG6.FBC/dt_EVTMSG6.txtbin	230	utf-8	思い出のかけら… \nその中に　いくつもとびらが見える \nさわりますか？\n
romdata/DT/GM_DT_EVTMSG6.FBC.z	DT_EVTMSG6.FBC/dt_EVTMSG6.txtbin	237	utf-8	よぉー　{ESC}GR}1~チョコボー{ESC}WT}1~ \nオレ　あしたから　がんばるよー \nあしたあしたー{13}
romdata/DT/GM_DT_EVTMSG6.FBC.z	DT_EVTMSG6.FBC/dt_EVTMSG6.txtbin	243	utf-8	ねぇ　あんた　知ってるかい？ \nあたしは　一目見たときから \nあんたは何かやるって思ってたよ！{13}
romdata/DT/GM_DT_EVTMSG6.FBC.z	DT_EVTMSG6.FBC/dt_EVTMSG6.txtbin	244	utf-8	あたしの目にくるいはなかった！ \nあんたはりっぱな{ESC}GR}1~チョコボ{ESC}WT}1~だよ！ \nほんとにありがとうね！{13}
romdata/DT/GM_DT_EVTMSG6.FBC.z	DT_EVTMSG6.FBC/dt_EVTMSG6.txtbin	245	utf-8	キュキュキュ！{13}
romdata/DT/GM_DT_EVTMSG6.FBC.z	DT_EVTMSG6.FBC/dt_EVTMSG6.txtbin	247	utf-8	オイラと{ESC}GR}1~チョコボ{ESC}WT}1~で \nとりもどした　へいわ \nすばらしいものでチュウね{13}
romdata/DT/GM_DT_EVTMSG6.FBC.z	DT_EVTMSG6.FBC/dt_EVTMSG6.txtbin	248	utf-8	ところで　とれじゃーはんとに \nやくにたつ　{ESC}YL}1~エリクサー{ESC}WT}1~を \nひろったでチュウが{13}
romdata/DT/GM_DT_EVTMSG6.FBC.z	DT_EVTMSG6.FBC/dt_EVTMSG6.txtbin	249	utf-8	れきせんのゆうしゃのオイラには \nいらないもの！　でも{ESC}GR}1~チョコボ{ESC}WT}1~なら \n{ESC}YL}1~100000{ESC}WT}1~┣┳でゆずるでチュウ！\n
romdata/DT/GM_DT_EVTMSG6.FBC.z	DT_EVTMSG6.FBC/dt_EVTMSG6.txtbin	250	utf-8	にもつが　いっぱいでチュウね！ \nそんな　しろうとさんには \nゆずれないでチュウ！{13}
romdata/DT/GM_DT_EVTMSG6.FBC.z	DT_EVTMSG6.FBC/dt_EVTMSG6.txtbin	251	utf-8	まいどありー　でチュウ！ \n{ESC}GR}1~チョコボ{ESC}WT}1~は{ESC}YL}1~エリクサー{ESC}WT}1~を \nてにいれたでチュウ！{13}
romdata/DT/GM_DT_EVTMSG6.FBC.z	DT_EVTMSG6.FBC/dt_EVTMSG6.txtbin	252	utf-8	{ESC}GR}1~チョコボ{ESC}WT}1~も　れきせんのゆうしゃの \nつもりでチュウね？　でも \nこうかいヤクにたたずでチュウ！{13}
romdata/DT/GM_DT_EVTMSG6.FBC.z	DT_EVTMSG6.FBC/dt_EVTMSG6.txtbin	253	utf-8	よぉっ　えいゆう{ESC}GR}1~チョコボ{ESC}WT}1~だな！ \nなにを　あずかろうか？{13}
romdata/DT/GM_DT_EVTMSG6.FBC.z	DT_EVTMSG6.FBC/dt_EVTMSG6.txtbin	254	utf-8	{ESC}YL}1~ギル{ESC}WT}1~がたりないでチュウ！ \nぶんかつばらいは \nきかないでチュウ！{13}
romdata/DT/GM_DT_EVTMSG6.FBC.z	DT_EVTMSG6.FBC/dt_EVTMSG6.txtbin	258	utf-8	よっ！　オレのうらない \n少しはやくに　たったかい？{13}
romdata/DT/GM_DT_EVTMSG6.FBC.z	DT_EVTMSG6.FBC/dt_EVTMSG6.txtbin	259	utf-8	へいわになって \nあんしんしてうらなえるぜ！ \nありがとうな　{ESC}GR}1~チョコボ{ESC}WT}1~！{13}
romdata/DT/GM_DT_EVTMSG6.FBC.z	DT_EVTMSG6.FBC/dt_EVTMSG6.txtbin	260	utf-8	気が向いたらまたきてくれ！ \nまたうらなってやるからな！{13}
romdata/DT/GM_DT_EVTMSG6.FBC.z	DT_EVTMSG6.FBC/dt_EVTMSG6.txtbin	262	utf-8	たいへんだ！　たいへんだぞ！ \n{ESC}BL}1~時忘れの街{ESC}WT}1~が　{ESC}BL}1~時刻みの街{ESC}WT}1~に \nなったぞ！{13}
romdata/DT/GM_DT_EVTMSG6.FBC.z	DT_EVTMSG6.FBC/dt_EVTMSG6.txtbin	263	utf-8	新しいじだいのはじまりだ！ \n新しいヒーローのたんじょうだぞ！ \nたいへんだ！　たいへんだ！ \nたいへんだぞーー！{13}
romdata/DT/GM_DT_EVTMSG6.FBC.z	DT_EVTMSG6.FBC/dt_EVTMSG6.txtbin	272	utf-8	{ESC}GR}1~シロマ{ESC}WT}1~だけでなく　 \n{ESC}GR}1~クロマ{ESC}WT}1~までもどってきて \nオレ　すっごく　うれしいでし！{13}
romdata/DT/GM_DT_EVTMSG6.FBC.z	DT_EVTMSG6.FBC/dt_EVTMSG6.txtbin	273	utf-8	この{ESC}BL}1~ステラ牧場{ESC}WT}1~に \nふたつの花が　さいたでし！ \nみんな　{ESC}GR}1~チョコボ{ESC}WT}1~のおかげでし！{13}
romdata/DT/GM_DT_EVTMSG6.FBC.z	DT_EVTMSG6.FBC/dt_EVTMSG6.txtbin	274	utf-8	キュピピー{13}
romdata/DT/GM_DT_EVTMSG6.FBC.z	DT_EVTMSG6.FBC/dt_EVTMSG6.txtbin	276	utf-8	さっき　あなたのゆめを見たわ \n小さなつばさを　広げたあなたが \n大きな敵に　たちむかうゆめ…{13}
romdata/DT/GM_DT_EVTMSG6.FBC.z	DT_EVTMSG6.FBC/dt_EVTMSG6.txtbin	277	utf-8	そんなあなたが… \nまるで　てんしみたいに見えて… \n私　…かんどうしちゃったの{13}
romdata/DT/GM_DT_EVTMSG6.FBC.z	DT_EVTMSG6.FBC/dt_EVTMSG6.txtbin	278	utf-8	あなたは本当に…このせかいに \nまいおりた　てんし… \nなのかもしれないわ{13}
romdata/DT/GM_DT_EVTMSG6.FBC.z	DT_EVTMSG6.FBC/dt_EVTMSG6.txtbin	279	utf-8	キュウ！{13}
romdata/DT/GM_DT_EVTMSG6.FBC.z	DT_EVTMSG6.FBC/dt_EVTMSG6.txtbin	281	utf-8	{ESC}GR}1~チョコボ{ESC}WT}1~！　私　あなたのこと \nぜったいに忘れない！ \nあなたのゆうきと　やさしさを！{13}
romdata/DT/GM_DT_EVTMSG6.FBC.z	DT_EVTMSG6.FBC/dt_EVTMSG6.txtbin	282	utf-8	{ESC}BL}1~時刻みの街{ESC}WT}1~のみんなの心の中に \nずっとずっと　のこる名前 \nそれが{ESC}GR}1~チョコボ{ESC}WT}1~　あなたなのよ！{13}
romdata/DT/GM_DT_EVTMSG6.FBC.z	DT_EVTMSG6.FBC/dt_EVTMSG6.txtbin	284	utf-8	{ESC}GR}1~チョコボ{ESC}WT}1~！　あんたのゆうきが \nこの街をすくったわね　 \n本当にありがとう！{13}
romdata/DT/GM_DT_EVTMSG6.FBC.z	DT_EVTMSG6.FBC/dt_EVTMSG6.txtbin	285	utf-8	この街はへいわになったけど　 \nでもね…{13}
romdata/DT/GM_DT_EVTMSG6.FBC.z	DT_EVTMSG6.FBC/dt_EVTMSG6.txtbin	286	utf-8	あんたがトレジャーハンターとして \n冒険をのぞむかぎり…{13}
romdata/DT/GM_DT_EVTMSG6.FBC.z	DT_EVTMSG6.FBC/dt_EVTMSG6.txtbin	287	utf-8	{ESC}RD}1~不思議なダンジョン{ESC}WT}1~はおわらない！ \nすこしきゅうけいしたら \nまたチャレンジしてみてね！{13}
romdata/DT/GM_DT_EVTMSG6.FBC.z	DT_EVTMSG6.FBC/dt_EVTMSG6.txtbin	288	utf-8	どこかで新しいダンジョンが \n生まれてるはずよ！{13}
romdata/DT/GM_DT_EVTMSG6.FBC.z	DT_EVTMSG6.FBC/dt_EVTMSG6.txtbin	289	utf-8	…あたい　あんたの \nたたかってるすがたを見るのが　 \nやっぱり　だいすき！{13}
romdata/DT/GM_DT_EVTMSG6.FBC.z	DT_EVTMSG6.FBC/dt_EVTMSG6.txtbin	291	utf-8	あのね　あたしね　 \n…魚よりもずっとずっと \nすきなものを見つけたわ{13}
romdata/DT/GM_DT_EVTMSG6.FBC.z	DT_EVTMSG6.FBC/dt_EVTMSG6.txtbin	292	utf-8	そう…それは　あなた \nあなたが　がんばってるすがた \nほんとステキだった{13}
romdata/DT/GM_DT_EVTMSG6.FBC.z	DT_EVTMSG6.FBC/dt_EVTMSG6.txtbin	293	utf-8	あきらめない　きもち \nだれよりも　まっすぐな心… \nあなたの　ぜんぶがだいすきよ！{13}
romdata/DT/GM_DT_EVTMSG6.FBC.z	DT_EVTMSG6.FBC/dt_EVTMSG6.txtbin	295	utf-8	{ESC}GR}1~チョコボ{ESC}WT}1~ちゃん \n私　今まで \nいろんなお花を見てきたけど…{13}
romdata/DT/GM_DT_EVTMSG6.FBC.z	DT_EVTMSG6.FBC/dt_EVTMSG6.txtbin	296	utf-8	あなたが　さかせてくれた \nへいわって名前のお花が \nなによりも　ステキ…{13}
romdata/DT/GM_DT_EVTMSG6.FBC.z	DT_EVTMSG6.FBC/dt_EVTMSG6.txtbin	297	utf-8	このお花… \nみんなで　たいせつに \nそだてていかなくっちゃね！{13}
romdata/DT/GM_DT_EVTMSG6.FBC.z	DT_EVTMSG6.FBC/dt_EVTMSG6.txtbin	299	utf-8	すごい！　かんどうだわ！ \nこれは　一生のきねんよ！ \nずっと　かたりついでゆくわ{13}
romdata/DT/GM_DT_EVTMSG6.FBC.z	DT_EVTMSG6.FBC/dt_EVTMSG6.txtbin	300	utf-8	その高い名声に　もっともっと \nふさわしい　そうびが \nどこかに　眠っているはずよ！{13}
romdata/DT/GM_DT_EVTMSG6.FBC.z	DT_EVTMSG6.FBC/dt_EVTMSG6.txtbin	301	utf-8	ぜひ　新しいダンジョンに \nチャレンジしてみてね！ \n私たちの　ヒーローさん！{13}
romdata/DT/GM_DT_EVTMSG6.FBC.z	DT_EVTMSG6.FBC/dt_EVTMSG6.txtbin	303	utf-8	ついにしんりゅうまでも \nたおしてしまったクポね… \n{ESC}GR}1~チョコボ{ESC}WT}1~！　ついてくるクポ！{13}
romdata/DT/GM_DT_EVTMSG6.FBC.z	DT_EVTMSG6.FBC/dt_EVTMSG6.txtbin	304	utf-8	{15}CT}1~{ESC}GR}1~チョコボ…{ESC}WT}1~ \n{15}CT}1~お前にだけおしえるクポ \n{15}CT}1~じつは　モグが{ESC}RD}1~ヒーロー{ESC}WT}1~クポ{13}
romdata/DT/GM_DT_EVTMSG6.FBC.z	DT_EVTMSG6.FBC/dt_EVTMSG6.txtbin	305	utf-8	{15}CT}1~{ESC}GR}1~ダンジョン{ESC}WT}1~も　{ESC}GR}1~ロマンチック{ESC}WT}1~も… \n{15}CT}1~ほかの{ESC}RD}1~ヒーロー{ESC}WT}1~も \n{15}CT}1~すべてモグが正体クポ{13}
romdata/DT/GM_DT_EVTMSG6.FBC.z	DT_EVTMSG6.FBC/dt_EVTMSG6.txtbin	307	utf-8	 \n{15}CT}1~あんまり　おどろかないクポね \n{15}CT}1~まあいいクポ{13}
romdata/DT/GM_DT_EVTMSG6.FBC.z	DT_EVTMSG6.FBC/dt_EVTMSG6.txtbin	308	utf-8	{15}CT}1~お前は　モグをこえたクポ \n{15}CT}1~だから　モグが{ESC}RD}1~ヒーロー{ESC}WT}1~になった \n{15}CT}1~わけをおしえるクポ{13}
romdata/DT/GM_DT_EVTMSG6.FBC.z	DT_EVTMSG6.FBC/dt_EVTMSG6.txtbin	309	utf-8	{15}CT}1~あれは　もうむかしのことクポ \n{15}CT}1~モグは　ダンジョンでモンスターに \n{15}CT}1~おそわれて　ひっしに　にげてたクポ{13}
romdata/DT/GM_DT_EVTMSG6.FBC.z	DT_EVTMSG6.FBC/dt_EVTMSG6.txtbin	310	utf-8	{15}CT}1~そのときに　出会ったのが \n{15}CT}1~{ESC}GR}1~エレナ{ESC}WT}1~だったクポ \n{15}CT}1~{ESC}GR}1~エレナ{ESC}WT}1~は白魔道士だったクポ{13}
romdata/DT/GM_DT_EVTMSG6.FBC.z	DT_EVTMSG6.FBC/dt_EVTMSG6.txtbin	311	utf-8	{15}CT}1~だから　おねがいしたクポ \n{15}CT}1~『モグを強くする魔法を \n　{15}CT}1~かけてほしいクポ！』{13}
romdata/DT/GM_DT_EVTMSG6.FBC.z	DT_EVTMSG6.FBC/dt_EVTMSG6.txtbin	312	utf-8	{15}CT}1~{ESC}GR}1~エレナ{ESC}WT}1~は言ったクポ \n{15}CT}1~『明日の朝になったらいいものを \n　{15}CT}1~プレゼントするわ』って…{13}
romdata/DT/GM_DT_EVTMSG6.FBC.z	DT_EVTMSG6.FBC/dt_EVTMSG6.txtbin	313	utf-8	{15}CT}1~そしてつぎの日の朝… \n{15}CT}1~{ESC}GR}1~エレナ{ESC}WT}1~がモグにくれたのが \n{15}CT}1~{ESC}GR}1~ダンジョンヒーローＸ{ESC}WT}1~のマスククポ{13}
romdata/DT/GM_DT_EVTMSG6.FBC.z	DT_EVTMSG6.FBC/dt_EVTMSG6.txtbin	314	utf-8	{15}CT}1~　 \n{15}CT}1~『あなたはこのマスクで \n　{15}CT}1~{ESC}RD}1~スーパーヒーロー{ESC}WT}1~になるの』{13}
romdata/DT/GM_DT_EVTMSG6.FBC.z	DT_EVTMSG6.FBC/dt_EVTMSG6.txtbin	315	utf-8	{15}CT}1~『自分をしんじて！ \n　{15}CT}1~その心こそが{ESC}RD}1~ヒーロー{ESC}WT}1~のあかし… \n　{15}CT}1~あなたは今から　{ESC}RD}1~ヒーロー{ESC}WT}1~なの』{13}
romdata/DT/GM_DT_EVTMSG6.FBC.z	DT_EVTMSG6.FBC/dt_EVTMSG6.txtbin	316	utf-8	{15}CT}1~　 \n{15}CT}1~{ESC}GR}1~エレナ{ESC}WT}1~にそう言われて \n{15}CT}1~モグは{ESC}RD}1~ヒーロー{ESC}WT}1~になったクポよ…{13}
romdata/DT/GM_DT_EVTMSG6.FBC.z	DT_EVTMSG6.FBC/dt_EVTMSG6.txtbin	317	utf-8	{15}CT}1~{ESC}GR}1~エレナ…{ESC}WT}1~ \n{15}CT}1~{ESC}GR}1~エレナ{ESC}WT}1~はもう… \n{15}CT}1~いないクポよ…{13}
romdata/DT/GM_DT_EVTMSG6.FBC.z	DT_EVTMSG6.FBC/dt_EVTMSG6.txtbin	318	utf-8	{15}CT}1~でも　{ESC}RD}1~ヒーロー{ESC}WT}1~はかなしみに \n{15}CT}1~立ち向かわなければならないクポ！ \n{15}CT}1~だからヘッチャラクポ！{13}
romdata/DT/GM_DT_EVTMSG6.FBC.z	DT_EVTMSG6.FBC/dt_EVTMSG6.txtbin	319	utf-8	{15}CT}1~　 \n{15}CT}1~{ESC}GR}1~チョコボ{ESC}WT}1~！ \n{15}CT}1~たしかにお前はモグをこえたクポ{13}
romdata/DT/GM_DT_EVTMSG6.FBC.z	DT_EVTMSG6.FBC/dt_EVTMSG6.txtbin	320	utf-8	{15}CT}1~けど　モグはまだまだ \n{15}CT}1~{ESC}RD}1~ヒーロー{ESC}WT}1~をやめないクポ！ \n{15}CT}1~分かったクポね！！{13}
romdata/DT/GM_DT_EVTMSG6.FBC.z	DT_EVTMSG6.FBC/dt_EVTMSG6.txtbin	322	utf-8	{15}CT}1~言いわすれてたクポ \n{15}CT}1~じつは{ESC}GR}1~エレナ{ESC}WT}1~は{ESC}GR}1~シロマ{ESC}WT}1~と{ESC}GR}1~クロマ{ESC}WT}1~の \n{15}CT}1~お母さんクポよ{13}
romdata/DT/GM_DT_EVTMSG6.FBC.z	DT_EVTMSG6.FBC/dt_EVTMSG6.txtbin	323	utf-8	{15}CT}1~　 \n{15}CT}1~　 \n{15}CT}1~では　いざさらば！！{13}
romdata/DT/GM_DT_EVTMSG6.FBC.z	DT_EVTMSG6.FBC/dt_EVTMSG6.txtbin	325	utf-8	みんなの声が　きこえる{13}
romdata/DT/GM_DT_EVTMSG6.FBC.z	DT_EVTMSG6.FBC/dt_EVTMSG6.txtbin	326	utf-8	…ふふ　かんぺき…だな{13}
romdata/DT/GM_DT_EVTMSG6.FBC.z	DT_EVTMSG6.FBC/dt_EVTMSG6.txtbin	327	utf-8	あら　なかなかやるじゃない？ \nごほうびよ！ \nありがたくうけとりなさい！{13}
romdata/DT/GM_DT_EVTMSG6.FBC.z	DT_EVTMSG6.FBC/dt_EVTMSG6.txtbin	328	utf-8	あんたも　よくがんばったね \nおなかすいたろ？ \nさ　クッキーおたべ{13}
romdata/DT/GM_DT_EVTMSG6.FBC.z	DT_EVTMSG6.FBC/dt_EVTMSG6.txtbin	329	utf-8	おお　神よ…{13}
romdata/DT/GM_DT_EVTMSG6.FBC.z	DT_EVTMSG6.FBC/dt_EVTMSG6.txtbin	330	utf-8	すごいすごーい \n{ESC}GR}1~チョコボ{ESC}WT}1~すごーい{13}
romdata/DT/GM_DT_EVTMSG6.FBC.z	DT_EVTMSG6.FBC/dt_EVTMSG6.txtbin	331	utf-8	すごいや！　{ESC}GR}1~チョコボ{ESC}WT}1~{13}
romdata/DT/GM_DT_EVTMSG6.FBC.z	DT_EVTMSG6.FBC/dt_EVTMSG6.txtbin	332	utf-8	{ESC}GR}1~チョコボ{ESC}WT}1~！　すごいじゃない！ \nぜーんぶといちゃったの？{13}
romdata/DT/GM_DT_EVTMSG6.FBC.z	DT_EVTMSG6.FBC/dt_EVTMSG6.txtbin	333	utf-8	{ESC}GR}1~チョコボ…{ESC}WT}1~ \nボク…{ESC}GR}1~チョコボ{ESC}WT}1~より強くなるよ！{13}
romdata/DT/GM_DT_EVTMSG6.FBC.z	DT_EVTMSG6.FBC/dt_EVTMSG6.txtbin	334	utf-8	{ESC}GR}1~チョコボ{ESC}WT}1~さんこそが \n美徳なのです！{13}
romdata/DT/GM_DT_EVTMSG6.FBC.z	DT_EVTMSG6.FBC/dt_EVTMSG6.txtbin	335	utf-8	デンセツ　ノ　エイユウ… \nアナタ　ノ　コト　デス…{13}
romdata/DT/GM_DT_EVTMSG6.FBC.z	DT_EVTMSG6.FBC/dt_EVTMSG6.txtbin	336	utf-8	ふっ　やるな{ESC}GR}1~チョコボ{ESC}WT}1~{13}
romdata/DT/GM_DT_EVTMSG6.FBC.z	DT_EVTMSG6.FBC/dt_EVTMSG6.txtbin	337	utf-8	よぉ　あいぼう！ \nオレたちの冒険は　まだまだ \nこれからだぜ！{13}
romdata/DT/GM_DT_EVTMSG6.FBC.z	DT_EVTMSG6.FBC/dt_EVTMSG6.txtbin	338	utf-8	お前もヒーローとして \nみとめてやるクポ！{13}
romdata/DT/GM_DT_EVTMSG6.FBC.z	DT_EVTMSG6.FBC/dt_EVTMSG6.txtbin	339	utf-8	がんばったわね　{ESC}GR}1~チョコボ{ESC}WT}1~！ \nもう私のサポートはいらないかしら？{13}
romdata/DT/GM_DT_EVTMSG6.FBC.z	DT_EVTMSG6.FBC/dt_EVTMSG6.txtbin	340	utf-8	{ESC}GR}1~チョコボ{ESC}WT}1~さん！ \nおつかれさまでしたー！{13}
romdata/DT/GM_DT_EVTMSG6.FBC.z	DT_EVTMSG6.FBC/dt_EVTMSG6.txtbin	341	utf-8	やるじゃねーか！ \nあんたの　ツメのあかでも \nくすりにしてみるかな！{13}
romdata/DT/GM_DT_EVTMSG6.FBC.z	DT_EVTMSG6.FBC/dt_EVTMSG6.txtbin	342	utf-8	オメーはすげーや \nさすがだな！{13}
romdata/DT/GM_DT_EVTMSG6.FBC.z	DT_EVTMSG6.FBC/dt_EVTMSG6.txtbin	343	utf-8	{ESC}GR}1~チョコボ{ESC}WT}1~は　りっぱに \n花をさかせたみたいだねぇ{13}
romdata/DT/GM_DT_EVTMSG6.FBC.z	DT_EVTMSG6.FBC/dt_EVTMSG6.txtbin	344	utf-8	おめでとう！ \n私も自分のことのように \nうれしいわ！{13}
romdata/DT/GM_DT_EVTMSG6.FBC.z	DT_EVTMSG6.FBC/dt_EVTMSG6.txtbin	345	utf-8	あんたは　やっぱり \nできる{ESC}GR}1~チョコボ{ESC}WT}1~だったんだね{13}
romdata/DT/GM_DT_EVTMSG6.FBC.z	DT_EVTMSG6.FBC/dt_EVTMSG6.txtbin	346	utf-8	んー？　なんかすごいみたいだなー \nうらやましーなー{13}
romdata/DT/GM_DT_EVTMSG6.FBC.z	DT_EVTMSG6.FBC/dt_EVTMSG6.txtbin	347	utf-8	{ESC}GR}1~チョコボ{ESC}WT}1~！ \nまたオレの店で \n買いものしてくれよな！{13}
romdata/DT/GM_DT_EVTMSG6.FBC.z	DT_EVTMSG6.FBC/dt_EVTMSG6.txtbin	348	utf-8	いやぁーん　{ESC}GR}1~チョコボ{ESC}WT}1~ちゃん \nす・ごぉ・い \nご・ほ・う・び　あ・げ・る{13}
romdata/DT/GM_DT_EVTMSG6.FBC.z	DT_EVTMSG6.FBC/dt_EVTMSG6.txtbin	349	utf-8	ふはははは \nつぎは　その記憶ごと \nけしてやろう！{13}
romdata/DT/GM_DT_EVTMSG6.FBC.z	DT_EVTMSG6.FBC/dt_EVTMSG6.txtbin	350	utf-8	あなたには　アツいココアが \nにあいますね{13}
romdata/DT/GM_DT_EVTMSG6.FBC.z	DT_EVTMSG6.FBC/dt_EVTMSG6.txtbin	352	utf-8	よう！　あいぼう！ \nお前の　おかげでこの街も \nへいわに　なったよな！{13}
romdata/DT/GM_DT_EVTMSG6.FBC.z	DT_EVTMSG6.FBC/dt_EVTMSG6.txtbin	353	utf-8	お前が　あいぼうで \nホントに　よかったぜ！{13}
romdata/DT/GM_DT_EVTMSG6.FBC.z	DT_EVTMSG6.FBC/dt_EVTMSG6.txtbin	354	utf-8	キュキュキュ！{13}
romdata/DT/GM_DT_EVTMSG6.FBC.z	DT_EVTMSG6.FBC/dt_EVTMSG6.txtbin	355	utf-8	それで　だ　オレのよそうでは \nあの　とざされていたトビラも \nもとにもどるはずなんだ…{13}
romdata/DT/GM_DT_EVTMSG6.FBC.z	DT_EVTMSG6.FBC/dt_EVTMSG6.txtbin	356	utf-8	それをしらべるためにも \nあのダンジョンを \nたんさくしてきたいんだ{13}
romdata/DT/GM_DT_EVTMSG6.FBC.z	DT_EVTMSG6.FBC/dt_EVTMSG6.txtbin	357	utf-8	だが　オレになにかあったときの \nために　{ESC}BL}1~フエゴ鉱山{ESC}WT}1~で \nまっててほしいんだ　いいか？\n
romdata/DT/GM_DT_EVTMSG6.FBC.z	DT_EVTMSG6.FBC/dt_EVTMSG6.txtbin	358	utf-8	さぁぼうけんの　はじまりだっ！{13}
romdata/DT/GM_DT_EVTMSG6.FBC.z	DT_EVTMSG6.FBC/dt_EVTMSG6.txtbin	359	utf-8	そうか　あいぼうも　いそがしいか \nそれはざんねんだ… \n時間が　あったら　またきてくれ{13}
romdata/DT/GM_DT_EVTMSG6.FBC.z	DT_EVTMSG6.FBC/dt_EVTMSG6.txtbin	360	utf-8	ここは？ \n…どうやらだっしゅつの時に \nきを失っていたようだな…{13}
romdata/DT/GM_DT_EVTMSG6.FBC.z	DT_EVTMSG6.FBC/dt_EVTMSG6.txtbin	361	utf-8	よう！　あいぼう！ \nここまで運んでくれたんだな \nありがとう！！{13}
romdata/DT/GM_DT_EVTMSG6.FBC.z	DT_EVTMSG6.FBC/dt_EVTMSG6.txtbin	362	utf-8	ここは？…どうやら \nきを失っていたようだな…{13}
romdata/DT/GM_DT_EVTMSG6.FBC.z	DT_EVTMSG6.FBC/dt_EVTMSG6.txtbin	363	utf-8	よう！　あいぼう！ \nここまで運んでくれてたんだな \nありがとう！！{13}
romdata/DT/GM_DT_EVTMSG6.FBC.z	DT_EVTMSG6.FBC/dt_EVTMSG6.txtbin	364	utf-8	よう！　あいぼう！！ \nそろそろだいじょうぶか？\n
romdata/DT/GM_DT_EVTMSG6.FBC.z	DT_EVTMSG6.FBC/dt_EVTMSG6.txtbin	365	utf-8	ふう…　一人ってタイクツ… \nさいきん　さわがしいから \nお外にも出たくないし{13}
romdata/DT/GM_DT_EVTMSG6.FBC.z	DT_EVTMSG6.FBC/dt_EVTMSG6.txtbin	366	utf-8	ホントは \n{ESC}GR}1~ロディ{ESC}WT}1~くんや　{ESC}GR}1~クレア{ESC}WT}1~ちゃんと \nあそぼうと思ってたんだけどなぁ{13}
romdata/DT/GM_DT_EVTMSG6.FBC.z	DT_EVTMSG6.FBC/dt_EVTMSG6.txtbin	367	utf-8	それにしてもヒマー \n前は　ずっとそばにだれかが…{13}
romdata/DT/GM_DT_EVTMSG6.FBC.z	DT_EVTMSG6.FBC/dt_EVTMSG6.txtbin	368	utf-8	だれか？　だれかってだれ？ \nえ？　えーっと… \nいやーん　アムーリ　わかんないー{13}
romdata/DT/GM_DT_EVTMSG6.FBC.z	DT_EVTMSG6.FBC/dt_EVTMSG6.txtbin	369	utf-8	もう考えるのもやめよーっと \nさーて　何しようかしら？{13}
romdata/DT/GM_DT_EVTMSG6.FBC.z	DT_EVTMSG6.FBC/dt_EVTMSG6.txtbin	371	utf-8	あら　{ESC}GR}1~チョコボ{ESC}WT}1~！ \nあなたのおかげで \nみんな　たすかったわ！{13}
romdata/DT/GM_DT_EVTMSG6.FBC.z	DT_EVTMSG6.FBC/dt_EVTMSG6.txtbin	372	utf-8	おねがいばっかりでゴメンね \nでも…あなたなら \nできるって信じてたわ！{13}
romdata/DT/GM_DT_EVTMSG6.FBC.z	DT_EVTMSG6.FBC/dt_EVTMSG6.txtbin	374	utf-8	おや　{ESC}GR}1~チョコボ{ESC}WT}1~！ \nあんた　畑にきょうみがあるのかい？{13}
romdata/DT/GM_DT_EVTMSG6.FBC.z	DT_EVTMSG6.FBC/dt_EVTMSG6.txtbin	375	utf-8	まぁ　さいきんあんまり \nこの畑は　つかってないからね \nすきなものを　そだてるといいよ{13}
romdata/DT/GM_DT_EVTMSG6.FBC.z	DT_EVTMSG6.FBC/dt_EVTMSG6.txtbin	376	utf-8	そういえば　{ESC}GR}1~フローラ{ESC}WT}1~のところで \n前に　花のタネを　うってたねえ \nいちどきいてごらんよ{13}
romdata/DT/GM_DT_EVTMSG6.FBC.z	DT_EVTMSG6.FBC/dt_EVTMSG6.txtbin	377	utf-8	キュキュキュ！{13}
romdata/DT/GM_DT_EVTMSG6.FBC.z	DT_EVTMSG6.FBC/dt_EVTMSG6.txtbin	379	utf-8	クポ！　{ESC}GR}1~チョコボ{ESC}WT}1~！ \nオマエのおかげで \nへいわになったクポ！{13}
romdata/DT/GM_DT_EVTMSG6.FBC.z	DT_EVTMSG6.FBC/dt_EVTMSG6.txtbin	381	utf-8	これで　ここらへんでとれる \n魚は　ぜんしゅ \nコンプリートってヤツだな{13}
romdata/DT/GM_DT_EVTMSG6.FBC.z	DT_EVTMSG6.FBC/dt_EVTMSG6.txtbin	382	utf-8	オレも　ついに \nこの街の　グルメキング！{13}
romdata/DT/GM_DT_EVTMSG6.FBC.z	DT_EVTMSG6.FBC/dt_EVTMSG6.txtbin	383	utf-8	もちろん　あんたは \nこの街の　つりキング！！{13}
romdata/DT/GM_DT_EVTMSG6.FBC.z	DT_EVTMSG6.FBC/dt_EVTMSG6.txtbin	384	utf-8	よぉっ　えいゆう{ESC}GR}1~チョコボ{ESC}WT}1~だな！ \nなにを　あずかろうか？{13}
romdata/DT/GM_DT_EVTMSG6.FBC.z	DT_EVTMSG6.FBC/dt_EVTMSG6.txtbin	386	utf-8	ああ　{ESC}GR}1~チョコボ{ESC}WT}1~さん \nその　二つの鏡に \n気づかれましたか{13}
romdata/DT/GM_DT_EVTMSG6.FBC.z	DT_EVTMSG6.FBC/dt_EVTMSG6.txtbin	387	utf-8	あちらが \n『{ESC}BL}1~思い出の鏡{ESC}WT}1~』 \n歩いてきた道をてらし{13}
romdata/DT/GM_DT_EVTMSG6.FBC.z	DT_EVTMSG6.FBC/dt_EVTMSG6.txtbin	388	utf-8	こちらが \n『{ESC}RD}1~試練の鏡{ESC}WT}1~』 \nきわめる道をてらす{13}
romdata/DT/GM_DT_EVTMSG6.FBC.z	DT_EVTMSG6.FBC/dt_EVTMSG6.txtbin	389	utf-8	と　でんせつでは \n言われています \nただ　今の私たちには…{13}
romdata/DT/GM_DT_EVTMSG6.FBC.z	DT_EVTMSG6.FBC/dt_EVTMSG6.txtbin	390	utf-8	歩いてきた道も \nきわめるべき道も \n見えませんがね…{13}
romdata/DT/GM_DT_EVTMSG6.FBC.z	DT_EVTMSG6.FBC/dt_EVTMSG6.txtbin	392	utf-8	{ESC}BL}1~ハリーの店{ESC}WT}1~へようこそ！ \nあたらしい{ESC}RD}1~カバン{ESC}WT}1~をしいれたぜ！ \n{ESC}YL}1~{06}}72~{ESC}WT}1~┣┳だが　買うか？\n
romdata/DT/GM_DT_EVTMSG6.FBC.z	DT_EVTMSG6.FBC/dt_EVTMSG6.txtbin	393	utf-8	お買い上げ \nありがとうございました！ \nさあ　ほかのも見てくれ！{13}
romdata/DT/GM_DT_EVTMSG6.FBC.z	DT_EVTMSG6.FBC/dt_EVTMSG6.txtbin	394	utf-8	そうか　しかたないな \nさ　買いものだろ？{13}
romdata/DT/GM_DT_EVTMSG6.FBC.z	DT_EVTMSG6.FBC/dt_EVTMSG6.txtbin	395	utf-8	おいおい　{ESC}YL}1~ギル{ESC}WT}1~がたりないぜ？ \nまあ　ほかのものを \n買ってくれよ{13}
romdata/DT/GM_DT_EVTMSG6.FBC.z	DT_EVTMSG6.FBC/dt_EVTMSG6.txtbin	396	utf-8	いらっしゃい・いらっしゃい！ \n…おや　{ESC}GR}1~チョコボ{ESC}WT}1~　どしたい？{13}
romdata/DT/GM_DT_EVTMSG6.FBC.z	DT_EVTMSG6.FBC/dt_EVTMSG6.txtbin	397	utf-8	キュウ！{13}
romdata/DT/GM_DT_EVTMSG6.FBC.z	DT_EVTMSG6.FBC/dt_EVTMSG6.txtbin	398	utf-8	ん？　そのかおは… \n{ESC}RD}1~つり{ESC}WT}1~がしたいって \nかいてあるぞ！{13}
romdata/DT/GM_DT_EVTMSG6.FBC.z	DT_EVTMSG6.FBC/dt_EVTMSG6.txtbin	399	utf-8	キュキュキュ！{13}
romdata/DT/GM_DT_EVTMSG6.FBC.z	DT_EVTMSG6.FBC/dt_EVTMSG6.txtbin	400	utf-8	そうだな　魚がつれると \nやっぱりたのしいもんな　でも \nつりには{ESC}YL}1~ルアー{ESC}WT}1~がいるぞ{13}
romdata/DT/GM_DT_EVTMSG6.FBC.z	DT_EVTMSG6.FBC/dt_EVTMSG6.txtbin	401	utf-8	キュルル？{13}
romdata/DT/GM_DT_EVTMSG6.FBC.z	DT_EVTMSG6.FBC/dt_EVTMSG6.txtbin	402	utf-8	オレもいくつか　もってるんだけど \nシロウトさんには \nあつかいづらいからなぁ…{13}
romdata/DT/GM_DT_EVTMSG6.FBC.z	DT_EVTMSG6.FBC/dt_EVTMSG6.txtbin	403	utf-8	あ　お前そういえば \n{ESC}GR}1~ステラ{ESC}WT}1~さんのところにいるんだろ？ \nなら　{ESC}GR}1~ステラ{ESC}WT}1~さんにきいてみな{13}
romdata/DT/GM_DT_EVTMSG6.FBC.z	DT_EVTMSG6.FBC/dt_EVTMSG6.txtbin	404	utf-8	むかし　しょしんしゃ用の \n{ESC}YL}1~ルアー{ESC}WT}1~をつくってあげたこと \nあるんだよな{13}
romdata/DT/GM_DT_EVTMSG6.FBC.z	DT_EVTMSG6.FBC/dt_EVTMSG6.txtbin	405	utf-8	{ESC}GR}1~ステラ{ESC}WT}1~さんに \n{ESC}YL}1~ルアー{ESC}WT}1~のこときいてみな！{13}
romdata/DT/GM_DT_EVTMSG6.FBC.z	DT_EVTMSG6.FBC/dt_EVTMSG6.txtbin	406	utf-8	ああそれと　{ESC}BL}1~あずかりじょ{ESC}WT}1~の \n{ESC}GR}1~ブラル{ESC}WT}1~は魚が　すきらしいぜ{13}
romdata/DT/GM_DT_EVTMSG6.FBC.z	DT_EVTMSG6.FBC/dt_EVTMSG6.txtbin	407	utf-8	おや　{ESC}GR}1~チョコボ{ESC}WT}1~ \nどうしたんだい？{13}
romdata/DT/GM_DT_EVTMSG6.FBC.z	DT_EVTMSG6.FBC/dt_EVTMSG6.txtbin	408	utf-8	キュルル？{13}
romdata/DT/GM_DT_EVTMSG6.FBC.z	DT_EVTMSG6.FBC/dt_EVTMSG6.txtbin	409	utf-8	ん？　{ESC}YL}1~ルアー{ESC}WT}1~がほしい？ \nああ　そういえば　ものおきに… \nちょっとまっておいで{13}
romdata/DT/GM_DT_EVTMSG6.FBC.z	DT_EVTMSG6.FBC/dt_EVTMSG6.txtbin	410	utf-8	ほら　おまたせ \nこれが　{ESC}YL}1~ルアー{ESC}WT}1~さ \nもとは{ESC}GR}1~シロマ{ESC}WT}1~たちのおふるだけどね{13}
romdata/DT/GM_DT_EVTMSG6.FBC.z	DT_EVTMSG6.FBC/dt_EVTMSG6.txtbin	411	utf-8	キュキュキュ！{13}
romdata/DT/GM_DT_EVTMSG6.FBC.z	DT_EVTMSG6.FBC/dt_EVTMSG6.txtbin	412	utf-8	でもねぇ　つりざおが… \nあ　そうだ \nあんたのしっぽにつけてごらん{13}
romdata/DT/GM_DT_EVTMSG6.FBC.z	DT_EVTMSG6.FBC/dt_EVTMSG6.txtbin	413	utf-8	さ　ウラの{ESC}BL}1~小川{ESC}WT}1~にいって \nさんばしで　ためしておいで{13}
romdata/DT/GM_DT_EVTMSG6.FBC.z	DT_EVTMSG6.FBC/dt_EVTMSG6.txtbin	414	utf-8	きっと　魚もつれるはずさ \nそれからね　おちないように \n気をつけるんだよ！{13}
romdata/DT/GM_DT_EVTMSG6.FBC.z	DT_EVTMSG6.FBC/dt_EVTMSG6.txtbin	415	utf-8	いらっしゃい・いらっしゃい！ \n{ESC}GR}1~チョコボ{ESC}WT}1~じゃねえか！ \nどうだ　魚はつれたかい？{13}
romdata/DT/GM_DT_EVTMSG6.FBC.z	DT_EVTMSG6.FBC/dt_EVTMSG6.txtbin	416	utf-8	キュキュキュ！{13}
romdata/DT/GM_DT_EVTMSG6.FBC.z	DT_EVTMSG6.FBC/dt_EVTMSG6.txtbin	417	utf-8	そうかいそうかい　んじゃあ \nもっといい{ESC}YL}1~ＤＸルアー{ESC}WT}1~で \nうでだめししてみな！{13}
romdata/DT/GM_DT_EVTMSG6.FBC.z	DT_EVTMSG6.FBC/dt_EVTMSG6.txtbin	418	utf-8	いらっしゃい・いらっしゃい！ \n{ESC}GR}1~チョコボ{ESC}WT}1~じゃねえか！ \n新ルアーの使いごこちはどうだ？{13}
romdata/DT/GM_DT_EVTMSG6.FBC.z	DT_EVTMSG6.FBC/dt_EVTMSG6.txtbin	419	utf-8	キュキュキュ！{13}
romdata/DT/GM_DT_EVTMSG6.FBC.z	DT_EVTMSG6.FBC/dt_EVTMSG6.txtbin	420	utf-8	そうかそうか \nもうそこまでいったら \nその道を　きわめてみな！{13}
romdata/DT/GM_DT_EVTMSG6.FBC.z	DT_EVTMSG6.FBC/dt_EVTMSG6.txtbin	421	utf-8	この　でんせつの \n{ESC}YL}1~たくみのルアー{ESC}WT}1~が　お前の \nてだすけをしてくれるはずさ！{13}
romdata/DT/GM_DT_EVTMSG6.FBC.z	DT_EVTMSG6.FBC/dt_EVTMSG6.txtbin	422	utf-8	キュピーー！！{13}
romdata/DT/GM_DT_EVTMSG6.FBC.z	DT_EVTMSG6.FBC/dt_EVTMSG6.txtbin	424	utf-8	よぉっ　オレ　{ESC}GR}1~ブラル{ESC}WT}1~ \n{ESC}BL}1~あずかりじょ{ESC}WT}1~で \nギルや　アイテムをあずかってる{13}
romdata/DT/GM_DT_EVTMSG6.FBC.z	DT_EVTMSG6.FBC/dt_EVTMSG6.txtbin	425	utf-8	{ESC}YL}1~ギサールの野菜{ESC}WT}1~も \nきらいじゃないけど　アレはもういいや \nそれより　魚が　だいすきさ！{13}
romdata/DT/GM_DT_EVTMSG6.FBC.z	DT_EVTMSG6.FBC/dt_EVTMSG6.txtbin	426	utf-8	どっかで　魚がつれたら \nオレのとこに　もってきてくれよ{13}
romdata/DT/GM_DT_EVTMSG6.FBC.z	DT_EVTMSG6.FBC/dt_EVTMSG6.txtbin	427	utf-8	じゃ　しごとするかな \nなにを　あずかろうか？{13}
romdata/DT/GM_DT_EVTMSG6.FBC.z	DT_EVTMSG6.FBC/dt_EVTMSG6.txtbin	428	utf-8	よぉっ　えいゆう{ESC}GR}1~チョコボ{ESC}WT}1~だな！ \nなにを　あずかろうか？{13}
romdata/DT/GM_DT_EVTMSG7.FBC.z	DT_EVTMSG7.FBC/dt_EVTMSG7.txtbin	0	utf-8	チョコボ\n
romdata/DT/GM_DT_EVTMSG7.FBC.z	DT_EVTMSG7.FBC/dt_EVTMSG7.txtbin	1	utf-8	シロマ\n
romdata/DT/GM_DT_EVTMSG7.FBC.z	DT_EVTMSG7.FBC/dt_EVTMSG7.txtbin	2	utf-8	クロマ\n
romdata/DT/GM_DT_EVTMSG7.FBC.z	DT_EVTMSG7.FBC/dt_EVTMSG7.txtbin	3	utf-8	ラファエロ
romdata/DT/GM_DT_EVTMSG7.FBC.z	DT_EVTMSG7.FBC/dt_EVTMSG7.txtbin	4	utf-8	はかいしん
romdata/DT/GM_DT_EVTMSG7.FBC.z	DT_EVTMSG7.FBC/dt_EVTMSG7.txtbin	5	utf-8	シド\n
romdata/DT/GM_DT_EVTMSG7.FBC.z	DT_EVTMSG7.FBC/dt_EVTMSG7.txtbin	6	utf-8	イルマ\n
romdata/DT/GM_DT_EVTMSG7.FBC.z	DT_EVTMSG7.FBC/dt_EVTMSG7.txtbin	7	utf-8	アムーリ
romdata/DT/GM_DT_EVTMSG7.FBC.z	DT_EVTMSG7.FBC/dt_EVTMSG7.txtbin	8	utf-8	ヴォルグ
romdata/DT/GM_DT_EVTMSG7.FBC.z	DT_EVTMSG7.FBC/dt_EVTMSG7.txtbin	9	utf-8	フレイア
romdata/DT/GM_DT_EVTMSG7.FBC.z	DT_EVTMSG7.FBC/dt_EVTMSG7.txtbin	10	utf-8	メーア
romdata/DT/GM_DT_EVTMSG7.FBC.z	DT_EVTMSG7.FBC/dt_EVTMSG7.txtbin	11	utf-8	ゲイル
romdata/DT/GM_DT_EVTMSG7.FBC.z	DT_EVTMSG7.FBC/dt_EVTMSG7.txtbin	12	utf-8	ステラ
romdata/DT/GM_DT_EVTMSG7.FBC.z	DT_EVTMSG7.FBC/dt_EVTMSG7.txtbin	13	utf-8	ローチェ
romdata/DT/GM_DT_EVTMSG7.FBC.z	DT_EVTMSG7.FBC/dt_EVTMSG7.txtbin	14	utf-8	ダードラー
romdata/DT/GM_DT_EVTMSG7.FBC.z	DT_EVTMSG7.FBC/dt_EVTMSG7.txtbin	15	utf-8	ハリー
romdata/DT/GM_DT_EVTMSG7.FBC.z	DT_EVTMSG7.FBC/dt_EVTMSG7.txtbin	16	utf-8	マリス
romdata/DT/GM_DT_EVTMSG7.FBC.z	DT_EVTMSG7.FBC/dt_EVTMSG7.txtbin	17	utf-8	シャルロット
romdata/DT/GM_DT_EVTMSG7.FBC.z	DT_EVTMSG7.FBC/dt_EVTMSG7.txtbin	18	utf-8	フローラ
romdata/DT/GM_DT_EVTMSG7.FBC.z	DT_EVTMSG7.FBC/dt_EVTMSG7.txtbin	19	utf-8	ハンナ\n
romdata/DT/GM_DT_EVTMSG7.FBC.z	DT_EVTMSG7.FBC/dt_EVTMSG7.txtbin	20	utf-8	メディット
romdata/DT/GM_DT_EVTMSG7.FBC.z	DT_EVTMSG7.FBC/dt_EVTMSG7.txtbin	21	utf-8	ディクト\n
romdata/DT/GM_DT_EVTMSG7.FBC.z	DT_EVTMSG7.FBC/dt_EVTMSG7.txtbin	22	utf-8	ロディ
romdata/DT/GM_DT_EVTMSG7.FBC.z	DT_EVTMSG7.FBC/dt_EVTMSG7.txtbin	23	utf-8	クレア
romdata/DT/GM_DT_EVTMSG7.FBC.z	DT_EVTMSG7.FBC/dt_EVTMSG7.txtbin	24	utf-8	ブラル
romdata/DT/GM_DT_EVTMSG7.FBC.z	DT_EVTMSG7.FBC/dt_EVTMSG7.txtbin	25	utf-8	ドルくん
romdata/DT/GM_DT_EVTMSG7.FBC.z	DT_EVTMSG7.FBC/dt_EVTMSG7.txtbin	26	utf-8	ラン
romdata/DT/GM_DT_EVTMSG7.FBC.z	DT_EVTMSG7.FBC/dt_EVTMSG7.txtbin	27	utf-8	ウェン
romdata/DT/GM_DT_EVTMSG7.FBC.z	DT_EVTMSG7.FBC/dt_EVTMSG7.txtbin	28	utf-8	アル
romdata/DT/GM_DT_EVTMSG7.FBC.z	DT_EVTMSG7.FBC/dt_EVTMSG7.txtbin	29	utf-8	ミミ
romdata/DT/GM_DT_EVTMSG7.FBC.z	DT_EVTMSG7.FBC/dt_EVTMSG7.txtbin	30	utf-8	ココ
romdata/DT/GM_DT_EVTMSG7.FBC.z	DT_EVTMSG7.FBC/dt_EVTMSG7.txtbin	31	utf-8	ムーラン
romdata/DT/GM_DT_EVTMSG7.FBC.z	DT_EVTMSG7.FBC/dt_EVTMSG7.txtbin	32	utf-8	モリー
romdata/DT/GM_DT_EVTMSG7.FBC.z	DT_EVTMSG7.FBC/dt_EVTMSG7.txtbin	33	utf-8	マナリー
romdata/DT/GM_DT_EVTMSG7.FBC.z	DT_EVTMSG7.FBC/dt_EVTMSG7.txtbin	34	utf-8	メラニー
romdata/DT/GM_DT_EVTMSG7.FBC.z	DT_EVTMSG7.FBC/dt_EVTMSG7.txtbin	35	utf-8	ゴブリン
romdata/DT/GM_DT_EVTMSG7.FBC.z	DT_EVTMSG7.FBC/dt_EVTMSG7.txtbin	36	utf-8	チョッカーズ
romdata/DT/GM_DT_EVTMSG7.FBC.z	DT_EVTMSG7.FBC/dt_EVTMSG7.txtbin	37	utf-8	モーグリ
romdata/DT/GM_DT_EVTMSG7.FBC.z	DT_EVTMSG7.FBC/dt_EVTMSG7.txtbin	38	utf-8	ダンジョンヒーローＸ
romdata/DT/GM_DT_EVTMSG7.FBC.z	DT_EVTMSG7.FBC/dt_EVTMSG7.txtbin	39	utf-8	ロマンチックヒーローＸ
romdata/DT/GM_DT_EVTMSG7.FBC.z	DT_EVTMSG7.FBC/dt_EVTMSG7.txtbin	40	utf-8	商人ヒーローＸ
romdata/DT/GM_DT_EVTMSG7.FBC.z	DT_EVTMSG7.FBC/dt_EVTMSG7.txtbin	41	utf-8	フェニックス
romdata/DT/GM_DT_EVTMSG7.FBC.z	DT_EVTMSG7.FBC/dt_EVTMSG7.txtbin	42	utf-8	リヴァイアサン
romdata/DT/GM_DT_EVTMSG7.FBC.z	DT_EVTMSG7.FBC/dt_EVTMSG7.txtbin	43	utf-8	アレクサンダー
romdata/DT/GM_DT_EVTMSG7.FBC.z	DT_EVTMSG7.FBC/dt_EVTMSG7.txtbin	44	utf-8	神竜\n
romdata/DT/GM_DT_EVTMSG7.FBC.z	DT_EVTMSG7.FBC/dt_EVTMSG7.txtbin	45	utf-8	オメガ
romdata/DT/GM_DT_EVTMSG7.FBC.z	DT_EVTMSG7.FBC/dt_EVTMSG7.txtbin	46	utf-8	αー２４\n
romdata/DT/GM_DT_EVTMSG7.FBC.z	DT_EVTMSG7.FBC/dt_EVTMSG7.txtbin	47	utf-8	　
romdata/DT/GM_DT_EVTMSG7.FBC.z	DT_EVTMSG7.FBC/dt_EVTMSG7.txtbin	48	utf-8	？？？？？\n
romdata/DT/GM_DT_EVTMSG7.FBC.z	DT_EVTMSG7.FBC/dt_EVTMSG7.txtbin	49	utf-8	ポップアップヒーローＸ
romdata/DT/GM_DT_EVTMSG7.FBC.z	DT_EVTMSG7.FBC/dt_EVTMSG7.txtbin	100	utf-8	{15}CT}1~え？　いいんですか？ \n{15}CT}1~こんなステキなおうち… \n{15}CT}1~{ESC}GR}1~ゲイル{ESC}WT}1~市長ってやさしいんですね{13}
romdata/DT/GM_DT_EVTMSG7.FBC.z	DT_EVTMSG7.FBC/dt_EVTMSG7.txtbin	101	utf-8	{15}CT}1~わぁ…フレアスカート… \n{15}CT}1~もらっちゃっていいんですか？ \n{15}CT}1~ありがとうございます \n{15}CT}1~{ESC}GR}1~ローチェ{ESC}WT}1~神父！{13}
romdata/DT/GM_DT_EVTMSG7.FBC.z	DT_EVTMSG7.FBC/dt_EVTMSG7.txtbin	102	utf-8	{15}CT}1~かわいい絵本ばっかり… \n{15}CT}1~アムーリ　こういうのだいすきっ \n{15}CT}1~{ESC}GR}1~ダードラー{ESC}WT}1~さん！　ありがとう！{13}
romdata/DT/GM_DT_EVTMSG7.FBC.z	DT_EVTMSG7.FBC/dt_EVTMSG7.txtbin	103	utf-8	{15}CT}1~いつも　アムーリのために \n{15}CT}1~とどけて　もらって \n{15}CT}1~あ・り・が・と・う！　{ESC}GR}1~ハリー{ESC}WT}1~さん！{13}
romdata/DT/GM_DT_EVTMSG7.FBC.z	DT_EVTMSG7.FBC/dt_EVTMSG7.txtbin	104	utf-8	{15}CT}1~{ESC}GR}1~メディット{ESC}WT}1~さんのおかげで \n{15}CT}1~カゼも　すっかりよくなりました！ \n{15}CT}1~かんびょうも　お上手なのねっ{13}
romdata/DT/GM_DT_EVTMSG7.FBC.z	DT_EVTMSG7.FBC/dt_EVTMSG7.txtbin	105	utf-8	{15}CT}1~やーん　アムーリ \n{15}CT}1~お魚　さばいたことなんてなーい！ \n{15}CT}1~{ESC}GR}1~マリスー{ESC}WT}1~おねがーい{13}
romdata/DT/GM_DT_EVTMSG7.FBC.z	DT_EVTMSG7.FBC/dt_EVTMSG7.txtbin	106	utf-8	{15}CT}1~　 \n{15}CT}1~{ESC}GR}1~ディクト{ESC}WT}1~！　虫が出たの！ \n{15}CT}1~たすけてー　アムーリ　こわーい！{13}
romdata/DT/GM_DT_EVTMSG7.FBC.z	DT_EVTMSG7.FBC/dt_EVTMSG7.txtbin	108	utf-8	ここは{ESC}RD}1~試練のダンジョン{ESC}WT}1~です \n{ESC}YL}1~アイテム{ESC}WT}1~の持込み 持出しができず \nＬｖが制限され 中断もできません{13}
romdata/DT/GM_DT_EVTMSG7.FBC.z	DT_EVTMSG7.FBC/dt_EVTMSG7.txtbin	109	utf-8	『ずっとくらやみ』 \nＬｖ上限：１０ \nルール：階段をさがせ{13}
romdata/DT/GM_DT_EVTMSG7.FBC.z	DT_EVTMSG7.FBC/dt_EVTMSG7.txtbin	110	utf-8	『プリンパフェ』 \nＬｖ上限：１０ \nルール：残さずたおせ{13}
romdata/DT/GM_DT_EVTMSG7.FBC.z	DT_EVTMSG7.FBC/dt_EVTMSG7.txtbin	111	utf-8	『いっちょくせん』 \nＬｖ上限：１０ \nルール：残さずたおせ{13}
romdata/DT/GM_DT_EVTMSG7.FBC.z	DT_EVTMSG7.FBC/dt_EVTMSG7.txtbin	112	utf-8	『ボムじごく』 \nＬｖ上限：１０ \nルール：おくをめざせ{13}
romdata/DT/GM_DT_EVTMSG7.FBC.z	DT_EVTMSG7.FBC/dt_EVTMSG7.txtbin	113	utf-8	『おなかがすいたぁ』 \nＬｖ上限：２０ \nルール：階段をさがせ{13}
romdata/DT/GM_DT_EVTMSG7.FBC.z	DT_EVTMSG7.FBC/dt_EVTMSG7.txtbin	114	utf-8	『自分だけＨＰが１』 \nＬｖ上限：２０ \nルール：階段をさがせ{13}
romdata/DT/GM_DT_EVTMSG7.FBC.z	DT_EVTMSG7.FBC/dt_EVTMSG7.txtbin	116	utf-8	{15}CT}1~私は　この人生を \n{15}CT}1~神にささげて \n{15}CT}1~生きることを　ちかいます{13}
romdata/DT/GM_DT_EVTMSG7.FBC.z	DT_EVTMSG7.FBC/dt_EVTMSG7.txtbin	117	utf-8	{15}CT}1~　 \n{15}CT}1~悪をほろぼし \n{15}CT}1~善の道を　すすみます{13}
romdata/DT/GM_DT_EVTMSG7.FBC.z	DT_EVTMSG7.FBC/dt_EVTMSG7.txtbin	118	utf-8	{15}CT}1~へいわな　日々に \n{15}CT}1~ありがとうと　思いをこめて \n{15}CT}1~さあ　いのりましょう{13}
romdata/DT/GM_DT_EVTMSG7.FBC.z	DT_EVTMSG7.FBC/dt_EVTMSG7.txtbin	119	utf-8	{15}CT}1~私たちは　神のおみちびきによって \n{15}CT}1~正しいことを \n{15}CT}1~行わなければなりません{13}
romdata/DT/GM_DT_EVTMSG7.FBC.z	DT_EVTMSG7.FBC/dt_EVTMSG7.txtbin	120	utf-8	{15}CT}1~　 \n{15}CT}1~正しくないものは \n{15}CT}1~正さねばなりません{13}
romdata/DT/GM_DT_EVTMSG7.FBC.z	DT_EVTMSG7.FBC/dt_EVTMSG7.txtbin	121	utf-8	{15}CT}1~まちがったことを \n{15}CT}1~そのままにすることが \n{15}CT}1~『つみ』なのです{13}
romdata/DT/GM_DT_EVTMSG7.FBC.z	DT_EVTMSG7.FBC/dt_EVTMSG7.txtbin	123	utf-8	『ゴブリン王国』 \nＬｖ上限：１５ \nルール：残さずたおせ{13}
romdata/DT/GM_DT_EVTMSG7.FBC.z	DT_EVTMSG7.FBC/dt_EVTMSG7.txtbin	124	utf-8	『スピードオーバー』 \nＬｖ上限：３０ \nルール：階段をさがせ{13}
romdata/DT/GM_DT_EVTMSG7.FBC.z	DT_EVTMSG7.FBC/dt_EVTMSG7.txtbin	125	utf-8	『よこいっちょくせん』 \nＬｖ上限：３０ \nルール：残さずたおせ{13}
romdata/DT/GM_DT_EVTMSG7.FBC.z	DT_EVTMSG7.FBC/dt_EVTMSG7.txtbin	126	utf-8	『大部屋・中部屋・小部屋』 \nＬｖ上限：３０ \nルール：階段をさがせ{13}
romdata/DT/GM_DT_EVTMSG7.FBC.z	DT_EVTMSG7.FBC/dt_EVTMSG7.txtbin	127	utf-8	『でっかいワールド』 \nＬｖ上限：３５ \nルール：残さずたおせ{13}
romdata/DT/GM_DT_EVTMSG7.FBC.z	DT_EVTMSG7.FBC/dt_EVTMSG7.txtbin	128	utf-8	『れんぞくバトル』 \nＬｖ上限：６０ \nルール：おくをめざせ{13}
romdata/DT/GM_DT_EVTMSG7.FBC.z	DT_EVTMSG7.FBC/dt_EVTMSG7.txtbin	130	utf-8	『炎と氷』 \nＬｖ上限：２０ \nルール：おくをめざせ{13}
romdata/DT/GM_DT_EVTMSG7.FBC.z	DT_EVTMSG7.FBC/dt_EVTMSG7.txtbin	132	utf-8	{15}CT}1~　 \n{15}CT}1~あなた…だれ？ \n{15}CT}1~やだ…すごいケガじゃない！{13}
romdata/DT/GM_DT_EVTMSG7.FBC.z	DT_EVTMSG7.FBC/dt_EVTMSG7.txtbin	133	utf-8	{15}CT}1~　 \n{15}CT}1~あたしの住んでる　{ESC}BL}1~牧場{ESC}WT}1~が \n{15}CT}1~すぐ近くだから　手当てするわ！{13}
romdata/DT/GM_DT_EVTMSG7.FBC.z	DT_EVTMSG7.FBC/dt_EVTMSG7.txtbin	134	utf-8	{15}CT}1~　 \n{15}CT}1~あなた名前は？ \n{15}CT}1~…そう　いい名前ね！{13}
romdata/DT/GM_DT_EVTMSG7.FBC.z	DT_EVTMSG7.FBC/dt_EVTMSG7.txtbin	135	utf-8	{15}CT}1~　 \n{15}CT}1~さ　もっと食べて \n{15}CT}1~元気になって！{13}
romdata/DT/GM_DT_EVTMSG7.FBC.z	DT_EVTMSG7.FBC/dt_EVTMSG7.txtbin	136	utf-8	{15}CT}1~　 \n{15}CT}1~え？　あなた \n{15}CT}1~トレジャーハンターなの？{13}
romdata/DT/GM_DT_EVTMSG7.FBC.z	DT_EVTMSG7.FBC/dt_EVTMSG7.txtbin	137	utf-8	{15}CT}1~この街で　たからものなんて \n{15}CT}1~見たことないわよ？ \n{15}CT}1~え？　あたし？？　アハハ{13}
romdata/DT/GM_DT_EVTMSG7.FBC.z	DT_EVTMSG7.FBC/dt_EVTMSG7.txtbin	139	utf-8	『ダンジョンオブヒーロー！』 \nＬｖ上限：９９ \nルール：おくをめざせ{13}
romdata/DT/GM_DT_EVTMSG7.FBC.z	DT_EVTMSG7.FBC/dt_EVTMSG7.txtbin	140	utf-8	『不思議なダンジョン』 \n開始Ｌｖ：１ \nルール：おくをめざせ{13}
romdata/DT/GM_DT_EVTMSG7.FBC.z	DT_EVTMSG7.FBC/dt_EVTMSG7.txtbin	141	utf-8	『⑮生の炎』 \nＬｖ上限：６０ \nルール：おくをめざせ{13}
romdata/DT/GM_DT_EVTMSG7.FBC.z	DT_EVTMSG7.FBC/dt_EVTMSG7.txtbin	142	utf-8	『大海原の主』 \nＬｖ上限：７０ \nルール：おくをめざせ{13}
romdata/DT/GM_DT_EVTMSG7.FBC.z	DT_EVTMSG7.FBC/dt_EVTMSG7.txtbin	143	utf-8	『聖なる審判』 \nＬｖ上限：８０ \nルール：おくをめざせ{13}
romdata/DT/GM_DT_EVTMSG7.FBC.z	DT_EVTMSG7.FBC/dt_EVTMSG7.txtbin	144	utf-8	『偉大なる竜王』 \nＬｖ上限：９９ \nルール：おくをめざせ{13}
romdata/DT/GM_DT_EVTMSG7.FBC.z	DT_EVTMSG7.FBC/dt_EVTMSG7.txtbin	148	utf-8	{15}CT}1~　 \n{15}CT}1~海が　おだやかだな… \n{15}CT}1~今日は魚がたくさん　つれそうだ{13}
romdata/DT/GM_DT_EVTMSG7.FBC.z	DT_EVTMSG7.FBC/dt_EVTMSG7.txtbin	149	utf-8	{15}CT}1~つりはいいぞ \n{15}CT}1~つれても　つれなくても \n{15}CT}1~おもしろい{13}
romdata/DT/GM_DT_EVTMSG7.FBC.z	DT_EVTMSG7.FBC/dt_EVTMSG7.txtbin	150	utf-8	{15}CT}1~海を見ろよ \n{15}CT}1~水の中でおよぐ \n{15}CT}1~魚が見えるだろ？{13}
romdata/DT/GM_DT_EVTMSG7.FBC.z	DT_EVTMSG7.FBC/dt_EVTMSG7.txtbin	151	utf-8	{15}CT}1~　 \n{15}CT}1~およぐ魚のすがたは \n{15}CT}1~いつ見ても　うつくしい{13}
romdata/DT/GM_DT_EVTMSG7.FBC.z	DT_EVTMSG7.FBC/dt_EVTMSG7.txtbin	152	utf-8	{15}CT}1~　 \n{15}CT}1~魚をながめているだけで \n{15}CT}1~時間を忘れちまいそうだ{13}
romdata/DT/GM_DT_EVTMSG7.FBC.z	DT_EVTMSG7.FBC/dt_EVTMSG7.txtbin	153	utf-8	{15}CT}1~　 \n{15}CT}1~よっと　魚がつれた！ \n{15}CT}1~今日はこのへんにするか{13}
romdata/DT/GM_DT_EVTMSG7.FBC.z	DT_EVTMSG7.FBC/dt_EVTMSG7.txtbin	154	utf-8	{15}CT}1~　 \n{15}CT}1~今日も　いい魚が　つれたぞ！ \n{15}CT}1~さあ　帰ってメシにするか！{13}
romdata/DT/GM_DT_EVTMSG7.FBC.z	DT_EVTMSG7.FBC/dt_EVTMSG7.txtbin	156	utf-8	{15}CT}1~われわれの　まもらねばならない \n{15}CT}1~ただひとつの　ルール… \n{15}CT}1~それは　忘れること…{13}
romdata/DT/GM_DT_EVTMSG7.FBC.z	DT_EVTMSG7.FBC/dt_EVTMSG7.txtbin	157	utf-8	{15}CT}1~忘れてしまえば \n{15}CT}1~あらそいも \n{15}CT}1~いかりも　かなしみも \n{15}CT}1~すべてなくなります…{13}
romdata/DT/GM_DT_EVTMSG7.FBC.z	DT_EVTMSG7.FBC/dt_EVTMSG7.txtbin	158	utf-8	 \n{15}CT}1~思い出してしまえば \n{15}CT}1~すべてが　おわる…{13}
romdata/DT/GM_DT_EVTMSG7.FBC.z	DT_EVTMSG7.FBC/dt_EVTMSG7.txtbin	159	utf-8	{15}CT}1~そんなことは \n{15}CT}1~市長として \n{15}CT}1~ゆるせません！{13}
romdata/DT/GM_DT_EVTMSG7.FBC.z	DT_EVTMSG7.FBC/dt_EVTMSG7.txtbin	160	utf-8	 \n{15}CT}1~そう \n{15}CT}1~忘却こそ　美徳なのです…{13}
romdata/DT/GM_DT_EVTMSG7.FBC.z	DT_EVTMSG7.FBC/dt_EVTMSG7.txtbin	161	utf-8	{15}CT}1~私の名は　{ESC}GR}1~ゲイル{ESC}WT}1~ \n{15}CT}1~この街の \n{15}CT}1~市長です！{13}
romdata/DT/GM_DT_EVTMSG7.FBC.z	DT_EVTMSG7.FBC/dt_EVTMSG7.txtbin	164	utf-8	 \n{15}CT}1~タイクツだなぁ… \n{15}CT}1~へいわだねぇ{13}
romdata/DT/GM_DT_EVTMSG7.FBC.z	DT_EVTMSG7.FBC/dt_EVTMSG7.txtbin	165	utf-8	{15}CT}1~オレみたいな天才は \n{15}CT}1~何かないと \n{15}CT}1~やくにたたないもんだ{13}
romdata/DT/GM_DT_EVTMSG7.FBC.z	DT_EVTMSG7.FBC/dt_EVTMSG7.txtbin	166	utf-8	{15}CT}1~　 \n{15}CT}1~ふぅ…せっかく　しつのいい \n{15}CT}1~{ESC}YL}1~ポーション{ESC}WT}1~も作ったのにな{13}
romdata/DT/GM_DT_EVTMSG7.FBC.z	DT_EVTMSG7.FBC/dt_EVTMSG7.txtbin	167	utf-8	 \n{15}CT}1~だれか　けがでも \n{15}CT}1~してくれねぇかな…なんてな{13}
romdata/DT/GM_DT_EVTMSG7.FBC.z	DT_EVTMSG7.FBC/dt_EVTMSG7.txtbin	168	utf-8	 \n{15}CT}1~オレが　ヒマなのが \n{15}CT}1~へいわのあかしってね{13}
romdata/DT/GM_DT_EVTMSG7.FBC.z	DT_EVTMSG7.FBC/dt_EVTMSG7.txtbin	169	utf-8	　 \n{15}CT}1~新しい　じっけんでもして \n{15}CT}1~ヒマをつぶすか{13}
romdata/DT/GM_DT_EVTMSG7.FBC.z	DT_EVTMSG7.FBC/dt_EVTMSG7.txtbin	170	utf-8	 \n{15}CT}1~ん…？　あれは！？ \n{15}CT}1~人がたおれてるぞ！{13}
romdata/DT/GM_DT_EVTMSG7.FBC.z	DT_EVTMSG7.FBC/dt_EVTMSG7.txtbin	180	utf-8	{15}CT}1~　 \n{15}CT}1~花を　さかせたいのかい？ \n{15}CT}1~いいよ　おしえてあげよう{13}
romdata/DT/GM_DT_EVTMSG7.FBC.z	DT_EVTMSG7.FBC/dt_EVTMSG7.txtbin	181	utf-8	{15}CT}1~まあ　花っていうのは \n{15}CT}1~あいじょうを　 \n{15}CT}1~こめるのが　一番なんだ{13}
romdata/DT/GM_DT_EVTMSG7.FBC.z	DT_EVTMSG7.FBC/dt_EVTMSG7.txtbin	182	utf-8	{15}CT}1~　 \n{15}CT}1~そだててくれた人の \n{15}CT}1~きもちに　きっと　こたえてくれるよ{13}
romdata/DT/GM_DT_EVTMSG7.FBC.z	DT_EVTMSG7.FBC/dt_EVTMSG7.txtbin	183	utf-8	{15}CT}1~　 \n{15}CT}1~さあ　まずはじゅんび \n{15}CT}1~やわらかくて　いい土を見つけるんだ{13}
romdata/DT/GM_DT_EVTMSG7.FBC.z	DT_EVTMSG7.FBC/dt_EVTMSG7.txtbin	184	utf-8	{15}CT}1~　 \n{15}CT}1~しょくぶつってのは \n{15}CT}1~土がないと　そだたないだろう？{13}
romdata/DT/GM_DT_EVTMSG7.FBC.z	DT_EVTMSG7.FBC/dt_EVTMSG7.txtbin	185	utf-8	{15}CT}1~　 \n{15}CT}1~土がよくないと \n{15}CT}1~花もよくそだたないのさ{13}
romdata/DT/GM_DT_EVTMSG7.FBC.z	DT_EVTMSG7.FBC/dt_EVTMSG7.txtbin	196	utf-8	{15}CT}1~　 \n{15}CT}1~はたらいたら　まけだよなぁー \n{15}CT}1~毎日がつらくなるだけさ{13}
romdata/DT/GM_DT_EVTMSG7.FBC.z	DT_EVTMSG7.FBC/dt_EVTMSG7.txtbin	197	utf-8	{15}CT}1~　 \n{15}CT}1~何ではたらかなきゃならないんだ？ \n{15}CT}1~オレは　はたらきたくないんだよ{13}
romdata/DT/GM_DT_EVTMSG7.FBC.z	DT_EVTMSG7.FBC/dt_EVTMSG7.txtbin	198	utf-8	{15}CT}1~　 \n{15}CT}1~　 \n{15}CT}1~オレ　ダメなヤツだよな…{13}
romdata/DT/GM_DT_EVTMSG7.FBC.z	DT_EVTMSG7.FBC/dt_EVTMSG7.txtbin	199	utf-8	{15}CT}1~　 \n{15}CT}1~明日やれることは \n{15}CT}1~明日やるよ…{13}
romdata/DT/GM_DT_EVTMSG7.FBC.z	DT_EVTMSG7.FBC/dt_EVTMSG7.txtbin	200	utf-8	{15}CT}1~　 \n{15}CT}1~たとえ　はたらきたくても \n{15}CT}1~しごとがないんだ{13}
romdata/DT/GM_DT_EVTMSG7.FBC.z	DT_EVTMSG7.FBC/dt_EVTMSG7.txtbin	201	utf-8	{15}CT}1~こどものころは \n{15}CT}1~『竜騎士になりたい』 \n{15}CT}1~なんて思ってたんだけどな{13}
romdata/DT/GM_DT_EVTMSG7.FBC.z	DT_EVTMSG7.FBC/dt_EVTMSG7.txtbin	202	utf-8	{15}CT}1~　 \n{15}CT}1~むかしの　ゆめなんて… \n{15}CT}1~もう忘れたよ{13}
romdata/DT/GM_DT_EVTMSG7.FBC.z	DT_EVTMSG7.FBC/dt_EVTMSG7.txtbin	212	utf-8	{15}CT}1~　 \n{15}CT}1~　 \n{15}CT}1~私の…大切な人…{13}
romdata/DT/GM_DT_EVTMSG7.FBC.z	DT_EVTMSG7.FBC/dt_EVTMSG7.txtbin	213	utf-8	{15}CT}1~　 \n{15}CT}1~今はあまりよくはないけど… \n{15}CT}1~そのうちきっと　よくなるわ{13}
romdata/DT/GM_DT_EVTMSG7.FBC.z	DT_EVTMSG7.FBC/dt_EVTMSG7.txtbin	214	utf-8	{15}CT}1~　 \n{15}CT}1~あなたは　あなたが \n{15}CT}1~思っているいじょうに \n{15}CT}1~がんばれる人だもの{13}
romdata/DT/GM_DT_EVTMSG7.FBC.z	DT_EVTMSG7.FBC/dt_EVTMSG7.txtbin	215	utf-8	{15}CT}1~　 \n{15}CT}1~　 \n{15}CT}1~あなたを見ていると…私…{13}
romdata/DT/GM_DT_EVTMSG7.FBC.z	DT_EVTMSG7.FBC/dt_EVTMSG7.txtbin	216	utf-8	{15}CT}1~　 \n{15}CT}1~え？　ホントに？ \n{15}CT}1~ホントに…私のことが？{13}
romdata/DT/GM_DT_EVTMSG7.FBC.z	DT_EVTMSG7.FBC/dt_EVTMSG7.txtbin	217	utf-8	{15}CT}1~　 \n{15}CT}1~　 \n{15}CT}1~無理はしないでね{13}
romdata/DT/GM_DT_EVTMSG7.FBC.z	DT_EVTMSG7.FBC/dt_EVTMSG7.txtbin	218	utf-8	{15}CT}1~　 \n{15}CT}1~私はあなたがあなたでいることの \n{15}CT}1~ほうが大切だと思うわ{13}
romdata/DT/GM_DT_EVTMSG7.FBC.z	DT_EVTMSG7.FBC/dt_EVTMSG7.txtbin	219	utf-8	{15}CT}1~　 \n{15}CT}1~ずっと　あなたの \n{15}CT}1~そばにいるわ{13}
romdata/DT/GM_DT_EVTMSG7.FBC.z	DT_EVTMSG7.FBC/dt_EVTMSG7.txtbin	220	utf-8	{15}CT}1~　 \n{15}CT}1~だいじょうぶ　きっと \n{15}CT}1~うまくいくわ{13}
romdata/DT/GM_DT_EVTMSG7.FBC.z	DT_EVTMSG7.FBC/dt_EVTMSG7.txtbin	228	utf-8	{15}CT}1~やあ！　{ESC}GR}1~ステラ{ESC}WT}1~さん！ \n{15}CT}1~いつも　おいしいクッキーを \n{15}CT}1~ありがとう{13}
romdata/DT/GM_DT_EVTMSG7.FBC.z	DT_EVTMSG7.FBC/dt_EVTMSG7.txtbin	229	utf-8	{15}CT}1~　 \n{15}CT}1~よかったら \n{15}CT}1~アツいココアでもいかがですか？{13}
romdata/DT/GM_DT_EVTMSG7.FBC.z	DT_EVTMSG7.FBC/dt_EVTMSG7.txtbin	230	utf-8	{15}CT}1~　 \n{15}CT}1~けいきのいい \n{15}CT}1~音楽もありますよ{13}
romdata/DT/GM_DT_EVTMSG7.FBC.z	DT_EVTMSG7.FBC/dt_EVTMSG7.txtbin	231	utf-8	{15}CT}1~{ESC}GR}1~ステラ{ESC}WT}1~さん…もし　よかったら \n{15}CT}1~この店で… \n{15}CT}1~…なんて…言えるわけもないか…{13}
romdata/DT/GM_DT_EVTMSG7.FBC.z	DT_EVTMSG7.FBC/dt_EVTMSG7.txtbin	232	utf-8	{15}CT}1~あ　{ESC}GR}1~ステラ{ESC}WT}1~さん？ \n{15}CT}1~い　いや　なんでも… \n{15}CT}1~なんでもないんですよ{13}
romdata/DT/GM_DT_EVTMSG7.FBC.z	DT_EVTMSG7.FBC/dt_EVTMSG7.txtbin	233	utf-8	{15}CT}1~　 \n{15}CT}1~今日も言えなかったなぁ… \n{15}CT}1~このままじゃ　いけないよなぁ{13}
romdata/DT/GM_DT_EVTMSG7.FBC.z	DT_EVTMSG7.FBC/dt_EVTMSG7.txtbin	243	utf-8	{15}CT}1~　 \n{15}CT}1~お父さん　お母さん \n{15}CT}1~ボク　妹がほしいな{13}
romdata/DT/GM_DT_EVTMSG7.FBC.z	DT_EVTMSG7.FBC/dt_EVTMSG7.txtbin	244	utf-8	{15}CT}1~　 \n{15}CT}1~おこづかい　ためれば \n{15}CT}1~かえるの？{13}
romdata/DT/GM_DT_EVTMSG7.FBC.z	DT_EVTMSG7.FBC/dt_EVTMSG7.txtbin	245	utf-8	{15}CT}1~お父さん　ボクに　妹が \n{15}CT}1~できたら　どうしてあげるのが \n{15}CT}1~いいかな？{13}
romdata/DT/GM_DT_EVTMSG7.FBC.z	DT_EVTMSG7.FBC/dt_EVTMSG7.txtbin	246	utf-8	{15}CT}1~カエルとか　すきかな？ \n{15}CT}1~だったら　やだな \n{15}CT}1~花のにおいとか　すきかな？ \n{15}CT}1~いっしょに　かぎたいな{13}
romdata/DT/GM_DT_EVTMSG7.FBC.z	DT_EVTMSG7.FBC/dt_EVTMSG7.txtbin	247	utf-8	{15}CT}1~きみは　だれ？ \n{15}CT}1~おにーちゃんって \n{15}CT}1~だれのこと？{13}
romdata/DT/GM_DT_EVTMSG7.FBC.z	DT_EVTMSG7.FBC/dt_EVTMSG7.txtbin	248	utf-8	{15}CT}1~きみは… \n{15}CT}1~ボクの妹？ \n{15}CT}1~ボクには　妹がいたの？\n
romdata/DT/GM_DT_EVTMSG7.FBC.z	DT_EVTMSG7.FBC/dt_EVTMSG7.txtbin	259	utf-8	{15}CT}1~ねぇ　コレなに？ \n{15}CT}1~かわいいね \n{15}CT}1~え？　いやなの？{13}
romdata/DT/GM_DT_EVTMSG7.FBC.z	DT_EVTMSG7.FBC/dt_EVTMSG7.txtbin	260	utf-8	{15}CT}1~　 \n{15}CT}1~わぁ　いいにおい！ \n{15}CT}1~これ　ぜんぶくれるの？{13}
romdata/DT/GM_DT_EVTMSG7.FBC.z	DT_EVTMSG7.FBC/dt_EVTMSG7.txtbin	261	utf-8	{15}CT}1~　 \n{15}CT}1~　 \n{15}CT}1~ねぇ　あした　どこいこうか！？{13}
romdata/DT/GM_DT_EVTMSG7.FBC.z	DT_EVTMSG7.FBC/dt_EVTMSG7.txtbin	262	utf-8	{15}CT}1~アタシ… \n{15}CT}1~…ぐすっ \n{15}CT}1~ひとりぼっちなの？{13}
romdata/DT/GM_DT_EVTMSG7.FBC.z	DT_EVTMSG7.FBC/dt_EVTMSG7.txtbin	263	utf-8	{15}CT}1~このこえは… \n{15}CT}1~おとーさん？ \n{15}CT}1~おかーさん？ \n{15}CT}1~ううん　どっちでもない…{13}
romdata/DT/GM_DT_EVTMSG7.FBC.z	DT_EVTMSG7.FBC/dt_EVTMSG7.txtbin	264	utf-8	{15}CT}1~え…？　 \n{15}CT}1~アタシを　よんでる？ \n{15}CT}1~ロディ？ \n{15}CT}1~このこえは　ロディだ！{13}
romdata/DT/GM_DT_EVTMSG7.FBC.z	DT_EVTMSG7.FBC/dt_EVTMSG7.txtbin	275	utf-8	{15}CT}1~　 \n{15}CT}1~オレは… \n{15}CT}1~まけたのか…{13}
romdata/DT/GM_DT_EVTMSG7.FBC.z	DT_EVTMSG7.FBC/dt_EVTMSG7.txtbin	276	utf-8	{15}CT}1~　 \n{15}CT}1~このていどのダメージで… \n{15}CT}1~ぐっ　キズが…{13}
romdata/DT/GM_DT_EVTMSG7.FBC.z	DT_EVTMSG7.FBC/dt_EVTMSG7.txtbin	277	utf-8	{15}CT}1~　 \n{15}CT}1~今までずっと \n{15}CT}1~ずっと　戦ってきた{13}
romdata/DT/GM_DT_EVTMSG7.FBC.z	DT_EVTMSG7.FBC/dt_EVTMSG7.txtbin	278	utf-8	{15}CT}1~　 \n{15}CT}1~そして… \n{15}CT}1~ずっと　かってきた{13}
romdata/DT/GM_DT_EVTMSG7.FBC.z	DT_EVTMSG7.FBC/dt_EVTMSG7.txtbin	279	utf-8	{15}CT}1~　 \n{15}CT}1~　 \n{15}CT}1~ふふ…上には上がいる…か{13}
romdata/DT/GM_DT_EVTMSG7.FBC.z	DT_EVTMSG7.FBC/dt_EVTMSG7.txtbin	280	utf-8	{15}CT}1~強敵との \n{15}CT}1~戦いにこそ \n{15}CT}1~よろこびがある{13}
romdata/DT/GM_DT_EVTMSG7.FBC.z	DT_EVTMSG7.FBC/dt_EVTMSG7.txtbin	281	utf-8	{15}CT}1~　 \n{15}CT}1~　 \n{15}CT}1~もう戦えないかもな…{13}
romdata/DT/GM_DT_EVTMSG7.FBC.z	DT_EVTMSG7.FBC/dt_EVTMSG7.txtbin	282	utf-8	{15}CT}1~　 \n{15}CT}1~ここでおわるのか… \n{15}CT}1~それもわるくない{13}
romdata/DT/GM_DT_EVTMSG7.FBC.z	DT_EVTMSG7.FBC/dt_EVTMSG7.txtbin	283	utf-8	{15}CT}1~　 \n{15}CT}1~体が　まったく \n{15}CT}1~うごかないとはな…{13}
romdata/DT/GM_DT_EVTMSG7.FBC.z	DT_EVTMSG7.FBC/dt_EVTMSG7.txtbin	291	utf-8	{15}CT}1~さいきん　{ESC}GR}1~シド{ESC}WT}1~が何かを \n{15}CT}1~つかんだらしいわ \n{15}CT}1~ふふ　お宝のにおいがするわね{13}
romdata/DT/GM_DT_EVTMSG7.FBC.z	DT_EVTMSG7.FBC/dt_EVTMSG7.txtbin	292	utf-8	{15}CT}1~{ESC}GR}1~ヴォルグ{ESC}WT}1~！　いくわよ！ \n{15}CT}1~…何よ　何かモンクでもあるわけ？ \n{15}CT}1~ほら　早く！{13}
romdata/DT/GM_DT_EVTMSG7.FBC.z	DT_EVTMSG7.FBC/dt_EVTMSG7.txtbin	293	utf-8	{15}CT}1~まったく… \n{15}CT}1~タイクツは敵だって \n{15}CT}1~言ってるでしょう？{13}
romdata/DT/GM_DT_EVTMSG7.FBC.z	DT_EVTMSG7.FBC/dt_EVTMSG7.txtbin	294	utf-8	{15}CT}1~チャンスは　まってくれないわ！ \n{15}CT}1~お宝の手がかりを　みすごすなんて \n{15}CT}1~あたしにはできない！{13}
romdata/DT/GM_DT_EVTMSG7.FBC.z	DT_EVTMSG7.FBC/dt_EVTMSG7.txtbin	295	utf-8	{15}CT}1~あたしは{ESC}GR}1~イルマ{ESC}WT}1~ \n{15}CT}1~トレジャーハンターの{ESC}GR}1~イルマ{ESC}WT}1~！ \n{15}CT}1~ねらったエモノは必ず手に入れる！{13}
romdata/DT/GM_DT_EVTMSG7.FBC.z	DT_EVTMSG7.FBC/dt_EVTMSG7.txtbin	297	utf-8	{15}CT}1~　 \n{15}CT}1~呪い… \n{15}CT}1~それは　しばられること{13}
romdata/DT/GM_DT_EVTMSG7.FBC.z	DT_EVTMSG7.FBC/dt_EVTMSG7.txtbin	298	utf-8	{15}CT}1~われわれは　時にしばられ \n{15}CT}1~思い出にしばられ \n{15}CT}1~コトバにしばられる{13}
romdata/DT/GM_DT_EVTMSG7.FBC.z	DT_EVTMSG7.FBC/dt_EVTMSG7.txtbin	299	utf-8	{15}CT}1~神にいのり \n{15}CT}1~さまざまな　呪いから \n{15}CT}1~ときはなたれねばならないのです{13}
romdata/DT/GM_DT_EVTMSG7.FBC.z	DT_EVTMSG7.FBC/dt_EVTMSG7.txtbin	300	utf-8	{15}CT}1~私は　{ESC}GR}1~ローチェ{ESC}WT}1~ \n{15}CT}1~あなたと　おなじく \n{15}CT}1~神と　ともに　生きるものです！{13}
romdata/DT/GM_DT_EVTMSG7.FBC.z	DT_EVTMSG7.FBC/dt_EVTMSG7.txtbin	302	utf-8	{15}CT}1~　 \n{15}CT}1~おいで{ESC}GR}1~シロマ{ESC}WT}1~！ \n{15}CT}1~今すぐ　この街からにげるんだ！！{13}
romdata/DT/GM_DT_EVTMSG7.FBC.z	DT_EVTMSG7.FBC/dt_EVTMSG7.txtbin	303	utf-8	{15}CT}1~この街を出て \n{15}CT}1~{ESC}BL}1~牧場{ESC}WT}1~で　くらそう！ \n{15}CT}1~思い出が　なくなっちまう前に{13}
romdata/DT/GM_DT_EVTMSG7.FBC.z	DT_EVTMSG7.FBC/dt_EVTMSG7.txtbin	304	utf-8	{15}CT}1~うれしいことも \n{15}CT}1~くるしいことも　ぜんぶ \n{15}CT}1~大切な思い出なんだ{13}
romdata/DT/GM_DT_EVTMSG7.FBC.z	DT_EVTMSG7.FBC/dt_EVTMSG7.txtbin	305	utf-8	{15}CT}1~この街のみんなのことも \n{15}CT}1~そして　あの人のことだって… \n{15}CT}1~おぼえていたいんだよ…{13}
romdata/DT/GM_DT_EVTMSG7.FBC.z	DT_EVTMSG7.FBC/dt_EVTMSG7.txtbin	306	utf-8	{15}CT}1~そう　あたしは　{ESC}GR}1~ステラ{ESC}WT}1~ \n{15}CT}1~あたたかい \n{15}CT}1~思い出をもつ　女さ！{13}
romdata/DT/GM_DT_EVTMSG7.FBC.z	DT_EVTMSG7.FBC/dt_EVTMSG7.txtbin	308	utf-8	{15}CT}1~さしみ　しおやき　につけ… \n{15}CT}1~やっぱり魚は \n{15}CT}1~おいしくて　さいこうだ！{13}
romdata/DT/GM_DT_EVTMSG7.FBC.z	DT_EVTMSG7.FBC/dt_EVTMSG7.txtbin	309	utf-8	{15}CT}1~それだけじゃない \n{15}CT}1~およいでるときの　うつくしさも \n{15}CT}1~すばらしいもんだ{13}
romdata/DT/GM_DT_EVTMSG7.FBC.z	DT_EVTMSG7.FBC/dt_EVTMSG7.txtbin	310	utf-8	{15}CT}1~さらに言うなら \n{15}CT}1~魚をつるときのかけひき… \n{15}CT}1~それがつりの　おもしろさだ{13}
romdata/DT/GM_DT_EVTMSG7.FBC.z	DT_EVTMSG7.FBC/dt_EVTMSG7.txtbin	311	utf-8	{15}CT}1~　 \n{15}CT}1~だいじな　魚の命だからな \n{15}CT}1~大切に　のこさず食べないとな{13}
romdata/DT/GM_DT_EVTMSG7.FBC.z	DT_EVTMSG7.FBC/dt_EVTMSG7.txtbin	312	utf-8	{15}CT}1~　 \n{15}CT}1~オレは　{ESC}GR}1~マリス{ESC}WT}1~ \n{15}CT}1~{ESC}BL}1~魚屋{ESC}WT}1~の　{ESC}GR}1~マリス{ESC}WT}1~だ！{13}
romdata/DT/GM_DT_EVTMSG7.FBC.z	DT_EVTMSG7.FBC/dt_EVTMSG7.txtbin	314	utf-8	{15}CT}1~　 \n{15}CT}1~{ESC}YL}1~ポーション{ESC}WT}1~？ \n{15}CT}1~もちろん作れるさ{13}
romdata/DT/GM_DT_EVTMSG7.FBC.z	DT_EVTMSG7.FBC/dt_EVTMSG7.txtbin	315	utf-8	{15}CT}1~　 \n{15}CT}1~バクヤク？ \n{15}CT}1~ああ　作れるぞ{13}
romdata/DT/GM_DT_EVTMSG7.FBC.z	DT_EVTMSG7.FBC/dt_EVTMSG7.txtbin	316	utf-8	{15}CT}1~キズをなおす　{ESC}YL}1~ポーション{ESC}WT}1~も \n{15}CT}1~モノをこわす　バクヤクも \n{15}CT}1~つかいかた　しだいなのさ{13}
romdata/DT/GM_DT_EVTMSG7.FBC.z	DT_EVTMSG7.FBC/dt_EVTMSG7.txtbin	317	utf-8	{15}CT}1~オレは　{ESC}BL}1~薬屋{ESC}WT}1~{ESC}GR}1~メディット{ESC}WT}1~！ \n{15}CT}1~あらゆるくすりを　つくりあげる \n{15}CT}1~天才くすりしだ！{13}
romdata/DT/GM_DT_EVTMSG7.FBC.z	DT_EVTMSG7.FBC/dt_EVTMSG7.txtbin	319	utf-8	{15}CT}1~これは{ESC}YL}1~ふしぎなタネ…{ESC}WT}1~ \n{15}CT}1~どんな花がさくかは \n{15}CT}1~その人しだいといわれる　タネさ{13}
romdata/DT/GM_DT_EVTMSG7.FBC.z	DT_EVTMSG7.FBC/dt_EVTMSG7.txtbin	320	utf-8	{15}CT}1~つまり　このタネは \n{15}CT}1~いろんな花になれる \n{15}CT}1~かのうせいが　あるってことさ{13}
romdata/DT/GM_DT_EVTMSG7.FBC.z	DT_EVTMSG7.FBC/dt_EVTMSG7.txtbin	321	utf-8	{15}CT}1~　 \n{15}CT}1~花をあつめる　{ESC}BL}1~花屋{ESC}WT}1~にとって \n{15}CT}1~これほど　おもしろいタネはないよ{13}
romdata/DT/GM_DT_EVTMSG7.FBC.z	DT_EVTMSG7.FBC/dt_EVTMSG7.txtbin	322	utf-8	{15}CT}1~　 \n{15}CT}1~私は{ESC}GR}1~フローラ{ESC}WT}1~ \n{15}CT}1~{ESC}BL}1~花屋{ESC}WT}1~の{ESC}GR}1~フローラ{ESC}WT}1~だよ{13}
romdata/DT/GM_DT_EVTMSG7.FBC.z	DT_EVTMSG7.FBC/dt_EVTMSG7.txtbin	324	utf-8	{15}CT}1~オレ　どうぐやを　はじめるよ！ \n{15}CT}1~がんばればきっとせいこうするさ！ \n{15}CT}1~…いや　せいこうさせてみせる！{13}
romdata/DT/GM_DT_EVTMSG7.FBC.z	DT_EVTMSG7.FBC/dt_EVTMSG7.txtbin	325	utf-8	{15}CT}1~ずっと　ダメなやつだったオレが \n{15}CT}1~親になるんだから \n{15}CT}1~きっと　せいこうさせてみせるさ{13}
romdata/DT/GM_DT_EVTMSG7.FBC.z	DT_EVTMSG7.FBC/dt_EVTMSG7.txtbin	326	utf-8	{15}CT}1~オレ　がんばるよ \n{15}CT}1~お前と　お前のおなかにいる \n{15}CT}1~子どものためにさ{13}
romdata/DT/GM_DT_EVTMSG7.FBC.z	DT_EVTMSG7.FBC/dt_EVTMSG7.txtbin	327	utf-8	{15}CT}1~お前と会えてよかった \n{15}CT}1~オレは　今すっごく幸せだ \n{15}CT}1~…これからもよろしくな{13}
romdata/DT/GM_DT_EVTMSG7.FBC.z	DT_EVTMSG7.FBC/dt_EVTMSG7.txtbin	328	utf-8	{15}CT}1~　 \n{15}CT}1~オレは　{ESC}GR}1~ハリー{ESC}WT}1~ \n{15}CT}1~どうぐやの　{ESC}GR}1~ハリー{ESC}WT}1~だ！{13}
romdata/DT/GM_DT_EVTMSG7.FBC.z	DT_EVTMSG7.FBC/dt_EVTMSG7.txtbin	330	utf-8	{15}CT}1~　 \n{15}CT}1~あ！　ほら！ \n{15}CT}1~{ESC}GR}1~あかちゃん{ESC}WT}1~　うごいたわよ{13}
romdata/DT/GM_DT_EVTMSG7.FBC.z	DT_EVTMSG7.FBC/dt_EVTMSG7.txtbin	331	utf-8	{15}CT}1~もう　そんなに \n{15}CT}1~おなかをけらないで \n{15}CT}1~ふふ　元気いっぱいね{13}
romdata/DT/GM_DT_EVTMSG7.FBC.z	DT_EVTMSG7.FBC/dt_EVTMSG7.txtbin	332	utf-8	{15}CT}1~{ESC}GR}1~ムート{ESC}WT}1~？　この子の名前？ \n{15}CT}1~気が早いんじゃない？ \n{15}CT}1~でもいい名前ね{13}
romdata/DT/GM_DT_EVTMSG7.FBC.z	DT_EVTMSG7.FBC/dt_EVTMSG7.txtbin	333	utf-8	{15}CT}1~{ESC}GR}1~ムート{ESC}WT}1~　パパもママも \n{15}CT}1~あなたに会うのを \n{15}CT}1~楽しみにしているわ{13}
romdata/DT/GM_DT_EVTMSG7.FBC.z	DT_EVTMSG7.FBC/dt_EVTMSG7.txtbin	334	utf-8	{15}CT}1~そうよ　私は \n{15}CT}1~{ESC}GR}1~シャルロット{ESC}WT}1~ \n{15}CT}1~あなたの　ママよ{13}
romdata/DT/GM_DT_EVTMSG7.FBC.z	DT_EVTMSG7.FBC/dt_EVTMSG7.txtbin	336	utf-8	{15}CT}1~　 \n{15}CT}1~{ESC}GR}1~ステラ{ESC}WT}1~さんは…もしかして \n{15}CT}1~{ESC}GR}1~グレン{ESC}WT}1~さんのことを……？{13}
romdata/DT/GM_DT_EVTMSG7.FBC.z	DT_EVTMSG7.FBC/dt_EVTMSG7.txtbin	337	utf-8	{15}CT}1~いや　きっとそうなんでしょう… \n{15}CT}1~わたしの入りこむよちは \n{15}CT}1~ないんですね…{13}
romdata/DT/GM_DT_EVTMSG7.FBC.z	DT_EVTMSG7.FBC/dt_EVTMSG7.txtbin	338	utf-8	{15}CT}1~かなしい時には \n{15}CT}1~なぐさめてくれる　音楽を \n{15}CT}1~かけるとしましょうか{13}
romdata/DT/GM_DT_EVTMSG7.FBC.z	DT_EVTMSG7.FBC/dt_EVTMSG7.txtbin	339	utf-8	{15}CT}1~心がひえたら \n{15}CT}1~あたたかいココアで \n{15}CT}1~あたたまりましょう{13}
romdata/DT/GM_DT_EVTMSG7.FBC.z	DT_EVTMSG7.FBC/dt_EVTMSG7.txtbin	340	utf-8	{15}CT}1~　 \n{15}CT}1~そう　わたしは　{ESC}GR}1~ダードラー{ESC}WT}1~ \n{15}CT}1~この店の　しゅじんです{13}
romdata/DT/GM_DT_EVTMSG7.FBC.z	DT_EVTMSG7.FBC/dt_EVTMSG7.txtbin	342	utf-8	{15}CT}1~　 \n{15}CT}1~ボクはずっと　ひとりぼっちで \n{15}CT}1~すごくさみしかった……{13}
romdata/DT/GM_DT_EVTMSG7.FBC.z	DT_EVTMSG7.FBC/dt_EVTMSG7.txtbin	343	utf-8	{15}CT}1~だから　{ESC}GR}1~ラファエロ{ESC}WT}1~と \n{15}CT}1~いっしょに　あそんだ時 \n{15}CT}1~すごく楽しかった！{13}
romdata/DT/GM_DT_EVTMSG7.FBC.z	DT_EVTMSG7.FBC/dt_EVTMSG7.txtbin	344	utf-8	{15}CT}1~{ESC}GR}1~ラファエロ{ESC}WT}1~が \n{15}CT}1~どこかへいっちゃって \n{15}CT}1~またひとりぼっちだと思ったけど{13}
romdata/DT/GM_DT_EVTMSG7.FBC.z	DT_EVTMSG7.FBC/dt_EVTMSG7.txtbin	345	utf-8	{15}CT}1~　 \n{15}CT}1~ボクには　妹がいたんだ！ \n{15}CT}1~ひとりぼっちなんかじゃないんだ！{13}
romdata/DT/GM_DT_EVTMSG7.FBC.z	DT_EVTMSG7.FBC/dt_EVTMSG7.txtbin	346	utf-8	{15}CT}1~　 \n{15}CT}1~ボクは{ESC}GR}1~ロディ{ESC}WT}1~！ \n{15}CT}1~{ESC}GR}1~クレア{ESC}WT}1~の　おにいちゃんなんだ！{13}
romdata/DT/GM_DT_EVTMSG7.FBC.z	DT_EVTMSG7.FBC/dt_EVTMSG7.txtbin	348	utf-8	{15}CT}1~　 \n{15}CT}1~どうして　{ESC}GR}1~ロディ{ESC}WT}1~が \n{15}CT}1~アタシを　よんでるの？{13}
romdata/DT/GM_DT_EVTMSG7.FBC.z	DT_EVTMSG7.FBC/dt_EVTMSG7.txtbin	349	utf-8	{15}CT}1~　 \n{15}CT}1~え？　 \n{15}CT}1~アタシが　いもうと？{13}
romdata/DT/GM_DT_EVTMSG7.FBC.z	DT_EVTMSG7.FBC/dt_EVTMSG7.txtbin	350	utf-8	{15}CT}1~　 \n{15}CT}1~じゃあ　{ESC}GR}1~ロディ{ESC}WT}1~は　アタシの \n{15}CT}1~おにーちゃんなの？{13}
romdata/DT/GM_DT_EVTMSG7.FBC.z	DT_EVTMSG7.FBC/dt_EVTMSG7.txtbin	351	utf-8	{15}CT}1~　 \n{15}CT}1~おにーちゃんが \n{15}CT}1~むかえにきてくれた！{13}
romdata/DT/GM_DT_EVTMSG7.FBC.z	DT_EVTMSG7.FBC/dt_EVTMSG7.txtbin	352	utf-8	{15}CT}1~アタシ… \n{15}CT}1~おにーちゃんと　いっしょなら \n{15}CT}1~なんにも　こわくないよ！{13}
romdata/DT/GM_DT_EVTMSG7.FBC.z	DT_EVTMSG7.FBC/dt_EVTMSG7.txtbin	353	utf-8	{15}CT}1~　 \n{15}CT}1~アタシは　{ESC}GR}1~クレア{ESC}WT}1~ \n{15}CT}1~{ESC}GR}1~ロディ{ESC}WT}1~おにいちゃんの…いもうと！{13}
romdata/DT/GM_DT_EVTMSG7.FBC.z	DT_EVTMSG7.FBC/dt_EVTMSG7.txtbin	355	utf-8	{15}CT}1~オレはあの日… \n{15}CT}1~敵にまけて \n{15}CT}1~命を　おとしかけていた{13}
romdata/DT/GM_DT_EVTMSG7.FBC.z	DT_EVTMSG7.FBC/dt_EVTMSG7.txtbin	356	utf-8	{15}CT}1~だが　ギリギリで \n{15}CT}1~オレの命を \n{15}CT}1~ひろってくれた女がいた{13}
romdata/DT/GM_DT_EVTMSG7.FBC.z	DT_EVTMSG7.FBC/dt_EVTMSG7.txtbin	357	utf-8	{15}CT}1~おかげで \n{15}CT}1~オレは　生きのびられたが \n{15}CT}1~やっかいなものがついてきた{13}
romdata/DT/GM_DT_EVTMSG7.FBC.z	DT_EVTMSG7.FBC/dt_EVTMSG7.txtbin	358	utf-8	{15}CT}1~元気で　うるさくて \n{15}CT}1~おちつかないが… \n{15}CT}1~ごしゅじんさまってヤツだ！{13}
romdata/DT/GM_DT_EVTMSG7.FBC.z	DT_EVTMSG7.FBC/dt_EVTMSG7.txtbin	359	utf-8	{15}CT}1~ごしゅじんさまの名は　{ESC}GR}1~イルマ{ESC}WT}1~ \n{15}CT}1~あの時は　かけだしの \n{15}CT}1~トレジャーハンターだった{13}
romdata/DT/GM_DT_EVTMSG7.FBC.z	DT_EVTMSG7.FBC/dt_EVTMSG7.txtbin	360	utf-8	{15}CT}1~　 \n{15}CT}1~それまで名前がなかったオレに \n{15}CT}1~{ESC}GR}1~イルマ{ESC}WT}1~は名前をあたえてくれた{13}
romdata/DT/GM_DT_EVTMSG7.FBC.z	DT_EVTMSG7.FBC/dt_EVTMSG7.txtbin	361	utf-8	{15}CT}1~…{ESC}GR}1~ヴォルグ{ESC}WT}1~ \n{15}CT}1~そう　オレの名は{ESC}GR}1~ヴォルグ{ESC}WT}1~ \n{15}CT}1~{ESC}GR}1~イルマ{ESC}WT}1~のあいぼう　{ESC}GR}1~ヴォルグ{ESC}WT}1~だ{13}
romdata/DT/GM_DT_EVTMSG7.FBC.z	DT_EVTMSG7.FBC/dt_EVTMSG7.txtbin	363	utf-8	{15}CT}1~{ESC}BL}1~砂漠の塔…{ESC}WT}1~ \n{15}CT}1~オレのじいさんが \n{15}CT}1~さいごに　きえたところ…{13}
romdata/DT/GM_DT_EVTMSG7.FBC.z	DT_EVTMSG7.FBC/dt_EVTMSG7.txtbin	364	utf-8	　 \n{15}CT}1~完成目前だったという \n{15}CT}1~{ESC}RD}1~飛空艇{ESC}WT}1~の謎{13}
romdata/DT/GM_DT_EVTMSG7.FBC.z	DT_EVTMSG7.FBC/dt_EVTMSG7.txtbin	365	utf-8	　 \n{15}CT}1~手がかりはすべて \n{15}CT}1~そこで消えている{13}
romdata/DT/GM_DT_EVTMSG7.FBC.z	DT_EVTMSG7.FBC/dt_EVTMSG7.txtbin	366	utf-8	{15}CT}1~だが　オレはあきらめない \n{15}CT}1~じいさんの追いかけたユメ \n{15}CT}1~父さんの追いかけたユメ{13}
romdata/DT/GM_DT_EVTMSG7.FBC.z	DT_EVTMSG7.FBC/dt_EVTMSG7.txtbin	367	utf-8	　 \n{15}CT}1~オレはそいつを追いかけるために \n{15}CT}1~トレジャーハンターになったんだ！{13}
romdata/DT/GM_DT_EVTMSG7.FBC.z	DT_EVTMSG7.FBC/dt_EVTMSG7.txtbin	368	utf-8	{15}CT}1~　 \n{15}CT}1~そうオレの名は　{ESC}GR}1~シド{ESC}WT}1~ \n{15}CT}1~トレジャーハンターの　{ESC}GR}1~シド{ESC}WT}1~だ！{13}
romdata/DT/GM_DT_EVTMSG7.FBC.z	DT_EVTMSG7.FBC/dt_EVTMSG7.txtbin	369	utf-8	ね？　あんた{ESC}GR}1~チョコボ{ESC}WT}1~でしょ？ \nあたいには　わかるわ！{13}
romdata/DT/GM_DT_EVTMSG7.FBC.z	DT_EVTMSG7.FBC/dt_EVTMSG7.txtbin	370	utf-8	あたい{ESC}GR}1~メラニー{ESC}WT}1~ \nあたいの話　ききたい？\n
romdata/DT/GM_DT_EVTMSG7.FBC.z	DT_EVTMSG7.FBC/dt_EVTMSG7.txtbin	371	utf-8	そうね　なにから話したらいいか \nまよっちゃうけど \nこれだけは　いっておくわ{13}
romdata/DT/GM_DT_EVTMSG7.FBC.z	DT_EVTMSG7.FBC/dt_EVTMSG7.txtbin	372	utf-8	{ESC}RD}1~不思議なダンジョン{ESC}WT}1~に \nまよいこんだら \nかくごを　きめることね{13}
romdata/DT/GM_DT_EVTMSG7.FBC.z	DT_EVTMSG7.FBC/dt_EVTMSG7.txtbin	373	utf-8	そして　さいごまで \nあきらめないこと{13}
romdata/DT/GM_DT_EVTMSG7.FBC.z	DT_EVTMSG7.FBC/dt_EVTMSG7.txtbin	374	utf-8	あんたの　そのすてきな \n{ESC}RD}1~カバン{ESC}WT}1~を　そうざらいして \nヒントをさがすことよ{13}
romdata/DT/GM_DT_EVTMSG7.FBC.z	DT_EVTMSG7.FBC/dt_EVTMSG7.txtbin	375	utf-8	たしかに　世の中どうしようも \nないこともあるけれど{13}
romdata/DT/GM_DT_EVTMSG7.FBC.z	DT_EVTMSG7.FBC/dt_EVTMSG7.txtbin	376	utf-8	あきらめちゃったら \nそこで　ゲームオーバーよ{13}
romdata/DT/GM_DT_EVTMSG7.FBC.z	DT_EVTMSG7.FBC/dt_EVTMSG7.txtbin	377	utf-8	でも　ゲームオーバーになっても \nなんどでも　ちょうせんすれば \nいいだけのことよ！{13}
romdata/DT/GM_DT_EVTMSG7.FBC.z	DT_EVTMSG7.FBC/dt_EVTMSG7.txtbin	378	utf-8	しっぱい　したぶんだけ \nあんたは…あんたのココロは \n強くなってるはずなんだから！{13}
romdata/DT/GM_DT_EVTMSG7.FBC.z	DT_EVTMSG7.FBC/dt_EVTMSG7.txtbin	379	utf-8	そうね…いそがしいのはわかるわ \nでも　これだけは　言わせて \nさいごまで　あきらめないで！{13}
romdata/DT/GM_DT_EVTMSG7.FBC.z	DT_EVTMSG7.FBC/dt_EVTMSG7.txtbin	380	utf-8	{ESC}GR}1~チョコボ{ESC}WT}1~！　あんたのゆうきが \nあきらめない　ココロが \nこの街をすくったわ{13}
romdata/DT/GM_DT_EVTMSG7.FBC.z	DT_EVTMSG7.FBC/dt_EVTMSG7.txtbin	381	utf-8	この街はへいわになったけど　 \nでもね…{13}
romdata/DT/GM_DT_EVTMSG7.FBC.z	DT_EVTMSG7.FBC/dt_EVTMSG7.txtbin	382	utf-8	あんたが　トレジャーハンターを \nあきらめないかぎり　冒険は \nまだまだ　おわらないわ！{13}
romdata/DT/GM_DT_EVTMSG7.FBC.z	DT_EVTMSG7.FBC/dt_EVTMSG7.txtbin	383	utf-8	私は{ESC}GR}1~モリー{ESC}WT}1~ \nお花がだいすきな \nゆめみる　おとめなのよ{13}
romdata/DT/GM_DT_EVTMSG7.FBC.z	DT_EVTMSG7.FBC/dt_EVTMSG7.txtbin	384	utf-8	あら！　あなた！ \n黄色くて　ふわふわね！！ \nミモザアカシアの花みたい！{13}
romdata/DT/GM_DT_EVTMSG7.FBC.z	DT_EVTMSG7.FBC/dt_EVTMSG7.txtbin	385	utf-8	お花について知りたかったら \n私のお話を　きいてね
romdata/DT/GM_DT_EVTMSG7.FBC.z	DT_EVTMSG7.FBC/dt_EVTMSG7.txtbin	386	utf-8	お花ってきれいだし \nいいにおいでしょ？　それに \nアイテムとしてもつかえるのよ！{13}
romdata/DT/GM_DT_EVTMSG7.FBC.z	DT_EVTMSG7.FBC/dt_EVTMSG7.txtbin	387	utf-8	街の{ESC}BL}1~フローラの花屋{ESC}WT}1~で \n{ESC}YL}1~ふしぎなタネ{ESC}WT}1~ってアイテムが \n売ってるから　そだててみて！{13}
romdata/DT/GM_DT_EVTMSG7.FBC.z	DT_EVTMSG7.FBC/dt_EVTMSG7.txtbin	388	utf-8	{ESC}YL}1~ふしぎなタネ{ESC}WT}1~はね \nこの{ESC}BL}1~牧場{ESC}WT}1~にある \n畑で　つかうのよ{13}
romdata/DT/GM_DT_EVTMSG7.FBC.z	DT_EVTMSG7.FBC/dt_EVTMSG7.txtbin	389	utf-8	畑に　タネをうえれば \nしばらくしたら \n花になるわ！{13}
romdata/DT/GM_DT_EVTMSG7.FBC.z	DT_EVTMSG7.FBC/dt_EVTMSG7.txtbin	390	utf-8	しばらくがどれくらいかって？ \nそれは…いろいろ冒険してきたら \nいつのまにか　ってかんじね{13}
romdata/DT/GM_DT_EVTMSG7.FBC.z	DT_EVTMSG7.FBC/dt_EVTMSG7.txtbin	391	utf-8	どんなお花が　さくのかは \nあなたの　うんしだいよ \nためしてみてね！{13}
romdata/DT/GM_DT_EVTMSG7.FBC.z	DT_EVTMSG7.FBC/dt_EVTMSG7.txtbin	392	utf-8	また　きてね \nいつでも花のこと \nはなしてあげるから{13}
romdata/DT/GM_DT_EVTMSG7.FBC.z	DT_EVTMSG7.FBC/dt_EVTMSG7.txtbin	393	utf-8	{ESC}GR}1~チョコボ{ESC}WT}1~ちゃん \n私　今まで \nいろんなお花を見てきたけど…{13}
romdata/DT/GM_DT_EVTMSG7.FBC.z	DT_EVTMSG7.FBC/dt_EVTMSG7.txtbin	394	utf-8	あなたが　さかせてくれた \nへいわって名前のお花が \nなによりも　ステキよ{13}
romdata/DT/GM_DT_EVTMSG7.FBC.z	DT_EVTMSG7.FBC/dt_EVTMSG7.txtbin	395	utf-8	このお花… \nみんなで　たいせつに \nそだてていかなくっちゃね！{13}
romdata/DT/GM_DT_EVTMSG7.FBC.z	DT_EVTMSG7.FBC/dt_EVTMSG7.txtbin	396	utf-8	はじめまして！　 \nあたしは{ESC}GR}1~マナリー{ESC}WT}1~！ \n魚のことなら　あたしが一番よ{13}
romdata/DT/GM_DT_EVTMSG7.FBC.z	DT_EVTMSG7.FBC/dt_EVTMSG7.txtbin	397	utf-8	どう？ \n魚のこと　きいてくれる？\n
romdata/DT/GM_DT_EVTMSG7.FBC.z	DT_EVTMSG7.FBC/dt_EVTMSG7.txtbin	398	utf-8	魚を知るには　つりがいいわ！ \n…街の{ESC}BL}1~商業区{ESC}WT}1~の \n{ESC}BL}1~マリスの魚屋{ESC}WT}1~にはもういった？{13}
romdata/DT/GM_DT_EVTMSG7.FBC.z	DT_EVTMSG7.FBC/dt_EVTMSG7.txtbin	399	utf-8	{ESC}YL}1~ルアー{ESC}WT}1~をつかった　つりのこと \nとか　すごくくわしいから！{13}
romdata/DT/GM_DT_EVTMSG7.FBC.z	DT_EVTMSG7.FBC/dt_EVTMSG7.txtbin	400	utf-8	魚がつれるところは　 \n{ESC}BL}1~小川　海浜公園　女神の泉 \nレビア岬{ESC}WT}1~の４つなの{13}
romdata/DT/GM_DT_EVTMSG7.FBC.z	DT_EVTMSG7.FBC/dt_EVTMSG7.txtbin	401	utf-8	ばしょによって \nつれる魚が　ちがうから \nいろいろ　ためしてみてね{13}
romdata/DT/GM_DT_EVTMSG7.FBC.z	DT_EVTMSG7.FBC/dt_EVTMSG7.txtbin	402	utf-8	それとデブチョコボの{ESC}GR}1~ブラル{ESC}WT}1~には \nもう会った？　あの子　魚が \nだいこうぶつなのよね{13}
romdata/DT/GM_DT_EVTMSG7.FBC.z	DT_EVTMSG7.FBC/dt_EVTMSG7.txtbin	403	utf-8	まだ食べたことのない　 \nレアな魚には　 \nとくに　きょうみしんしんよ{13}
romdata/DT/GM_DT_EVTMSG7.FBC.z	DT_EVTMSG7.FBC/dt_EVTMSG7.txtbin	404	utf-8	だから　新しい魚をつったら \nまず　{ESC}GR}1~ブラル{ESC}WT}1~に見せてみたら \nいいかもね{13}
romdata/DT/GM_DT_EVTMSG7.FBC.z	DT_EVTMSG7.FBC/dt_EVTMSG7.txtbin	405	utf-8	そうね　魚について \n知りたくなったら　またくると \nいいかもしれないわね{13}
romdata/DT/GM_DT_EVTMSG7.FBC.z	DT_EVTMSG7.FBC/dt_EVTMSG7.txtbin	406	utf-8	あのね　あたしね　 \n…魚よりもずっとずっと \nすきなものを見つけたわ{13}
romdata/DT/GM_DT_EVTMSG7.FBC.z	DT_EVTMSG7.FBC/dt_EVTMSG7.txtbin	407	utf-8	あなたが　がんばってるすがた \nほんとステキだった \nあなたの　ぜんぶがだいすきよ！{13}
romdata/DT/GM_DT_EVTMSG7.FBC.z	DT_EVTMSG7.FBC/dt_EVTMSG7.txtbin	408	utf-8	私は{ESC}GR}1~ムーラン{ESC}WT}1~ \nそうびについて　知りたいなら \n私に　きいてよね！\n
romdata/DT/GM_DT_EVTMSG7.FBC.z	DT_EVTMSG7.FBC/dt_EVTMSG7.txtbin	409	utf-8	あのね　そうびの中で \nいちばん　気をつけてほしいのは \n『{ESC}RD}1~呪い{ESC}WT}1~』についてなのよ！{13}
romdata/DT/GM_DT_EVTMSG7.FBC.z	DT_EVTMSG7.FBC/dt_EVTMSG7.txtbin	410	utf-8	呪われた　そうびひんを \nみにつけてしまうと \n外せなくなっちゃうわ{13}
romdata/DT/GM_DT_EVTMSG7.FBC.z	DT_EVTMSG7.FBC/dt_EVTMSG7.txtbin	411	utf-8	だから　あやしいものは　 \nかんてい　してから \nそうびするのを　オススメするわ{13}
romdata/DT/GM_DT_EVTMSG7.FBC.z	DT_EVTMSG7.FBC/dt_EVTMSG7.txtbin	412	utf-8	それでも　呪われちゃった場合は \n{ESC}BL}1~教会{ESC}WT}1~で呪いを　といてもらうか \n{ESC}YL}1~ヴィレのロザリオ{ESC}WT}1~をつかうことね{13}
romdata/DT/GM_DT_EVTMSG7.FBC.z	DT_EVTMSG7.FBC/dt_EVTMSG7.txtbin	413	utf-8	じゃ　がんばってね \nみらいの　ヒーローさん！{13}
romdata/DT/GM_DT_EVTMSG7.FBC.z	DT_EVTMSG7.FBC/dt_EVTMSG7.txtbin	414	utf-8	そうなの？ \nざんねんだわ… \nでも　『{ESC}RD}1~呪い{ESC}WT}1~』には気をつけて！{13}
romdata/DT/GM_DT_EVTMSG7.FBC.z	DT_EVTMSG7.FBC/dt_EVTMSG7.txtbin	415	utf-8	私は今　せかいをすくった \nでんせつの　ヒーローと \nお話しているのね！{13}
romdata/DT/GM_DT_EVTMSG7.FBC.z	DT_EVTMSG7.FBC/dt_EVTMSG7.txtbin	416	utf-8	そんなあなたに \nふさわしい　そうびが \nどこかにあるはずよ！{13}
romdata/DT/GM_DT_EVTMSG7.FBC.z	DT_EVTMSG7.FBC/dt_EVTMSG7.txtbin	417	utf-8	ぜひ みつけだしてね！ \n私たちの　ヒーローさん！{13}
romdata/DT/GM_DT_EVTMSG7.FBC.z	DT_EVTMSG7.FBC/dt_EVTMSG7.txtbin	424	utf-8	どっかで　魚がつれたら \nオレのとこに　もってきてよ{13}
romdata/DT/GM_DT_EVTMSG7.FBC.z	DT_EVTMSG7.FBC/dt_EVTMSG7.txtbin	425	utf-8	このしごとは体力しょうぶ！ \nハラがへってちゃ \nしごとにならないからね！{13}
romdata/DT/GM_DT_EVTMSG7.FBC.z	DT_EVTMSG7.FBC/dt_EVTMSG7.txtbin	426	utf-8	キュウ！{13}
romdata/DT/GM_DT_EVTMSG7.FBC.z	DT_EVTMSG7.FBC/dt_EVTMSG7.txtbin	427	utf-8	じゃ　しごとするかな \nなにを　あずかろうか？{13}
romdata/DT/GM_DT_EVTMSG7.FBC.z	DT_EVTMSG7.FBC/dt_EVTMSG7.txtbin	428	utf-8	よぉっ　えいゆう{ESC}GR}1~チョコボ{ESC}WT}1~だな！ \nなにを　あずかろうか？{13}
romdata/DT/GM_DT_EVTMSG8.FBC.z	DT_EVTMSG8.FBC/dt_EVTMSG8.txtbin	0	utf-8	チョコボ\n
romdata/DT/GM_DT_EVTMSG8.FBC.z	DT_EVTMSG8.FBC/dt_EVTMSG8.txtbin	1	utf-8	シロマ\n
romdata/DT/GM_DT_EVTMSG8.FBC.z	DT_EVTMSG8.FBC/dt_EVTMSG8.txtbin	2	utf-8	クロマ\n
romdata/DT/GM_DT_EVTMSG8.FBC.z	DT_EVTMSG8.FBC/dt_EVTMSG8.txtbin	3	utf-8	ラファエロ
romdata/DT/GM_DT_EVTMSG8.FBC.z	DT_EVTMSG8.FBC/dt_EVTMSG8.txtbin	4	utf-8	はかいしん
romdata/DT/GM_DT_EVTMSG8.FBC.z	DT_EVTMSG8.FBC/dt_EVTMSG8.txtbin	5	utf-8	シド\n
romdata/DT/GM_DT_EVTMSG8.FBC.z	DT_EVTMSG8.FBC/dt_EVTMSG8.txtbin	6	utf-8	イルマ\n
romdata/DT/GM_DT_EVTMSG8.FBC.z	DT_EVTMSG8.FBC/dt_EVTMSG8.txtbin	7	utf-8	アムーリ
romdata/DT/GM_DT_EVTMSG8.FBC.z	DT_EVTMSG8.FBC/dt_EVTMSG8.txtbin	8	utf-8	ヴォルグ
romdata/DT/GM_DT_EVTMSG8.FBC.z	DT_EVTMSG8.FBC/dt_EVTMSG8.txtbin	9	utf-8	フレイア
romdata/DT/GM_DT_EVTMSG8.FBC.z	DT_EVTMSG8.FBC/dt_EVTMSG8.txtbin	10	utf-8	メーア
romdata/DT/GM_DT_EVTMSG8.FBC.z	DT_EVTMSG8.FBC/dt_EVTMSG8.txtbin	11	utf-8	ゲイル
romdata/DT/GM_DT_EVTMSG8.FBC.z	DT_EVTMSG8.FBC/dt_EVTMSG8.txtbin	12	utf-8	ステラ
romdata/DT/GM_DT_EVTMSG8.FBC.z	DT_EVTMSG8.FBC/dt_EVTMSG8.txtbin	13	utf-8	ローチェ
romdata/DT/GM_DT_EVTMSG8.FBC.z	DT_EVTMSG8.FBC/dt_EVTMSG8.txtbin	14	utf-8	ダードラー
romdata/DT/GM_DT_EVTMSG8.FBC.z	DT_EVTMSG8.FBC/dt_EVTMSG8.txtbin	15	utf-8	ハリー
romdata/DT/GM_DT_EVTMSG8.FBC.z	DT_EVTMSG8.FBC/dt_EVTMSG8.txtbin	16	utf-8	マリス
romdata/DT/GM_DT_EVTMSG8.FBC.z	DT_EVTMSG8.FBC/dt_EVTMSG8.txtbin	17	utf-8	シャルロット
romdata/DT/GM_DT_EVTMSG8.FBC.z	DT_EVTMSG8.FBC/dt_EVTMSG8.txtbin	18	utf-8	フローラ
romdata/DT/GM_DT_EVTMSG8.FBC.z	DT_EVTMSG8.FBC/dt_EVTMSG8.txtbin	19	utf-8	ハンナ\n
romdata/DT/GM_DT_EVTMSG8.FBC.z	DT_EVTMSG8.FBC/dt_EVTMSG8.txtbin	20	utf-8	メディット
romdata/DT/GM_DT_EVTMSG8.FBC.z	DT_EVTMSG8.FBC/dt_EVTMSG8.txtbin	21	utf-8	ディクト\n
romdata/DT/GM_DT_EVTMSG8.FBC.z	DT_EVTMSG8.FBC/dt_EVTMSG8.txtbin	22	utf-8	ロディ
romdata/DT/GM_DT_EVTMSG8.FBC.z	DT_EVTMSG8.FBC/dt_EVTMSG8.txtbin	23	utf-8	クレア
romdata/DT/GM_DT_EVTMSG8.FBC.z	DT_EVTMSG8.FBC/dt_EVTMSG8.txtbin	24	utf-8	ブラル
romdata/DT/GM_DT_EVTMSG8.FBC.z	DT_EVTMSG8.FBC/dt_EVTMSG8.txtbin	25	utf-8	ドルくん
romdata/DT/GM_DT_EVTMSG8.FBC.z	DT_EVTMSG8.FBC/dt_EVTMSG8.txtbin	26	utf-8	ラン
romdata/DT/GM_DT_EVTMSG8.FBC.z	DT_EVTMSG8.FBC/dt_EVTMSG8.txtbin	27	utf-8	ウェン
romdata/DT/GM_DT_EVTMSG8.FBC.z	DT_EVTMSG8.FBC/dt_EVTMSG8.txtbin	28	utf-8	アル
romdata/DT/GM_DT_EVTMSG8.FBC.z	DT_EVTMSG8.FBC/dt_EVTMSG8.txtbin	29	utf-8	ミミ
romdata/DT/GM_DT_EVTMSG8.FBC.z	DT_EVTMSG8.FBC/dt_EVTMSG8.txtbin	30	utf-8	ココ
romdata/DT/GM_DT_EVTMSG8.FBC.z	DT_EVTMSG8.FBC/dt_EVTMSG8.txtbin	31	utf-8	ムーラン
romdata/DT/GM_DT_EVTMSG8.FBC.z	DT_EVTMSG8.FBC/dt_EVTMSG8.txtbin	32	utf-8	モリー
romdata/DT/GM_DT_EVTMSG8.FBC.z	DT_EVTMSG8.FBC/dt_EVTMSG8.txtbin	33	utf-8	マナリー
romdata/DT/GM_DT_EVTMSG8.FBC.z	DT_EVTMSG8.FBC/dt_EVTMSG8.txtbin	34	utf-8	メラニー
romdata/DT/GM_DT_EVTMSG8.FBC.z	DT_EVTMSG8.FBC/dt_EVTMSG8.txtbin	35	utf-8	ゴブリン
romdata/DT/GM_DT_EVTMSG8.FBC.z	DT_EVTMSG8.FBC/dt_EVTMSG8.txtbin	36	utf-8	チョッカーズ
romdata/DT/GM_DT_EVTMSG8.FBC.z	DT_EVTMSG8.FBC/dt_EVTMSG8.txtbin	37	utf-8	モーグリ
romdata/DT/GM_DT_EVTMSG8.FBC.z	DT_EVTMSG8.FBC/dt_EVTMSG8.txtbin	38	utf-8	ダンジョンヒーローＸ
romdata/DT/GM_DT_EVTMSG8.FBC.z	DT_EVTMSG8.FBC/dt_EVTMSG8.txtbin	39	utf-8	ロマンチックヒーローＸ
romdata/DT/GM_DT_EVTMSG8.FBC.z	DT_EVTMSG8.FBC/dt_EVTMSG8.txtbin	40	utf-8	商人ヒーローＸ
romdata/DT/GM_DT_EVTMSG8.FBC.z	DT_EVTMSG8.FBC/dt_EVTMSG8.txtbin	41	utf-8	フェニックス
romdata/DT/GM_DT_EVTMSG8.FBC.z	DT_EVTMSG8.FBC/dt_EVTMSG8.txtbin	42	utf-8	リヴァイアサン
romdata/DT/GM_DT_EVTMSG8.FBC.z	DT_EVTMSG8.FBC/dt_EVTMSG8.txtbin	43	utf-8	アレクサンダー
romdata/DT/GM_DT_EVTMSG8.FBC.z	DT_EVTMSG8.FBC/dt_EVTMSG8.txtbin	44	utf-8	神竜\n
romdata/DT/GM_DT_EVTMSG8.FBC.z	DT_EVTMSG8.FBC/dt_EVTMSG8.txtbin	45	utf-8	オメガ
romdata/DT/GM_DT_EVTMSG8.FBC.z	DT_EVTMSG8.FBC/dt_EVTMSG8.txtbin	46	utf-8	αー２４\n
romdata/DT/GM_DT_EVTMSG8.FBC.z	DT_EVTMSG8.FBC/dt_EVTMSG8.txtbin	47	utf-8	　
romdata/DT/GM_DT_EVTMSG8.FBC.z	DT_EVTMSG8.FBC/dt_EVTMSG8.txtbin	48	utf-8	？？？？？\n
romdata/DT/GM_DT_EVTMSG8.FBC.z	DT_EVTMSG8.FBC/dt_EVTMSG8.txtbin	49	utf-8	ポップアップヒーローＸ
romdata/DT/GM_DT_EVTMSG8.FBC.z	DT_EVTMSG8.FBC/dt_EVTMSG8.txtbin	100	utf-8	お前…{ESC}GR}1~チョコボ{ESC}WT}1~か！ \nはじめて見たぜ　オレは{ESC}GR}1~ウェン{ESC}WT}1~　 \nこどくな　いっぴきおおかみさ！{13}
romdata/DT/GM_DT_EVTMSG8.FBC.z	DT_EVTMSG8.FBC/dt_EVTMSG8.txtbin	101	utf-8	{ESC}GR}1~ダンジョンヒーローＸ…{ESC}WT}1~ \n謎のマスクに　かくされた \nすがおを知るものはだれもいない{13}
romdata/DT/GM_DT_EVTMSG8.FBC.z	DT_EVTMSG8.FBC/dt_EVTMSG8.txtbin	102	utf-8	ってなぁ…　バレバレだよな！{13}
romdata/DT/GM_DT_EVTMSG8.FBC.z	DT_EVTMSG8.FBC/dt_EVTMSG8.txtbin	103	utf-8	『空飛ぶ　{ESC}GR}1~あかんぼう{ESC}WT}1~を見た』 \nとか言ってさ… \nけっ！　んなわけねーだろが！{13}
romdata/DT/GM_DT_EVTMSG8.FBC.z	DT_EVTMSG8.FBC/dt_EVTMSG8.txtbin	104	utf-8	{ESC}GR}1~あかんぼう{ESC}WT}1~の話がマジなら \nこれからは『でし』とか \nつけて　しゃべってやるよ{13}
romdata/DT/GM_DT_EVTMSG8.FBC.z	DT_EVTMSG8.FBC/dt_EVTMSG8.txtbin	105	utf-8	かけにまけたせいで　 \nこれからずっと『でし』を \nつけなければいけなくなったでし{13}
romdata/DT/GM_DT_EVTMSG8.FBC.z	DT_EVTMSG8.FBC/dt_EVTMSG8.txtbin	106	utf-8	{ESC}GR}1~ラファエロ{ESC}WT}1~は　キレイなものが \nすきみたいでし　北にある　 \n{ESC}BL}1~小川{ESC}WT}1~のけしきが　お気に入りでし{13}
romdata/DT/GM_DT_EVTMSG8.FBC.z	DT_EVTMSG8.FBC/dt_EVTMSG8.txtbin	107	utf-8	{ESC}GR}1~ラファエロ{ESC}WT}1~なんだか　げんきが \nなかったでし　なにか \nつらいことでもあったんでし？{13}
romdata/DT/GM_DT_EVTMSG8.FBC.z	DT_EVTMSG8.FBC/dt_EVTMSG8.txtbin	108	utf-8	みんな　暗くなってるときこそ \nむねをはって　元気を出すでし！ \nカラ元気も元気のうちでし！{13}
romdata/DT/GM_DT_EVTMSG8.FBC.z	DT_EVTMSG8.FBC/dt_EVTMSG8.txtbin	109	utf-8	{ESC}GR}1~シロマ{ESC}WT}1~だけでなく　 \n{ESC}GR}1~クロマ{ESC}WT}1~までもどってきて \nオレ　すっごくうれしいでし！{13}
romdata/DT/GM_DT_EVTMSG8.FBC.z	DT_EVTMSG8.FBC/dt_EVTMSG8.txtbin	110	utf-8	この{ESC}BL}1~ステラ牧場{ESC}WT}1~に \nふたつの花が　さいたでし！ \nお前はみんなの　ヒーローでし！{13}
romdata/DT/GM_DT_EVTMSG8.FBC.z	DT_EVTMSG8.FBC/dt_EVTMSG8.txtbin	111	utf-8	{ESC}GR}1~グレン{ESC}WT}1~　ヲ　スクウ　タメ　ノ \nサイゴ　ノ　カギ \nソレ　ガ　ワタシ　デス{13}
romdata/DT/GM_DT_EVTMSG8.FBC.z	DT_EVTMSG8.FBC/dt_EVTMSG8.txtbin	112	utf-8	αー２４　ターミナル リンク \nプログラム コンプリート \nヴォイスシーケンサー オン \n{13}
romdata/DT/GM_DT_EVTMSG8.FBC.z	DT_EVTMSG8.FBC/dt_EVTMSG8.txtbin	113	utf-8	{15}CT}1~では　始めましょう \n{ESC}GR}1~マスター　シド{ESC}WT}1~ \n{15}CT}1~終わりなき戦いを{13}
romdata/DT/GM_DT_EVTMSG8.FBC.z	DT_EVTMSG8.FBC/dt_EVTMSG8.txtbin	114	utf-8	30　29　28　27　26　25　24 \n23　22　21{13}
romdata/DT/GM_DT_EVTMSG8.FBC.z	DT_EVTMSG8.FBC/dt_EVTMSG8.txtbin	115	utf-8	20　19　18　17　16　15　14 \n13　12　11{13}
romdata/DT/GM_DT_EVTMSG8.FBC.z	DT_EVTMSG8.FBC/dt_EVTMSG8.txtbin	116	utf-8	10　9　8　7　6　5　4 \n3　2　1{13}
romdata/DT/GM_DT_EVTMSG8.FBC.z	DT_EVTMSG8.FBC/dt_EVTMSG8.txtbin	117	utf-8	エネルギーチャージ　120％{13}
romdata/DT/GM_DT_EVTMSG8.FBC.z	DT_EVTMSG8.FBC/dt_EVTMSG8.txtbin	118	utf-8	はどうほう　発射{13}
romdata/DT/GM_DT_EVTMSG8.FBC.z	DT_EVTMSG8.FBC/dt_EVTMSG8.txtbin	120	utf-8	{ESC}YL}1~ふしぎなタネ{ESC}WT}1~を　うえますか？\n
romdata/DT/GM_DT_EVTMSG8.FBC.z	DT_EVTMSG8.FBC/dt_EVTMSG8.txtbin	121	utf-8	花がさいています　つみますか？\n
romdata/DT/GM_DT_EVTMSG8.FBC.z	DT_EVTMSG8.FBC/dt_EVTMSG8.txtbin	122	utf-8	{ESC}YL}1~{05}}18~{ESC}WT}1~を手に入れた！{13}
romdata/DT/GM_DT_EVTMSG8.FBC.z	DT_EVTMSG8.FBC/dt_EVTMSG8.txtbin	123	utf-8	持ち物がいっぱいです{13}
romdata/DT/GM_DT_EVTMSG8.FBC.z	DT_EVTMSG8.FBC/dt_EVTMSG8.txtbin	125	utf-8	『ヴィレのおとぎ話』 \n作者不明{13}
romdata/DT/GM_DT_EVTMSG8.FBC.z	DT_EVTMSG8.FBC/dt_EVTMSG8.txtbin	126	utf-8	『チョコボのひみつ』 \nオルギデ　作{13}
romdata/DT/GM_DT_EVTMSG8.FBC.z	DT_EVTMSG8.FBC/dt_EVTMSG8.txtbin	127	utf-8	『ヒーローＸを追え！』 \nヒーロー同好会　作{13}
romdata/DT/GM_DT_EVTMSG8.FBC.z	DT_EVTMSG8.FBC/dt_EVTMSG8.txtbin	128	utf-8	『クリスタルについて』 \n―神父モーガンのことば{13}
romdata/DT/GM_DT_EVTMSG8.FBC.z	DT_EVTMSG8.FBC/dt_EVTMSG8.txtbin	129	utf-8	『つり日記』 \nマリス　作{13}
romdata/DT/GM_DT_EVTMSG8.FBC.z	DT_EVTMSG8.FBC/dt_EVTMSG8.txtbin	130	utf-8	『神官リスト』 \n市議会文書{13}
romdata/DT/GM_DT_EVTMSG8.FBC.z	DT_EVTMSG8.FBC/dt_EVTMSG8.txtbin	147	utf-8	『ダンジョン入門』１／５ \nヒーローＸ　作{13}
romdata/DT/GM_DT_EVTMSG8.FBC.z	DT_EVTMSG8.FBC/dt_EVTMSG8.txtbin	148	utf-8	{ESC}RD}1~不思議なダンジョン{ESC}WT}1~へようこそ！ \nこれからモグが{ESC}RD}1~ダンジョン{ESC}WT}1~の \nノウハウを教えてやるクポ{13}
romdata/DT/GM_DT_EVTMSG8.FBC.z	DT_EVTMSG8.FBC/dt_EVTMSG8.txtbin	149	utf-8	その１『戦いはターン制である』 \nこれがわからないと一生初心者 \nのままクポ！{13}
romdata/DT/GM_DT_EVTMSG8.FBC.z	DT_EVTMSG8.FBC/dt_EVTMSG8.txtbin	150	utf-8	{ESC}RD}1~ターン制{ESC}WT}1~とはつまり自分が１回 \n行動したら　つぎは{ESC}RD}1~てき{ESC}WT}1~が１回 \n行動するってことクポ{13}
romdata/DT/GM_DT_EVTMSG8.FBC.z	DT_EVTMSG8.FBC/dt_EVTMSG8.txtbin	151	utf-8	だから自分が何かをしない限り \n{ESC}RD}1~てき{ESC}WT}1~も動いてこないクポ \nじっくり　つぎの一手を考えるクポ{13}
romdata/DT/GM_DT_EVTMSG8.FBC.z	DT_EVTMSG8.FBC/dt_EVTMSG8.txtbin	152	utf-8	『ダンジョン入門』２／５ \nヒーローＸ　作{13}
romdata/DT/GM_DT_EVTMSG8.FBC.z	DT_EVTMSG8.FBC/dt_EVTMSG8.txtbin	153	utf-8	その２『フロアにはマスがある』 \nいつも　このことを頭において \n戦うことが大切クポ{13}
romdata/DT/GM_DT_EVTMSG8.FBC.z	DT_EVTMSG8.FBC/dt_EVTMSG8.txtbin	154	utf-8	１マス進むと１ターン進む \nこれは{ESC}RD}1~てき{ESC}WT}1~も同じクポ{13}
romdata/DT/GM_DT_EVTMSG8.FBC.z	DT_EVTMSG8.FBC/dt_EVTMSG8.txtbin	155	utf-8	たとえば{ESC}RD}1~てき{ESC}WT}1~が２マス先にいる場合 \n自分から１マス進むと　つぎのターン \nで攻撃されるかもしれないクポ{13}
romdata/DT/GM_DT_EVTMSG8.FBC.z	DT_EVTMSG8.FBC/dt_EVTMSG8.txtbin	156	utf-8	こういうときは　わざとからぶりする！ \nすると{ESC}RD}1~てき{ESC}WT}1~が近づいてくるから \nつぎのターンで攻撃ができるクポ{13}
romdata/DT/GM_DT_EVTMSG8.FBC.z	DT_EVTMSG8.FBC/dt_EVTMSG8.txtbin	157	utf-8	『ダンジョン入門』３／５ \nヒーローＸ　作{13}
romdata/DT/GM_DT_EVTMSG8.FBC.z	DT_EVTMSG8.FBC/dt_EVTMSG8.txtbin	158	utf-8	３つ目『モンスターのプロになれ』 \n{ESC}RD}1~ダンジョン{ESC}WT}1~の中には色んな{ESC}RD}1~てき{ESC}WT}1~が \nいるクポ！{13}
romdata/DT/GM_DT_EVTMSG8.FBC.z	DT_EVTMSG8.FBC/dt_EVTMSG8.txtbin	159	utf-8	攻撃力や防御力が高いだけじゃ \nなく盗んだり {ESC}PP}1~どく{ESC}WT}1~ だったり魔法を \n使ったりするヤツもいるクポ！{13}
romdata/DT/GM_DT_EVTMSG8.FBC.z	DT_EVTMSG8.FBC/dt_EVTMSG8.txtbin	160	utf-8	どんな{ESC}RD}1~てき{ESC}WT}1~にも必ず弱点はあるクポ \n反対に弱っちい{ESC}RD}1~てき{ESC}WT}1~にだって \n取りかこまれるとコワイクポ！{13}
romdata/DT/GM_DT_EVTMSG8.FBC.z	DT_EVTMSG8.FBC/dt_EVTMSG8.txtbin	161	utf-8	{ESC}RD}1~てき{ESC}WT}1~を知り事態を素早く判断する \nこれぞバトルの秘けつクポ！{13}
romdata/DT/GM_DT_EVTMSG8.FBC.z	DT_EVTMSG8.FBC/dt_EVTMSG8.txtbin	162	utf-8	『ダンジョン入門』４／５ \nヒーローＸ　作{13}
romdata/DT/GM_DT_EVTMSG8.FBC.z	DT_EVTMSG8.FBC/dt_EVTMSG8.txtbin	163	utf-8	その４『アイテムのプロになれ』 \n{ESC}RD}1~アイテム{ESC}WT}1~は使ってナンボ！ \n使いおしみをしちゃだめクポ！{13}
romdata/DT/GM_DT_EVTMSG8.FBC.z	DT_EVTMSG8.FBC/dt_EVTMSG8.txtbin	164	utf-8	まずは体力回復用の{ESC}YL}1~ポーション{ESC}WT}1~と \nおなか回復用の{ESC}YL}1~ギサールの野菜{ESC}WT}1~ \nあと　だっしゅつ用の{ESC}YL}1~テレポの羽{ESC}WT}1~！{13}
romdata/DT/GM_DT_EVTMSG8.FBC.z	DT_EVTMSG8.FBC/dt_EVTMSG8.txtbin	165	utf-8	これらはいつもストックしておくクポ \nこれに{ESC}RD}1~ツメ　クラ　首輪{ESC}WT}1~と　召喚獣を \nよび出す{ESC}RD}1~魔石{ESC}WT}1~を加えた７つ！{13}
romdata/DT/GM_DT_EVTMSG8.FBC.z	DT_EVTMSG8.FBC/dt_EVTMSG8.txtbin	166	utf-8	冒険者の間では　これを \n『ダンジョンの七つアイテム』 \nとよんでるクポ{13}
romdata/DT/GM_DT_EVTMSG8.FBC.z	DT_EVTMSG8.FBC/dt_EVTMSG8.txtbin	167	utf-8	『ダンジョン入門』５／５ \nヒーローＸ　作{13}
romdata/DT/GM_DT_EVTMSG8.FBC.z	DT_EVTMSG8.FBC/dt_EVTMSG8.txtbin	168	utf-8	その５『街のプロになれ』 \n街の人たちのたすけがあってこそ \n冒険することができるクポ！{13}
romdata/DT/GM_DT_EVTMSG8.FBC.z	DT_EVTMSG8.FBC/dt_EVTMSG8.txtbin	169	utf-8	{ESC}BL}1~かじや{ESC}WT}1~で{ESC}RD}1~ツメ{ESC}WT}1~や{ESC}RD}1~クラ{ESC}WT}1~をきたえて \nもらったり　{ESC}BL}1~ハリーの店{ESC}WT}1~で{ESC}RD}1~アイテム{ESC}WT}1~を \n買いそろえたりするのも大事クポ{13}
romdata/DT/GM_DT_EVTMSG8.FBC.z	DT_EVTMSG8.FBC/dt_EVTMSG8.txtbin	170	utf-8	ほかにも{ESC}BL}1~魚屋　花屋　薬屋…{ESC}WT}1~と \nお店をきわめることは{ESC}RD}1~ダンジョン{ESC}WT}1~を \nきわめることにもつながるクポ！{13}
romdata/DT/GM_DT_EVTMSG8.FBC.z	DT_EVTMSG8.FBC/dt_EVTMSG8.txtbin	171	utf-8	以上のことをしっかりと覚えれば \n今日からキミも{ESC}RD}1~ダンジョンヒーロー{ESC}WT}1~に \nなれるクポ！{13}
romdata/DT/GM_DT_EVTMSG8.FBC.z	DT_EVTMSG8.FBC/dt_EVTMSG8.txtbin	173	utf-8	{15}CT}1~シドは \n{15}CT}1~{ESC}YL}1~オメガの勲章{ESC}WT}1~を手に入れた \n{15}CT}1~しかし…その行方は　だれも知らない…{13}
romdata/DT/GM_DT_EVTMSG8.FBC.z	DT_EVTMSG8.FBC/dt_EVTMSG8.txtbin	174	utf-8	 \n{15}CT}1~本当におつかれさまでした \n{15}CT}1~電源をOFFにしてください
romdata/DT/GM_DT_EVTMSG8.FBC.z	DT_EVTMSG8.FBC/dt_EVTMSG8.txtbin	177	utf-8	…ってなわけで \n気を　うしなっちまったんだが{13}
romdata/DT/GM_DT_EVTMSG8.FBC.z	DT_EVTMSG8.FBC/dt_EVTMSG8.txtbin	178	utf-8	どうやら　お前が \nたすけてくれてたんだな…{13}
romdata/DT/GM_DT_EVTMSG8.FBC.z	DT_EVTMSG8.FBC/dt_EVTMSG8.txtbin	179	utf-8	キュウ！{13}
romdata/DT/GM_DT_EVTMSG8.FBC.z	DT_EVTMSG8.FBC/dt_EVTMSG8.txtbin	180	utf-8	まだ　あの先に \n{ESC}RD}1~飛空艇{ESC}WT}1~のてがかりが \nあるはずだ…{13}
romdata/DT/GM_DT_EVTMSG8.FBC.z	DT_EVTMSG8.FBC/dt_EVTMSG8.txtbin	181	utf-8	また　オレの話を \nききたくなったら \nここに　きてくれよな！{13}
romdata/DT/GM_DT_EVTMSG8.FBC.z	DT_EVTMSG8.FBC/dt_EVTMSG8.txtbin	182	utf-8	…テンソウ　セイジョウ \nシュウリョウ　シマシタ{13}
romdata/DT/GM_DT_EVTMSG8.FBC.z	DT_EVTMSG8.FBC/dt_EVTMSG8.txtbin	183	utf-8	ついに　たどりついたぜ！ \nじいさんの{ESC}BL}1~けんきゅうじょ{ESC}WT}1~に \nしかし…じいさんはどこだ？？{13}
romdata/DT/GM_DT_EVTMSG8.FBC.z	DT_EVTMSG8.FBC/dt_EVTMSG8.txtbin	184	utf-8	コノ　フロア　ニハ \nマスター{ESC}GR}1~グレン{ESC}WT}1~　ノ　ハンノウ　ハ \nカクニン　デキマセン{13}
romdata/DT/GM_DT_EVTMSG8.FBC.z	DT_EVTMSG8.FBC/dt_EVTMSG8.txtbin	185	utf-8	ってことは \nここから先にいるってことだな！ \nさぁ　ぼうけんの　はじまりだっ！{13}
romdata/DT/GM_DT_EVTMSG8.FBC.z	DT_EVTMSG8.FBC/dt_EVTMSG8.txtbin	186	utf-8	これは…なんだ？{13}
romdata/DT/GM_DT_EVTMSG8.FBC.z	DT_EVTMSG8.FBC/dt_EVTMSG8.txtbin	187	utf-8	{ESC}RD}1~ターミナルロッカー{ESC}WT}1~　デス \nアイテム　ヲ　シマッテ　オケマス{13}
romdata/DT/GM_DT_EVTMSG8.FBC.z	DT_EVTMSG8.FBC/dt_EVTMSG8.txtbin	188	utf-8	そりゃ　べんりだな！{13}
romdata/DT/GM_DT_EVTMSG8.FBC.z	DT_EVTMSG8.FBC/dt_EVTMSG8.txtbin	189	utf-8	アイテム　ヲ　アズケマスカ？{13}
romdata/DT/GM_DT_EVTMSG8.FBC.z	DT_EVTMSG8.FBC/dt_EVTMSG8.txtbin	190	utf-8	{ESC}RD}1~てんそうそうち{ESC}WT}1~ \n街にもどりますか？{13}
romdata/DT/GM_DT_EVTMSG8.FBC.z	DT_EVTMSG8.FBC/dt_EVTMSG8.txtbin	191	utf-8	ここは？…どうやら \nてんそうのときに \nきを失っていたようだな…{13}
romdata/DT/GM_DT_EVTMSG8.FBC.z	DT_EVTMSG8.FBC/dt_EVTMSG8.txtbin	192	utf-8	よう！　あいぼう！ \nここまで運んでくれたんだな \nありがとう！！{13}
romdata/DT/GM_DT_EVTMSG8.FBC.z	DT_EVTMSG8.FBC/dt_EVTMSG8.txtbin	193	utf-8	じっけんどうぐが　のっている \n{ESC}RD}1~飛空艇{ESC}WT}1~のせっけいず　がある{13}
romdata/DT/GM_DT_EVTMSG8.FBC.z	DT_EVTMSG8.FBC/dt_EVTMSG8.txtbin	194	utf-8	こ…これは！ \n{ESC}RD}1~飛空艇{ESC}WT}1~のせっけいず！{13}
romdata/DT/GM_DT_EVTMSG8.FBC.z	DT_EVTMSG8.FBC/dt_EVTMSG8.txtbin	195	utf-8	これで　ねんがんの \n{ESC}RD}1~飛空艇{ESC}WT}1~を　作れるぜ！{13}
romdata/DT/GM_DT_EVTMSG8.FBC.z	DT_EVTMSG8.FBC/dt_EVTMSG8.txtbin	196	utf-8	ヤリマシタネ…　シカシ　 \nマスター{ESC}GR}1~グレン{ESC}WT}1~　ノ　コト　ハ \nイイノデスカ？{13}
romdata/DT/GM_DT_EVTMSG8.FBC.z	DT_EVTMSG8.FBC/dt_EVTMSG8.txtbin	197	utf-8	なんだ　じいさんのこと \n気にしてくれてたのか…{13}
romdata/DT/GM_DT_EVTMSG8.FBC.z	DT_EVTMSG8.FBC/dt_EVTMSG8.txtbin	198	utf-8	だが　今はじいさんの \nゆめでもあった　{ESC}RD}1~飛空艇{ESC}WT}1~を \n作らせてくれ！　{13}
romdata/DT/GM_DT_EVTMSG8.FBC.z	DT_EVTMSG8.FBC/dt_EVTMSG8.txtbin	199	utf-8	リョウカイ　シマシタ…{13}
romdata/DT/GM_DT_EVTMSG8.FBC.z	DT_EVTMSG8.FBC/dt_EVTMSG8.txtbin	200	utf-8	{ESC}GR}1~シド{ESC}WT}1~は \n{ESC}YL}1~飛空艇のせっけいず{ESC}WT}1~ \nを手に入れた！{13}
romdata/DT/GM_DT_EVTMSG8.FBC.z	DT_EVTMSG8.FBC/dt_EVTMSG8.txtbin	201	utf-8	さぁぼうけんの　はじまりだっ！{13}
romdata/DT/GM_DT_EVTMSG8.FBC.z	DT_EVTMSG8.FBC/dt_EVTMSG8.txtbin	202	utf-8	なんだ？　この大きなモノは{13}
romdata/DT/GM_DT_EVTMSG8.FBC.z	DT_EVTMSG8.FBC/dt_EVTMSG8.txtbin	203	utf-8	コノ　ブッタイ　ハ \nミスリル　ト　チタン　デ \nデキテ　イマス{13}
romdata/DT/GM_DT_EVTMSG8.FBC.z	DT_EVTMSG8.FBC/dt_EVTMSG8.txtbin	204	utf-8	ようは　きんぞくなわけか… \nしかし　なんでこんなとこに… \nもしかして　{ESC}RD}1~飛空艇{ESC}WT}1~の…{13}
romdata/DT/GM_DT_EVTMSG8.FBC.z	DT_EVTMSG8.FBC/dt_EVTMSG8.txtbin	205	utf-8	マスター{ESC}GR}1~グレン{ESC}WT}1~　カラ　ノ \nツウシン　ガ　ハイリマシタ{13}
romdata/DT/GM_DT_EVTMSG8.FBC.z	DT_EVTMSG8.FBC/dt_EVTMSG8.txtbin	206	utf-8	なに！ \nすぐつないでくれ！{13}
romdata/DT/GM_DT_EVTMSG8.FBC.z	DT_EVTMSG8.FBC/dt_EVTMSG8.txtbin	207	utf-8	…ド　か？{13}
romdata/DT/GM_DT_EVTMSG8.FBC.z	DT_EVTMSG8.FBC/dt_EVTMSG8.txtbin	208	utf-8	そうだ　じいさん　どこだ！？{13}
romdata/DT/GM_DT_EVTMSG8.FBC.z	DT_EVTMSG8.FBC/dt_EVTMSG8.txtbin	209	utf-8	私は　……階で　…る{13}
romdata/DT/GM_DT_EVTMSG8.FBC.z	DT_EVTMSG8.FBC/dt_EVTMSG8.txtbin	210	utf-8	何階なんだっ　きこえない！{13}
romdata/DT/GM_DT_EVTMSG8.FBC.z	DT_EVTMSG8.FBC/dt_EVTMSG8.txtbin	211	utf-8	ツウシン…　キレマシタ{13}
romdata/DT/GM_DT_EVTMSG8.FBC.z	DT_EVTMSG8.FBC/dt_EVTMSG8.txtbin	212	utf-8	くそっ　またか{13}
romdata/DT/GM_DT_EVTMSG8.FBC.z	DT_EVTMSG8.FBC/dt_EVTMSG8.txtbin	213	utf-8	まぁ　なやんでも　しかたないか \nしかし　コレ…大きいな… \nどうにかして　運べないか？{13}
romdata/DT/GM_DT_EVTMSG8.FBC.z	DT_EVTMSG8.FBC/dt_EVTMSG8.txtbin	214	utf-8	{ESC}RD}1~ターミナルロッカー{ESC}WT}1~　ヲ \nツカエバ　カノウ　デス{13}
romdata/DT/GM_DT_EVTMSG8.FBC.z	DT_EVTMSG8.FBC/dt_EVTMSG8.txtbin	215	utf-8	テンソウ　シマス　カ？{13}
romdata/DT/GM_DT_EVTMSG8.FBC.z	DT_EVTMSG8.FBC/dt_EVTMSG8.txtbin	216	utf-8	よし　じゃぁ　たのんだぜ！{13}
romdata/DT/GM_DT_EVTMSG8.FBC.z	DT_EVTMSG8.FBC/dt_EVTMSG8.txtbin	217	utf-8	テンソウ　カイシ　シマス{13}
romdata/DT/GM_DT_EVTMSG8.FBC.z	DT_EVTMSG8.FBC/dt_EVTMSG8.txtbin	218	utf-8	コノ　{ESC}RD}1~ターミナルロッカー{ESC}WT}1~　ハ \n０カイ　ノ　モノ　ト \nツナガッテ　イマス{13}
romdata/DT/GM_DT_EVTMSG8.FBC.z	DT_EVTMSG8.FBC/dt_EVTMSG8.txtbin	219	utf-8	ほぉ　そりゃ　べんり　だな！{13}
romdata/DT/GM_DT_EVTMSG8.FBC.z	DT_EVTMSG8.FBC/dt_EVTMSG8.txtbin	220	utf-8	っと　また　あったな{13}
romdata/DT/GM_DT_EVTMSG8.FBC.z	DT_EVTMSG8.FBC/dt_EVTMSG8.txtbin	221	utf-8	コンド　ハ　 \nセラミック　ト　カーボン　ノ \nヨウ　デス{13}
romdata/DT/GM_DT_EVTMSG8.FBC.z	DT_EVTMSG8.FBC/dt_EVTMSG8.txtbin	222	utf-8	…これも \n{ESC}RD}1~飛空艇{ESC}WT}1~のざいりょうのようだな！{13}
romdata/DT/GM_DT_EVTMSG8.FBC.z	DT_EVTMSG8.FBC/dt_EVTMSG8.txtbin	223	utf-8	テンソウ　シマス　カ？{13}
romdata/DT/GM_DT_EVTMSG8.FBC.z	DT_EVTMSG8.FBC/dt_EVTMSG8.txtbin	224	utf-8	よし　じゃぁ　たのんだぜ！{13}
romdata/DT/GM_DT_EVTMSG8.FBC.z	DT_EVTMSG8.FBC/dt_EVTMSG8.txtbin	225	utf-8	モノリス \n黒い石で　できたぶったい{13}
romdata/DT/GM_DT_EVTMSG8.FBC.z	DT_EVTMSG8.FBC/dt_EVTMSG8.txtbin	226	utf-8	この　でかい石は　なんだ？{13}
romdata/DT/GM_DT_EVTMSG8.FBC.z	DT_EVTMSG8.FBC/dt_EVTMSG8.txtbin	227	utf-8	コダイジン　ノ　キロク　ト　 \nオモワレマス　サワルト \nジョウホウ　ヲ　エラレマス{13}
romdata/DT/GM_DT_EVTMSG8.FBC.z	DT_EVTMSG8.FBC/dt_EVTMSG8.txtbin	228	utf-8	うーん　どうしよう？{13}
romdata/DT/GM_DT_EVTMSG8.FBC.z	DT_EVTMSG8.FBC/dt_EVTMSG8.txtbin	229	utf-8	ナニ　ガ　オキル　カ \nワカリマセン　シンチョウ　ニ…{13}
romdata/DT/GM_DT_EVTMSG8.FBC.z	DT_EVTMSG8.FBC/dt_EVTMSG8.txtbin	230	utf-8	マスター{ESC}GR}1~グレン{ESC}WT}1~　カラ　ノ \nツウシン　ガ　ハイリマシタ{13}
romdata/DT/GM_DT_EVTMSG8.FBC.z	DT_EVTMSG8.FBC/dt_EVTMSG8.txtbin	231	utf-8	よしっ　つないでくれ！{13}
romdata/DT/GM_DT_EVTMSG8.FBC.z	DT_EVTMSG8.FBC/dt_EVTMSG8.txtbin	232	utf-8	{ESC}GR}1~シド{ESC}WT}1~　か？{13}
romdata/DT/GM_DT_EVTMSG8.FBC.z	DT_EVTMSG8.FBC/dt_EVTMSG8.txtbin	233	utf-8	ああ　そうだ　さっきは \n何階か　ききとれなかったんだ{13}
romdata/DT/GM_DT_EVTMSG8.FBC.z	DT_EVTMSG8.FBC/dt_EVTMSG8.txtbin	234	utf-8	こちらは　…階だが \nそっちは　今　何階なんだ？{13}
romdata/DT/GM_DT_EVTMSG8.FBC.z	DT_EVTMSG8.FBC/dt_EVTMSG8.txtbin	235	utf-8	また　きこえない \nこっちは　何か　黒い石板が \nおいてあるところなんだ！{13}
romdata/DT/GM_DT_EVTMSG8.FBC.z	DT_EVTMSG8.FBC/dt_EVTMSG8.txtbin	236	utf-8	そうか　そ…石板が…{13}
romdata/DT/GM_DT_EVTMSG8.FBC.z	DT_EVTMSG8.FBC/dt_EVTMSG8.txtbin	237	utf-8	ツウシン…　キレマシタ \nザンネン　デス{13}
romdata/DT/GM_DT_EVTMSG8.FBC.z	DT_EVTMSG8.FBC/dt_EVTMSG8.txtbin	238	utf-8	うーん \nとにかく　この先に \nいるのかも　しれないな{13}
romdata/DT/GM_DT_EVTMSG8.FBC.z	DT_EVTMSG8.FBC/dt_EVTMSG8.txtbin	239	utf-8	さわりますか？{13}
romdata/DT/GM_DT_EVTMSG8.FBC.z	DT_EVTMSG8.FBC/dt_EVTMSG8.txtbin	240	utf-8	っと　また　あったな{13}
romdata/DT/GM_DT_EVTMSG8.FBC.z	DT_EVTMSG8.FBC/dt_EVTMSG8.txtbin	241	utf-8	コレ　ハ　 \nアダマン　ト　コバルト　ノ \nヨウ　デス{13}
romdata/DT/GM_DT_EVTMSG8.FBC.z	DT_EVTMSG8.FBC/dt_EVTMSG8.txtbin	242	utf-8	…これも \n{ESC}RD}1~飛空艇{ESC}WT}1~のざいりょうだな！ \nじゃぁ　また　たのむぜ！{13}
romdata/DT/GM_DT_EVTMSG8.FBC.z	DT_EVTMSG8.FBC/dt_EVTMSG8.txtbin	243	utf-8	テンソウ　カイシ　シマス{13}
romdata/DT/GM_DT_EVTMSG8.FBC.z	DT_EVTMSG8.FBC/dt_EVTMSG8.txtbin	244	utf-8	これでぜんぶ　そろったかな？ \nドックで組み立ててみよう！{13}
romdata/DT/GM_DT_EVTMSG8.FBC.z	DT_EVTMSG8.FBC/dt_EVTMSG8.txtbin	245	utf-8	マダ　エネルギー　ゲン　ガ \nフソク　シテイマス{13}
romdata/DT/GM_DT_EVTMSG8.FBC.z	DT_EVTMSG8.FBC/dt_EVTMSG8.txtbin	246	utf-8	ああっ　そういえば \nまだ　{ESC}PP}1~大いなる力{ESC}WT}1~が \nなかったんだ！{13}
romdata/DT/GM_DT_EVTMSG8.FBC.z	DT_EVTMSG8.FBC/dt_EVTMSG8.txtbin	247	utf-8	{ESC}GR}1~イルマ{ESC}WT}1~は　いったいどこに \n消えやがったんだ！{13}
romdata/DT/GM_DT_EVTMSG8.FBC.z	DT_EVTMSG8.FBC/dt_EVTMSG8.txtbin	248	utf-8	…なんだ？　この　カベは… \n先にすすめそうにないな…{13}
romdata/DT/GM_DT_EVTMSG8.FBC.z	DT_EVTMSG8.FBC/dt_EVTMSG8.txtbin	249	utf-8	コノ　サキデ　マスター{ESC}GR}1~グレン{ESC}WT}1~　ガ \nユクエフメイ　ニ　ナリ \nワタシ　ハ…{13}
romdata/DT/GM_DT_EVTMSG8.FBC.z	DT_EVTMSG8.FBC/dt_EVTMSG8.txtbin	250	utf-8	ほんとか！　この先に \n消えたじいさんが… \nまっててくれよ！{13}
romdata/DT/GM_DT_EVTMSG8.FBC.z	DT_EVTMSG8.FBC/dt_EVTMSG8.txtbin	251	utf-8	…うわっ{13}
romdata/DT/GM_DT_EVTMSG8.FBC.z	DT_EVTMSG8.FBC/dt_EVTMSG8.txtbin	252	utf-8	っと　なんだかずいぶん \n感じのちがうところにでたな \nふかいところなのに…なにか…{13}
romdata/DT/GM_DT_EVTMSG8.FBC.z	DT_EVTMSG8.FBC/dt_EVTMSG8.txtbin	253	utf-8	マスター{ESC}GR}1~グレン{ESC}WT}1~　カラ　ノ \nツウシン　ガ　ハイリマシタ{13}
romdata/DT/GM_DT_EVTMSG8.FBC.z	DT_EVTMSG8.FBC/dt_EVTMSG8.txtbin	254	utf-8	オレだ　{ESC}GR}1~シド{ESC}WT}1~だ \n今　こちらは　３枚目の石板の \nところにいる{13}
romdata/DT/GM_DT_EVTMSG8.FBC.z	DT_EVTMSG8.FBC/dt_EVTMSG8.txtbin	255	utf-8	そうか　では　もう少しだな \n石板…モノリスは　全部で…枚 \nさわることで　じょ…ほ…{13}
romdata/DT/GM_DT_EVTMSG8.FBC.z	DT_EVTMSG8.FBC/dt_EVTMSG8.txtbin	256	utf-8	ツウシン…キレマシタ \nモウシワケ　アリマセン{13}
romdata/DT/GM_DT_EVTMSG8.FBC.z	DT_EVTMSG8.FBC/dt_EVTMSG8.txtbin	257	utf-8	なぁに　気にするな \nお前の　せいじゃない{13}
romdata/DT/GM_DT_EVTMSG8.FBC.z	DT_EVTMSG8.FBC/dt_EVTMSG8.txtbin	258	utf-8	マスター{ESC}GR}1~グレン{ESC}WT}1~　カラ　ノ \nツウシン　ガ　ハイリマシタ{13}
romdata/DT/GM_DT_EVTMSG8.FBC.z	DT_EVTMSG8.FBC/dt_EVTMSG8.txtbin	259	utf-8	オレたちは　今　４枚目の \nモノリスのところまで　きてる \nじいさん　だいじょうぶか？{13}
romdata/DT/GM_DT_EVTMSG8.FBC.z	DT_EVTMSG8.FBC/dt_EVTMSG8.txtbin	260	utf-8	いや…　このままでは \n時…が　…りな…{13}
romdata/DT/GM_DT_EVTMSG8.FBC.z	DT_EVTMSG8.FBC/dt_EVTMSG8.txtbin	261	utf-8	なにっ　時間がどうしたっ！{13}
romdata/DT/GM_DT_EVTMSG8.FBC.z	DT_EVTMSG8.FBC/dt_EVTMSG8.txtbin	262	utf-8	ツウシン…　キレマシタ…{13}
romdata/DT/GM_DT_EVTMSG8.FBC.z	DT_EVTMSG8.FBC/dt_EVTMSG8.txtbin	263	utf-8	マスター{ESC}GR}1~グレン{ESC}WT}1~　カラ　ノ \nツウシン　ガ　ハイリマシタ{13}
romdata/DT/GM_DT_EVTMSG8.FBC.z	DT_EVTMSG8.FBC/dt_EVTMSG8.txtbin	264	utf-8	おい　じいさん！ \nもう　オレたちも \nかなりふかいところまできたぞ！{13}
romdata/DT/GM_DT_EVTMSG8.FBC.z	DT_EVTMSG8.FBC/dt_EVTMSG8.txtbin	265	utf-8	そうか　ま…てい…ぞ \nゴフッ{13}
romdata/DT/GM_DT_EVTMSG8.FBC.z	DT_EVTMSG8.FBC/dt_EVTMSG8.txtbin	266	utf-8	じいさんっ　じいさぁーん！！{13}
romdata/DT/GM_DT_EVTMSG8.FBC.z	DT_EVTMSG8.FBC/dt_EVTMSG8.txtbin	267	utf-8	ツウシン　キレマシタ \nオンセイ　ハンダン　デハ \nキケン　ナ　ジョウタイ　デス{13}
romdata/DT/GM_DT_EVTMSG8.FBC.z	DT_EVTMSG8.FBC/dt_EVTMSG8.txtbin	268	utf-8	なにっ　いそぐぜ！{13}
romdata/DT/GM_DT_EVTMSG8.FBC.z	DT_EVTMSG8.FBC/dt_EVTMSG8.txtbin	269	utf-8	{15}CT}1~この地 \n{15}CT}1~{ESC}BL}1~ヴィレ{ESC}WT}1~を　おとずれしものへ \n{15}CT}1~われわれの　れきしを \n{15}CT}1~つたえよう{13}
romdata/DT/GM_DT_EVTMSG8.FBC.z	DT_EVTMSG8.FBC/dt_EVTMSG8.txtbin	270	utf-8	{15}CT}1~さいしょに \n{15}CT}1~この地に　めぐみを \n{15}CT}1~もたらしたのは \n{15}CT}1~火の力だった{13}
romdata/DT/GM_DT_EVTMSG8.FBC.z	DT_EVTMSG8.FBC/dt_EVTMSG8.txtbin	271	utf-8	{15}CT}1~水も緑もないこの地に \n{15}CT}1~ながれつき　風をしのぐため \n{15}CT}1~岩あなにすまうしかなかった時{13}
romdata/DT/GM_DT_EVTMSG8.FBC.z	DT_EVTMSG8.FBC/dt_EVTMSG8.txtbin	272	utf-8	{15}CT}1~{ESC}BL}1~フエゴ山{ESC}WT}1~から　ほりだした \n{15}CT}1~岩は　火によって \n{15}CT}1~形をかえ \n{15}CT}1~われわれに　力をあたえた{13}
romdata/DT/GM_DT_EVTMSG8.FBC.z	DT_EVTMSG8.FBC/dt_EVTMSG8.txtbin	273	utf-8	へえ　このあたり　むかしは \nなにもなかったんだな{13}
romdata/DT/GM_DT_EVTMSG8.FBC.z	DT_EVTMSG8.FBC/dt_EVTMSG8.txtbin	274	utf-8	ドウヤラ　ソノヨウ　デスネ{13}
romdata/DT/GM_DT_EVTMSG8.FBC.z	DT_EVTMSG8.FBC/dt_EVTMSG8.txtbin	275	utf-8	で　{ESC}BL}1~鉱山{ESC}WT}1~でさかえたってところか \nすごいなぁ{13}
romdata/DT/GM_DT_EVTMSG8.FBC.z	DT_EVTMSG8.FBC/dt_EVTMSG8.txtbin	276	utf-8	…{13}
romdata/DT/GM_DT_EVTMSG8.FBC.z	DT_EVTMSG8.FBC/dt_EVTMSG8.txtbin	277	utf-8	{15}CT}1~この地 \n{15}CT}1~{ESC}BL}1~ヴィレ{ESC}WT}1~を　おとずれしものへ \n{15}CT}1~われわれの　れきしを \n{15}CT}1~つたえよう{13}
romdata/DT/GM_DT_EVTMSG8.FBC.z	DT_EVTMSG8.FBC/dt_EVTMSG8.txtbin	278	utf-8	{15}CT}1~つぎに \n{15}CT}1~この地にめぐみを \n{15}CT}1~もたらしたのは \n{15}CT}1~水の力だった{13}
romdata/DT/GM_DT_EVTMSG8.FBC.z	DT_EVTMSG8.FBC/dt_EVTMSG8.txtbin	279	utf-8	{15}CT}1~人がふえ \n{15}CT}1~雨水では \n{15}CT}1~人々がくらせなくなったとき{13}
romdata/DT/GM_DT_EVTMSG8.FBC.z	DT_EVTMSG8.FBC/dt_EVTMSG8.txtbin	280	utf-8	{15}CT}1~泉があらわれ \n{15}CT}1~人々のかわきを　いやし \n{15}CT}1~この地に　緑をもたらした{13}
romdata/DT/GM_DT_EVTMSG8.FBC.z	DT_EVTMSG8.FBC/dt_EVTMSG8.txtbin	281	utf-8	{ESC}BL}1~時計塔広場{ESC}WT}1~のふんすいや \n{ESC}BL}1~女神の泉{ESC}WT}1~の　ことかな？{13}
romdata/DT/GM_DT_EVTMSG8.FBC.z	DT_EVTMSG8.FBC/dt_EVTMSG8.txtbin	282	utf-8	チカスイ　ガ \nホウフ　ナ　チイキ　ナノデ \nカノウセイ　ハ　タカイ　デス{13}
romdata/DT/GM_DT_EVTMSG8.FBC.z	DT_EVTMSG8.FBC/dt_EVTMSG8.txtbin	283	utf-8	なるほど　それで \nこのあたりは　緑がおおいのか{13}
romdata/DT/GM_DT_EVTMSG8.FBC.z	DT_EVTMSG8.FBC/dt_EVTMSG8.txtbin	284	utf-8	{15}CT}1~この地 \n{15}CT}1~{ESC}BL}1~ヴィレ{ESC}WT}1~を　おとずれしものへ \n{15}CT}1~われわれの　れきしを \n{15}CT}1~つたえよう{13}
romdata/DT/GM_DT_EVTMSG8.FBC.z	DT_EVTMSG8.FBC/dt_EVTMSG8.txtbin	285	utf-8	{15}CT}1~さらに \n{15}CT}1~この地に　めぐみを \n{15}CT}1~もたらしたのは \n{15}CT}1~光の力だった{13}
romdata/DT/GM_DT_EVTMSG8.FBC.z	DT_EVTMSG8.FBC/dt_EVTMSG8.txtbin	286	utf-8	{15}CT}1~火と水の力をえた \n{15}CT}1~われわれは \n{15}CT}1~地のおくふかく進み \n{15}CT}1~光る石を　見出した{13}
romdata/DT/GM_DT_EVTMSG8.FBC.z	DT_EVTMSG8.FBC/dt_EVTMSG8.txtbin	287	utf-8	{15}CT}1~夜の闇を \n{15}CT}1~うちはらう　光の石は \n{15}CT}1~われわれに \n{15}CT}1~多くの　時をもたらした{13}
romdata/DT/GM_DT_EVTMSG8.FBC.z	DT_EVTMSG8.FBC/dt_EVTMSG8.txtbin	288	utf-8	光の石… \nなんか{ESC}PP}1~大いなる力{ESC}WT}1~みたいだなぁ \n{ESC}GR}1~αー２４{ESC}WT}1~　なにかしらないか？{13}
romdata/DT/GM_DT_EVTMSG8.FBC.z	DT_EVTMSG8.FBC/dt_EVTMSG8.txtbin	289	utf-8	ヒカル　イシ… \nマコウセキ　ト　ヨバレル \nモノ　カモ　シレマセン{13}
romdata/DT/GM_DT_EVTMSG8.FBC.z	DT_EVTMSG8.FBC/dt_EVTMSG8.txtbin	290	utf-8	エネルギー　ヲ　タイリョウ　ニ \nタメル　コト　ノ　デキル \nコウブツ　デス{13}
romdata/DT/GM_DT_EVTMSG8.FBC.z	DT_EVTMSG8.FBC/dt_EVTMSG8.txtbin	291	utf-8	じゃぁ…　あの{ESC}PP}1~大いなる力{ESC}WT}1~も… \nこの下に　ねむっているかも \nしれないなっ！{13}
romdata/DT/GM_DT_EVTMSG8.FBC.z	DT_EVTMSG8.FBC/dt_EVTMSG8.txtbin	292	utf-8	{15}CT}1~この地 \n{15}CT}1~{ESC}BL}1~ヴィレ{ESC}WT}1~を　おとずれしものへ \n{15}CT}1~われわれの　れきしを \n{15}CT}1~つたえよう{13}
romdata/DT/GM_DT_EVTMSG8.FBC.z	DT_EVTMSG8.FBC/dt_EVTMSG8.txtbin	293	utf-8	{15}CT}1~そして \n{15}CT}1~この地に　めぐみを \n{15}CT}1~もたらしたのは \n{15}CT}1~闇の力だった{13}
romdata/DT/GM_DT_EVTMSG8.FBC.z	DT_EVTMSG8.FBC/dt_EVTMSG8.txtbin	294	utf-8	{15}CT}1~火と水と光の力をえた \n{15}CT}1~われわれは \n{15}CT}1~光の石にひそむ \n{15}CT}1~闇の力を　見出した{13}
romdata/DT/GM_DT_EVTMSG8.FBC.z	DT_EVTMSG8.FBC/dt_EVTMSG8.txtbin	295	utf-8	{15}CT}1~闇の力は \n{15}CT}1~全てを動かす \n{15}CT}1~{ESC}PP}1~大いなる力{ESC}WT}1~となり \n{15}CT}1~無限の力をもたらした{13}
romdata/DT/GM_DT_EVTMSG8.FBC.z	DT_EVTMSG8.FBC/dt_EVTMSG8.txtbin	296	utf-8	{15}CT}1~空を飛ぶ船 \n{15}CT}1~てんそうそうち \n{15}CT}1~じどうきかい \n{15}CT}1~われわれは　せかいをかえた{13}
romdata/DT/GM_DT_EVTMSG8.FBC.z	DT_EVTMSG8.FBC/dt_EVTMSG8.txtbin	297	utf-8	そうか　{ESC}PP}1~大いなる力{ESC}WT}1~は \nもっといっぱいあったんだな \nあのきかいは　そのなごりか{13}
romdata/DT/GM_DT_EVTMSG8.FBC.z	DT_EVTMSG8.FBC/dt_EVTMSG8.txtbin	298	utf-8	ソノヨウデス{13}
romdata/DT/GM_DT_EVTMSG8.FBC.z	DT_EVTMSG8.FBC/dt_EVTMSG8.txtbin	299	utf-8	しかし　そんなはってんをしたのに \nなんでここに　だれもいないんだ？{13}
romdata/DT/GM_DT_EVTMSG8.FBC.z	DT_EVTMSG8.FBC/dt_EVTMSG8.txtbin	300	utf-8	スベテ　ハ　ムカシ　ノ \nハナシ　デス　モウ　イミ　ハ \nナイデショウ…{13}
romdata/DT/GM_DT_EVTMSG8.FBC.z	DT_EVTMSG8.FBC/dt_EVTMSG8.txtbin	301	utf-8	{15}CT}1~この地 \n{15}CT}1~{ESC}BL}1~ヴィレ{ESC}WT}1~を　おとずれしものへ \n{15}CT}1~われわれの　れきしを \n{15}CT}1~つたえよう{13}
romdata/DT/GM_DT_EVTMSG8.FBC.z	DT_EVTMSG8.FBC/dt_EVTMSG8.txtbin	302	utf-8	{15}CT}1~おわりに \n{15}CT}1~この地に　せいじゃくを \n{15}CT}1~もたらしたのは \n{15}CT}1~無の力だった{13}
romdata/DT/GM_DT_EVTMSG8.FBC.z	DT_EVTMSG8.FBC/dt_EVTMSG8.txtbin	303	utf-8	{15}CT}1~山をけずり \n{15}CT}1~水をよごし \n{15}CT}1~夜をなくし \n{15}CT}1~力をつかいすぎた　われわれに{13}
romdata/DT/GM_DT_EVTMSG8.FBC.z	DT_EVTMSG8.FBC/dt_EVTMSG8.txtbin	304	utf-8	{15}CT}1~地のそこより \n{15}CT}1~おそるべき　ものが \n{15}CT}1~よびさまされた{13}
romdata/DT/GM_DT_EVTMSG8.FBC.z	DT_EVTMSG8.FBC/dt_EVTMSG8.txtbin	305	utf-8	{15}CT}1~戦いは　ながきにわたり \n{15}CT}1~{ESC}PP}1~大いなる力{ESC}WT}1~を失い \n{15}CT}1~光を失い{13}
romdata/DT/GM_DT_EVTMSG8.FBC.z	DT_EVTMSG8.FBC/dt_EVTMSG8.txtbin	306	utf-8	{15}CT}1~水と緑を失い \n{15}CT}1~火の力をも失い \n{15}CT}1~この地は　もとの　岩山となった{13}
romdata/DT/GM_DT_EVTMSG8.FBC.z	DT_EVTMSG8.FBC/dt_EVTMSG8.txtbin	307	utf-8	{15}CT}1~しかし　 \n{15}CT}1~むげんの　戦いを \n{15}CT}1~もとめた　そのものは \n{15}CT}1~封じることでしか　止められなかった{13}
romdata/DT/GM_DT_EVTMSG8.FBC.z	DT_EVTMSG8.FBC/dt_EVTMSG8.txtbin	308	utf-8	{15}CT}1~封印の　だいしょうにより \n{15}CT}1~ついに　われわれは \n{15}CT}1~この地をさらねば　ならなくなった{13}
romdata/DT/GM_DT_EVTMSG8.FBC.z	DT_EVTMSG8.FBC/dt_EVTMSG8.txtbin	309	utf-8	{15}CT}1~この地 \n{15}CT}1~{ESC}BL}1~ヴィレ{ESC}WT}1~を　おとずれしものよ \n{15}CT}1~封じられしものを \n{15}CT}1~さますことなかれ{13}
romdata/DT/GM_DT_EVTMSG8.FBC.z	DT_EVTMSG8.FBC/dt_EVTMSG8.txtbin	310	utf-8	{15}CT}1~　 \n{15}CT}1~まちうけるは \n{15}CT}1~おわりの　はじまり　なり{13}
romdata/DT/GM_DT_EVTMSG8.FBC.z	DT_EVTMSG8.FBC/dt_EVTMSG8.txtbin	311	utf-8	…この先にほんとうに　じいさんは \nいるのか？{13}
romdata/DT/GM_DT_EVTMSG8.FBC.z	DT_EVTMSG8.FBC/dt_EVTMSG8.txtbin	312	utf-8	ツウシン　ハ　コノサキ　カラ \nキテイマス…{13}
romdata/DT/GM_DT_EVTMSG8.FBC.z	DT_EVTMSG8.FBC/dt_EVTMSG8.txtbin	313	utf-8	この先には　いったいなにが \nまっているんだろう…{13}
romdata/DT/GM_DT_EVTMSG8.FBC.z	DT_EVTMSG8.FBC/dt_EVTMSG8.txtbin	314	utf-8	だが　ここまできて　かえったら \nトレジャーハンターの \nながすたるぜ！！\n
romdata/DT/GM_DT_EVTMSG8.FBC.z	DT_EVTMSG8.FBC/dt_EVTMSG8.txtbin	315	utf-8	も　もう少し　じゅんびを \nしておいたほうが　いいよな…{13}
romdata/DT/GM_DT_EVTMSG8.FBC.z	DT_EVTMSG8.FBC/dt_EVTMSG8.txtbin	316	utf-8	マスター{ESC}GR}1~グレン{ESC}WT}1~　ヨリ \nツウシンデス{13}
romdata/DT/GM_DT_EVTMSG8.FBC.z	DT_EVTMSG8.FBC/dt_EVTMSG8.txtbin	317	utf-8	よし　つないでくれ！{13}
romdata/DT/GM_DT_EVTMSG8.FBC.z	DT_EVTMSG8.FBC/dt_EVTMSG8.txtbin	318	utf-8	どこ…まで　きて…いる？ \n私は　もう…だめかもしれない{13}
romdata/DT/GM_DT_EVTMSG8.FBC.z	DT_EVTMSG8.FBC/dt_EVTMSG8.txtbin	319	utf-8	おい　しっかりしろ \nオレたちは　今　封印のトビラ \nのまえにいる{13}
romdata/DT/GM_DT_EVTMSG8.FBC.z	DT_EVTMSG8.FBC/dt_EVTMSG8.txtbin	320	utf-8	だが　敵が　いるかも \nしれないんだ！{13}
romdata/DT/GM_DT_EVTMSG8.FBC.z	DT_EVTMSG8.FBC/dt_EVTMSG8.txtbin	321	utf-8	は…はやく　き…きて…くれ… \nカギ…　ひら…のは　{ESC}GR}1~αー２…{ESC}WT}1~{13}
romdata/DT/GM_DT_EVTMSG8.FBC.z	DT_EVTMSG8.FBC/dt_EVTMSG8.txtbin	322	utf-8	おい！　どうした！{13}
romdata/DT/GM_DT_EVTMSG8.FBC.z	DT_EVTMSG8.FBC/dt_EVTMSG8.txtbin	323	utf-8	ツウシン　キレマシタ \nセイメイハンノウ　テイカ… \nイソギマショウ{13}
romdata/DT/GM_DT_EVTMSG8.FBC.z	DT_EVTMSG8.FBC/dt_EVTMSG8.txtbin	324	utf-8	くそっ！ \nまってろよ！　じいさん！{13}
romdata/DT/GM_DT_EVTMSG8.FBC.z	DT_EVTMSG8.FBC/dt_EVTMSG8.txtbin	325	utf-8	なんだ　ここは？ \nだれも　いないじゃないか！{13}
romdata/DT/GM_DT_EVTMSG8.FBC.z	DT_EVTMSG8.FBC/dt_EVTMSG8.txtbin	326	utf-8	センターロック　ハッケン \nワタシ　ヲ　アノ　ナカニ \nイレテ　クダサイ{13}
romdata/DT/GM_DT_EVTMSG8.FBC.z	DT_EVTMSG8.FBC/dt_EVTMSG8.txtbin	327	utf-8	カギ？　カギなのか…お前が？{13}
romdata/DT/GM_DT_EVTMSG8.FBC.z	DT_EVTMSG8.FBC/dt_EVTMSG8.txtbin	328	utf-8	ソウデス　ハヤク　シテクダサイ \nジカン　ガ　アリマセン{13}
romdata/DT/GM_DT_EVTMSG8.FBC.z	DT_EVTMSG8.FBC/dt_EVTMSG8.txtbin	329	utf-8	…わかったよ \nでも　お前 \nなにいそいでるんだ？！{13}
romdata/DT/GM_DT_EVTMSG8.FBC.z	DT_EVTMSG8.FBC/dt_EVTMSG8.txtbin	330	utf-8	サイシュウ　ロック　カイジョ \n『ユウゴウ』　カイシシマス{13}
romdata/DT/GM_DT_EVTMSG8.FBC.z	DT_EVTMSG8.FBC/dt_EVTMSG8.txtbin	331	utf-8	ゆうごう？？ \nいったい　なんのことだっ！{13}
romdata/DT/GM_DT_EVTMSG8.FBC.z	DT_EVTMSG8.FBC/dt_EVTMSG8.txtbin	332	utf-8	アリガトウ　{ESC}GR}1~シド{ESC}WT}1~ \nこレで　まタ \n戦いの日ビ　が　始まる{13}
romdata/DT/GM_DT_EVTMSG8.FBC.z	DT_EVTMSG8.FBC/dt_EVTMSG8.txtbin	333	utf-8	戦う？ \nお前　いったい \n何ものなんだ！？{13}
romdata/DT/GM_DT_EVTMSG8.FBC.z	DT_EVTMSG8.FBC/dt_EVTMSG8.txtbin	334	utf-8	反物質エンジン　始動します \nエネルギーチャージ120％… \nオメガシステム　リスタート{13}
romdata/DT/GM_DT_EVTMSG8.FBC.z	DT_EVTMSG8.FBC/dt_EVTMSG8.txtbin	335	utf-8	{15}CT}1~私は　戦いの始まりにして　終わり \n{15}CT}1~アルファにして　オメガ \n{15}CT}1~世界を　終末に \n{15}CT}1~みちびくもの{13}
romdata/DT/GM_DT_EVTMSG8.FBC.z	DT_EVTMSG8.FBC/dt_EVTMSG8.txtbin	336	utf-8	ちくしょう！ \nど　どうすれば…{13}
romdata/DT/GM_DT_EVTMSG8.FBC.z	DT_EVTMSG8.FBC/dt_EVTMSG8.txtbin	337	utf-8	……{13}
romdata/DT/GM_DT_EVTMSG8.FBC.z	DT_EVTMSG8.FBC/dt_EVTMSG8.txtbin	338	utf-8	あ！　あれは！！{13}
romdata/DT/GM_DT_EVTMSG8.FBC.z	DT_EVTMSG8.FBC/dt_EVTMSG8.txtbin	339	utf-8	これは…{ESC}RD}1~てんそうそうち{ESC}WT}1~？！ \nでも　どうやって　これを…{13}
romdata/DT/GM_DT_EVTMSG8.FBC.z	DT_EVTMSG8.FBC/dt_EVTMSG8.txtbin	340	utf-8	ロードコンプリート \nファイナルシーケンス　スタート{13}
romdata/DT/GM_DT_EVTMSG8.FBC.z	DT_EVTMSG8.FBC/dt_EVTMSG8.txtbin	341	utf-8	ちくしょう…　時間がないぞ！…{13}
romdata/DT/GM_DT_EVTMSG8.FBC.z	DT_EVTMSG8.FBC/dt_EVTMSG8.txtbin	342	utf-8	…こ！　これは！！ \nじいさん…あんたも… \nこいつで…{13}
romdata/DT/GM_DT_EVTMSG8.FBC.z	DT_EVTMSG8.FBC/dt_EVTMSG8.txtbin	343	utf-8	シーケンス　コンプリート \nオメガシステム　リスター…{13}
romdata/DT/GM_DT_EVTMSG8.FBC.z	DT_EVTMSG8.FBC/dt_EVTMSG8.txtbin	344	utf-8	クッソー！！ \nまにあえぇーっ！！！！！！！！！{13}
romdata/DT/GM_DT_EVTMSG8.FBC.z	DT_EVTMSG8.FBC/dt_EVTMSG8.txtbin	345	utf-8	うわぁぁぁぁ！！！！{13}
romdata/DT/GM_DT_EVTMSG8.FBC.z	DT_EVTMSG8.FBC/dt_EVTMSG8.txtbin	353	utf-8	ようごじてん \n『{ESC}RD}1~Ｇ．Ｅ．Ａ．Ｒ．{ESC}WT}1~（ギア）』{13}
romdata/DT/GM_DT_EVTMSG8.FBC.z	DT_EVTMSG8.FBC/dt_EVTMSG8.txtbin	354	utf-8	Ｇ＝はんよう　Ｅ＝きょうかがた \nＡ＝じんこう　Ｒ＝はんのうろ{13}
romdata/DT/GM_DT_EVTMSG8.FBC.z	DT_EVTMSG8.FBC/dt_EVTMSG8.txtbin	355	utf-8	アイテムや　エネルギーを \nとおくに　うち出すことのできる \nそうち　いくつかしゅるいがある{13}
romdata/DT/GM_DT_EVTMSG8.FBC.z	DT_EVTMSG8.FBC/dt_EVTMSG8.txtbin	356	utf-8	ようごじてん \n『{ESC}RD}1~Ｃ．Ｏ．Ａ．Ｔ．{ESC}WT}1~（コート）』{13}
romdata/DT/GM_DT_EVTMSG8.FBC.z	DT_EVTMSG8.FBC/dt_EVTMSG8.txtbin	357	utf-8	Ｃ＝いるい　Ｏ＝そうちゃくがた \nＡ＝そうこう　Ｔ＝ぎじゅつ{13}
romdata/DT/GM_DT_EVTMSG8.FBC.z	DT_EVTMSG8.FBC/dt_EVTMSG8.txtbin	358	utf-8	ふくの上にそうびする \n強化よろいのこと \nぼうぎょりょくがあがる{13}
romdata/DT/GM_DT_EVTMSG8.FBC.z	DT_EVTMSG8.FBC/dt_EVTMSG8.txtbin	359	utf-8	ようごじてん \n『{ESC}RD}1~Ｂ．Ｏ．Ｌ．Ｔ．{ESC}WT}1~（ボルト）』{13}
romdata/DT/GM_DT_EVTMSG8.FBC.z	DT_EVTMSG8.FBC/dt_EVTMSG8.txtbin	360	utf-8	Ｂ＝はかい　Ｏ＝ついかこうか \nＬ＝せつぞく　Ｔ＝たんまつ{13}
romdata/DT/GM_DT_EVTMSG8.FBC.z	DT_EVTMSG8.FBC/dt_EVTMSG8.txtbin	361	utf-8	『{ESC}YL}1~ギア{ESC}WT}1~』でうちだすことで \nさまざまな　こうかを　生み出す \nつかいすての　アイテム{13}
romdata/DT/GM_DT_EVTMSG8.FBC.z	DT_EVTMSG8.FBC/dt_EVTMSG8.txtbin	362	utf-8	ようごじてん \n『{ESC}RD}1~Ａ．Ｒ．Ｔ．{ESC}WT}1~（アート）』{13}
romdata/DT/GM_DT_EVTMSG8.FBC.z	DT_EVTMSG8.FBC/dt_EVTMSG8.txtbin	363	utf-8	Ａ＝しんかがた　Ｒ＝はんのうろ \nＴ＝へんけい　{ESC}RD}1~ギア{ESC}WT}1~にたまる{ESC}RD}1~ＳＰ{ESC}WT}1~で \n一時的に{ESC}RD}1~ギア{ESC}WT}1~を改造するワザ{13}
romdata/DT/GM_DT_EVTMSG8.FBC.z	DT_EVTMSG8.FBC/dt_EVTMSG8.txtbin	364	utf-8	ようごじてん \n『{ESC}RD}1~改造ボックス{ESC}WT}1~』{13}
romdata/DT/GM_DT_EVTMSG8.FBC.z	DT_EVTMSG8.FBC/dt_EVTMSG8.txtbin	365	utf-8	{ESC}YL}1~そざい{ESC}WT}1~といっしょに \n{ESC}YL}1~ギア{ESC}WT}1~や{ESC}YL}1~コート{ESC}WT}1~を入れると \n強化できるそうち{13}
romdata/DT/GM_DT_EVTMSG8.FBC.z	DT_EVTMSG8.FBC/dt_EVTMSG8.txtbin	366	utf-8	正しい　くみあわせでないと \n発動しない{13}
romdata/DT/GM_DT_EVTMSG8.FBC.z	DT_EVTMSG8.FBC/dt_EVTMSG8.txtbin	367	utf-8	ようごじてん \n『{ESC}RD}1~ターミナルロッカー{ESC}WT}1~』{13}
romdata/DT/GM_DT_EVTMSG8.FBC.z	DT_EVTMSG8.FBC/dt_EVTMSG8.txtbin	368	utf-8	古代人がつくったと思われる \n{ESC}RD}1~てんそうそうち{ESC}WT}1~のシステムを \nりようした　そうち{13}
romdata/DT/GM_DT_EVTMSG8.FBC.z	DT_EVTMSG8.FBC/dt_EVTMSG8.txtbin	369	utf-8	アイテムをほかんでき　どこの \n{ESC}RD}1~ターミナルロッカー{ESC}WT}1~からでも \nじゆうにアイテムをとりだせる{13}
romdata/DT/GM_DT_EVTMSG8.FBC.z	DT_EVTMSG8.FBC/dt_EVTMSG8.txtbin	370	utf-8	よう！　あいぼう！ \n今　{ESC}RD}1~飛空艇{ESC}WT}1~のざいりょうを \nさがしに　いっているところだ{13}
romdata/DT/GM_DT_EVTMSG8.FBC.z	DT_EVTMSG8.FBC/dt_EVTMSG8.txtbin	371	utf-8	なかなか \nたいへんなんだが… \nきいてくれるか？\n
romdata/DT/GM_DT_EVTMSG8.FBC.z	DT_EVTMSG8.FBC/dt_EVTMSG8.txtbin	372	utf-8	まぁ　お前にも \nやることが　あるしな \nまた　あとできてくれ{13}
romdata/DT/GM_DT_EVTMSG8.FBC.z	DT_EVTMSG8.FBC/dt_EVTMSG8.txtbin	373	utf-8	きいてくれるか　あいぼう \nじつは…{13}
romdata/DT/GM_DT_EVTMSG8.FBC.z	DT_EVTMSG8.FBC/dt_EVTMSG8.txtbin	374	utf-8	よう　あいぼう \nようやく　{ESC}RD}1~飛空艇{ESC}WT}1~のパーツが \nあつまった　ところさ{13}
romdata/DT/GM_DT_EVTMSG8.FBC.z	DT_EVTMSG8.FBC/dt_EVTMSG8.txtbin	375	utf-8	キュピーー！！{13}
romdata/DT/GM_DT_EVTMSG8.FBC.z	DT_EVTMSG8.FBC/dt_EVTMSG8.txtbin	376	utf-8	だが \nあの{ESC}GR}1~イルマ{ESC}WT}1~に　もっていかれた \n{ESC}PP}1~大いなる力{ESC}WT}1~が　たりない…{13}
romdata/DT/GM_DT_EVTMSG8.FBC.z	DT_EVTMSG8.FBC/dt_EVTMSG8.txtbin	377	utf-8	いったい　{ESC}GR}1~イルマ{ESC}WT}1~は \nどこに　いったんだ！{13}
romdata/DT/GM_DT_EVTMSG8.FBC.z	DT_EVTMSG8.FBC/dt_EVTMSG8.txtbin	378	utf-8	…っと{ESC}GR}1~ヴォルグ{ESC}WT}1~！ \nお前　いったい…{13}
romdata/DT/GM_DT_EVTMSG8.FBC.z	DT_EVTMSG8.FBC/dt_EVTMSG8.txtbin	379	utf-8	{ESC}GR}1~チョコボ{ESC}WT}1~ \nちょっときてくれ{13}
romdata/DT/GM_DT_EVTMSG8.FBC.z	DT_EVTMSG8.FBC/dt_EVTMSG8.txtbin	380	utf-8	キュルル？{13}
romdata/DT/GM_DT_EVTMSG8.FBC.z	DT_EVTMSG8.FBC/dt_EVTMSG8.txtbin	381	utf-8	おいおい　どういうことだ？{13}
romdata/DT/GM_DT_EVTMSG8.FBC.z	DT_EVTMSG8.FBC/dt_EVTMSG8.txtbin	382	utf-8	きさまには　言っていない \nいくぞ　{ESC}GR}1~チョコボ{ESC}WT}1~{13}
romdata/DT/GM_DT_EVTMSG8.FBC.z	DT_EVTMSG8.FBC/dt_EVTMSG8.txtbin	383	utf-8	おい！　{ESC}GR}1~ヴォルグ{ESC}WT}1~！{13}
romdata/DT/GM_DT_EVTMSG8.FBC.z	DT_EVTMSG8.FBC/dt_EVTMSG8.txtbin	384	utf-8	よう　あいぼう \n{ESC}GR}1~イルマ{ESC}WT}1~がどこに \nいるか知らないか？{13}
romdata/DT/GM_DT_EVTMSG8.FBC.z	DT_EVTMSG8.FBC/dt_EVTMSG8.txtbin	385	utf-8	よう　あいぼう！ \nよくわかったぜ \nここはまかせる！　まけるなよ！{13}
romdata/DT/GM_DT_EVTMSG8.FBC.z	DT_EVTMSG8.FBC/dt_EVTMSG8.txtbin	386	utf-8	{ESC}RD}1~飛空艇{ESC}WT}1~の \nメンテナンスは　しておいた \nもういちど　いくか？{13}
romdata/DT/GM_DT_EVTMSG8.FBC.z	DT_EVTMSG8.FBC/dt_EVTMSG8.txtbin	387	utf-8	よし　いってこい！{13}
romdata/DT/GM_DT_EVTMSG8.FBC.z	DT_EVTMSG8.FBC/dt_EVTMSG8.txtbin	388	utf-8	そうだな　しっかりじゅんび \nしておかないとな{13}
romdata/DT/GM_DT_EVTMSG8.FBC.z	DT_EVTMSG8.FBC/dt_EVTMSG8.txtbin	389	utf-8	ザンネンながら　そこで \n行き止まりだったんだ{13}
romdata/DT/GM_DT_EVTMSG8.FBC.z	DT_EVTMSG8.FBC/dt_EVTMSG8.txtbin	390	utf-8	クピピ…{13}
romdata/DT/GM_DT_EVTMSG8.FBC.z	DT_EVTMSG8.FBC/dt_EVTMSG8.txtbin	391	utf-8	あの先に　なにが \nまちかまえているか \n知りたいぜ{13}
romdata/DT/GM_DT_EVTMSG8.FBC.z	DT_EVTMSG8.FBC/dt_EVTMSG8.txtbin	392	utf-8	また　オレの話を \nききたくなったら \nここに　きてくれよな！{13}
romdata/DT/GM_DT_EVTMSG8.FBC.z	DT_EVTMSG8.FBC/dt_EVTMSG8.txtbin	393	utf-8	コノ　フロア　ニハ \nマスター{ESC}GR}1~グレン{ESC}WT}1~　ノ　ハンノウ　ハ \nカクニン　デキマセン{13}
romdata/DT/GM_DT_EVTMSG8.FBC.z	DT_EVTMSG8.FBC/dt_EVTMSG8.txtbin	394	utf-8	てことは　ここから先に \nいるってことだな！ \nさぁ　ぼうけんの　はじまりだっ！{13}
romdata/DT/GM_DT_EVTMSG8.FBC.z	DT_EVTMSG8.FBC/dt_EVTMSG8.txtbin	395	utf-8	お前…いままで \nオレを　だましていたのか！ \nじいさんは　どこだっ！{13}
romdata/DT/GM_DT_EVTMSG8.FBC.z	DT_EVTMSG8.FBC/dt_EVTMSG8.txtbin	396	utf-8	{ESC}GR}1~グレン{ESC}WT}1~は　以前　私を封印し \nこの世界を　はなれました \nあのようなミスはもうしません{13}
romdata/DT/GM_DT_EVTMSG8.FBC.z	DT_EVTMSG8.FBC/dt_EVTMSG8.txtbin	397	utf-8	じゃ　あの通信は…{13}
romdata/DT/GM_DT_EVTMSG8.FBC.z	DT_EVTMSG8.FBC/dt_EVTMSG8.txtbin	398	utf-8	あの…信は　にせ… \nあな…に 私を 復活さ…るため \nえいえんの戦い…つづ…させ{13}
romdata/DT/GM_DT_EVTMSG8.FBC.z	DT_EVTMSG8.FBC/dt_EVTMSG8.txtbin	399	utf-8	システム　停止…{13}
romdata/DT/GM_DT_EVTMSG8.FBC.z	DT_EVTMSG8.FBC/dt_EVTMSG8.txtbin	400	utf-8	{ESC}GR}1~αー２４…{ESC}WT}1~　くそっ！{13}
romdata/DT/GM_DT_EVTMSG8.FBC.z	DT_EVTMSG8.FBC/dt_EVTMSG8.txtbin	401	utf-8	オートリカバリーシステム　オン \nオメガシステム \nナウ　ローディング{13}
romdata/DT/GM_DT_EVTMSG8.FBC.z	DT_EVTMSG8.FBC/dt_EVTMSG8.txtbin	402	utf-8	な！　なにっ！ \nこ！　こいつ！ \nふっかつするのか！{13}
romdata/DT/GM_DT_EVTMSG8.FBC.z	DT_EVTMSG8.FBC/dt_EVTMSG8.txtbin	403	utf-8	よう！　あいぼう！ \nと　まぁ　そんなわけだったんだが \n…っと　なんだこれ？{13}
romdata/DT/GM_DT_EVTMSG8.FBC.z	DT_EVTMSG8.FBC/dt_EVTMSG8.txtbin	404	utf-8	オレには使えなさそうだな… \nでも　あいぼうなら… \n使えるだろ？　ほら{13}
romdata/DT/GM_DT_EVTMSG8.FBC.z	DT_EVTMSG8.FBC/dt_EVTMSG8.txtbin	405	utf-8	{ESC}GR}1~チョコボ{ESC}WT}1~は　{ESC}GR}1~シド{ESC}WT}1~から \n{05}}18~ \nをもらった！{13}
romdata/DT/GM_DT_EVTMSG8.FBC.z	DT_EVTMSG8.FBC/dt_EVTMSG8.txtbin	406	utf-8	おいおい…あいぼう…お前… \nカバンがいっぱいじゃないか！！ \n…ざんねんだなぁ…{13}
romdata/DT/GM_DT_EVTMSG8.FBC.z	DT_EVTMSG8.FBC/dt_EVTMSG8.txtbin	407	utf-8	ソレ　ハ　{ESC}RD}1~改造ボックス{ESC}WT}1~　デス{13}
romdata/DT/GM_DT_EVTMSG8.FBC.z	DT_EVTMSG8.FBC/dt_EVTMSG8.txtbin	408	utf-8	タンサ　モード \nデグチ　ヲ　ソウサク　シマス{13}
romdata/DT/GM_DT_EVTMSG8.FBC.z	DT_EVTMSG8.FBC/dt_EVTMSG8.txtbin	409	utf-8	カイダン　ハッケン　シマシタ{13}
romdata/DT/GM_DT_EVTMSG8.FBC.z	DT_EVTMSG8.FBC/dt_EVTMSG8.txtbin	410	utf-8	ようすを　みますか？{13}
romdata/DT/GM_DT_EVTMSG8.FBC.z	DT_EVTMSG8.FBC/dt_EVTMSG8.txtbin	411	utf-8	ほんとうに \nようすを　みつづけますか？{13}
romdata/DT/GM_DT_EVTMSG8.FBC.z	DT_EVTMSG8.FBC/dt_EVTMSG8.txtbin	412	utf-8	よう　あいぼう！ \nまたあの{ESC}BL}1~遺跡{ESC}WT}1~を　しらべてきたんだ \nその時の話をきいてくれ！\n
romdata/DT/GM_DT_EVTMSG8.FBC.z	DT_EVTMSG8.FBC/dt_EVTMSG8.txtbin	413	utf-8	エネルギーざんりょうで \nいりょくが　へんかするが \nさいてい{ESC}RD}1~１ＳＰ{ESC}WT}1~がひつよう{13}
romdata/DT/GM_DT_EVTMSG8.FBC.z	DT_EVTMSG8.FBC/dt_EVTMSG8.txtbin	414	utf-8	ようごじてん \n『{ESC}RD}1~じっけん{ESC}WT}1~』{13}
romdata/DT/GM_DT_EVTMSG8.FBC.z	DT_EVTMSG8.FBC/dt_EVTMSG8.txtbin	415	utf-8	{ESC}RD}1~そざい{ESC}WT}1~を分子レベルまでぶんかいし \nさいこうせいすること　{ESC}GR}1~せいこうで \nそざいは　べつアイテムにへんか{ESC}WT}1~　{13}
romdata/DT/GM_DT_EVTMSG8.FBC.z	DT_EVTMSG8.FBC/dt_EVTMSG8.txtbin	416	utf-8	{ESC}PP}1~しっぱいで　そざいはしょうめつ{ESC}WT}1~ \nせいこうりつは　いちどにつかう \n{ESC}RD}1~そざい{ESC}WT}1~の数にさゆうされる{13}
romdata/DT/GM_DT_EVTMSG9.FBC.z	DT_EVTMSG9.FBC/dt_EVTMSG9.txtbin	0	utf-8	チョコボ\n
romdata/DT/GM_DT_EVTMSG9.FBC.z	DT_EVTMSG9.FBC/dt_EVTMSG9.txtbin	6	utf-8	イルマ\n
romdata/DT/GM_DT_EVTMSG9.FBC.z	DT_EVTMSG9.FBC/dt_EVTMSG9.txtbin	8	utf-8	ヴォルグ
romdata/DT/GM_DT_EVTMSG9.FBC.z	DT_EVTMSG9.FBC/dt_EVTMSG9.txtbin	10	utf-8	メーア
romdata/DT/GM_DT_EVTMSG9.FBC.z	DT_EVTMSG9.FBC/dt_EVTMSG9.txtbin	12	utf-8	ステラ
romdata/DT/GM_DT_EVTMSG9.FBC.z	DT_EVTMSG9.FBC/dt_EVTMSG9.txtbin	13	utf-8	ローチェ
romdata/DT/GM_DT_EVTMSG9.FBC.z	DT_EVTMSG9.FBC/dt_EVTMSG9.txtbin	14	utf-8	ダードラー
romdata/DT/GM_DT_EVTMSG9.FBC.z	DT_EVTMSG9.FBC/dt_EVTMSG9.txtbin	15	utf-8	ハリー
romdata/DT/GM_DT_EVTMSG9.FBC.z	DT_EVTMSG9.FBC/dt_EVTMSG9.txtbin	16	utf-8	マリス
romdata/DT/GM_DT_EVTMSG9.FBC.z	DT_EVTMSG9.FBC/dt_EVTMSG9.txtbin	17	utf-8	シャルロット
romdata/DT/GM_DT_EVTMSG9.FBC.z	DT_EVTMSG9.FBC/dt_EVTMSG9.txtbin	18	utf-8	フローラ
romdata/DT/GM_DT_EVTMSG9.FBC.z	DT_EVTMSG9.FBC/dt_EVTMSG9.txtbin	20	utf-8	メディット
romdata/DT/GM_DT_EVTMSG9.FBC.z	DT_EVTMSG9.FBC/dt_EVTMSG9.txtbin	22	utf-8	ロディ
romdata/DT/GM_DT_EVTMSG9.FBC.z	DT_EVTMSG9.FBC/dt_EVTMSG9.txtbin	23	utf-8	クレア
romdata/DT/GM_DT_EVTMSG9.FBC.z	DT_EVTMSG9.FBC/dt_EVTMSG9.txtbin	24	utf-8	ブラル
romdata/DT/GM_DT_EVTMSG9.FBC.z	DT_EVTMSG9.FBC/dt_EVTMSG9.txtbin	35	utf-8	ゴブリン
romdata/DT/GM_DT_EVTMSG9.FBC.z	DT_EVTMSG9.FBC/dt_EVTMSG9.txtbin	38	utf-8	ダンジョンヒーローＸ
romdata/DT/GM_DT_EVTMSG9.FBC.z	DT_EVTMSG9.FBC/dt_EVTMSG9.txtbin	39	utf-8	ロマンチックヒーローＸ
romdata/DT/GM_DT_EVTMSG9.FBC.z	DT_EVTMSG9.FBC/dt_EVTMSG9.txtbin	40	utf-8	商人ヒーローＸ
romdata/DT/GM_DT_EVTMSG9.FBC.z	DT_EVTMSG9.FBC/dt_EVTMSG9.txtbin	48	utf-8	？？？？？\n
romdata/DT/GM_DT_EVTMSG9.FBC.z	DT_EVTMSG9.FBC/dt_EVTMSG9.txtbin	49	utf-8	ポップアップヒーローＸ
romdata/DT/GM_DT_EVTMSG9.FBC.z	DT_EVTMSG9.FBC/dt_EVTMSG9.txtbin	100	utf-8	オレは{ESC}GR}1~ゴブリン{ESC}WT}1~ \nことわざマニアさ！{13}
romdata/DT/GM_DT_EVTMSG9.FBC.z	DT_EVTMSG9.FBC/dt_EVTMSG9.txtbin	101	utf-8	{ESC}YL}1~{06}}72~{ESC}WT}1~┣┳で \n『ことわざうらない』 \nやってくかい？\n
romdata/DT/GM_DT_EVTMSG9.FBC.z	DT_EVTMSG9.FBC/dt_EVTMSG9.txtbin	102	utf-8	…ちっ　せっかく \nうらなってやろうと \n思ったのにな…{13}
romdata/DT/GM_DT_EVTMSG9.FBC.z	DT_EVTMSG9.FBC/dt_EVTMSG9.txtbin	103	utf-8	{ESC}YL}1~ギル{ESC}WT}1~がたりないぜ！{13}
romdata/DT/GM_DT_EVTMSG9.FBC.z	DT_EVTMSG9.FBC/dt_EVTMSG9.txtbin	104	utf-8	よし！ \nそれじゃ　うらなうぞ！{13}
romdata/DT/GM_DT_EVTMSG9.FBC.z	DT_EVTMSG9.FBC/dt_EVTMSG9.txtbin	105	utf-8	　♪こっ・とわざ・うらない \n　♪はっ・じめっ・ましょ！{13}
romdata/DT/GM_DT_EVTMSG9.FBC.z	DT_EVTMSG9.FBC/dt_EVTMSG9.txtbin	106	utf-8	キェェェーーー！！{13}
romdata/DT/GM_DT_EVTMSG9.FBC.z	DT_EVTMSG9.FBC/dt_EVTMSG9.txtbin	107	utf-8	Ｎｏ．００１　小吉 \n『ころばぬ先の{ESC}YL}1~フェニックスの尾{ESC}WT}1~』{13}
romdata/DT/GM_DT_EVTMSG9.FBC.z	DT_EVTMSG9.FBC/dt_EVTMSG9.txtbin	108	utf-8	{ESC}YL}1~フェニックスの尾{ESC}WT}1~は \nもってるだけじゃダメなんだ{13}
romdata/DT/GM_DT_EVTMSG9.FBC.z	DT_EVTMSG9.FBC/dt_EVTMSG9.txtbin	109	utf-8	先につかっておくことで \nたおれても \n復活できるようになるぞ！{13}
romdata/DT/GM_DT_EVTMSG9.FBC.z	DT_EVTMSG9.FBC/dt_EVTMSG9.txtbin	110	utf-8	Ｎｏ．００２　小吉 \n『ギサールをわらうものは \n　　　　　　　ギサールになく』{13}
romdata/DT/GM_DT_EVTMSG9.FBC.z	DT_EVTMSG9.FBC/dt_EVTMSG9.txtbin	111	utf-8	はらがへっては　何もできない！ \n{ESC}YL}1~ギサールの野菜{ESC}WT}1~は \nかならず　もっているようにな！{13}
romdata/DT/GM_DT_EVTMSG9.FBC.z	DT_EVTMSG9.FBC/dt_EVTMSG9.txtbin	112	utf-8	Ｎｏ．００３　小吉 \n『こまったときの　テレポだのみ』{13}
romdata/DT/GM_DT_EVTMSG9.FBC.z	DT_EVTMSG9.FBC/dt_EVTMSG9.txtbin	113	utf-8	たおれそうなときは　迷わず \n{ESC}YL}1~テレポの羽{ESC}WT}1~をつかうんだ！ \nたおれるより　ずっとマシだぜ！{13}
romdata/DT/GM_DT_EVTMSG9.FBC.z	DT_EVTMSG9.FBC/dt_EVTMSG9.txtbin	114	utf-8	Ｎｏ．００４　小吉 \n『メガネあれば　うれいなし』{13}
romdata/DT/GM_DT_EVTMSG9.FBC.z	DT_EVTMSG9.FBC/dt_EVTMSG9.txtbin	115	utf-8	何だこれ？　と思ったら \n{ESC}YL}1~かんていめがね{ESC}WT}1~！{13}
romdata/DT/GM_DT_EVTMSG9.FBC.z	DT_EVTMSG9.FBC/dt_EVTMSG9.txtbin	116	utf-8	どんなアイテムなのか \nわかるようにしておくんだ！{13}
romdata/DT/GM_DT_EVTMSG9.FBC.z	DT_EVTMSG9.FBC/dt_EVTMSG9.txtbin	117	utf-8	Ｎｏ．００５　中吉 \n『えんげいは　みをたすける』{13}
romdata/DT/GM_DT_EVTMSG9.FBC.z	DT_EVTMSG9.FBC/dt_EVTMSG9.txtbin	118	utf-8	{ESC}BL}1~フローラの花屋{ESC}WT}1~で売ってる \n{ESC}YL}1~ふしぎなタネ{ESC}WT}1~ \n畑で　つかえば花がさくぞ！{13}
romdata/DT/GM_DT_EVTMSG9.FBC.z	DT_EVTMSG9.FBC/dt_EVTMSG9.txtbin	119	utf-8	花はダンジョンでつかうことで \nお前のたすけになってくれる！ \nふしぎな　ふしぎな　花なのさ！{13}
romdata/DT/GM_DT_EVTMSG9.FBC.z	DT_EVTMSG9.FBC/dt_EVTMSG9.txtbin	120	utf-8	Ｎｏ．００６　小吉 \n『こわいものには　ませき』{13}
romdata/DT/GM_DT_EVTMSG9.FBC.z	DT_EVTMSG9.FBC/dt_EVTMSG9.txtbin	121	utf-8	しんじゅうを　たおすと \n『魔石』をおとすことがある \nつかえばお前をたすけてくれるぞ！{13}
romdata/DT/GM_DT_EVTMSG9.FBC.z	DT_EVTMSG9.FBC/dt_EVTMSG9.txtbin	122	utf-8	Ｎｏ．００７　中吉 \n『かしこい{ESC}GR}1~チョコボ{ESC}WT}1~は \n　　　　　ツメをきたえる』{13}
romdata/DT/GM_DT_EVTMSG9.FBC.z	DT_EVTMSG9.FBC/dt_EVTMSG9.txtbin	123	utf-8	かじやを　フルに活用して \n自分だけの　ツメをつくるんだ！{13}
romdata/DT/GM_DT_EVTMSG9.FBC.z	DT_EVTMSG9.FBC/dt_EVTMSG9.txtbin	124	utf-8	Ｎｏ．００８　小吉 \n『サイトロは　さんもんのとく』{13}
romdata/DT/GM_DT_EVTMSG9.FBC.z	DT_EVTMSG9.FBC/dt_EVTMSG9.txtbin	125	utf-8	{ESC}YL}1~サイトロの本{ESC}WT}1~をよむと \nフロアすべてが　わかるようになる！{13}
romdata/DT/GM_DT_EVTMSG9.FBC.z	DT_EVTMSG9.FBC/dt_EVTMSG9.txtbin	126	utf-8	てきや　アイテムの \nばしょも　わかるから \nうまく　つかっていこう！{13}
romdata/DT/GM_DT_EVTMSG9.FBC.z	DT_EVTMSG9.FBC/dt_EVTMSG9.txtbin	127	utf-8	Ｎｏ．００９　吉 \n『{ESC}GR}1~チョコボ{ESC}WT}1~も歩けば　ＨＰ回復』{13}
romdata/DT/GM_DT_EVTMSG9.FBC.z	DT_EVTMSG9.FBC/dt_EVTMSG9.txtbin	128	utf-8	ＨＰは歩いて回復させる！ \nアイテムをとっておいて \nピンチに　そなえておくんだぞ！{13}
romdata/DT/GM_DT_EVTMSG9.FBC.z	DT_EVTMSG9.FBC/dt_EVTMSG9.txtbin	129	utf-8	Ｎｏ．０１０　吉 \n『くさっても　やさい』{13}
romdata/DT/GM_DT_EVTMSG9.FBC.z	DT_EVTMSG9.FBC/dt_EVTMSG9.txtbin	130	utf-8	おなかがすいてフラフラ！ \nそんなときは　{ESC}YL}1~クサールの野菜{ESC}WT}1~でも \n食べるんだ！　元気になるぞ！{13}
romdata/DT/GM_DT_EVTMSG9.FBC.z	DT_EVTMSG9.FBC/dt_EVTMSG9.txtbin	131	utf-8	Ｎｏ．０１１　吉 \n『いしばしを　 \n　　　からぶりしてわたる』{13}
romdata/DT/GM_DT_EVTMSG9.FBC.z	DT_EVTMSG9.FBC/dt_EVTMSG9.txtbin	132	utf-8	そのばで　からぶりすると \nワナを見つけられるぞ！ \nワナにかからないようにな！{13}
romdata/DT/GM_DT_EVTMSG9.FBC.z	DT_EVTMSG9.FBC/dt_EVTMSG9.txtbin	134	utf-8	Ｎｏ．０１２　凶 \n『暗いから　{ESC}YL}1~めぐすり{ESC}WT}1~』{13}
romdata/DT/GM_DT_EVTMSG9.FBC.z	DT_EVTMSG9.FBC/dt_EVTMSG9.txtbin	135	utf-8	くらやみに　なって何もみえない！ \nそんなときは{ESC}YL}1~めぐすり{ESC}WT}1~を \nつかって回復するんだ！{13}
romdata/DT/GM_DT_EVTMSG9.FBC.z	DT_EVTMSG9.FBC/dt_EVTMSG9.txtbin	136	utf-8	Ｎｏ．０１３　凶 \n『どくをくらわば　{ESC}YL}1~どくけし{ESC}WT}1~』{13}
romdata/DT/GM_DT_EVTMSG9.FBC.z	DT_EVTMSG9.FBC/dt_EVTMSG9.txtbin	137	utf-8	どくになってしまうと \n１ターンごとにＨＰが１ずつ \nへってしまうぞ！{13}
romdata/DT/GM_DT_EVTMSG9.FBC.z	DT_EVTMSG9.FBC/dt_EVTMSG9.txtbin	138	utf-8	{ESC}YL}1~どくけし{ESC}WT}1~があれば \n迷わずつかうんだ！{13}
romdata/DT/GM_DT_EVTMSG9.FBC.z	DT_EVTMSG9.FBC/dt_EVTMSG9.txtbin	139	utf-8	Ｎｏ．０１４　凶 \n『ねる子は　そまつ』{13}
romdata/DT/GM_DT_EVTMSG9.FBC.z	DT_EVTMSG9.FBC/dt_EVTMSG9.txtbin	140	utf-8	ダンジョンでねてしまう！ \nそんな　おそまつなことになる前に \nねむりをふせぐ！{13}
romdata/DT/GM_DT_EVTMSG9.FBC.z	DT_EVTMSG9.FBC/dt_EVTMSG9.txtbin	141	utf-8	Ｎｏ．０１５　凶 \n『ちんもくは　きんなり』{13}
romdata/DT/GM_DT_EVTMSG9.FBC.z	DT_EVTMSG9.FBC/dt_EVTMSG9.txtbin	142	utf-8	ちんもくしてしまうと \nまほうや　アビリティが \nつかえなくなってしまう！{13}
romdata/DT/GM_DT_EVTMSG9.FBC.z	DT_EVTMSG9.FBC/dt_EVTMSG9.txtbin	143	utf-8	はやめに{ESC}YL}1~やまびこ薬{ESC}WT}1~を \nつかって回復するんだ！{13}
romdata/DT/GM_DT_EVTMSG9.FBC.z	DT_EVTMSG9.FBC/dt_EVTMSG9.txtbin	144	utf-8	Ｎｏ．０１６　大吉 \n『学ぶかどには　ふく来たる』{13}
romdata/DT/GM_DT_EVTMSG9.FBC.z	DT_EVTMSG9.FBC/dt_EVTMSG9.txtbin	145	utf-8	ぼうけんで　大切なのは \n『ちしき』と『けいけん』だ！{13}
romdata/DT/GM_DT_EVTMSG9.FBC.z	DT_EVTMSG9.FBC/dt_EVTMSG9.txtbin	146	utf-8	くりかえし　ダンジョンにいけば \nきっとお前の力になるぞ！{13}
romdata/DT/GM_DT_EVTMSG9.FBC.z	DT_EVTMSG9.FBC/dt_EVTMSG9.txtbin	147	utf-8	Ｎｏ．０１７　凶 \n『ねみみに　{ESC}YL}1~しお水{ESC}WT}1~』{13}
romdata/DT/GM_DT_EVTMSG9.FBC.z	DT_EVTMSG9.FBC/dt_EVTMSG9.txtbin	148	utf-8	{ESC}YL}1~しお水{ESC}WT}1~をつかうと \nツメやクラがさびて \nよわくなってしまうんだ！{13}
romdata/DT/GM_DT_EVTMSG9.FBC.z	DT_EVTMSG9.FBC/dt_EVTMSG9.txtbin	149	utf-8	『合成』で金の印を \n忘れずにつけるんだな！{13}
romdata/DT/GM_DT_EVTMSG9.FBC.z	DT_EVTMSG9.FBC/dt_EVTMSG9.txtbin	150	utf-8	Ｎｏ．０１８　吉 \n『チョコウボウは　ツメをえらぶ』{13}
romdata/DT/GM_DT_EVTMSG9.FBC.z	DT_EVTMSG9.FBC/dt_EVTMSG9.txtbin	151	utf-8	ツメの中には \nあいてによって大ダメージを \nあたえられるものも　あるんだぜ！{13}
romdata/DT/GM_DT_EVTMSG9.FBC.z	DT_EVTMSG9.FBC/dt_EVTMSG9.txtbin	152	utf-8	Ｎｏ．０１９　小吉 \n『{ESC}YL}1~エリクサー{ESC}WT}1~の　もちぐされ』{13}
romdata/DT/GM_DT_EVTMSG9.FBC.z	DT_EVTMSG9.FBC/dt_EVTMSG9.txtbin	153	utf-8	{ESC}YL}1~エリクサー{ESC}WT}1~はＨＰとＳＰを \nかんぜんに回復してくれる！ \nちゃんと　つかうんだぞ！{13}
romdata/DT/GM_DT_EVTMSG9.FBC.z	DT_EVTMSG9.FBC/dt_EVTMSG9.txtbin	154	utf-8	Ｎｏ．０２０　凶 \n『やまいは　てきから』{13}
romdata/DT/GM_DT_EVTMSG9.FBC.z	DT_EVTMSG9.FBC/dt_EVTMSG9.txtbin	155	utf-8	{ESC}RD}1~てき{ESC}WT}1~のなかには \nねむらせたり　どくにしたりする \nやっかいなヤツがいる！{13}
romdata/DT/GM_DT_EVTMSG9.FBC.z	DT_EVTMSG9.FBC/dt_EVTMSG9.txtbin	156	utf-8	やっかいな　{ESC}RD}1~てき{ESC}WT}1~からは \nにげて　あえて \nたたかわないのも手だ！{13}
romdata/DT/GM_DT_EVTMSG9.FBC.z	DT_EVTMSG9.FBC/dt_EVTMSG9.txtbin	157	utf-8	Ｎｏ．０２１　吉 \n『月と　すっぴん』{13}
romdata/DT/GM_DT_EVTMSG9.FBC.z	DT_EVTMSG9.FBC/dt_EVTMSG9.txtbin	158	utf-8	ジョブチェンジで \nたくさんの　ジョブを \nそだてるんだ！{13}
romdata/DT/GM_DT_EVTMSG9.FBC.z	DT_EVTMSG9.FBC/dt_EVTMSG9.txtbin	159	utf-8	だが　『すっぴん』も \nジョブのひとつだってことを \n忘れるなよ！{13}
romdata/DT/GM_DT_EVTMSG9.FBC.z	DT_EVTMSG9.FBC/dt_EVTMSG9.txtbin	160	utf-8	Ｎｏ．０２２　吉 \n『おんを　アダマンでかえす』{13}
romdata/DT/GM_DT_EVTMSG9.FBC.z	DT_EVTMSG9.FBC/dt_EVTMSG9.txtbin	161	utf-8	アダマンタイトで \nできたツメやクラがあるらしいぞ \nぜひ　手に入れよう！{13}
romdata/DT/GM_DT_EVTMSG9.FBC.z	DT_EVTMSG9.FBC/dt_EVTMSG9.txtbin	162	utf-8	Ｎｏ．０２３　吉 \n『じしん　かみなり　 \n　　　　かじ　くろまどうし』{13}
romdata/DT/GM_DT_EVTMSG9.FBC.z	DT_EVTMSG9.FBC/dt_EVTMSG9.txtbin	163	utf-8	黒魔道士のジョブだと \n強いアビリティをつかえるんだ！{13}
romdata/DT/GM_DT_EVTMSG9.FBC.z	DT_EVTMSG9.FBC/dt_EVTMSG9.txtbin	164	utf-8	Ｎｏ．０２４　吉 \n『あつさ・さむさも \n　　　　印合成まで』{13}
romdata/DT/GM_DT_EVTMSG9.FBC.z	DT_EVTMSG9.FBC/dt_EVTMSG9.txtbin	165	utf-8	クラにも『印』がついている！ \nこの『印』を『合成』して \n自分だけのクラをつくろう！{13}
romdata/DT/GM_DT_EVTMSG9.FBC.z	DT_EVTMSG9.FBC/dt_EVTMSG9.txtbin	166	utf-8	Ｎｏ．０２５　小吉 \n『りょうやくは \n　　　　アンデッドににがし』{13}
romdata/DT/GM_DT_EVTMSG9.FBC.z	DT_EVTMSG9.FBC/dt_EVTMSG9.txtbin	167	utf-8	{ESC}BW}1~スケルトン{ESC}WT}1~みたいな{ESC}RD}1~てき{ESC}WT}1~に \n{ESC}YL}1~ポーション{ESC}WT}1~をけって　あてると \nダメージをあたえられるぞ！{13}
romdata/DT/GM_DT_EVTMSG9.FBC.z	DT_EVTMSG9.FBC/dt_EVTMSG9.txtbin	168	utf-8	Ｎｏ．０２６　凶 \n『レアアイテムは \n　　　ショップのワナにあり』{13}
romdata/DT/GM_DT_EVTMSG9.FBC.z	DT_EVTMSG9.FBC/dt_EVTMSG9.txtbin	169	utf-8	{ESC}GR}1~商人ヒーローＸ{ESC}WT}1~の店には \nレアアイテムがある！ \nぜひ　手に入れよう！{13}
romdata/DT/GM_DT_EVTMSG9.FBC.z	DT_EVTMSG9.FBC/dt_EVTMSG9.txtbin	170	utf-8	Ｎｏ．０２７　吉 \n『ひと押しして \n　　　　　　アイテムなおせ』{13}
romdata/DT/GM_DT_EVTMSG9.FBC.z	DT_EVTMSG9.FBC/dt_EVTMSG9.txtbin	171	utf-8	{ESC}RD}1~ь{ESC}WT}1~で \nアイテムを{ESC}RD}1~せいとん{ESC}WT}1~できるぞ！ \n見やすくなって　べんりだぜ！{13}
romdata/DT/GM_DT_EVTMSG9.FBC.z	DT_EVTMSG9.FBC/dt_EVTMSG9.txtbin	172	utf-8	Ｎｏ．０２８　中吉 \n『初魚は　{ESC}GR}1~マリス{ESC}WT}1~にわたすな』{13}
romdata/DT/GM_DT_EVTMSG9.FBC.z	DT_EVTMSG9.FBC/dt_EVTMSG9.txtbin	173	utf-8	めずらしい魚をつったら \n{ESC}BL}1~マリスの魚屋{ESC}WT}1~に売らずに \n{ESC}GR}1~ブラル{ESC}WT}1~にわたすんだ！{13}
romdata/DT/GM_DT_EVTMSG9.FBC.z	DT_EVTMSG9.FBC/dt_EVTMSG9.txtbin	174	utf-8	Ｎｏ．０２９　中吉 \n『どうぶつは \n　　　　人ほどにものを言う』{13}
romdata/DT/GM_DT_EVTMSG9.FBC.z	DT_EVTMSG9.FBC/dt_EVTMSG9.txtbin	175	utf-8	{ESC}GR}1~チョコボ{ESC}WT}1~は人だけじゃなく \nどうぶつとも話せるだろ？ \nどうぶつも　ヒントをくれるぜ！{13}
romdata/DT/GM_DT_EVTMSG9.FBC.z	DT_EVTMSG9.FBC/dt_EVTMSG9.txtbin	176	utf-8	Ｎｏ．０３０　吉 \n『いまを知りたきゃ \n　　　　はじまりをおせ』{13}
romdata/DT/GM_DT_EVTMSG9.FBC.z	DT_EVTMSG9.FBC/dt_EVTMSG9.txtbin	177	utf-8	今いるばしょを　しりたければ \n『ぜんたいマップ』を見るんだな{13}
romdata/DT/GM_DT_EVTMSG9.FBC.z	DT_EVTMSG9.FBC/dt_EVTMSG9.txtbin	178	utf-8	{ESC}RD}1~ＳＴＡＲＴ{ESC}WT}1~をおせば \nイッパツでひらくぞ！{13}
romdata/DT/GM_DT_EVTMSG9.FBC.z	DT_EVTMSG9.FBC/dt_EVTMSG9.txtbin	179	utf-8	…って　こんなん出たぞ{13}
romdata/DT/GM_DT_EVTMSG9.FBC.z	DT_EVTMSG9.FBC/dt_EVTMSG9.txtbin	180	utf-8	オレのことわざ \nちゃんと　おぼえておけよな！{13}
romdata/DT/GM_DT_EVTMSG9.FBC.z	DT_EVTMSG9.FBC/dt_EVTMSG9.txtbin	181	utf-8	おお！　お前は \nラッキーだな！！{13}
romdata/DT/GM_DT_EVTMSG9.FBC.z	DT_EVTMSG9.FBC/dt_EVTMSG9.txtbin	182	utf-8	そんなラッキーさんには \nこいつをやろう！{13}
romdata/DT/GM_DT_EVTMSG9.FBC.z	DT_EVTMSG9.FBC/dt_EVTMSG9.txtbin	183	utf-8	{ESC}GR}1~チョコボ{ESC}WT}1~は \n{05}}18~ \nを手に入れた！{13}
romdata/DT/GM_DT_EVTMSG9.FBC.z	DT_EVTMSG9.FBC/dt_EVTMSG9.txtbin	184	utf-8	また来てくれよな！{13}
romdata/DT/GM_DT_EVTMSG9.FBC.z	DT_EVTMSG9.FBC/dt_EVTMSG9.txtbin	185	utf-8	…と思ったけど \nもちものが　いっぱいだな \nまあ今回はあきらめるんだな{13}
romdata/DT/GM_DT_EVTMSG9.FBC.z	DT_EVTMSG9.FBC/dt_EVTMSG9.txtbin	188	utf-8	…戦う　りゆうは… \nなんだった？ \nううっ　思い出せん…{13}
romdata/DT/GM_DT_EVTMSG9.FBC.z	DT_EVTMSG9.FBC/dt_EVTMSG9.txtbin	190	utf-8	ああ　{ESC}GR}1~チョコボ{ESC}WT}1~さん \nあなたのすすむ道に \n神のしゅくふくがあらんことを！{13}
romdata/DT/GM_DT_EVTMSG9.FBC.z	DT_EVTMSG9.FBC/dt_EVTMSG9.txtbin	192	utf-8	いらっしゃい・いらっしゃい！ \nん？　オレの商売って \nなんだった？{13}
romdata/DT/GM_DT_EVTMSG9.FBC.z	DT_EVTMSG9.FBC/dt_EVTMSG9.txtbin	194	utf-8	この花はなんだったっけ？ \nああ　わすれちまった \nどうしたらいいかねぇ…{13}
romdata/DT/GM_DT_EVTMSG9.FBC.z	DT_EVTMSG9.FBC/dt_EVTMSG9.txtbin	196	utf-8	オレの商売ってなんだっけ？ \nっつーか　オレ　だれだっけ？{13}
romdata/DT/GM_DT_EVTMSG9.FBC.z	DT_EVTMSG9.FBC/dt_EVTMSG9.txtbin	197	utf-8	なんか{ESC}GR}1~フローラ{ESC}WT}1~のようすが \nおかしいみたいなんだが… \nなんかあったのかい？{13}
romdata/DT/GM_DT_EVTMSG9.FBC.z	DT_EVTMSG9.FBC/dt_EVTMSG9.txtbin	198	utf-8	ん？　あれれ？ \nわたし　今なにを \nはなそうとしてましたっけ？…{13}
romdata/DT/GM_DT_EVTMSG9.FBC.z	DT_EVTMSG9.FBC/dt_EVTMSG9.txtbin	200	utf-8	{ESC}BL}1~ハリーの店{ESC}WT}1~へようこそ！ \nなんか忘れてるはずなんだが… \nまあいいや　買いものだろ？{13}
romdata/DT/GM_DT_EVTMSG9.FBC.z	DT_EVTMSG9.FBC/dt_EVTMSG9.txtbin	202	utf-8	あー　ハラへったなぁ \nめずらしい　魚…たべたいなぁ \n…おや　このにおいは？{13}
romdata/DT/GM_DT_EVTMSG9.FBC.z	DT_EVTMSG9.FBC/dt_EVTMSG9.txtbin	203	utf-8	めずらしい魚もってるじゃないか！ \nな　な　食わせてくれよ！ \nいいだろ！？\n
romdata/DT/GM_DT_EVTMSG9.FBC.z	DT_EVTMSG9.FBC/dt_EVTMSG9.txtbin	204	utf-8	ふう　ハラもふくれたし… \nあずけられる　アイテムのかずが \nふえたぜ！{13}
romdata/DT/GM_DT_EVTMSG9.FBC.z	DT_EVTMSG9.FBC/dt_EVTMSG9.txtbin	205	utf-8	ああっ　くれないのかよ… \nかんがえるだけでハラがへる…{13}
romdata/DT/GM_DT_EVTMSG9.FBC.z	DT_EVTMSG9.FBC/dt_EVTMSG9.txtbin	206	utf-8	…ジュル \nあー　なにを　あずかろうか？{13}
romdata/DT/GM_DT_EVTMSG9.FBC.z	DT_EVTMSG9.FBC/dt_EVTMSG9.txtbin	208	utf-8	ああ　{ESC}GR}1~チョコボ{ESC}WT}1~さん　ここは{ESC}BL}1~教会{ESC}WT}1~ \n神とひとつになれるところです \nなにか　おなやみでも？{13}
romdata/DT/GM_DT_EVTMSG9.FBC.z	DT_EVTMSG9.FBC/dt_EVTMSG9.txtbin	209	utf-8	クピピ…{13}
romdata/DT/GM_DT_EVTMSG9.FBC.z	DT_EVTMSG9.FBC/dt_EVTMSG9.txtbin	210	utf-8	そうですね　{ESC}GR}1~ゲイル{ESC}WT}1~市長は \n『忘却こそ　美徳』 \nなどと　おっしゃっていますが{13}
romdata/DT/GM_DT_EVTMSG9.FBC.z	DT_EVTMSG9.FBC/dt_EVTMSG9.txtbin	211	utf-8	ぎもんに思うことも　あるのです \n忘れてはならないことも \n忘れているのではないかと…{13}
romdata/DT/GM_DT_EVTMSG9.FBC.z	DT_EVTMSG9.FBC/dt_EVTMSG9.txtbin	212	utf-8	ところで　{ESC}GR}1~チョコボ{ESC}WT}1~さん \nダンジョンでは　呪われたものも \nでるそうです{13}
romdata/DT/GM_DT_EVTMSG9.FBC.z	DT_EVTMSG9.FBC/dt_EVTMSG9.txtbin	213	utf-8	うっかり　そうびすると \nたいへんなことに　なります{13}
romdata/DT/GM_DT_EVTMSG9.FBC.z	DT_EVTMSG9.FBC/dt_EVTMSG9.txtbin	214	utf-8	そんな時は　{ESC}BL}1~教会{ESC}WT}1~にきてください \nそして　ともに　いのりましょう{13}
romdata/DT/GM_DT_EVTMSG9.FBC.z	DT_EVTMSG9.FBC/dt_EVTMSG9.txtbin	215	utf-8	呪いなどは　かんたんに… \nデ…デ…？　デ？{13}
romdata/DT/GM_DT_EVTMSG9.FBC.z	DT_EVTMSG9.FBC/dt_EVTMSG9.txtbin	216	utf-8	デ…デザート？ \nあれ？　私はなにを \n言おうとしていたのでしょう？{13}
romdata/DT/GM_DT_EVTMSG9.FBC.z	DT_EVTMSG9.FBC/dt_EVTMSG9.txtbin	217	utf-8	キュルル？{13}
romdata/DT/GM_DT_EVTMSG9.FBC.z	DT_EVTMSG9.FBC/dt_EVTMSG9.txtbin	218	utf-8	ああ　{ESC}GR}1~チョコボ{ESC}WT}1~さん \nあなたのおかげで \n私　思い出しました{13}
romdata/DT/GM_DT_EVTMSG9.FBC.z	DT_EVTMSG9.FBC/dt_EVTMSG9.txtbin	219	utf-8	そうです　私には \n大きな　しめいが \nあったのです{13}
romdata/DT/GM_DT_EVTMSG9.FBC.z	DT_EVTMSG9.FBC/dt_EVTMSG9.txtbin	220	utf-8	かけられた　{ESC}BW}1~呪い{ESC}WT}1~を \nとく　という　しめいが！{13}
romdata/DT/GM_DT_EVTMSG9.FBC.z	DT_EVTMSG9.FBC/dt_EVTMSG9.txtbin	221	utf-8	{ESC}BW}1~呪われたアイテム{ESC}WT}1~を \nみにつけてしまったときは \n神の力でデスペルしますよ{13}
romdata/DT/GM_DT_EVTMSG9.FBC.z	DT_EVTMSG9.FBC/dt_EVTMSG9.txtbin	222	utf-8	呪われたら　まず　{ESC}BL}1~教会{ESC}WT}1~ \nでは　あなたのすすむ道に \n神のしゅくふくがあらんことを！{13}
romdata/DT/GM_DT_EVTMSG9.FBC.z	DT_EVTMSG9.FBC/dt_EVTMSG9.txtbin	223	utf-8	いらっしゃい・いらっしゃい！ \nそういや　{ESC}GR}1~チョコボ{ESC}WT}1~！ \nオメーは魚食べるのか？{13}
romdata/DT/GM_DT_EVTMSG9.FBC.z	DT_EVTMSG9.FBC/dt_EVTMSG9.txtbin	224	utf-8	キュキュキュ！{13}
romdata/DT/GM_DT_EVTMSG9.FBC.z	DT_EVTMSG9.FBC/dt_EVTMSG9.txtbin	225	utf-8	そうだよな！ \nオレはもちろん　だいすきだぜ！{13}
romdata/DT/GM_DT_EVTMSG9.FBC.z	DT_EVTMSG9.FBC/dt_EVTMSG9.txtbin	226	utf-8	魚は　食べるだけじゃなく \nそのすがたも　うつくしい！ \nだからこそ　オレは魚を…{13}
romdata/DT/GM_DT_EVTMSG9.FBC.z	DT_EVTMSG9.FBC/dt_EVTMSG9.txtbin	227	utf-8	ん？ \nオレ…何を売ってるんだっけ？ \nやべぇ！　しごと　忘れちまった！{13}
romdata/DT/GM_DT_EVTMSG9.FBC.z	DT_EVTMSG9.FBC/dt_EVTMSG9.txtbin	228	utf-8	そうそう　オレは{ESC}BL}1~魚屋{ESC}WT}1~だったんだ！ \n魚がだいすきだから \n{ESC}BL}1~魚屋{ESC}WT}1~に　なったんだった{13}
romdata/DT/GM_DT_EVTMSG9.FBC.z	DT_EVTMSG9.FBC/dt_EVTMSG9.txtbin	229	utf-8	{ESC}GR}1~チョコボ{ESC}WT}1~！　オメーのおかげで \n大切なものを　思い出せたぜ！ \nありがとな！　さて…{13}
romdata/DT/GM_DT_EVTMSG9.FBC.z	DT_EVTMSG9.FBC/dt_EVTMSG9.txtbin	230	utf-8	いらっしゃい・いらっしゃい！ \nここは{ESC}BL}1~マリスの魚屋{ESC}WT}1~だよ！！{13}
romdata/DT/GM_DT_EVTMSG9.FBC.z	DT_EVTMSG9.FBC/dt_EVTMSG9.txtbin	231	utf-8	ようこそ　{ESC}BL}1~薬屋{ESC}WT}1~へ！ \nもしもの時のために　くすりは \nちゃんと　もっておくべきだろ？{13}
romdata/DT/GM_DT_EVTMSG9.FBC.z	DT_EVTMSG9.FBC/dt_EVTMSG9.txtbin	232	utf-8	{ESC}YL}1~ポーション{ESC}WT}1~も{ESC}YL}1~エーテル{ESC}WT}1~もあるぜ！ \nそれに　おのぞみなら \nちょっとキケンなものも…{13}
romdata/DT/GM_DT_EVTMSG9.FBC.z	DT_EVTMSG9.FBC/dt_EVTMSG9.txtbin	233	utf-8	…はて　なにやるんだっけ？ \nおや？　オレはだれだっけ？ \nあれ？　あれ？　あれれ？{13}
romdata/DT/GM_DT_EVTMSG9.FBC.z	DT_EVTMSG9.FBC/dt_EVTMSG9.txtbin	234	utf-8	おおっと！　思い出したぜ！ \nオレは　{ESC}BL}1~薬屋{ESC}WT}1~だったんだ{13}
romdata/DT/GM_DT_EVTMSG9.FBC.z	DT_EVTMSG9.FBC/dt_EVTMSG9.txtbin	235	utf-8	{ESC}GR}1~チョコボ{ESC}WT}1~！ \n思い出したからには \nお前のやくに立ってみせるぜ！{13}
romdata/DT/GM_DT_EVTMSG9.FBC.z	DT_EVTMSG9.FBC/dt_EVTMSG9.txtbin	236	utf-8	ようこそ　{ESC}BL}1~薬屋{ESC}WT}1~へ！ \nいろいろそろってるぞ！ \nさあ買え！{13}
romdata/DT/GM_DT_EVTMSG9.FBC.z	DT_EVTMSG9.FBC/dt_EVTMSG9.txtbin	237	utf-8	{ESC}BL}1~フローラの花屋{ESC}WT}1~へようこそ \n{ESC}GR}1~チョコボ{ESC}WT}1~　あんたも \n花を　アイテムとしてつかいなよ！{13}
romdata/DT/GM_DT_EVTMSG9.FBC.z	DT_EVTMSG9.FBC/dt_EVTMSG9.txtbin	238	utf-8	たとえばあの花…{13}
romdata/DT/GM_DT_EVTMSG9.FBC.z	DT_EVTMSG9.FBC/dt_EVTMSG9.txtbin	239	utf-8	アレよ　あの花よ \n…アレ？　…あれ？ \nなんて名前だったかねぇ{13}
romdata/DT/GM_DT_EVTMSG9.FBC.z	DT_EVTMSG9.FBC/dt_EVTMSG9.txtbin	240	utf-8	うーん　こまったね \n{ESC}BL}1~花屋{ESC}WT}1~が　花の名前を \n忘れるなんて…{13}
romdata/DT/GM_DT_EVTMSG9.FBC.z	DT_EVTMSG9.FBC/dt_EVTMSG9.txtbin	241	utf-8	思い出したよ！ \n{ESC}YL}1~ふしぎなタネ{ESC}WT}1~のことを！ \n{ESC}GR}1~チョコボ{ESC}WT}1~　ありがとう　さて…{13}
romdata/DT/GM_DT_EVTMSG9.FBC.z	DT_EVTMSG9.FBC/dt_EVTMSG9.txtbin	242	utf-8	{ESC}BL}1~フローラの花屋{ESC}WT}1~へ　ようこそ！ \nいろんな花になる{ESC}YL}1~ふしぎなタネ{ESC}WT}1~で \n花をそだててみておくれ！{13}
romdata/DT/GM_DT_EVTMSG9.FBC.z	DT_EVTMSG9.FBC/dt_EVTMSG9.txtbin	243	utf-8	{ESC}BL}1~ハリーの店{ESC}WT}1~へようこそ！ \n{ESC}GR}1~チョコボ{ESC}WT}1~　ちょっときいてくれよ{13}
romdata/DT/GM_DT_EVTMSG9.FBC.z	DT_EVTMSG9.FBC/dt_EVTMSG9.txtbin	244	utf-8	オレ　{ESC}GR}1~ラファエロ{ESC}WT}1~を見ていたら \n何かを思い出しそうになってさ{13}
romdata/DT/GM_DT_EVTMSG9.FBC.z	DT_EVTMSG9.FBC/dt_EVTMSG9.txtbin	245	utf-8	キュルル？{13}
romdata/DT/GM_DT_EVTMSG9.FBC.z	DT_EVTMSG9.FBC/dt_EVTMSG9.txtbin	246	utf-8	はは　そうだよな \nきゅうに言われたって \n分かるわけないよな{13}
romdata/DT/GM_DT_EVTMSG9.FBC.z	DT_EVTMSG9.FBC/dt_EVTMSG9.txtbin	247	utf-8	…まて　ホントに \n何か思い出せそうだ！ \nええと　何か…すごく大切な何か…{13}
romdata/DT/GM_DT_EVTMSG9.FBC.z	DT_EVTMSG9.FBC/dt_EVTMSG9.txtbin	248	utf-8	…ん？　何話してたんだっけ？ \nまあいいや \nさあ　買いものだろ？{13}
romdata/DT/GM_DT_EVTMSG9.FBC.z	DT_EVTMSG9.FBC/dt_EVTMSG9.txtbin	249	utf-8	思い出したよ \nオレの一番大切な \nかぞくのことを…{13}
romdata/DT/GM_DT_EVTMSG9.FBC.z	DT_EVTMSG9.FBC/dt_EVTMSG9.txtbin	250	utf-8	でも…くそっ \nヨメさんの顔も \n子どもの顔も思い出せない！{13}
romdata/DT/GM_DT_EVTMSG9.FBC.z	DT_EVTMSG9.FBC/dt_EVTMSG9.txtbin	251	utf-8	クピピ…{13}
romdata/DT/GM_DT_EVTMSG9.FBC.z	DT_EVTMSG9.FBC/dt_EVTMSG9.txtbin	252	utf-8	あ　いや… \n思い出せたことにはかんしゃしてるぜ{13}
romdata/DT/GM_DT_EVTMSG9.FBC.z	DT_EVTMSG9.FBC/dt_EVTMSG9.txtbin	253	utf-8	二人のことは \nゆっくり思い出していくさ{13}
romdata/DT/GM_DT_EVTMSG9.FBC.z	DT_EVTMSG9.FBC/dt_EVTMSG9.txtbin	254	utf-8	{ESC}BL}1~ハリーの店{ESC}WT}1~へようこそ！ \n思うぞんぶん　見ていってくれ！{13}
romdata/DT/GM_DT_EVTMSG9.FBC.z	DT_EVTMSG9.FBC/dt_EVTMSG9.txtbin	255	utf-8	こんにちは　{ESC}GR}1~チョコボ{ESC}WT}1~ \nあら？　どうしたの？ \nあなたは　おさんぽかしら？{13}
romdata/DT/GM_DT_EVTMSG9.FBC.z	DT_EVTMSG9.FBC/dt_EVTMSG9.txtbin	256	utf-8	そういえば　あなたは \nみんなの記憶を　とりもどすために \nがんばってるんだったっけ{13}
romdata/DT/GM_DT_EVTMSG9.FBC.z	DT_EVTMSG9.FBC/dt_EVTMSG9.txtbin	257	utf-8	私は自分で思い出したわ \n私ね　夕べゆめを見たの \nそのゆめで　思い出したんだけど…{13}
romdata/DT/GM_DT_EVTMSG9.FBC.z	DT_EVTMSG9.FBC/dt_EVTMSG9.txtbin	258	utf-8	…あら？ \n何の話をしていたんだっけ？{13}
romdata/DT/GM_DT_EVTMSG9.FBC.z	DT_EVTMSG9.FBC/dt_EVTMSG9.txtbin	259	utf-8	思い出したわ \nああ　{ESC}GR}1~ハリー{ESC}WT}1~！ \n私のおっとは　{ESC}GR}1~ハリー{ESC}WT}1~だったのね{13}
romdata/DT/GM_DT_EVTMSG9.FBC.z	DT_EVTMSG9.FBC/dt_EVTMSG9.txtbin	260	utf-8	{ESC}GR}1~チョコボ{ESC}WT}1~　思い出を \nとりもどしてくれてありがとう \n私　{ESC}GR}1~ハリー{ESC}WT}1~のところへいくわ！{13}
romdata/DT/GM_DT_EVTMSG9.FBC.z	DT_EVTMSG9.FBC/dt_EVTMSG9.txtbin	261	utf-8	おや　いらっしゃい \nアツいココアなどいかがですか？{13}
romdata/DT/GM_DT_EVTMSG9.FBC.z	DT_EVTMSG9.FBC/dt_EVTMSG9.txtbin	262	utf-8	ごいっしょに　{ESC}GR}1~ステラ{ESC}WT}1~さんの \n{ESC}RD}1~とくせいクッキー{ESC}WT}1~も \nいかがですか？{13}
romdata/DT/GM_DT_EVTMSG9.FBC.z	DT_EVTMSG9.FBC/dt_EVTMSG9.txtbin	263	utf-8	このクッキーを見るたびに \nむかしを　思い出すなぁ……{13}
romdata/DT/GM_DT_EVTMSG9.FBC.z	DT_EVTMSG9.FBC/dt_EVTMSG9.txtbin	264	utf-8	キュルル？{13}
romdata/DT/GM_DT_EVTMSG9.FBC.z	DT_EVTMSG9.FBC/dt_EVTMSG9.txtbin	265	utf-8	え？　ああ　いやいや \nわたしもね　むかしはいろいろと \nあったんですよ……{13}
romdata/DT/GM_DT_EVTMSG9.FBC.z	DT_EVTMSG9.FBC/dt_EVTMSG9.txtbin	266	utf-8	ん？　あれれ？ \nわたし　今なにを \nはなそうとしてましたっけ？…{13}
romdata/DT/GM_DT_EVTMSG9.FBC.z	DT_EVTMSG9.FBC/dt_EVTMSG9.txtbin	267	utf-8	ひさびさに　なつかしいきもちです \n時がたてば　いい思い出に \nなるもんなんですね{13}
romdata/DT/GM_DT_EVTMSG9.FBC.z	DT_EVTMSG9.FBC/dt_EVTMSG9.txtbin	268	utf-8	{ESC}GR}1~チョコボ{ESC}WT}1~さん　 \nあなたのおかげでいい時間を \nすごせました{13}
romdata/DT/GM_DT_EVTMSG9.FBC.z	DT_EVTMSG9.FBC/dt_EVTMSG9.txtbin	269	utf-8	おれいといってはなんですが \nこの店の{ESC}RD}1~ジュークボックス{ESC}WT}1~を \nつかえるようにしておきました{13}
romdata/DT/GM_DT_EVTMSG9.FBC.z	DT_EVTMSG9.FBC/dt_EVTMSG9.txtbin	270	utf-8	しかし　少々古いものなので \nちょっとした　しょうげきが \nひつよう　かもしれません{13}
romdata/DT/GM_DT_EVTMSG9.FBC.z	DT_EVTMSG9.FBC/dt_EVTMSG9.txtbin	271	utf-8	{ESC}GR}1~チョコボ{ESC}WT}1~さんならきっと \nだいじょうぶでしょう \nごじゆうに　つかってくださいね{13}
romdata/DT/GM_DT_EVTMSG9.FBC.z	DT_EVTMSG9.FBC/dt_EVTMSG9.txtbin	272	utf-8	{ESC}GR}1~チョコボ…{ESC}WT}1~ \n何でボク　 \nひとりぼっちなんだろう？{13}
romdata/DT/GM_DT_EVTMSG9.FBC.z	DT_EVTMSG9.FBC/dt_EVTMSG9.txtbin	273	utf-8	お父さんやお母さんは \nどこに…いっちゃったのかな？{13}
romdata/DT/GM_DT_EVTMSG9.FBC.z	DT_EVTMSG9.FBC/dt_EVTMSG9.txtbin	274	utf-8	クピピ…{13}
romdata/DT/GM_DT_EVTMSG9.FBC.z	DT_EVTMSG9.FBC/dt_EVTMSG9.txtbin	275	utf-8	それに… \nほかにも　なにか \n大切なことが……{13}
romdata/DT/GM_DT_EVTMSG9.FBC.z	DT_EVTMSG9.FBC/dt_EVTMSG9.txtbin	276	utf-8	あ… \nカネが　なった…{13}
romdata/DT/GM_DT_EVTMSG9.FBC.z	DT_EVTMSG9.FBC/dt_EVTMSG9.txtbin	277	utf-8	え？　大切なこと？ \nそれよりも　ボクのお父さんと \nお母さんがどこにいるか知らない？{13}
romdata/DT/GM_DT_EVTMSG9.FBC.z	DT_EVTMSG9.FBC/dt_EVTMSG9.txtbin	278	utf-8	{ESC}GR}1~チョコボ{ESC}WT}1~　ありがとう！ \nおかげで　すごく大切なこと \n思い出せたよ！！{13}
romdata/DT/GM_DT_EVTMSG9.FBC.z	DT_EVTMSG9.FBC/dt_EVTMSG9.txtbin	279	utf-8	もう　さみしくなんかないよ！ \nボクは　ひとりぼっちじゃない \nかぞくがいるんだ！！{13}
romdata/DT/GM_DT_EVTMSG9.FBC.z	DT_EVTMSG9.FBC/dt_EVTMSG9.txtbin	280	utf-8	ねぇねぇ！　{ESC}GR}1~チョコボ{ESC}WT}1~！ \nいっしょに　あそぼう？{13}
romdata/DT/GM_DT_EVTMSG9.FBC.z	DT_EVTMSG9.FBC/dt_EVTMSG9.txtbin	281	utf-8	クピピ…{13}
romdata/DT/GM_DT_EVTMSG9.FBC.z	DT_EVTMSG9.FBC/dt_EVTMSG9.txtbin	282	utf-8	え？　 \nいま　いそがしいの？{13}
romdata/DT/GM_DT_EVTMSG9.FBC.z	DT_EVTMSG9.FBC/dt_EVTMSG9.txtbin	283	utf-8	なぁんだ… \nそっか…{13}
romdata/DT/GM_DT_EVTMSG9.FBC.z	DT_EVTMSG9.FBC/dt_EVTMSG9.txtbin	284	utf-8	クピピ…{13}
romdata/DT/GM_DT_EVTMSG9.FBC.z	DT_EVTMSG9.FBC/dt_EVTMSG9.txtbin	285	utf-8	ううん　 \nきにしないでいいよ{13}
romdata/DT/GM_DT_EVTMSG9.FBC.z	DT_EVTMSG9.FBC/dt_EVTMSG9.txtbin	286	utf-8	アタシ \nさみしくなんかないもん！{13}
romdata/DT/GM_DT_EVTMSG9.FBC.z	DT_EVTMSG9.FBC/dt_EVTMSG9.txtbin	287	utf-8	こんなときは……{13}
romdata/DT/GM_DT_EVTMSG9.FBC.z	DT_EVTMSG9.FBC/dt_EVTMSG9.txtbin	288	utf-8	あれ？ \nこんなときは…… \nなんだっけ？{13}
romdata/DT/GM_DT_EVTMSG9.FBC.z	DT_EVTMSG9.FBC/dt_EVTMSG9.txtbin	289	utf-8	{ESC}GR}1~ロディ{ESC}WT}1~が… \nアタシのおにーちゃんだったんだ{13}
romdata/DT/GM_DT_EVTMSG9.FBC.z	DT_EVTMSG9.FBC/dt_EVTMSG9.txtbin	290	utf-8	なんか　 \nしんじられないけど \n…うれしい！！{13}
romdata/DT/GM_DT_EVTMSG9.FBC.z	DT_EVTMSG9.FBC/dt_EVTMSG9.txtbin	291	utf-8	{ESC}GR}1~チョコボ{ESC}WT}1~！　 \nありがとう！{13}
romdata/DT/GM_DT_EVTMSG9.FBC.z	DT_EVTMSG9.FBC/dt_EVTMSG9.txtbin	292	utf-8	アタシね \nだいすきな　おにーちゃんのこと \nおもいだせたの！{13}
romdata/DT/GM_DT_EVTMSG9.FBC.z	DT_EVTMSG9.FBC/dt_EVTMSG9.txtbin	293	utf-8	それに　 \nこんなにちかくに \nいたなんて！{13}
romdata/DT/GM_DT_EVTMSG9.FBC.z	DT_EVTMSG9.FBC/dt_EVTMSG9.txtbin	294	utf-8	びっくりだけど　 \nやっぱりうれしい！！{13}
romdata/DT/GM_DT_EVTMSG9.FBC.z	DT_EVTMSG9.FBC/dt_EVTMSG9.txtbin	295	utf-8	ぜーんぶ \n{ESC}GR}1~チョコボ{ESC}WT}1~のおかげだよ！{13}
romdata/DT/GM_DT_EVTMSG9.FBC.z	DT_EVTMSG9.FBC/dt_EVTMSG9.txtbin	296	utf-8	よぉ　{ESC}GR}1~チョコボ{ESC}WT}1~！ \nお前を見ていて思ったんだが \nお前は　なぜ戦うんだ？{13}
romdata/DT/GM_DT_EVTMSG9.FBC.z	DT_EVTMSG9.FBC/dt_EVTMSG9.txtbin	297	utf-8	キュルル？{13}
romdata/DT/GM_DT_EVTMSG9.FBC.z	DT_EVTMSG9.FBC/dt_EVTMSG9.txtbin	298	utf-8	オレか？　オレはオレのためだ \nオレは強敵との戦いが \n生きがいだからな{13}
romdata/DT/GM_DT_EVTMSG9.FBC.z	DT_EVTMSG9.FBC/dt_EVTMSG9.txtbin	299	utf-8	戦いに \nよころびを　かんじている \nだから　戦うのさ{13}
romdata/DT/GM_DT_EVTMSG9.FBC.z	DT_EVTMSG9.FBC/dt_EVTMSG9.txtbin	300	utf-8	キュルル？{13}
romdata/DT/GM_DT_EVTMSG9.FBC.z	DT_EVTMSG9.FBC/dt_EVTMSG9.txtbin	301	utf-8	…まあそれだけじゃないが… \nオレは　そう　たしかに…　{13}
romdata/DT/GM_DT_EVTMSG9.FBC.z	DT_EVTMSG9.FBC/dt_EVTMSG9.txtbin	302	utf-8	…戦うりゆうは… \nなんだった？ \nううっ　思い出せん…{13}
romdata/DT/GM_DT_EVTMSG9.FBC.z	DT_EVTMSG9.FBC/dt_EVTMSG9.txtbin	303	utf-8	まあオレが戦うのは \n{ESC}GR}1~イルマ{ESC}WT}1~のためでもある \nということだ{13}
romdata/DT/GM_DT_EVTMSG9.FBC.z	DT_EVTMSG9.FBC/dt_EVTMSG9.txtbin	304	utf-8	{ESC}GR}1~チョコボ{ESC}WT}1~　 \nれいを　言うぞ！ \nおかげで　むかしを思い出せた{13}
romdata/DT/GM_DT_EVTMSG9.FBC.z	DT_EVTMSG9.FBC/dt_EVTMSG9.txtbin	305	utf-8	じゃあな！ \nまたどこかで会おう！{13}
romdata/DT/GM_DT_EVTMSG9.FBC.z	DT_EVTMSG9.FBC/dt_EVTMSG9.txtbin	306	utf-8	あなたの心には… \n{ESC}RD}1~ロマン{ESC}WT}1~が　かがやいていますか？{13}
romdata/DT/GM_DT_EVTMSG9.FBC.z	DT_EVTMSG9.FBC/dt_EVTMSG9.txtbin	307	utf-8	心が　かわいてしまう今こそ！ \n{ESC}RD}1~ロマンチック{ESC}WT}1~が　ひつようクポ！{13}
romdata/DT/GM_DT_EVTMSG9.FBC.z	DT_EVTMSG9.FBC/dt_EVTMSG9.txtbin	308	utf-8	そう！　わたしは　{ESC}RD}1~ロマン{ESC}WT}1~の星 \nエックステイル星からやってきた \n{ESC}GR}1~ロマンチックヒーローＸ{ESC}WT}1~！{13}
romdata/DT/GM_DT_EVTMSG9.FBC.z	DT_EVTMSG9.FBC/dt_EVTMSG9.txtbin	309	utf-8	さあ！　{ESC}RD}1~ロマン{ESC}WT}1~をさけぶクポ！\n
romdata/DT/GM_DT_EVTMSG9.FBC.z	DT_EVTMSG9.FBC/dt_EVTMSG9.txtbin	310	utf-8	{ESC}GR}1~ロマンチックヒーローＸ{ESC}WT}1~！ \nここにけん・ざん・クポ！ \nさあ　{ESC}RD}1~ロマン{ESC}WT}1~をさけぶクポ！\n
romdata/DT/GM_DT_EVTMSG9.FBC.z	DT_EVTMSG9.FBC/dt_EVTMSG9.txtbin	311	utf-8	ノゥ！　ぜんぜん \n{ESC}RD}1~ロマンチック{ESC}WT}1~じゃないクポ！{13}
romdata/DT/GM_DT_EVTMSG9.FBC.z	DT_EVTMSG9.FBC/dt_EVTMSG9.txtbin	312	utf-8	もっとロマンをさけぶクポ？\n
romdata/DT/GM_DT_EVTMSG9.FBC.z	DT_EVTMSG9.FBC/dt_EVTMSG9.txtbin	313	utf-8	ノゥ！　いちどきいてるクポ！ \n{ESC}RD}1~ロマン{ESC}WT}1~にも \nしょーみきげんがあるクポ{13}
romdata/DT/GM_DT_EVTMSG9.FBC.z	DT_EVTMSG9.FBC/dt_EVTMSG9.txtbin	314	utf-8	{05}}18~ \nを手に入れた{13}
romdata/DT/GM_DT_EVTMSG9.FBC.z	DT_EVTMSG9.FBC/dt_EVTMSG9.txtbin	315	utf-8	ああ！ \nなんと　{ESC}RD}1~ロマンチック{ESC}WT}1~な \nことばの　ひびき！{13}
romdata/DT/GM_DT_EVTMSG9.FBC.z	DT_EVTMSG9.FBC/dt_EVTMSG9.txtbin	316	utf-8	そんな　あなたにプレゼント！ \nさあ　これをうけとるクポ！{13}
romdata/DT/GM_DT_EVTMSG9.FBC.z	DT_EVTMSG9.FBC/dt_EVTMSG9.txtbin	317	utf-8	今　{ESC}GR}1~チョコボ{ESC}WT}1~がゲットしている \n{ESC}RD}1~ロマンチック{ESC}WT}1~フレーズは…{13}
romdata/DT/GM_DT_EVTMSG9.FBC.z	DT_EVTMSG9.FBC/dt_EVTMSG9.txtbin	318	utf-8	{06}}72~こクポ！{13}
romdata/DT/GM_DT_EVTMSG9.FBC.z	DT_EVTMSG9.FBC/dt_EVTMSG9.txtbin	319	utf-8	バイバイ！ \n{ESC}RD}1~ロマン不足{ESC}WT}1~くん！{13}
romdata/DT/GM_DT_EVTMSG9.FBC.z	DT_EVTMSG9.FBC/dt_EVTMSG9.txtbin	320	utf-8	では　さらばだ！ \n{ESC}RD}1~そこそこの　ロマンチスト{ESC}WT}1~さん！{13}
romdata/DT/GM_DT_EVTMSG9.FBC.z	DT_EVTMSG9.FBC/dt_EVTMSG9.txtbin	321	utf-8	では　さようなら！ \n{ESC}RD}1~かがやく　ロマンチスト{ESC}WT}1~さま！{13}
romdata/DT/GM_DT_EVTMSG9.FBC.z	DT_EVTMSG9.FBC/dt_EVTMSG9.txtbin	322	utf-8	では　しつれいします！ \n{ESC}RD}1~ロマンスの神さま{ESC}WT}1~！{13}
romdata/DT/GM_DT_EVTMSG9.FBC.z	DT_EVTMSG9.FBC/dt_EVTMSG9.txtbin	323	utf-8	おぉーっと！ \nその　マシンに \nふれてしまったクポね！？{13}
romdata/DT/GM_DT_EVTMSG9.FBC.z	DT_EVTMSG9.FBC/dt_EVTMSG9.txtbin	324	utf-8	なぞのマスクの　そのおくで \nすがおをかくし　あくをうつ！{13}
romdata/DT/GM_DT_EVTMSG9.FBC.z	DT_EVTMSG9.FBC/dt_EVTMSG9.txtbin	325	utf-8	さすらいの \n{ESC}GR}1~ポップアップヒーローＸ{ESC}WT}1~！ \nここに　けん・ざん・クポ！{13}
romdata/DT/GM_DT_EVTMSG9.FBC.z	DT_EVTMSG9.FBC/dt_EVTMSG9.txtbin	326	utf-8	キュウ！{13}
romdata/DT/GM_DT_EVTMSG9.FBC.z	DT_EVTMSG9.FBC/dt_EVTMSG9.txtbin	327	utf-8	キュウ！　じゃなくて… \nもっと　おどろくとか \nしてほしいクポ{13}
romdata/DT/GM_DT_EVTMSG9.FBC.z	DT_EVTMSG9.FBC/dt_EVTMSG9.txtbin	328	utf-8	キュルル？{13}
romdata/DT/GM_DT_EVTMSG9.FBC.z	DT_EVTMSG9.FBC/dt_EVTMSG9.txtbin	329	utf-8	はぁ…もういいクポ \nさて　{ESC}GR}1~チョコボ{ESC}WT}1~！ \nその　マシンはなんと！{13}
romdata/DT/GM_DT_EVTMSG9.FBC.z	DT_EVTMSG9.FBC/dt_EVTMSG9.txtbin	330	utf-8	{ESC}RD}1~ポップアップデュエル{ESC}WT}1~が \nあそべる　スペシャルな \nゲームマシーンクポ！{13}
romdata/DT/GM_DT_EVTMSG9.FBC.z	DT_EVTMSG9.FBC/dt_EVTMSG9.txtbin	331	utf-8	{ESC}RD}1~ポップアップデュエル{ESC}WT}1~とは！ \nクールでホットな \nカードゲームクポ！{13}
romdata/DT/GM_DT_EVTMSG9.FBC.z	DT_EVTMSG9.FBC/dt_EVTMSG9.txtbin	332	utf-8	さあ！　その　マシンで \n今すぐ{ESC}RD}1~ポップアップデュエル{ESC}WT}1~を \nはじめるクポ！{13}
romdata/DT/GM_DT_EVTMSG9.FBC.z	DT_EVTMSG9.FBC/dt_EVTMSG9.txtbin	333	utf-8	レッツビギン！ \n{ESC}RD}1~ポップアップデュエル{ESC}WT}1~！ \nクポーーー！！！{13}
romdata/DT/GM_DT_EVTMSG9.FBC.z	DT_EVTMSG9.FBC/dt_EVTMSG9.txtbin	340	utf-8	ぷるる　ぷるる　ぷるる…{13}
romdata/DT/GM_DT_EVTMSG9.FBC.z	DT_EVTMSG9.FBC/dt_EVTMSG9.txtbin	341	utf-8	はぁはぁ　やっと出たクポね！ \n今後も{ESC}YL}1~ひそひ草{ESC}WT}1~でよびだすクポ！ \nつぎは　もっと早く出るクポ！{13}
romdata/DT/GM_DT_EVTMSG9.FBC.z	DT_EVTMSG9.FBC/dt_EVTMSG9.txtbin	342	utf-8	ではモグが　オマエにありがたい \nワンポイントアドバイスを \nさずけるクポ！{13}
romdata/DT/GM_DT_EVTMSG9.FBC.z	DT_EVTMSG9.FBC/dt_EVTMSG9.txtbin	343	utf-8	ぷるる　ぷるる　…{13}
romdata/DT/GM_DT_EVTMSG9.FBC.z	DT_EVTMSG9.FBC/dt_EVTMSG9.txtbin	344	utf-8	{ESC}GR}1~ダンジョンヒーローＸ{ESC}WT}1~さまクポ！ \nでは！　本日の{ESC}YL}1~ひそひ草{ESC}WT}1~つうしん！ \nワンポイントアドバイス！{13}
romdata/DT/GM_DT_EVTMSG9.FBC.z	DT_EVTMSG9.FBC/dt_EVTMSG9.txtbin	345	utf-8	{ESC}RD}1~てき{ESC}WT}1~がとなりにいるとき \n{ESC}RD}1~ь{ESC}WT}1~を押すとイッパツで \n{ESC}RD}1~てき{ESC}WT}1~のほうを　むけるクポ！{13}
romdata/DT/GM_DT_EVTMSG9.FBC.z	DT_EVTMSG9.FBC/dt_EVTMSG9.txtbin	346	utf-8	ダンジョンの　はじめにある \n{ESC}RD}1~ジョブクリスタル{ESC}WT}1~で \n{ESC}RD}1~ジョブチェンジ{ESC}WT}1~ができるクポ！{13}
romdata/DT/GM_DT_EVTMSG9.FBC.z	DT_EVTMSG9.FBC/dt_EVTMSG9.txtbin	347	utf-8	{ESC}RD}1~アビリティ{ESC}WT}1~を使いこなし \nダンジョンを \nゆうりに進めるクポ！{13}
romdata/DT/GM_DT_EVTMSG9.FBC.z	DT_EVTMSG9.FBC/dt_EVTMSG9.txtbin	348	utf-8	名前が{ESC}PP}1~むらさき{ESC}WT}1~のアイテムは \nもう見たクポ？　正体不明の \n{ESC}PP}1~未鑑定アイテム{ESC}WT}1~クポ！{13}
romdata/DT/GM_DT_EVTMSG9.FBC.z	DT_EVTMSG9.FBC/dt_EVTMSG9.txtbin	349	utf-8	{ESC}PP}1~未鑑定アイテム{ESC}WT}1~は \n{ESC}YL}1~かんていめがね{ESC}WT}1~を使うと \nその正体が分かるクポ！{13}
romdata/DT/GM_DT_EVTMSG9.FBC.z	DT_EVTMSG9.FBC/dt_EVTMSG9.txtbin	350	utf-8	{ESC}RD}1~щ＋ъ{ESC}WT}1~を押すと \n{ESC}RD}1~あしぶみ{ESC}WT}1~が　できるクポ！ \nこれで体力回復クポ！{13}
romdata/DT/GM_DT_EVTMSG9.FBC.z	DT_EVTMSG9.FBC/dt_EVTMSG9.txtbin	351	utf-8	{ESC}YL}1~本{ESC}WT}1~はもう手に入れたクポか？ \n魔法の力をもった \nふしぎな本クポ！{13}
romdata/DT/GM_DT_EVTMSG9.FBC.z	DT_EVTMSG9.FBC/dt_EVTMSG9.txtbin	352	utf-8	使える回数が　きまってるけれど \nどんなジョブでも魔法が使える \nベンリなアイテムクポ！{13}
romdata/DT/GM_DT_EVTMSG9.FBC.z	DT_EVTMSG9.FBC/dt_EVTMSG9.txtbin	353	utf-8	ワナや{ESC}RD}1~てき{ESC}WT}1~の攻撃で \n{ESC}RD}1~ドンムブ{ESC}WT}1~になってしまった！ \nしかし　あわてないことクポ！{13}
romdata/DT/GM_DT_EVTMSG9.FBC.z	DT_EVTMSG9.FBC/dt_EVTMSG9.txtbin	354	utf-8	移動はできなくても \n攻撃はできるクポ！ \nこれ　イガイと　もうてんクポ！{13}
romdata/DT/GM_DT_EVTMSG9.FBC.z	DT_EVTMSG9.FBC/dt_EVTMSG9.txtbin	355	utf-8	戦いにおいて \n{ESC}RD}1~マス{ESC}WT}1~が重要だと \nわかってきたクポか？{13}
romdata/DT/GM_DT_EVTMSG9.FBC.z	DT_EVTMSG9.FBC/dt_EVTMSG9.txtbin	356	utf-8	{ESC}RD}1~ь{ESC}WT}1~や{ESC}RD}1~┓{ESC}WT}1~を押すと \n{ESC}RD}1~マス{ESC}WT}1~が　くっきりと \n見えるようになるクポ！{13}
romdata/DT/GM_DT_EVTMSG9.FBC.z	DT_EVTMSG9.FBC/dt_EVTMSG9.txtbin	357	utf-8	{ESC}RD}1~ш{ESC}WT}1~を押しながら{ESC}RD}1~щъыь{ESC}WT}1~の \nどれかで \nアイテムやアビリティをえらぶ！{13}
romdata/DT/GM_DT_EVTMSG9.FBC.z	DT_EVTMSG9.FBC/dt_EVTMSG9.txtbin	358	utf-8	すると　同じそうさで \nマップ上でアビリティや \nアイテムが　つかえるクポ！{13}
romdata/DT/GM_DT_EVTMSG9.FBC.z	DT_EVTMSG9.FBC/dt_EVTMSG9.txtbin	359	utf-8	アイテムを{ESC}RD}1~ける{ESC}WT}1~！ \nアイテムを前に飛ばして \n{ESC}RD}1~てき{ESC}WT}1~に当てたりできるクポ！{13}
romdata/DT/GM_DT_EVTMSG9.FBC.z	DT_EVTMSG9.FBC/dt_EVTMSG9.txtbin	360	utf-8	ツメやクラでダメージをあたえたり \n薬で　弱らせたり \nいろいろできるクポ！{13}
romdata/DT/GM_DT_EVTMSG9.FBC.z	DT_EVTMSG9.FBC/dt_EVTMSG9.txtbin	361	utf-8	{ESC}BW}1~そうびが呪われたり{ESC}WT}1~して \nはずせなくなったり \nしてないクポか？{13}
romdata/DT/GM_DT_EVTMSG9.FBC.z	DT_EVTMSG9.FBC/dt_EVTMSG9.txtbin	362	utf-8	そんなときは　{ESC}GR}1~ローチェ{ESC}WT}1~神父に \n会いにいくクポ！ \n呪いをといてくれるかもクポ！{13}
romdata/DT/GM_DT_EVTMSG9.FBC.z	DT_EVTMSG9.FBC/dt_EVTMSG9.txtbin	363	utf-8	{ESC}RD}1~アビリティ{ESC}WT}1~は百発百中！ \nひっさつの　{ESC}RD}1~アビリティ{ESC}WT}1~で \n{ESC}RD}1~てき{ESC}WT}1~をけちらすクポ！{13}
romdata/DT/GM_DT_EVTMSG9.FBC.z	DT_EVTMSG9.FBC/dt_EVTMSG9.txtbin	364	utf-8	アイテムがいっぱいで \n{ESC}RD}1~カバン{ESC}WT}1~に入りきらなく \nなってないクポか？{13}
romdata/DT/GM_DT_EVTMSG9.FBC.z	DT_EVTMSG9.FBC/dt_EVTMSG9.txtbin	365	utf-8	そんなときは　{ESC}GR}1~ブラル{ESC}WT}1~に \nアイテムをあずけるといいクポ！ \nさあ　{ESC}BL}1~あずかりじょ{ESC}WT}1~にいくクポ！{13}
romdata/DT/GM_DT_EVTMSG9.FBC.z	DT_EVTMSG9.FBC/dt_EVTMSG9.txtbin	366	utf-8	このフロアには \n{ESC}RD}1~てんそうそうち{ESC}WT}1~があるクポ{13}
romdata/DT/GM_DT_EVTMSG9.FBC.z	DT_EVTMSG9.FBC/dt_EVTMSG9.txtbin	367	utf-8	{ESC}RD}1~チェックポイント{ESC}WT}1~を通ったら \nつぎから　そのフロアに \n飛べるようになるクポよ{13}
romdata/DT/GM_DT_EVTMSG9.FBC.z	DT_EVTMSG9.FBC/dt_EVTMSG9.txtbin	368	utf-8	そろそろ　なぐりあうだけじゃ \nつらいころクポ！　{ESC}RD}1~アビリティ{ESC}WT}1~と \n{ESC}RD}1~アイテム{ESC}WT}1~をうまく使わないと…{13}
romdata/DT/GM_DT_EVTMSG9.FBC.z	DT_EVTMSG9.FBC/dt_EVTMSG9.txtbin	369	utf-8	この先{ESC}RD}1~モンスターハウス{ESC}WT}1~や \n{ESC}RD}1~おおべや{ESC}WT}1~で　ひどいめにあうクポ！ \n{ESC}YL}1~テレポの羽{ESC}WT}1~も忘れるなクポ！{13}
romdata/DT/GM_DT_EVTMSG9.FBC.z	DT_EVTMSG9.FBC/dt_EVTMSG9.txtbin	370	utf-8	{ESC}RD}1~チェックポイント{ESC}WT}1~をつうかしたクポ \n０Ｆの{ESC}RD}1~てんそうそうち{ESC}WT}1~で \nここまで飛べるようになったクポ{13}
romdata/DT/GM_DT_EVTMSG9.FBC.z	DT_EVTMSG9.FBC/dt_EVTMSG9.txtbin	371	utf-8	この先には　{ESC}RD}1~ワナ{ESC}WT}1~があるクポよ \nボスと戦う{ESC}RD}1~デュエル{ESC}WT}1~のワナか！？ \nお店のある{ESC}RD}1~ショップ{ESC}WT}1~のワナか！？{13}
romdata/DT/GM_DT_EVTMSG9.FBC.z	DT_EVTMSG9.FBC/dt_EVTMSG9.txtbin	372	utf-8	どちらが出るか \nうんめいの　分かれ道クポ！{13}
romdata/DT/GM_DT_EVTMSG9.FBC.z	DT_EVTMSG9.FBC/dt_EVTMSG9.txtbin	373	utf-8	{ESC}GR}1~シド{ESC}WT}1~さんが　さがしてる \nおじいさん…{ESC}GR}1~グレン…{ESC}WT}1~さんだっけ？ \nあの名前は…どこかで…{13}
romdata/DT/GM_DT_EVTMSG9.FBC.z	DT_EVTMSG9.FBC/dt_EVTMSG9.txtbin	374	utf-8	なつかしいような \nせつないような… \n…うーん　{ESC}GR}1~グレン{ESC}WT}1~さん…{13}
romdata/DT/GM_DT_EVTMSG9.FBC.z	DT_EVTMSG9.FBC/dt_EVTMSG9.txtbin	375	utf-8	キュピーー！！{13}
romdata/DT/GM_DT_EVTMSG9.FBC.z	DT_EVTMSG9.FBC/dt_EVTMSG9.txtbin	376	utf-8	{ESC}GR}1~チョコボ{ESC}WT}1~　{ESC}YL}1~ふしぎなタネ{ESC}WT}1~は \n畑でそだつよ　{ESC}BL}1~ステラ牧場{ESC}WT}1~の \n畑に　うえてごらん{13}
romdata/DT/GM_DT_EVTMSG9.FBC.z	DT_EVTMSG9.FBC/dt_EVTMSG9.txtbin	378	utf-8	チェックポイントつうか！ \n０Ｆの{ESC}RD}1~てんそうそうち{ESC}WT}1~で　このフロアに \nてんそうできるように　なりました{13}
romdata/DT/GM_DT_EVTMSG9.FBC.z	DT_EVTMSG9.FBC/dt_EVTMSG9.txtbin	379	utf-8	ノゥ！　それはきしゅがちがうクポ！ \n{ESC}RD}1~ロマン{ESC}WT}1~にもTPOがあることを… \nみんな！　忘れないでクポ！{13}
romdata/UI/DT/DT_UIRCHRMSGTMR.FBC.z	DT_UISHPMSG.FBC/dt_UIRCHRMSG.txtbin	0	utf-8	『ずっとくらやみ』 \nＬｖ上限：１０　　ルール：階段をさがせ
romdata/UI/DT/DT_UIRCHRMSGTMR.FBC.z	DT_UISHPMSG.FBC/dt_UIRCHRMSG.txtbin	1	utf-8	『プリンパフェ』 \nＬｖ上限：１０　　ルール：残さずたおせ
romdata/UI/DT/DT_UIRCHRMSGTMR.FBC.z	DT_UISHPMSG.FBC/dt_UIRCHRMSG.txtbin	2	utf-8	『いっちょくせん』 \nＬｖ上限：１０　　ルール：残さずたおせ
romdata/UI/DT/DT_UIRCHRMSGTMR.FBC.z	DT_UISHPMSG.FBC/dt_UIRCHRMSG.txtbin	3	utf-8	『ボムじごく』 \nＬｖ上限：１０　　ルール：おくをめざせ\n
romdata/UI/DT/DT_UIRCHRMSGTMR.FBC.z	DT_UISHPMSG.FBC/dt_UIRCHRMSG.txtbin	4	utf-8	『おなかがすいたぁ』 \nＬｖ上限：２０　　ルール：階段をさがせ
romdata/UI/DT/DT_UIRCHRMSGTMR.FBC.z	DT_UISHPMSG.FBC/dt_UIRCHRMSG.txtbin	5	utf-8	『自分だけＨＰが１』 \nＬｖ上限：２０　　ルール：階段をさがせ
romdata/UI/DT/DT_UIRCHRMSGTMR.FBC.z	DT_UISHPMSG.FBC/dt_UIRCHRMSG.txtbin	6	utf-8	『ゴブリン王国』 \nＬｖ上限：１５　　ルール：残さずたおせ
romdata/UI/DT/DT_UIRCHRMSGTMR.FBC.z	DT_UISHPMSG.FBC/dt_UIRCHRMSG.txtbin	7	utf-8	『スピードオーバー』 \nＬｖ上限：３０　　ルール：階段をさがせ
romdata/UI/DT/DT_UIRCHRMSGTMR.FBC.z	DT_UISHPMSG.FBC/dt_UIRCHRMSG.txtbin	8	utf-8	『よこいっちょくせん』 \nＬｖ上限：３０　　ルール：残さずたおせ
romdata/UI/DT/DT_UIRCHRMSGTMR.FBC.z	DT_UISHPMSG.FBC/dt_UIRCHRMSG.txtbin	9	utf-8	『大部屋・中部屋・小部屋』 \nＬｖ上限：３０　　ルール：階段をさがせ
romdata/UI/DT/DT_UIRCHRMSGTMR.FBC.z	DT_UISHPMSG.FBC/dt_UIRCHRMSG.txtbin	10	utf-8	『でっかいワールド』 \nＬｖ上限：３５　　ルール：残さずたおせ
romdata/UI/DT/DT_UIRCHRMSGTMR.FBC.z	DT_UISHPMSG.FBC/dt_UIRCHRMSG.txtbin	11	utf-8	『れんぞくバトル』 \nＬｖ上限：６０　　ルール：おくをめざせ\n
romdata/UI/DT/DT_UIRCHRMSGTMR.FBC.z	DT_UISHPMSG.FBC/dt_UIRCHRMSG.txtbin	12	utf-8	『せまりくる影』 \nＬｖ上限：９０　　ルール：おくをめざせ\n
romdata/UI/DT/DT_UIRCHRMSGTMR.FBC.z	DT_UISHPMSG.FBC/dt_UIRCHRMSG.txtbin	13	utf-8	『炎と氷』 \nＬｖ上限：２０　　ルール：おくをめざせ\n
romdata/UI/DT/DT_UIRCHRMSGTMR.FBC.z	DT_UISHPMSG.FBC/dt_UIRCHRMSG.txtbin	14	utf-8	『ダンジョンオブヒーロー！』 \nＬｖ上限：９９　　ルール：おくをめざせ\n
romdata/UI/DT/DT_UIRCHRMSGTMR.FBC.z	DT_UISHPMSG.FBC/dt_UIRCHRMSG.txtbin	15	utf-8	『不思議なダンジョン』 \n開始Ｌｖ：１оЛ　　ルール：おくをめざせ\n
romdata/UI/DT/DT_UIRCHRMSGTMR.FBC.z	DT_UISHPMSG.FBC/dt_UIRCHRMSG.txtbin	16	utf-8	『⑮生の炎』 \nＬｖ上限：６０　　ルール：おくをめざせ\n
romdata/UI/DT/DT_UIRCHRMSGTMR.FBC.z	DT_UISHPMSG.FBC/dt_UIRCHRMSG.txtbin	17	utf-8	『大海原の主』 \nＬｖ上限：７０　　ルール：おくをめざせ\n
romdata/UI/DT/DT_UIRCHRMSGTMR.FBC.z	DT_UISHPMSG.FBC/dt_UIRCHRMSG.txtbin	18	utf-8	『聖なる審判』 \nＬｖ上限：８０　　ルール：おくをめざせ\n
romdata/UI/DT/DT_UIRCHRMSGTMR.FBC.z	DT_UISHPMSG.FBC/dt_UIRCHRMSG.txtbin	19	utf-8	『偉大なる竜王』 \nＬｖ上限：９９　　ルール：おくをめざせ\n
romdata/UI/DT/DT_UIRCHRMSGTMR.FBC.z	DT_UISHPMSG.FBC/dt_UIRCHRMSG.txtbin	20	utf-8	このダンジョンは　レベルが　制限されます \nカバンが　一時的に　カラになります{13}
romdata/UI/DT/DT_UIRCHRMSGTMR.FBC.z	DT_UISHPMSG.FBC/dt_UIRCHRMSG.txtbin	21	utf-8	ノーマルダンジョンです\n
romdata/UI/DT/DT_UIRWW.FBC.z	DT_UISHPMSG.FBC/dt_UIRW.txtbin	0	utf-8	きぼうのほし\n
romdata/UI/DT/DT_UIRWW.FBC.z	DT_UISHPMSG.FBC/dt_UIRW.txtbin	1	utf-8	ここよりとわに
romdata/UI/DT/DT_UIRWW.FBC.z	DT_UISHPMSG.FBC/dt_UIRW.txtbin	2	utf-8	つたえたいあい
romdata/UI/DT/DT_UIRWW.FBC.z	DT_UISHPMSG.FBC/dt_UIRW.txtbin	3	utf-8	アタシのあにき\n
romdata/UI/DT/DT_UIRWW.FBC.z	DT_UISHPMSG.FBC/dt_UIRW.txtbin	4	utf-8	あけのみょうじょう\n
romdata/UI/DT/DT_UIRWW.FBC.z	DT_UISHPMSG.FBC/dt_UIRW.txtbin	5	utf-8	たいせつなひと
romdata/UI/DT/DT_UIRWW.FBC.z	DT_UISHPMSG.FBC/dt_UIRW.txtbin	6	utf-8	いちりんのはな
romdata/UI/DT/DT_UIRWW.FBC.z	DT_UISHPMSG.FBC/dt_UIRW.txtbin	7	utf-8	なつのそら
romdata/UI/DT/DT_UIRWW.FBC.z	DT_UISHPMSG.FBC/dt_UIRW.txtbin	8	utf-8	さりげないいのり\n
romdata/UI/DT/DT_UIRWW.FBC.z	DT_UISHPMSG.FBC/dt_UIRW.txtbin	9	utf-8	あなたとわたし\n
romdata/UI/DT/DT_UIRWW.FBC.z	DT_UISHPMSG.FBC/dt_UIRW.txtbin	10	utf-8	きいろいてんし
romdata/UI/DT/DT_UIRWW.FBC.z	DT_UISHPMSG.FBC/dt_UIRW.txtbin	11	utf-8	あいするこころ\n
romdata/UI/DT/DT_UIRWW.FBC.z	DT_UISHPMSG.FBC/dt_UIRW.txtbin	12	utf-8	おもいでがいたい
romdata/UI/DT/DT_UIRWW.FBC.z	DT_UISHPMSG.FBC/dt_UIRW.txtbin	13	utf-8	かがみのうみ
romdata/UI/DT/DT_UIRWW.FBC.z	DT_UISHPMSG.FBC/dt_UIRW.txtbin	14	utf-8	ボクのいもうと
romdata/UI/DT/DT_UIRWW.FBC.z	DT_UISHPMSG.FBC/dt_UIRW.txtbin	15	utf-8	ぼうけんのはじまりだ
romdata/UI/DT/DT_UIRWW.FBC.z	DT_UISHPMSG.FBC/dt_UIRW.txtbin	16	utf-8	こおれるとき\n
romdata/UI/DT/DT_UIRWW.FBC.z	DT_UISHPMSG.FBC/dt_UIRW.txtbin	17	utf-8	めでたいあたま
romdata/UI/DT/DT_UIRWW.FBC.z	DT_UISHPMSG.FBC/dt_UIRW.txtbin	18	utf-8	こころのてき\n
romdata/UI/DT/DT_UIRWW.FBC.z	DT_UISHPMSG.FBC/dt_UIRW.txtbin	19	utf-8	つよくけだかく
romdata/UI/DT/DT_UIRWW.FBC.z	DT_UISHPMSG.FBC/dt_UIRW.txtbin	20	utf-8	ろまんのせかい\n
romdata/UI/DT/DT_UIRWW.FBC.z	DT_UISHPMSG.FBC/dt_UIRW.txtbin	21	utf-8	まんげつのよる
romdata/UI/DT/DT_UIRWW.FBC.z	DT_UISHPMSG.FBC/dt_UIRW.txtbin	22	utf-8	せかいのひほう\n
romdata/UI/DT/DT_UIRWW.FBC.z	DT_UISHPMSG.FBC/dt_UIRW.txtbin	23	utf-8	ラスボスよりつよい
romdata/UI/DT/DT_UIRWW.FBC.z	DT_UISHPMSG.FBC/dt_UIRW.txtbin	24	utf-8	れあカード⑭かいほう\n
romdata/UI/DT/DT_UIRWW.FBC.z	DT_UISHPMSG.FBC/dt_UIRW.txtbin	25	utf-8	まだみぬかくしカード\n
romdata/UI/DT/DT_UIRWW.FBC.z	DT_UISHPMSG.FBC/dt_UIRW.txtbin	26	utf-8	じげんのはざま
romdata/UI/DT/DT_UIRWW.FBC.z	DT_UISHPMSG.FBC/dt_UIRW.txtbin	27	utf-8	チョコボだいスキ
romdata/UI/DT/DT_UIRWW.FBC.z	DT_UISHPMSG.FBC/dt_UIRW.txtbin	28	utf-8	あいラヴまんどらゴラ
romdata/UI/DT/DT_UIRWW.FBC.z	DT_UISHPMSG.FBC/dt_UIRW.txtbin	29	utf-8	ぽっぷ★アップうぅ！\n
romdata/UI/DT/DT_UIRWW.FBC.z	DT_UISHPMSG.FBC/dt_UIRW.txtbin	30	utf-8	ポップ↓してる！？\n
romdata/UI/DT/DT_UIRWW.FBC.z	DT_UISHPMSG.FBC/dt_UIRW.txtbin	31	utf-8	ひーろーはダレだ！？\n
romdata/UI/DT/DT_UIRWW.FBC.z	DT_UISHPMSG.FBC/dt_UIRW.txtbin	32	utf-8	プレイキャラついか☆\n
romdata/UI/DT/DT_UIRWW.FBC.z	DT_UISHPMSG.FBC/dt_UIRW.txtbin	33	utf-8	エホンはつばいキネン
romdata/UI/DT/DT_UIRWW.FBC.z	DT_UISHPMSG.FBC/dt_UIRW.txtbin	34	utf-8	マサカの⑬しんカード\n
romdata/UI/DT/DT_UIRWW.FBC.z	DT_UISHPMSG.FBC/dt_UIRW.txtbin	35	utf-8	ひろがる◎センリャク
romdata/UI/DT/DT_UIRWW.FBC.z	DT_UISHPMSG.FBC/dt_UIRW.txtbin	36	utf-8	めざせショウゴウおう
romdata/UI/DT/DT_UIRWW.FBC.z	DT_UISHPMSG.FBC/dt_UIRW.txtbin	37	utf-8	アイツはトリじゃナイ
romdata/UI/DT/DT_UIRWW.FBC.z	DT_UISHPMSG.FBC/dt_UIRW.txtbin	38	utf-8	☆★ちょこっと┏★☆\n
romdata/UI/DT/DT_UIRWW.FBC.z	DT_UISHPMSG.FBC/dt_UIRW.txtbin	39	utf-8	Уフレイム&アイスУ
romdata/UI/DT/DT_UIRWW.FBC.z	DT_UISHPMSG.FBC/dt_UIRW.txtbin	40	utf-8	ロマンがまっている！\n
romdata/UI/DT/DT_UIRWW.FBC.z	DT_UISHPMSG.FBC/dt_UIRW.txtbin	41	utf-8	「の」じゃないんです\n
romdata/UI/DT/DT_UIRWW.FBC.z	DT_UISHPMSG.FBC/dt_UIRW.txtbin	42	utf-8	あいとまこと
romdata/UI/DT/DT_UIRWW.FBC.z	DT_UISHPMSG.FBC/dt_UIRW.txtbin	43	utf-8	あいこそすべて
romdata/UI/DT/DT_UIRWW.FBC.z	DT_UISHPMSG.FBC/dt_UIRW.txtbin	44	utf-8	あそびにこいよ\n
romdata/UI/DT/DT_UIRWW.FBC.z	DT_UISHPMSG.FBC/dt_UIRW.txtbin	45	utf-8	たいせつないのち
romdata/UI/DT/DT_UIRWW.FBC.z	DT_UISHPMSG.FBC/dt_UIRW.txtbin	46	utf-8	つよいこころ\n
romdata/UI/DT/DT_UIRWW.FBC.z	DT_UISHPMSG.FBC/dt_UIRW.txtbin	47	utf-8	だいすき\n
romdata/UI/DT/DT_UIRWW.FBC.z	DT_UISHPMSG.FBC/dt_UIRW.txtbin	48	utf-8	とれじゃーはんと
romdata/UI/DT/DT_UIRWW.FBC.z	DT_UISHPMSG.FBC/dt_UIRW.txtbin	49	utf-8	ないつおぶらうんど
romdata/UI/DT/DT_UIRWW.FBC.z	DT_UISHPMSG.FBC/dt_UIRW.txtbin	50	utf-8	ほわいとういんど
romdata/UI/DT/DT_UIRWW.FBC.z	DT_UISHPMSG.FBC/dt_UIRW.txtbin	51	utf-8	ぐんぐにる\n
romdata/UI/DT/DT_UIRWW.FBC.z	DT_UISHPMSG.FBC/dt_UIRW.txtbin	52	utf-8	だーくぶれいく\n
romdata/UI/DT/DT_UIRWW.FBC.z	DT_UISHPMSG.FBC/dt_UIRW.txtbin	53	utf-8	とまらないろまん\n
romdata/UI/DT/DT_UIRWW.FBC.z	DT_UISHPMSG.FBC/dt_UIRW.txtbin	54	utf-8	やるなあんた\n
romdata/UI/DT/DT_UIRWW.FBC.z	DT_UISHPMSG.FBC/dt_UIRW.txtbin	55	utf-8	まけないぜ
romdata/UI/DT/DT_UIRWW.FBC.z	DT_UISHPMSG.FBC/dt_UIRW.txtbin	56	utf-8	こいつてんさい\n
romdata/UI/DT/DT_UIRWW.FBC.z	DT_UISHPMSG.FBC/dt_UIRW.txtbin	57	utf-8	ぴるえっとぱどぅしゃ\n
romdata/UI/DT/DT_UISHPMSGA24.FBC.z	DT_UISHPMSG.FBC/dt_UISHPMSG.txtbin	0	utf-8	{ESC}RD}1~ターミナルロッカー{ESC}WT}1~　フルモード \nコレ　イジョウ　ハイリマセン{13}
romdata/UI/DT/DT_UISHPMSGA24.FBC.z	DT_UISHPMSG.FBC/dt_UISHPMSG.txtbin	1	utf-8	イレル　コトノ　デキル　アイテム　ヲ \nモッテ　イマセン　ガ？{13}
romdata/UI/DT/DT_UISHPMSGA24.FBC.z	DT_UISHPMSG.FBC/dt_UISHPMSG.txtbin	2	utf-8	コレイジョウ　アイテム　ハ \nモツ　コト　ガ　デキマセン{13}
romdata/UI/DT/DT_UISHPMSGA24.FBC.z	DT_UISHPMSG.FBC/dt_UISHPMSG.txtbin	3	utf-8	{ESC}RD}1~ターミナルロッカー{ESC}WT}1~　エンプティモード \nナニ　モ　ハイッテイマセン{13}
romdata/UI/DT/DT_UISHPMSGA24.FBC.z	DT_UISHPMSG.FBC/dt_UISHPMSG.txtbin	4	utf-8	{ESC}RD}1~ターミナルロッカー{ESC}WT}1~　ディナイモード \nノロワレタ　アイテム　ハ　ハイリマセン{13}
romdata/UI/DT/DT_UISHPMSGA24.FBC.z	DT_UISHPMSG.FBC/dt_UISHPMSG.txtbin	5	utf-8	ギルナシヨ
romdata/UI/DT/DT_UISHPMSGA24.FBC.z	DT_UISHPMSG.FBC/dt_UISHPMSG.txtbin	6	utf-8	ギルフルヨ
romdata/UI/DT/DT_UISHPMSGA24.FBC.z	DT_UISHPMSG.FBC/dt_UISHPMSG.txtbin	7	utf-8	ギルオロセヌ\n
romdata/UI/DT/DT_UISHPMSGA24.FBC.z	DT_UISHPMSG.FBC/dt_UISHPMSG.txtbin	8	utf-8	ギルダセヌ{13}
romdata/UI/DT/DT_UISHPMSGA24.FBC.z	DT_UISHPMSG.FBC/dt_UISHPMSG.txtbin	9	utf-8	ギルムリ
romdata/UI/DT/DT_UISHPMSGA24.FBC.z	DT_UISHPMSG.FBC/dt_UISHPMSG.txtbin	10	utf-8	ギルデヌ
romdata/UI/DT/DT_UISHPMSGA24.FBC.z	DT_UISHPMSG.FBC/dt_UISHPMSG.txtbin	11	utf-8	{ESC}RD}1~ターミナルロッカー{ESC}WT}1~　ロックモード \nソウサ　シュウリョウ　シマス{13}
romdata/UI/DT/DT_UISHPMSGA24.FBC.z	DT_UISHPMSG.FBC/dt_UISHPMSG.txtbin	12	utf-8	{ESC}RD}1~ターミナルロッカー{ESC}WT}1~　デポジットモード \nアイテム　ヲ　イレテ　クダサイ{13}
romdata/UI/DT/DT_UISHPMSGA24.FBC.z	DT_UISHPMSG.FBC/dt_UISHPMSG.txtbin	13	utf-8	{ESC}RD}1~ターミナルロッカー{ESC}WT}1~　ドローモード \nアイテム　ヲ　ヒキダシマス{13}
romdata/UI/DT/DT_UISHPMSGBRL.FBC.z	DT_UISHPMSG.FBC/dt_UISHPMSG.txtbin	0	utf-8	あ！　わるいけど \nそうこが　いっぱいなんだ！{13}
romdata/UI/DT/DT_UISHPMSGBRL.FBC.z	DT_UISHPMSG.FBC/dt_UISHPMSG.txtbin	1	utf-8	あ！　おまえ \nアイテムもってないじゃん！{13}
romdata/UI/DT/DT_UISHPMSGBRL.FBC.z	DT_UISHPMSG.FBC/dt_UISHPMSG.txtbin	2	utf-8	あ！　おまえ \nもうアイテムもてないじゃん！{13}
romdata/UI/DT/DT_UISHPMSGBRL.FBC.z	DT_UISHPMSG.FBC/dt_UISHPMSG.txtbin	3	utf-8	あ！　おまえから \nアイテムあずかってないじゃん！{13}
romdata/UI/DT/DT_UISHPMSGBRL.FBC.z	DT_UISHPMSG.FBC/dt_UISHPMSG.txtbin	4	utf-8	あ！　そのアイテム \n呪われてるからあずかれないじゃん！{13}
romdata/UI/DT/DT_UISHPMSGBRL.FBC.z	DT_UISHPMSG.FBC/dt_UISHPMSG.txtbin	5	utf-8	あ！　おまえ \nギルもってないじゃん！{13}
romdata/UI/DT/DT_UISHPMSGBRL.FBC.z	DT_UISHPMSG.FBC/dt_UISHPMSG.txtbin	6	utf-8	あ！　わるいけど \nもうギルはあずかれないんだ！{13}
romdata/UI/DT/DT_UISHPMSGBRL.FBC.z	DT_UISHPMSG.FBC/dt_UISHPMSG.txtbin	7	utf-8	あ！　おまえから \nギルあずかってないじゃん！{13}
romdata/UI/DT/DT_UISHPMSGBRL.FBC.z	DT_UISHPMSG.FBC/dt_UISHPMSG.txtbin	8	utf-8	あ！　おまえ \nもうギルもてないじゃん！{13}
romdata/UI/DT/DT_UISHPMSGBRL.FBC.z	DT_UISHPMSG.FBC/dt_UISHPMSG.txtbin	9	utf-8	ギルをあずかろうか？\n
romdata/UI/DT/DT_UISHPMSGBRL.FBC.z	DT_UISHPMSG.FBC/dt_UISHPMSG.txtbin	10	utf-8	ギルをひきだすかい？\n
romdata/UI/DT/DT_UISHPMSGBRL.FBC.z	DT_UISHPMSG.FBC/dt_UISHPMSG.txtbin	11	utf-8	いつでもまってるよ！\n
romdata/UI/DT/DT_UISHPMSGBRL.FBC.z	DT_UISHPMSG.FBC/dt_UISHPMSG.txtbin	12	utf-8	アイテムをあずかろうか？\n
romdata/UI/DT/DT_UISHPMSGBRL.FBC.z	DT_UISHPMSG.FBC/dt_UISHPMSG.txtbin	13	utf-8	アイテムをひきだすかい？\n
romdata/UI/DT/DT_UISHPMSGBSF.FBC.z	DT_UISHPMSG.FBC/dt_UISHPMSG.txtbin	0	utf-8	んー　あなた \nツメも　クラも　もってないわよ{13}
romdata/UI/DT/DT_UISHPMSGBSF.FBC.z	DT_UISHPMSG.FBC/dt_UISHPMSG.txtbin	1	utf-8	ごめんなさい　合成って　同じしゅるいの \nアイテムがふたつ以上ないとできないのよ{13}
romdata/UI/DT/DT_UISHPMSGBSF.FBC.z	DT_UISHPMSG.FBC/dt_UISHPMSG.txtbin	2	utf-8	んー　あなた \n印をつけたものもってないわよ{13}
romdata/UI/DT/DT_UISHPMSGBSF.FBC.z	DT_UISHPMSG.FBC/dt_UISHPMSG.txtbin	3	utf-8	んー　あなた \nギルがたりないわよ{13}
romdata/UI/DT/DT_UISHPMSGBSF.FBC.z	DT_UISHPMSG.FBC/dt_UISHPMSG.txtbin	4	utf-8	消したい印をえらんでね
romdata/UI/DT/DT_UISHPMSGBSF.FBC.z	DT_UISHPMSG.FBC/dt_UISHPMSG.txtbin	5	utf-8	んー　それ　呪われてるわね \n私じゃあつかえないわ{13}
romdata/UI/DT/DT_UISHPMSGBSF.FBC.z	DT_UISHPMSG.FBC/dt_UISHPMSG.txtbin	6	utf-8	んー　それ　もう強くできないかも{13}
romdata/UI/DT/DT_UISHPMSGBSF.FBC.z	DT_UISHPMSG.FBC/dt_UISHPMSG.txtbin	7	utf-8	これでよしっと！ \nバッチリきたえておいたわ！{13}
romdata/UI/DT/DT_UISHPMSGBSF.FBC.z	DT_UISHPMSG.FBC/dt_UISHPMSG.txtbin	8	utf-8	やったわ！ \nさらにつよくできたわ！！{13}
romdata/UI/DT/DT_UISHPMSGBSF.FBC.z	DT_UISHPMSG.FBC/dt_UISHPMSG.txtbin	9	utf-8	ごめんなさい \nやっぱり　しっぱいしちゃった{13}
romdata/UI/DT/DT_UISHPMSGBSF.FBC.z	DT_UISHPMSG.FBC/dt_UISHPMSG.txtbin	10	utf-8	しっぱいしてもいいなら　さらに強くするわ \nあと　自動でセーブするわよ{13}
romdata/UI/DT/DT_UISHPMSGBSF.FBC.z	DT_UISHPMSG.FBC/dt_UISHPMSG.txtbin	11	utf-8	これでよしっと！ \nバッチリ合成しておいたわ！{13}
romdata/UI/DT/DT_UISHPMSGBSF.FBC.z	DT_UISHPMSG.FBC/dt_UISHPMSG.txtbin	12	utf-8	これでよしっと！ \nバッチリ印を消しておいたわ！{13}
romdata/UI/DT/DT_UISHPMSGBSF.FBC.z	DT_UISHPMSG.FBC/dt_UISHPMSG.txtbin	13	utf-8	んー　ごめんなさい \n私じゃ　あつかえないみたい{13}
romdata/UI/DT/DT_UISHPMSGBSF.FBC.z	DT_UISHPMSG.FBC/dt_UISHPMSG.txtbin	14	utf-8	きたえるアイテムをえらんでね！{13}
romdata/UI/DT/DT_UISHPMSGBSF.FBC.z	DT_UISHPMSG.FBC/dt_UISHPMSG.txtbin	15	utf-8	それじゃ　やってみるわね！{13}
romdata/UI/DT/DT_UISHPMSGBSF.FBC.z	DT_UISHPMSG.FBC/dt_UISHPMSG.txtbin	16	utf-8	そうね　無理しないほうがいいわ{13}
romdata/UI/DT/DT_UISHPMSGBSF.FBC.z	DT_UISHPMSG.FBC/dt_UISHPMSG.txtbin	17	utf-8	これを元に合成するわね \nさ　つぎのアイテムをえらんでね{13}
romdata/UI/DT/DT_UISHPMSGBSF.FBC.z	DT_UISHPMSG.FBC/dt_UISHPMSG.txtbin	18	utf-8	あら？　やめちゃうの？{13}
romdata/UI/DT/DT_UISHPMSGBSF.FBC.z	DT_UISHPMSG.FBC/dt_UISHPMSG.txtbin	19	utf-8	んー　それ \nなんてアイテムなの？{13}
romdata/UI/DT/DT_UISHPMSGBSF.FBC.z	DT_UISHPMSG.FBC/dt_UISHPMSG.txtbin	20	utf-8	さっきえらんだ　アイテムに \nそのアイテムのせいのうを　くわえるわ{13}
romdata/UI/DT/DT_UISHPMSGBSF.FBC.z	DT_UISHPMSG.FBC/dt_UISHPMSG.txtbin	21	utf-8	合成結果はこんな感じ \n合成してもいいなら　けっていを選んでね{13}
romdata/UI/DT/DT_UISHPMSGBSF.FBC.z	DT_UISHPMSG.FBC/dt_UISHPMSG.txtbin	22	utf-8	ツメとクラの印を消すわ\n
romdata/UI/DT/DT_UISHPMSGBSF.FBC.z	DT_UISHPMSG.FBC/dt_UISHPMSG.txtbin	23	utf-8	またきてねー！\n
romdata/UI/DT/DT_UISHPMSGBSF.FBC.z	DT_UISHPMSG.FBC/dt_UISHPMSG.txtbin	24	utf-8	ツメとクラをきたえるわ
romdata/UI/DT/DT_UISHPMSGBSF.FBC.z	DT_UISHPMSG.FBC/dt_UISHPMSG.txtbin	25	utf-8	ふたつのものを合成するわ
romdata/UI/DT/DT_UISHPMSGBSF.FBC.z	DT_UISHPMSG.FBC/dt_UISHPMSG.txtbin	26	utf-8	印を消したいアイテムをえらんでね！{13}
romdata/UI/DT/DT_UISHPMSGBSF.FBC.z	DT_UISHPMSG.FBC/dt_UISHPMSG.txtbin	27	utf-8	消すのはその印でいい？\n
romdata/UI/DT/DT_UISHPMSGBSF.FBC.z	DT_UISHPMSG.FBC/dt_UISHPMSG.txtbin	28	utf-8	そのアイテムには印がついてないわよ{13}
romdata/UI/DT/DT_UISHPMSGBSF.FBC.z	DT_UISHPMSG.FBC/dt_UISHPMSG.txtbin	29	utf-8	今　きたえるための　ざいりょうがないの \nまたあとで　きてちょうだい{13}
romdata/UI/DT/DT_UISHPMSGBSX.FBC.z	DT_UISHPMSG.FBC/dt_UISHPMSG.txtbin	0	utf-8	きたえられるアイテムを持ってないクポ！{13}
romdata/UI/DT/DT_UISHPMSGBSX.FBC.z	DT_UISHPMSG.FBC/dt_UISHPMSG.txtbin	1	utf-8	合成できるアイテムを持ってないクポ！{13}
romdata/UI/DT/DT_UISHPMSGBSX.FBC.z	DT_UISHPMSG.FBC/dt_UISHPMSG.txtbin	2	utf-8	印のついているアイテムがないクポ！{13}
romdata/UI/DT/DT_UISHPMSGBSX.FBC.z	DT_UISHPMSG.FBC/dt_UISHPMSG.txtbin	3	utf-8	ギルが足りないクポ！{13}
romdata/UI/DT/DT_UISHPMSGBSX.FBC.z	DT_UISHPMSG.FBC/dt_UISHPMSG.txtbin	4	utf-8	消したい印をえらんでクポ\n
romdata/UI/DT/DT_UISHPMSGBSX.FBC.z	DT_UISHPMSG.FBC/dt_UISHPMSG.txtbin	5	utf-8	それ　呪われてるクポ！{13}
romdata/UI/DT/DT_UISHPMSGBSX.FBC.z	DT_UISHPMSG.FBC/dt_UISHPMSG.txtbin	6	utf-8	それ　もう強くできないクポ！{13}
romdata/UI/DT/DT_UISHPMSGBSX.FBC.z	DT_UISHPMSG.FBC/dt_UISHPMSG.txtbin	7	utf-8	強くしてやったクポ！{13}
romdata/UI/DT/DT_UISHPMSGBSX.FBC.z	DT_UISHPMSG.FBC/dt_UISHPMSG.txtbin	8	utf-8	じゃじゃじゃーん！ \nだいせいこうクポ！！{13}
romdata/UI/DT/DT_UISHPMSGBSX.FBC.z	DT_UISHPMSG.FBC/dt_UISHPMSG.txtbin	9	utf-8	しっぱいしちゃったクポ…{13}
romdata/UI/DT/DT_UISHPMSGBSX.FBC.z	DT_UISHPMSG.FBC/dt_UISHPMSG.txtbin	10	utf-8	それはもう強くできないかもしれないクポ \n失敗してもいいならきたえるクポ{13}
romdata/UI/DT/DT_UISHPMSGBSX.FBC.z	DT_UISHPMSG.FBC/dt_UISHPMSG.txtbin	11	utf-8	ちゃんと合成できたクポ！{13}
romdata/UI/DT/DT_UISHPMSGBSX.FBC.z	DT_UISHPMSG.FBC/dt_UISHPMSG.txtbin	12	utf-8	ちゃんと印を消せたクポ！{13}
romdata/UI/DT/DT_UISHPMSGBSX.FBC.z	DT_UISHPMSG.FBC/dt_UISHPMSG.txtbin	13	utf-8	そーいうのはあつかえないクポ{13}
romdata/UI/DT/DT_UISHPMSGBSX.FBC.z	DT_UISHPMSG.FBC/dt_UISHPMSG.txtbin	14	utf-8	そうびをつよくしたいクポね？ \nさあ　すきなそうびをえらぶクポよ！{13}
romdata/UI/DT/DT_UISHPMSGBSX.FBC.z	DT_UISHPMSG.FBC/dt_UISHPMSG.txtbin	15	utf-8	やってみるクポ！{13}
romdata/UI/DT/DT_UISHPMSGBSX.FBC.z	DT_UISHPMSG.FBC/dt_UISHPMSG.txtbin	16	utf-8	ま　無理はよくないクポ{13}
romdata/UI/DT/DT_UISHPMSGBSX.FBC.z	DT_UISHPMSG.FBC/dt_UISHPMSG.txtbin	17	utf-8	えらんだアイテムを元に \n合成するクポ{13}
romdata/UI/DT/DT_UISHPMSGBSX.FBC.z	DT_UISHPMSG.FBC/dt_UISHPMSG.txtbin	18	utf-8	やめちゃうクポ？{13}
romdata/UI/DT/DT_UISHPMSGBSX.FBC.z	DT_UISHPMSG.FBC/dt_UISHPMSG.txtbin	19	utf-8	それ　なんのアイテムクポ？{13}
romdata/UI/DT/DT_UISHPMSGBSX.FBC.z	DT_UISHPMSG.FBC/dt_UISHPMSG.txtbin	20	utf-8	さっきえらんだ　アイテムに \nそのアイテムのせいのうをくわえるクポ{13}
romdata/UI/DT/DT_UISHPMSGBSX.FBC.z	DT_UISHPMSG.FBC/dt_UISHPMSG.txtbin	21	utf-8	合成したらこうなるクポ \n合成していいなら　けっていを選ぶクポ{13}
romdata/UI/DT/DT_UISHPMSGBSX.FBC.z	DT_UISHPMSG.FBC/dt_UISHPMSG.txtbin	22	utf-8	ツメとクラの印を消すクポ！\n
romdata/UI/DT/DT_UISHPMSGBSX.FBC.z	DT_UISHPMSG.FBC/dt_UISHPMSG.txtbin	23	utf-8	ありがとうございましたクポ！\n
romdata/UI/DT/DT_UISHPMSGBSX.FBC.z	DT_UISHPMSG.FBC/dt_UISHPMSG.txtbin	24	utf-8	ツメとクラをきたえるクポ！\n
romdata/UI/DT/DT_UISHPMSGBSX.FBC.z	DT_UISHPMSG.FBC/dt_UISHPMSG.txtbin	25	utf-8	ふたつのものを合成するクポ！\n
romdata/UI/DT/DT_UISHPMSGBSX.FBC.z	DT_UISHPMSG.FBC/dt_UISHPMSG.txtbin	26	utf-8	印を消したいアイテムをえらんでクポ！{13}
romdata/UI/DT/DT_UISHPMSGBSX.FBC.z	DT_UISHPMSG.FBC/dt_UISHPMSG.txtbin	27	utf-8	消すのはその印でいいクポ？\n
romdata/UI/DT/DT_UISHPMSGBSX.FBC.z	DT_UISHPMSG.FBC/dt_UISHPMSG.txtbin	28	utf-8	そのアイテムには印がついてないクポ{13}
romdata/UI/DT/DT_UISHPMSGBSX.FBC.z	DT_UISHPMSG.FBC/dt_UISHPMSG.txtbin	29	utf-8	今は　きたえるための　ざいりょうがないクポ！ \nつぎに　きたいするクポ！！{13}
romdata/UI/DT/DT_UISHPMSGDOL.FBC.z	DT_UISHPMSG.FBC/dt_UISHPMSG.txtbin	0	utf-8	チュウ！　アイテムが \nいっぱいのようでチュウ！{13}
romdata/UI/DT/DT_UISHPMSGDOL.FBC.z	DT_UISHPMSG.FBC/dt_UISHPMSG.txtbin	1	utf-8	チュウ！　チョコボは \nなにももってないでチュウ！{13}
romdata/UI/DT/DT_UISHPMSGDOL.FBC.z	DT_UISHPMSG.FBC/dt_UISHPMSG.txtbin	2	utf-8	チュウ！　チョコボは \nこれ以上アイテムをもてないでチュウ！{13}
romdata/UI/DT/DT_UISHPMSGDOL.FBC.z	DT_UISHPMSG.FBC/dt_UISHPMSG.txtbin	3	utf-8	チュウ！　まだなにも \nあずけてないみたいでチュウ！{13}
romdata/UI/DT/DT_UISHPMSGDOL.FBC.z	DT_UISHPMSG.FBC/dt_UISHPMSG.txtbin	4	utf-8	チュウ！　そのアイテム \n呪われてるでチュウ！{13}
romdata/UI/DT/DT_UISHPMSGDOL.FBC.z	DT_UISHPMSG.FBC/dt_UISHPMSG.txtbin	5	utf-8	チュウ！　チョコボは \nギルを持っていないでチュウ！{13}
romdata/UI/DT/DT_UISHPMSGDOL.FBC.z	DT_UISHPMSG.FBC/dt_UISHPMSG.txtbin	6	utf-8	チュウ！　これ以上ギルを \nあずけられないみたいでチュウ！{13}
romdata/UI/DT/DT_UISHPMSGDOL.FBC.z	DT_UISHPMSG.FBC/dt_UISHPMSG.txtbin	7	utf-8	チュウ！　チョコボはまだ \nギルをあずけていないみたいでチュウ！{13}
romdata/UI/DT/DT_UISHPMSGDOL.FBC.z	DT_UISHPMSG.FBC/dt_UISHPMSG.txtbin	8	utf-8	チュウ！　チョコボは \nもうギルをもてないでチュウ！{13}
romdata/UI/DT/DT_UISHPMSGDOL.FBC.z	DT_UISHPMSG.FBC/dt_UISHPMSG.txtbin	9	utf-8	チュウ！ \nギルをあずかってやるでチュウ！\n
romdata/UI/DT/DT_UISHPMSGDOL.FBC.z	DT_UISHPMSG.FBC/dt_UISHPMSG.txtbin	10	utf-8	チュウ！ \nギルをかえしてやるでチュウ！\n
romdata/UI/DT/DT_UISHPMSGDOL.FBC.z	DT_UISHPMSG.FBC/dt_UISHPMSG.txtbin	11	utf-8	チュウ！　オイラに \nかんしゃするでチュウ！\n
romdata/UI/DT/DT_UISHPMSGDOL.FBC.z	DT_UISHPMSG.FBC/dt_UISHPMSG.txtbin	12	utf-8	チュウ！ \nアイテムをあずかってやるでチュウ！\n
romdata/UI/DT/DT_UISHPMSGDOL.FBC.z	DT_UISHPMSG.FBC/dt_UISHPMSG.txtbin	13	utf-8	チュウ！ \nアイテムをかえしてやるでチュウ！\n
romdata/UI/DT/DT_UISHPMSGDRG.FBC.z	DT_UISHPMSG.FBC/dt_UISHPMSG.txtbin	0	utf-8	…あんた　もうギルもてないぜ{13}
romdata/UI/DT/DT_UISHPMSGDRG.FBC.z	DT_UISHPMSG.FBC/dt_UISHPMSG.txtbin	1	utf-8	…あんた　にもつがいっぱいだぜ{13}
romdata/UI/DT/DT_UISHPMSGDRG.FBC.z	DT_UISHPMSG.FBC/dt_UISHPMSG.txtbin	2	utf-8	…あんた　なにももってないぜ{13}
romdata/UI/DT/DT_UISHPMSGDRG.FBC.z	DT_UISHPMSG.FBC/dt_UISHPMSG.txtbin	3	utf-8	…あんた　呪われてるもの売るなよな{13}
romdata/UI/DT/DT_UISHPMSGDRG.FBC.z	DT_UISHPMSG.FBC/dt_UISHPMSG.txtbin	4	utf-8	…あんた　ギルが足りないぜ{13}
romdata/UI/DT/DT_UISHPMSGDRG.FBC.z	DT_UISHPMSG.FBC/dt_UISHPMSG.txtbin	5	utf-8	くすりや　メディットへようこそ！\n
romdata/UI/DT/DT_UISHPMSGDRG.FBC.z	DT_UISHPMSG.FBC/dt_UISHPMSG.txtbin	6	utf-8	お　なに売ってくれるんだ？\n
romdata/UI/DT/DT_UISHPMSGDRG.FBC.z	DT_UISHPMSG.FBC/dt_UISHPMSG.txtbin	7	utf-8	またこいよ！\n
romdata/UI/DT/DT_UISHPMSGFLR.FBC.z	DT_UISHPMSG.FBC/dt_UISHPMSG.txtbin	0	utf-8	…せっかくだけど \nもうギルをもてないみたいだよ{13}
romdata/UI/DT/DT_UISHPMSGFLR.FBC.z	DT_UISHPMSG.FBC/dt_UISHPMSG.txtbin	1	utf-8	…せっかくだけど \nにもつがいっぱいだよ{13}
romdata/UI/DT/DT_UISHPMSGFLR.FBC.z	DT_UISHPMSG.FBC/dt_UISHPMSG.txtbin	2	utf-8	…せっかくだけど \nアイテムもっていないじゃないか{13}
romdata/UI/DT/DT_UISHPMSGFLR.FBC.z	DT_UISHPMSG.FBC/dt_UISHPMSG.txtbin	3	utf-8	…せっかくだけど \n呪われてるんじゃかいとれないね{13}
romdata/UI/DT/DT_UISHPMSGFLR.FBC.z	DT_UISHPMSG.FBC/dt_UISHPMSG.txtbin	4	utf-8	…せっかくだけど \nギルがたりないみたいだね{13}
romdata/UI/DT/DT_UISHPMSGFLR.FBC.z	DT_UISHPMSG.FBC/dt_UISHPMSG.txtbin	5	utf-8	フローラの花屋へようこそ
romdata/UI/DT/DT_UISHPMSGFLR.FBC.z	DT_UISHPMSG.FBC/dt_UISHPMSG.txtbin	6	utf-8	おや？　なにを売ってくれるんだい？\n
romdata/UI/DT/DT_UISHPMSGFLR.FBC.z	DT_UISHPMSG.FBC/dt_UISHPMSG.txtbin	7	utf-8	ちゃんと花をそだてるんだよ\n
romdata/UI/DT/DT_UISHPMSGMHX.FBC.z	DT_UISHPMSG.FBC/dt_UISHPMSG.txtbin	0	utf-8	ノウッ！ \nもうギルをもてないクポ！{13}
romdata/UI/DT/DT_UISHPMSGMHX.FBC.z	DT_UISHPMSG.FBC/dt_UISHPMSG.txtbin	1	utf-8	ノウッ！ \nもうアイテムをもてないクポ！{13}
romdata/UI/DT/DT_UISHPMSGMHX.FBC.z	DT_UISHPMSG.FBC/dt_UISHPMSG.txtbin	2	utf-8	ノウッ！ \nアイテムをもってないクポ！{13}
romdata/UI/DT/DT_UISHPMSGMHX.FBC.z	DT_UISHPMSG.FBC/dt_UISHPMSG.txtbin	3	utf-8	ノウッ！ \nそれ　呪われてるクポ！{13}
romdata/UI/DT/DT_UISHPMSGMHX.FBC.z	DT_UISHPMSG.FBC/dt_UISHPMSG.txtbin	4	utf-8	ノウッ！ \nギルがたりないクポ！{13}
romdata/UI/DT/DT_UISHPMSGMHX.FBC.z	DT_UISHPMSG.FBC/dt_UISHPMSG.txtbin	5	utf-8	いらっしゃいませクポ！\n
romdata/UI/DT/DT_UISHPMSGMHX.FBC.z	DT_UISHPMSG.FBC/dt_UISHPMSG.txtbin	6	utf-8	かいとりキャンペーン中クポ！\n
romdata/UI/DT/DT_UISHPMSGMHX.FBC.z	DT_UISHPMSG.FBC/dt_UISHPMSG.txtbin	7	utf-8	ありがとうございましたクポ！\n
romdata/UI/DT/DT_UISHPMSGTLS.FBC.z	DT_UISHPMSG.FBC/dt_UISHPMSG.txtbin	0	utf-8	…っていうか　おまえ… \nもうギルをもてないみたいだぜ{13}
romdata/UI/DT/DT_UISHPMSGTLS.FBC.z	DT_UISHPMSG.FBC/dt_UISHPMSG.txtbin	1	utf-8	…っていうか　おまえ… \nもうアイテムをもてないみたいだぜ{13}
romdata/UI/DT/DT_UISHPMSGTLS.FBC.z	DT_UISHPMSG.FBC/dt_UISHPMSG.txtbin	2	utf-8	…っていうか　おまえ… \nなにももっていないみたいだぜ{13}
romdata/UI/DT/DT_UISHPMSGTLS.FBC.z	DT_UISHPMSG.FBC/dt_UISHPMSG.txtbin	3	utf-8	…っていうか　おまえ… \n呪われてるみたいだぜ{13}
romdata/UI/DT/DT_UISHPMSGTLS.FBC.z	DT_UISHPMSG.FBC/dt_UISHPMSG.txtbin	4	utf-8	…っていうか　おまえ… \nギルがたりないみたいだぜ{13}
romdata/UI/DT/DT_UISHPMSGTLS.FBC.z	DT_UISHPMSG.FBC/dt_UISHPMSG.txtbin	5	utf-8	ハリーの店へようこそ！\n
romdata/UI/DT/DT_UISHPMSGTLS.FBC.z	DT_UISHPMSG.FBC/dt_UISHPMSG.txtbin	6	utf-8	なんでも買いとるぞ！\n
romdata/UI/DT/DT_UISHPMSGTLS.FBC.z	DT_UISHPMSG.FBC/dt_UISHPMSG.txtbin	7	utf-8	ありがとうございました！\n
