3	dwc/utility.bin	929852
4	romdata/DGN/RESIDENT.FBC.z	2208
5	romdata/DGN/Background/CBG_00_P_AC.FBC	5568
6	romdata/DGN/Background/CBG_00_P_CC.FBC	106336
7	romdata/DGN/Background/CBG_00_S.FBC	51744
8	romdata/DGN/Background/CBG_01_P_AC.FBC	4800
9	romdata/DGN/Background/CBG_01_P_CC.FBC	116480
10	romdata/DGN/Background/CBG_01_S.FBC	51744
11	romdata/DGN/Background/CBG_02_P_AC.FBC	1408
12	romdata/DGN/Background/CBG_02_P_CC.FBC	34176
13	romdata/DGN/Background/CBG_02_S.FBC	51744
14	romdata/DGN/Background/DBG_00_P_AC.FBC	3296
15	romdata/DGN/Background/DBG_00_P_CC.FBC	133056
16	romdata/DGN/Background/DBG_00_S.FBC	51744
17	romdata/DGN/Background/DBG_01_P_AC.FBC	2528
18	romdata/DGN/Background/DBG_01_P_CC.FBC	96352
19	romdata/DGN/Background/DBG_01_S.FBC	51744
20	romdata/DGN/Background/DBG_02_P_AC.FBC	4480
21	romdata/DGN/Background/DBG_02_P_CC.FBC	99488
22	romdata/DGN/Background/DBG_02_S.FBC	51744
23	romdata/DGN/Background/FBG_00_P_AC.FBC	5248
24	romdata/DGN/Background/FBG_00_P_CC.FBC	96992
25	romdata/DGN/Background/FBG_00_S.FBC	51744
26	romdata/DGN/Background/FBG_01_P_AC.FBC	5248
27	romdata/DGN/Background/FBG_01_P_CC.FBC	96992
28	romdata/DGN/Background/FBG_01_S.FBC	51744
29	romdata/DGN/Background/FBG_02_P_AC.FBC	5248
30	romdata/DGN/Background/FBG_02_P_CC.FBC	96992
31	romdata/DGN/Background/FBG_02_S.FBC	51744
32	romdata/DGN/Background/LBG_00_P_AC.FBC	1184
33	romdata/DGN/Background/LBG_00_P_CC.FBC	115840
34	romdata/DGN/Background/LBG_00_S.FBC	51744
35	romdata/DGN/Background/LBG_01_P_AC.FBC	1184
36	romdata/DGN/Background/LBG_01_P_CC.FBC	107648
37	romdata/DGN/Background/LBG_01_S.FBC	51744
38	romdata/DGN/Background/LBG_02_P_AC.FBC	1376
39	romdata/DGN/Background/LBG_02_P_CC.FBC	124032
40	romdata/DGN/Background/LBG_02_S.FBC	51744
41	romdata/DGN/Background/MBG_00_P_AC.FBC	1248
42	romdata/DGN/Background/MBG_00_P_CC.FBC	132224
43	romdata/DGN/Background/MBG_00_S.FBC	51744
44	romdata/DGN/Background/MBG_01_P_AC.FBC	1248
45	romdata/DGN/Background/MBG_01_P_CC.FBC	132224
46	romdata/DGN/Background/MBG_01_S.FBC	51744
47	romdata/DGN/Background/MBG_02_P_AC.FBC	1248
48	romdata/DGN/Background/MBG_02_P_CC.FBC	132224
49	romdata/DGN/Background/MBG_02_S.FBC	51744
50	romdata/DGN/Background/MBG_03_P_AC.FBC	1248
51	romdata/DGN/Background/MBG_03_P_CC.FBC	132224
52	romdata/DGN/Background/MBG_03_S.FBC	51744
53	romdata/DGN/Background/MBG_04_P_AC.FBC	1248
54	romdata/DGN/Background/MBG_04_P_CC.FBC	132224
55	romdata/DGN/Background/MBG_04_S.FBC	51744
56	romdata/DGN/Background/TBG_00_P_AC.FBC	2784
57	romdata/DGN/Background/TBG_00_P_CC.FBC	117376
58	romdata/DGN/Background/TBG_00_S.FBC	51744
59	romdata/DGN/Background/WBG_00_P_AC.FBC	3392
60	romdata/DGN/Background/WBG_00_P_CC.FBC	73024
61	romdata/DGN/Background/WBG_00_S.FBC	51744
62	romdata/DGN/Background/WBG_01_P_AC.FBC	3680
63	romdata/DGN/Background/WBG_01_P_CC.FBC	79040
64	romdata/DGN/Background/WBG_01_S.FBC	51744
65	romdata/DGN/Background/WBG_02_P_AC.FBC	1952
66	romdata/DGN/Background/WBG_02_P_CC.FBC	70912
67	romdata/DGN/Background/WBG_02_S.FBC	51744
68	romdata/DGN/DBDRK0/DRD000.FBC.z	500
69	romdata/DGN/DBDRK0/DRD001.FBC.z	588
70	romdata/DGN/DBDRK0/DRD002.FBC.z	483
71	romdata/DGN/DBDRK0/DRD100.FBC.z	130
72	romdata/DGN/DBDRK0/DRD101.FBC.z	118
73	romdata/DGN/DBDRK0/DRD102.FBC.z	118
74	romdata/DGN/DBDRK0/DRD103.FBC.z	118
75	romdata/DGN/DBDRK0/DRD104.FBC.z	118
76	romdata/DGN/DBDRK0/DRD105.FBC.z	118
77	romdata/DGN/DBDRK0/DRD106.FBC.z	118
78	romdata/DGN/DBDRK0/DRD107.FBC.z	118
79	romdata/DGN/DBDRK0/FXF100.FBC.z	173
80	romdata/DGN/DBDRK0/FXF101.FBC.z	155
81	romdata/DGN/DBDRK0/FXF102.FBC.z	173
82	romdata/DGN/DBDRK0/FXF103.FBC.z	178
83	romdata/DGN/DBDRK0/FXF104.FBC.z	155
84	romdata/DGN/DBDRK0/FXF105.FBC.z	155
85	romdata/DGN/DBDRK0/FXF106.FBC.z	155
86	romdata/DGN/DBDRK0/FXF107.FBC.z	154
87	romdata/DGN/DBDRK0/FXF200.FBC.z	162
88	romdata/DGN/DBFIR0/DRD000.FBC.z	501
89	romdata/DGN/DBFIR0/DRD001.FBC.z	583
90	romdata/DGN/DBFIR0/DRD002.FBC.z	497
91	romdata/DGN/DBFIR0/DRD100.FBC.z	130
92	romdata/DGN/DBFIR0/DRD101.FBC.z	121
93	romdata/DGN/DBFIR0/DRD102.FBC.z	128
94	romdata/DGN/DBFIR0/FXF100.FBC.z	173
95	romdata/DGN/DBFIR0/FXF101.FBC.z	157
96	romdata/DGN/DBFIR0/FXF102.FBC.z	137
97	romdata/DGN/DBFIR0/FXF200.FBC.z	162
98	romdata/DGN/DBLIT0/DRD000.FBC.z	374
99	romdata/DGN/DBLIT0/DRD001.FBC.z	422
100	romdata/DGN/DBLIT0/DRD002.FBC.z	517
101	romdata/DGN/DBLIT0/DRD100.FBC.z	130
102	romdata/DGN/DBLIT0/DRD101.FBC.z	161
103	romdata/DGN/DBLIT0/DRD104.FBC.z	118
104	romdata/DGN/DBLIT0/FXF100.FBC.z	173
105	romdata/DGN/DBLIT0/FXF101.FBC.z	174
106	romdata/DGN/DBLIT0/FXF104.FBC.z	138
107	romdata/DGN/DBLIT0/FXF110.FBC.z	157
108	romdata/DGN/DBLIT0/FXF141.FBC.z	177
109	romdata/DGN/DBLIT0/FXF200.FBC.z	162
110	romdata/DGN/DBMOG0/DRD000.FBC.z	501
111	romdata/DGN/DBMOG0/DRD001.FBC.z	583
112	romdata/DGN/DBMOG0/DRD002.FBC.z	497
113	romdata/DGN/DBMOG0/DRD100.FBC.z	130
114	romdata/DGN/DBMOG0/DRD101.FBC.z	124
115	romdata/DGN/DBMOG0/DRD102.FBC.z	120
116	romdata/DGN/DBMOG0/FXF100.FBC.z	162
117	romdata/DGN/DBMOG0/FXF101.FBC.z	195
118	romdata/DGN/DBMOG0/FXF102.FBC.z	157
119	romdata/DGN/DBMOG1/DRD000.FBC.z	610
120	romdata/DGN/DBMOG1/DRD001.FBC.z	616
121	romdata/DGN/DBMOG1/DRD002.FBC.z	517
122	romdata/DGN/DBMOG1/DRD100.FBC.z	130
123	romdata/DGN/DBMOG1/DRD101.FBC.z	124
124	romdata/DGN/DBMOG1/DRD102.FBC.z	132
125	romdata/DGN/DBMOG1/FXF100.FBC.z	162
126	romdata/DGN/DBMOG1/FXF101.FBC.z	195
127	romdata/DGN/DBMOG1/FXF102.FBC.z	184
128	romdata/DGN/DBMOG2/DRD000.FBC.z	374
129	romdata/DGN/DBMOG2/DRD001.FBC.z	422
130	romdata/DGN/DBMOG2/DRD002.FBC.z	517
131	romdata/DGN/DBMOG2/DRD100.FBC.z	130
132	romdata/DGN/DBMOG2/DRD101.FBC.z	124
133	romdata/DGN/DBMOG2/DRD102.FBC.z	117
134	romdata/DGN/DBMOG2/FXF100.FBC.z	162
135	romdata/DGN/DBMOG2/FXF101.FBC.z	195
136	romdata/DGN/DBMOG2/FXF102.FBC.z	174
137	romdata/DGN/DBMOG3/DRD000.FBC.z	516
138	romdata/DGN/DBMOG3/DRD001.FBC.z	660
139	romdata/DGN/DBMOG3/DRD100.FBC.z	130
140	romdata/DGN/DBMOG3/DRD101.FBC.z	124
141	romdata/DGN/DBMOG3/DRD102.FBC.z	126
142	romdata/DGN/DBMOG3/DRD103.FBC.z	224
143	romdata/DGN/DBMOG3/FXF100.FBC.z	162
144	romdata/DGN/DBMOG3/FXF101.FBC.z	195
145	romdata/DGN/DBMOG3/FXF102.FBC.z	156
146	romdata/DGN/DBMOG3/FXF103.FBC.z	219
147	romdata/DGN/DBTUT0/DRD100.FBC.z	237
148	romdata/DGN/DBTUT0/DRD101.FBC.z	153
149	romdata/DGN/DBTUT0/DRD102.FBC.z	99
150	romdata/DGN/DBTUT0/DRD103.FBC.z	129
151	romdata/DGN/DBTUT0/FXF100.FBC.z	374
152	romdata/DGN/DBTUT0/FXF101.FBC.z	220
153	romdata/DGN/DBTUT0/FXF102.FBC.z	162
154	romdata/DGN/DBTUT0/FXF103.FBC.z	142
155	romdata/DGN/DBTUT1/DRD100.FBC.z	117
156	romdata/DGN/DBTUT1/DRD101.FBC.z	211
157	romdata/DGN/DBTUT1/DRD102.FBC.z	107
158	romdata/DGN/DBTUT1/DRD103.FBC.z	135
159	romdata/DGN/DBTUT1/FXF100.FBC.z	175
160	romdata/DGN/DBTUT1/FXF101.FBC.z	330
161	romdata/DGN/DBTUT1/FXF102.FBC.z	159
162	romdata/DGN/DBTUT1/FXF103.FBC.z	176
163	romdata/DGN/DBWAT0/DRD000.FBC.z	610
164	romdata/DGN/DBWAT0/DRD001.FBC.z	616
165	romdata/DGN/DBWAT0/DRD002.FBC.z	517
166	romdata/DGN/DBWAT0/DRD100.FBC.z	130
167	romdata/DGN/DBWAT0/DRD101.FBC.z	121
168	romdata/DGN/DBWAT0/DRD102.FBC.z	128
169	romdata/DGN/DBWAT0/DRD103.FBC.z	121
170	romdata/DGN/DBWAT0/FXF100.FBC.z	173
171	romdata/DGN/DBWAT0/FXF101.FBC.z	157
172	romdata/DGN/DBWAT0/FXF102.FBC.z	137
173	romdata/DGN/DBWAT0/FXF103.FBC.z	137
174	romdata/DGN/DBWAT0/FXF200.FBC.z	162
175	romdata/DGN/DECHO0/DRD100.FBC.z	130
176	romdata/DGN/DECHO0/DRD120.FBC.z	121
177	romdata/DGN/DECHO0/DRD140.FBC.z	121
178	romdata/DGN/DECHO0/DRD165.FBC.z	123
179	romdata/DGN/DECHO0/DRD195.FBC.z	121
180	romdata/DGN/DECHO0/DRD199.FBC.z	121
181	romdata/DGN/DECHO0/FXF100.FBC.z	173
182	romdata/DGN/DECHO0/FXF120.FBC.z	157
183	romdata/DGN/DECHO0/FXF140.FBC.z	157
184	romdata/DGN/DECHO0/FXF165.FBC.z	174
185	romdata/DGN/DECHO0/FXF195.FBC.z	157
186	romdata/DGN/DECHO0/FXF199.FBC.z	157
187	romdata/DGN/DECID0/DRD000.FBC.z	485
188	romdata/DGN/DECID0/DRD001.FBC.z	487
189	romdata/DGN/DECID0/DRD002.FBC.z	487
190	romdata/DGN/DECID0/DRD100.FBC.z	135
191	romdata/DGN/DECID0/DRD110.FBC.z	128
192	romdata/DGN/DECID0/DRD120.FBC.z	117
193	romdata/DGN/DECID0/DRD130.FBC.z	116
194	romdata/DGN/DECID0/DRD150.FBC.z	117
195	romdata/DGN/DECID0/DRD170.FBC.z	117
196	romdata/DGN/DECID0/DRD198.FBC.z	133
197	romdata/DGN/DECID0/DRD199.FBC.z	127
198	romdata/DGN/DECID0/FXF100.FBC.z	216
199	romdata/DGN/DECID0/FXF110.FBC.z	179
200	romdata/DGN/DECID0/FXF120.FBC.z	184
201	romdata/DGN/DECID0/FXF130.FBC.z	197
202	romdata/DGN/DECID0/FXF150.FBC.z	185
203	romdata/DGN/DECID0/FXF170.FBC.z	184
204	romdata/DGN/DECID0/FXF198.FBC.z	213
205	romdata/DGN/DECID0/FXF199.FBC.z	191
206	romdata/DGN/DEDRM0/DRD100.FBC.z	118
207	romdata/DGN/DEDRM0/FXF100.FBC.z	151
208	romdata/DGN/DEDRM0/FXF101.FBC.z	189
209	romdata/DGN/DEDRM0/FXF102.FBC.z	189
210	romdata/DGN/DEDRM0/FXF103.FBC.z	188
211	romdata/DGN/DEDRM0/FXF104.FBC.z	189
212	romdata/DGN/DELRM0/DRD100.FBC.z	92
213	romdata/DGN/DELRM0/DRD101.FBC.z	100
214	romdata/DGN/DELRM0/DRD102.FBC.z	100
215	romdata/DGN/DELRM0/DRD103.FBC.z	101
216	romdata/DGN/DELRM0/DRD104.FBC.z	92
217	romdata/DGN/DELRM0/FXF100.FBC.z	137
218	romdata/DGN/DELRM0/FXF101.FBC.z	137
219	romdata/DGN/DELRM0/FXF102.FBC.z	137
220	romdata/DGN/DELRM0/FXF103.FBC.z	137
221	romdata/DGN/DELRM0/FXF104.FBC.z	137
222	romdata/DGN/DESHP0/DRD100.FBC.z	142
223	romdata/DGN/DESHP0/FXF100.FBC.z	192
224	romdata/DGN/DMAMR0/DRD100.FBC.z	130
225	romdata/DGN/DMAMR0/DRD101.FBC.z	124
226	romdata/DGN/DMAMR0/DRD102.FBC.z	130
227	romdata/DGN/DMAMR0/DRD103.FBC.z	157
228	romdata/DGN/DMAMR0/DRD104.FBC.z	125
229	romdata/DGN/DMAMR0/DRD105.FBC.z	128
230	romdata/DGN/DMAMR0/DRD106.FBC.z	137
231	romdata/DGN/DMAMR0/FXF100.FBC.z	162
232	romdata/DGN/DMAMR0/FXF101.FBC.z	195
233	romdata/DGN/DMAMR0/FXF102.FBC.z	187
234	romdata/DGN/DMAMR0/FXF103.FBC.z	202
235	romdata/DGN/DMAMR0/FXF104.FBC.z	179
236	romdata/DGN/DMAMR0/FXF105.FBC.z	171
237	romdata/DGN/DMAMR0/FXF106.FBC.z	185
238	romdata/DGN/DMCID0/DRD000.FBC.z	565
239	romdata/DGN/DMCID0/DRD100.FBC.z	130
240	romdata/DGN/DMCID0/DRD101.FBC.z	124
241	romdata/DGN/DMCID0/DRD102.FBC.z	117
242	romdata/DGN/DMCID0/FXF100.FBC.z	162
243	romdata/DGN/DMCID0/FXF101.FBC.z	195
244	romdata/DGN/DMCID0/FXF102.FBC.z	157
245	romdata/DGN/DMCRE0/DRD000.FBC.z	501
246	romdata/DGN/DMCRE0/DRD100.FBC.z	130
247	romdata/DGN/DMCRE0/DRD101.FBC.z	124
248	romdata/DGN/DMCRE0/FXF100.FBC.z	162
249	romdata/DGN/DMCRE0/FXF101.FBC.z	195
250	romdata/DGN/DMDAD0/DRD000.FBC.z	594
251	romdata/DGN/DMDAD0/DRD100.FBC.z	130
252	romdata/DGN/DMDAD0/DRD101.FBC.z	124
253	romdata/DGN/DMDAD0/FXF100.FBC.z	162
254	romdata/DGN/DMDAD0/FXF101.FBC.z	195
255	romdata/DGN/DMFRE0/DRD000.FBC.z	603
256	romdata/DGN/DMFRE0/DRD100.FBC.z	130
257	romdata/DGN/DMFRE0/DRD101.FBC.z	124
258	romdata/DGN/DMFRE0/DRD102.FBC.z	117
259	romdata/DGN/DMFRE0/FXF100.FBC.z	162
260	romdata/DGN/DMFRE0/FXF101.FBC.z	195
261	romdata/DGN/DMFRE0/FXF102.FBC.z	157
262	romdata/DGN/DMFRO0/DRD100.FBC.z	130
263	romdata/DGN/DMFRO0/DRD101.FBC.z	124
264	romdata/DGN/DMFRO0/DRD102.FBC.z	118
265	romdata/DGN/DMFRO0/FXF100.FBC.z	162
266	romdata/DGN/DMFRO0/FXF101.FBC.z	195
267	romdata/DGN/DMFRO0/FXF102.FBC.z	172
268	romdata/DGN/DMFRO0/FXF103.FBC.z	174
269	romdata/DGN/DMFRO0/FXF104.FBC.z	166
270	romdata/DGN/DMFRO0/FXF105.FBC.z	201
271	romdata/DGN/DMGEI0/DRD000.FBC.z	565
272	romdata/DGN/DMGEI0/DRD100.FBC.z	130
273	romdata/DGN/DMGEI0/DRD101.FBC.z	124
274	romdata/DGN/DMGEI0/DRD102.FBC.z	117
275	romdata/DGN/DMGEI0/FXF100.FBC.z	162
276	romdata/DGN/DMGEI0/FXF101.FBC.z	195
277	romdata/DGN/DMGEI0/FXF102.FBC.z	157
278	romdata/DGN/DMHAR0/DRD000.FBC.z	363
279	romdata/DGN/DMHAR0/DRD001.FBC.z	426
280	romdata/DGN/DMHAR0/DRD100.FBC.z	130
281	romdata/DGN/DMHAR0/DRD101.FBC.z	124
282	romdata/DGN/DMHAR0/DRD102.FBC.z	121
283	romdata/DGN/DMHAR0/FXF100.FBC.z	162
284	romdata/DGN/DMHAR0/FXF101.FBC.z	195
285	romdata/DGN/DMHAR0/FXF102.FBC.z	157
286	romdata/DGN/DMKRO0/DRD000.FBC.z	366
287	romdata/DGN/DMKRO0/DRD001.FBC.z	514
288	romdata/DGN/DMKRO0/DRD100.FBC.z	130
289	romdata/DGN/DMKRO0/DRD101.FBC.z	124
290	romdata/DGN/DMKRO0/DRD102.FBC.z	135
291	romdata/DGN/DMKRO0/FXF100.FBC.z	162
292	romdata/DGN/DMKRO0/FXF101.FBC.z	195
293	romdata/DGN/DMKRO0/FXF102.FBC.z	166
294	romdata/DGN/DMMAR0/DRD100.FBC.z	130
295	romdata/DGN/DMMAR0/DRD101.FBC.z	124
296	romdata/DGN/DMMAR0/DRD102.FBC.z	91
297	romdata/DGN/DMMAR0/FXF100.FBC.z	162
298	romdata/DGN/DMMAR0/FXF101.FBC.z	195
299	romdata/DGN/DMMAR0/FXF102.FBC.z	180
300	romdata/DGN/DMMAR0/FXF103.FBC.z	202
301	romdata/DGN/DMMAR0/FXF104.FBC.z	214
302	romdata/DGN/DMMAR0/FXF105.FBC.z	183
303	romdata/DGN/DMMEA0/DRD000.FBC.z	641
304	romdata/DGN/DMMEA0/DRD100.FBC.z	130
305	romdata/DGN/DMMEA0/DRD101.FBC.z	124
306	romdata/DGN/DMMEA0/DRD102.FBC.z	117
307	romdata/DGN/DMMEA0/FXF100.FBC.z	162
308	romdata/DGN/DMMEA0/FXF101.FBC.z	195
309	romdata/DGN/DMMEA0/FXF102.FBC.z	157
310	romdata/DGN/DMMED0/DRD000.FBC.z	594
311	romdata/DGN/DMMED0/DRD100.FBC.z	130
312	romdata/DGN/DMMED0/DRD101.FBC.z	124
313	romdata/DGN/DMMED0/DRD102.FBC.z	109
314	romdata/DGN/DMMED0/FXF100.FBC.z	162
315	romdata/DGN/DMMED0/FXF101.FBC.z	195
316	romdata/DGN/DMMED0/FXF102.FBC.z	158
317	romdata/DGN/DMPUB0/DRD000.FBC.z	458
318	romdata/DGN/DMPUB0/DRD001.FBC.z	543
319	romdata/DGN/DMPUB0/DRD100.FBC.z	130
320	romdata/DGN/DMPUB0/DRD101.FBC.z	124
321	romdata/DGN/DMPUB0/DRD102.FBC.z	135
322	romdata/DGN/DMPUB0/FXF100.FBC.z	162
323	romdata/DGN/DMPUB0/FXF101.FBC.z	195
324	romdata/DGN/DMPUB0/FXF102.FBC.z	168
325	romdata/DGN/DMPUB1/DRD000.FBC.z	447
326	romdata/DGN/DMPUB1/DRD001.FBC.z	537
327	romdata/DGN/DMPUB1/DRD100.FBC.z	130
328	romdata/DGN/DMPUB1/DRD101.FBC.z	124
329	romdata/DGN/DMPUB1/DRD102.FBC.z	145
330	romdata/DGN/DMPUB1/FXF100.FBC.z	162
331	romdata/DGN/DMPUB1/FXF101.FBC.z	195
332	romdata/DGN/DMPUB1/FXF102.FBC.z	217
333	romdata/DGN/DMPUB2/DRD000.FBC.z	535
334	romdata/DGN/DMPUB2/DRD001.FBC.z	550
335	romdata/DGN/DMPUB2/DRD002.FBC.z	503
336	romdata/DGN/DMPUB2/DRD100.FBC.z	130
337	romdata/DGN/DMPUB2/DRD101.FBC.z	124
338	romdata/DGN/DMPUB2/DRD102.FBC.z	121
339	romdata/DGN/DMPUB2/FXF100.FBC.z	162
340	romdata/DGN/DMPUB2/FXF101.FBC.z	196
341	romdata/DGN/DMPUB2/FXF102.FBC.z	157
342	romdata/DGN/DMPUB2/FXF103.FBC.z	157
343	romdata/DGN/DMROC0/DRD000.FBC.z	658
344	romdata/DGN/DMROC0/DRD100.FBC.z	130
345	romdata/DGN/DMROC0/DRD101.FBC.z	124
346	romdata/DGN/DMROC0/DRD102.FBC.z	121
347	romdata/DGN/DMROC0/FXF100.FBC.z	162
348	romdata/DGN/DMROC0/FXF101.FBC.z	195
349	romdata/DGN/DMROC0/FXF102.FBC.z	196
350	romdata/DGN/DMROD0/DRD100.FBC.z	130
351	romdata/DGN/DMROD0/DRD101.FBC.z	124
352	romdata/DGN/DMROD0/DRD102.FBC.z	94
353	romdata/DGN/DMROD0/DRD103.FBC.z	100
354	romdata/DGN/DMROD0/FXF100.FBC.z	162
355	romdata/DGN/DMROD0/FXF101.FBC.z	195
356	romdata/DGN/DMROD0/FXF102.FBC.z	192
357	romdata/DGN/DMROD0/FXF103.FBC.z	167
358	romdata/DGN/DMROD0/FXF104.FBC.z	213
359	romdata/DGN/DMROD0/FXF105.FBC.z	199
360	romdata/DGN/DMSHA0/DRD000.FBC.z	406
361	romdata/DGN/DMSHA0/DRD001.FBC.z	464
362	romdata/DGN/DMSHA0/DRD100.FBC.z	130
363	romdata/DGN/DMSHA0/DRD101.FBC.z	124
364	romdata/DGN/DMSHA0/DRD102.FBC.z	121
365	romdata/DGN/DMSHA0/FXF100.FBC.z	162
366	romdata/DGN/DMSHA0/FXF101.FBC.z	195
367	romdata/DGN/DMSHA0/FXF102.FBC.z	157
368	romdata/DGN/DMSHI0/DRD000.FBC.z	641
369	romdata/DGN/DMSHI0/DRD100.FBC.z	130
370	romdata/DGN/DMSHI0/DRD101.FBC.z	124
371	romdata/DGN/DMSHI0/DRD102.FBC.z	117
372	romdata/DGN/DMSHI0/FXF100.FBC.z	162
373	romdata/DGN/DMSHI0/FXF101.FBC.z	195
374	romdata/DGN/DMSHI0/FXF102.FBC.z	157
375	romdata/DGN/DMSTE0/DRD100.FBC.z	130
376	romdata/DGN/DMSTE0/DRD101.FBC.z	124
377	romdata/DGN/DMSTE0/DRD102.FBC.z	115
378	romdata/DGN/DMSTE0/FXF100.FBC.z	162
379	romdata/DGN/DMSTE0/FXF101.FBC.z	195
380	romdata/DGN/DMSTE0/FXF102.FBC.z	180
381	romdata/DGN/DMSTE0/FXF103.FBC.z	205
382	romdata/DGN/DMSTE0/FXF104.FBC.z	194
383	romdata/DGN/DMSTE0/FXF105.FBC.z	202
384	romdata/DGN/DMTST0/DRD000.FBC.z	543
385	romdata/DGN/DMTST0/DRD100.FBC.z	166
386	romdata/DGN/DMTST0/DRD101.FBC.z	114
387	romdata/DGN/DMTST0/DRD102.FBC.z	117
388	romdata/DGN/DMTST0/FXF100.FBC.z	266
389	romdata/DGN/DMTST0/FXF101.FBC.z	134
390	romdata/DGN/DMTST0/FXF102.FBC.z	138
391	romdata/DGN/DMVOL0/DRD100.FBC.z	130
392	romdata/DGN/DMVOL0/DRD101.FBC.z	124
393	romdata/DGN/DMVOL0/DRD102.FBC.z	121
394	romdata/DGN/DMVOL0/FXF100.FBC.z	162
395	romdata/DGN/DMVOL0/FXF101.FBC.z	195
396	romdata/DGN/DMVOL0/FXF102.FBC.z	216
397	romdata/DGN/DMVOL0/FXF103.FBC.z	224
398	romdata/DGN/DMVOL0/FXF104.FBC.z	179
399	romdata/DGN/DMVOL0/FXF105.FBC.z	179
400	romdata/DGN/DMVOL0/FXF106.FBC.z	184
401	romdata/DGN/DMVOL0/FXF107.FBC.z	184
402	romdata/DGN/DMVOL0/FXF108.FBC.z	218
403	romdata/DGN/Item/Item00.FBC.z	4420
404	romdata/DGN/Item/Item01.FBC.z	3442
405	romdata/DGN/Object/DgnObj00.FBC.z	14826
406	romdata/DGN/Object/DgnObj01.FBC.z	3233
407	romdata/DGN/Object/DgnObj02.FBC.z	3126
408	romdata/DGN/Object/DgnObj03.FBC.z	3130
409	romdata/DGN/Object/DgnObj04.FBC.z	5688
410	romdata/DGN/Object/DgnObj05.FBC.z	13766
411	romdata/DGN/Object/DgnObj06.FBC.z	5487
412	romdata/DGN/Object/DgnObj07.FBC.z	8430
413	romdata/DGN/Object/DgnObj08.FBC.z	8232
414	romdata/DGN/Object/DgnObj09.FBC.z	4389
415	romdata/DGN/Object/DgnObj11.FBC.z	6426
416	romdata/DGN/Object/DgnObj12.FBC.z	13968
417	romdata/DGN/Object/DgnObj13.FBC.z	4173
418	romdata/DGN/Object/DgnObj14.FBC.z	3343
419	romdata/DGN/Object/DgnObj15.FBC.z	3512
420	romdata/DGN/Object/DgnObj16.FBC.z	3593
421	romdata/DGN/Object/DgnObj17.FBC.z	2534
422	romdata/DGN/Object/DgnObj18.FBC.z	2390
423	romdata/DGN/Object/DgnObj19.FBC.z	2433
424	romdata/DGN/Object/DgnObj20.FBC.z	1339
425	romdata/DGN/Object/DgnObj21.FBC.z	17429
426	romdata/DGN/Object/DgnObj22.FBC.z	6970
427	romdata/DGN/Object/DgnObj23.FBC.z	804
428	romdata/DGN/Object/DgnObj24.FBC.z	807
429	romdata/DGN/Object/DgnObj25.FBC.z	7347
430	romdata/DGN/Object/DgnObj26.FBC.z	8480
431	romdata/DGN/Object/DgnObj27.FBC.z	7272
432	romdata/DGN/Object/DgnObj28.FBC.z	8540
433	romdata/DGN/Object/DgnObj29.FBC.z	7266
434	romdata/DGN/Object/DgnObj30.FBC.z	8588
435	romdata/DGN/Object/DgnObj31.FBC.z	4007
436	romdata/DGN/Object/DgnObj32.FBC.z	4089
437	romdata/DGN/Object/DgnObj33.FBC.z	4095
438	romdata/DGN/Object/DgnObj34.FBC.z	1832
439	romdata/DGN/Object/DgnObj35.FBC.z	3766
440	romdata/DGN/RoomChip/CRM_00.FBC.z	20123
441	romdata/DGN/RoomChip/CRM_01.FBC.z	20458
442	romdata/DGN/RoomChip/CRM_02.FBC.z	18589
443	romdata/DGN/RoomChip/DRM_00.FBC.z	19739
444	romdata/DGN/RoomChip/DRM_01.FBC.z	18284
445	romdata/DGN/RoomChip/DRM_02.FBC.z	22152
446	romdata/DGN/RoomChip/FRM_00.FBC.z	21260
447	romdata/DGN/RoomChip/FRM_01.FBC.z	20743
448	romdata/DGN/RoomChip/FRM_02.FBC.z	18103
449	romdata/DGN/RoomChip/LRM_00.FBC.z	16538
450	romdata/DGN/RoomChip/LRM_01.FBC.z	17090
451	romdata/DGN/RoomChip/LRM_02.FBC.z	21176
452	romdata/DGN/RoomChip/MRM_00.FBC.z	18166
453	romdata/DGN/RoomChip/MRM_01.FBC.z	17825
454	romdata/DGN/RoomChip/MRM_02.FBC.z	17139
455	romdata/DGN/RoomChip/MRM_03.FBC.z	17779
456	romdata/DGN/RoomChip/MRM_04.FBC.z	18004
457	romdata/DGN/RoomChip/TRM_00.FBC.z	21686
458	romdata/DGN/RoomChip/WRM_00.FBC.z	19186
459	romdata/DGN/RoomChip/WRM_01.FBC.z	18195
460	romdata/DGN/RoomChip/WRM_02.FBC.z	18889
461	romdata/DGN/Stair/CST_00.FBC.z	888
462	romdata/DGN/Stair/DST_00.FBC.z	886
463	romdata/DGN/Stair/FST_00.FBC.z	875
464	romdata/DGN/Stair/LST_00.FBC.z	559
465	romdata/DGN/Stair/MST_00.FBC.z	887
466	romdata/DGN/Stair/MST_01.FBC.z	894
467	romdata/DGN/Stair/MST_02.FBC.z	897
468	romdata/DGN/Stair/MST_03.FBC.z	897
469	romdata/DGN/Stair/MST_04.FBC.z	896
470	romdata/DGN/Stair/TST_00.FBC.z	1279
471	romdata/DGN/Stair/WST_00.FBC.z	887
472	romdata/DGN/Trap/Circle00.FBC.z	1325
473	romdata/DGN/Trap/Circle01.FBC.z	1824
474	romdata/DGN/Trap/Custum.FBC.z	1642
475	romdata/DGN/Trap/Flame.FBC.z	2378
476	romdata/DGN/Trap/Freeze.FBC.z	2160
477	romdata/DGN/Trap/Trap00.FBC.z	2954
478	romdata/DGN_DT/DT_DBDRK0.FBC.z	490
479	romdata/DGN_DT/DT_DBDRK0_SET_1.FBC.z	3299
480	romdata/DGN_DT/DT_DBFIR0.FBC.z	354
481	romdata/DGN_DT/DT_DBFIR0_SET_1.FBC.z	1921
482	romdata/DGN_DT/DT_DBLIT0.FBC.z	457
483	romdata/DGN_DT/DT_DBLIT0_SET_1.FBC.z	2862
484	romdata/DGN_DT/DT_DBMOG0.FBC.z	267
485	romdata/DGN_DT/DT_DBMOG0_SET_1.FBC.z	1144
486	romdata/DGN_DT/DT_DBMOG1.FBC.z	261
487	romdata/DGN_DT/DT_DBMOG1_SET_1.FBC.z	1156
488	romdata/DGN_DT/DT_DBMOG2.FBC.z	267
489	romdata/DGN_DT/DT_DBMOG2_SET_1.FBC.z	1347
490	romdata/DGN_DT/DT_DBMOG3.FBC.z	264
491	romdata/DGN_DT/DT_DBMOG3_SET_1.FBC.z	1455
492	romdata/DGN_DT/DT_DBTUT0.FBC.z	196
493	romdata/DGN_DT/DT_DBTUT0_SET_1.FBC.z	431
494	romdata/DGN_DT/DT_DBTUT1.FBC.z	200
495	romdata/DGN_DT/DT_DBTUT1_SET_1.FBC.z	431
496	romdata/DGN_DT/DT_DBWAT0.FBC.z	391
497	romdata/DGN_DT/DT_DBWAT0_SET_1.FBC.z	2563
498	romdata/DGN_DT/DT_DECHO0.FBC.z	801
499	romdata/DGN_DT/DT_DECHO0_SET_1.FBC.z	3585
500	romdata/DGN_DT/DT_DECHO0_SET_2.FBC.z	3292
501	romdata/DGN_DT/DT_DECID0.FBC.z	689
502	romdata/DGN_DT/DT_DECID0_SET_1.FBC.z	3237
503	romdata/DGN_DT/DT_DECID0_SET_2.FBC.z	2960
504	romdata/DGN_DT/DT_DEDRM0.FBC.z	204
505	romdata/DGN_DT/DT_DEDRM0_SET_1.FBC.z	390
506	romdata/DGN_DT/DT_DELRM0.FBC.z	223
507	romdata/DGN_DT/DT_DELRM0_SET_1.FBC.z	276
508	romdata/DGN_DT/DT_DESHP0.FBC.z	169
509	romdata/DGN_DT/DT_DESHP0_SET_1.FBC.z	368
510	romdata/DGN_DT/DT_DMAMR0.FBC.z	232
511	romdata/DGN_DT/DT_DMAMR0_SET_1.FBC.z	842
512	romdata/DGN_DT/DT_DMCID0.FBC.z	248
513	romdata/DGN_DT/DT_DMCID0_SET_1.FBC.z	1000
514	romdata/DGN_DT/DT_DMCRE0.FBC.z	221
515	romdata/DGN_DT/DT_DMCRE0_SET_1.FBC.z	1083
516	romdata/DGN_DT/DT_DMDAD0.FBC.z	231
517	romdata/DGN_DT/DT_DMDAD0_SET_1.FBC.z	810
518	romdata/DGN_DT/DT_DMFRE0.FBC.z	271
519	romdata/DGN_DT/DT_DMFRE0_SET_1.FBC.z	1057
520	romdata/DGN_DT/DT_DMFRO0.FBC.z	220
521	romdata/DGN_DT/DT_DMFRO0_SET_1.FBC.z	839
522	romdata/DGN_DT/DT_DMGEI0.FBC.z	250
523	romdata/DGN_DT/DT_DMGEI0_SET_1.FBC.z	817
524	romdata/DGN_DT/DT_DMHAR0.FBC.z	249
525	romdata/DGN_DT/DT_DMHAR0_SET_1.FBC.z	894
526	romdata/DGN_DT/DT_DMKRO0.FBC.z	255
527	romdata/DGN_DT/DT_DMKRO0_SET_1.FBC.z	1165
528	romdata/DGN_DT/DT_DMMAR0.FBC.z	222
529	romdata/DGN_DT/DT_DMMAR0_SET_1.FBC.z	647
530	romdata/DGN_DT/DT_DMMEA0.FBC.z	280
531	romdata/DGN_DT/DT_DMMEA0_SET_1.FBC.z	1266
532	romdata/DGN_DT/DT_DMMED0.FBC.z	247
533	romdata/DGN_DT/DT_DMMED0_SET_1.FBC.z	758
534	romdata/DGN_DT/DT_DMPUB0.FBC.z	260
535	romdata/DGN_DT/DT_DMPUB0_SET_1.FBC.z	1023
536	romdata/DGN_DT/DT_DMPUB1.FBC.z	248
537	romdata/DGN_DT/DT_DMPUB1_SET_1.FBC.z	973
538	romdata/DGN_DT/DT_DMPUB2.FBC.z	628
539	romdata/DGN_DT/DT_DMPUB2_SET_1.FBC.z	3306
540	romdata/DGN_DT/DT_DMROC0.FBC.z	238
541	romdata/DGN_DT/DT_DMROC0_SET_1.FBC.z	629
542	romdata/DGN_DT/DT_DMROD0.FBC.z	226
543	romdata/DGN_DT/DT_DMROD0_SET_1.FBC.z	707
544	romdata/DGN_DT/DT_DMSHA0.FBC.z	268
545	romdata/DGN_DT/DT_DMSHA0_SET_1.FBC.z	933
546	romdata/DGN_DT/DT_DMSHI0.FBC.z	292
547	romdata/DGN_DT/DT_DMSHI0_SET_1.FBC.z	1477
548	romdata/DGN_DT/DT_DMSTE0.FBC.z	219
549	romdata/DGN_DT/DT_DMSTE0_SET_1.FBC.z	574
550	romdata/DGN_DT/DT_DMTST0.FBC.z	269
551	romdata/DGN_DT/DT_DMTST0_SET_1.FBC.z	833
552	romdata/DGN_DT/DT_DMVOL0.FBC.z	244
553	romdata/DGN_DT/DT_DMVOL0_SET_1.FBC.z	724
554	romdata/DT/DT_ALL.FBC.z	74074
555	romdata/DT/DT_ITEM_ALL_TXT0.FBC	24352
556	romdata/DT/DT_ITEM_ALL_TXT1.FBC	60448
557	romdata/DT/GM_DT_EVTMSG0.FBC.z	12682
558	romdata/DT/GM_DT_EVTMSG1.FBC.z	12429
559	romdata/DT/GM_DT_EVTMSG10.FBC.z	8978
560	romdata/DT/GM_DT_EVTMSG2.FBC.z	11638
561	romdata/DT/GM_DT_EVTMSG3.FBC.z	11768
562	romdata/DT/GM_DT_EVTMSG4.FBC.z	11851
563	romdata/DT/GM_DT_EVTMSG5.FBC.z	12490
564	romdata/DT/GM_DT_EVTMSG6.FBC.z	12455
565	romdata/DT/GM_DT_EVTMSG7.FBC.z	12232
566	romdata/DT/GM_DT_EVTMSG8.FBC.z	13337
567	romdata/DT/GM_DT_EVTMSG9.FBC.z	12500
568	romdata/EFF/cloud_s.FBC.z	3626
569	romdata/EFF/ef_ft_001.FBC.z	1114
570	romdata/EFF/efa_asp00.FBC.z	1899
571	romdata/EFF/efa_asp00a.FBC.z	3852
572	romdata/EFF/efa_asp01.FBC.z	3322
573	romdata/EFF/efa_asp02.FBC.z	9285
574	romdata/EFF/efa_asp03.FBC.z	7650
575	romdata/EFF/efa_asp04.FBC.z	5544
576	romdata/EFF/efa_asp07.FBC.z	2882
577	romdata/EFF/efa_atb00.FBC.z	6136
578	romdata/EFF/efa_atb01.FBC.z	2564
579	romdata/EFF/efa_atb02.FBC.z	8604
580	romdata/EFF/efa_atb03.FBC.z	7995
581	romdata/EFF/efa_atb04.FBC.z	7600
582	romdata/EFF/efa_atb07.FBC.z	5113
583	romdata/EFF/efa_atb08.FBC.z	7231
584	romdata/EFF/efa_atb14.FBC.z	13691
585	romdata/EFF/efa_atb15.FBC.z	15550
586	romdata/EFF/efa_atb16.FBC.z	10676
587	romdata/EFF/efa_atb17.FBC.z	6288
588	romdata/EFF/efa_atb18.FBC.z	15286
589	romdata/EFF/efa_atb19.FBC.z	12267
590	romdata/EFF/efa_sta23.FBC.z	4364
591	romdata/EFF/efa_sta24.FBC.z	4406
592	romdata/EFF/efe_asp10.FBC.z	4938
593	romdata/EFF/efe_asp11.FBC.z	2856
594	romdata/EFF/efe_asp11a.FBC.z	1012
595	romdata/EFF/efe_asp11b.FBC.z	2817
596	romdata/EFF/efe_asp12.FBC.z	2949
597	romdata/EFF/efe_asp13.FBC.z	2574
598	romdata/EFF/efe_asp14.FBC.z	4525
599	romdata/EFF/efe_asp15.FBC.z	5862
600	romdata/EFF/efe_asp16.FBC.z	4639
601	romdata/EFF/efe_asp18.FBC.z	6153
602	romdata/EFF/efe_asp19.FBC.z	10823
603	romdata/EFF/efe_asp20.FBC.z	8049
604	romdata/EFF/efe_asp22.FBC.z	6009
605	romdata/EFF/efe_asp24.FBC.z	6032
606	romdata/EFF/efe_asp25.FBC.z	6142
607	romdata/EFF/efe_atb17.FBC.z	6585
608	romdata/EFF/eff_abi00.FBC.z	3258
609	romdata/EFF/eff_abi01.FBC.z	10166
610	romdata/EFF/eff_abi02.FBC.z	9220
611	romdata/EFF/eff_abi03.FBC.z	12496
612	romdata/EFF/eff_abi03_2.FBC.z	6045
613	romdata/EFF/eff_abi04.FBC.z	9722
614	romdata/EFF/eff_abi05.FBC.z	3662
615	romdata/EFF/eff_asp00.FBC.z	2381
616	romdata/EFF/eff_asp00a.FBC.z	2326
617	romdata/EFF/eff_asp00b.FBC.z	2219
618	romdata/EFF/eff_asp00c.FBC.z	2182
619	romdata/EFF/eff_asp01.FBC.z	3102
620	romdata/EFF/eff_asp01b.FBC.z	2288
621	romdata/EFF/eff_asp01c.FBC.z	2273
622	romdata/EFF/eff_asp02.FBC.z	1829
623	romdata/EFF/eff_asp03.FBC.z	2495
624	romdata/EFF/eff_asp04.FBC.z	2529
625	romdata/EFF/eff_asp05.FBC.z	3535
626	romdata/EFF/eff_asp06.FBC.z	2428
627	romdata/EFF/eff_asp08.FBC.z	3205
628	romdata/EFF/eff_asp09.FBC.z	1828
629	romdata/EFF/eff_asp21.FBC.z	6257
630	romdata/EFF/eff_asp23.FBC.z	6748
631	romdata/EFF/eff_asp26.FBC.z	6059
632	romdata/EFF/eff_asp27.FBC.z	2022
633	romdata/EFF/eff_asp28.FBC.z	7968
634	romdata/EFF/eff_atb00.FBC.z	3541
635	romdata/EFF/eff_atb00a.FBC.z	6759
636	romdata/EFF/eff_atb01.FBC.z	1723
637	romdata/EFF/eff_atb01a.FBC.z	2913
638	romdata/EFF/eff_atb02.FBC.z	2486
639	romdata/EFF/eff_atb02a.FBC.z	3206
640	romdata/EFF/eff_atb03.FBC.z	2667
641	romdata/EFF/eff_atb04.FBC.z	4278
642	romdata/EFF/eff_atb05.FBC.z	2860
643	romdata/EFF/eff_atb07.FBC.z	2139
644	romdata/EFF/eff_atb08.FBC.z	3559
645	romdata/EFF/eff_atb09.FBC.z	3977
646	romdata/EFF/eff_atb10.FBC.z	2885
647	romdata/EFF/eff_atb11.FBC.z	2871
648	romdata/EFF/eff_atb12.FBC.z	2880
649	romdata/EFF/eff_atb13.FBC.z	3505
650	romdata/EFF/eff_atk00.FBC.z	2359
651	romdata/EFF/eff_atk01.FBC.z	2739
652	romdata/EFF/eff_atk02.FBC.z	1347
653	romdata/EFF/eff_etc00.FBC.z	4646
654	romdata/EFF/eff_etc01.FBC.z	4780
655	romdata/EFF/eff_evt00.FBC.z	21931
656	romdata/EFF/eff_evt01.FBC.z	6986
657	romdata/EFF/eff_evt03.FBC.z	3197
658	romdata/EFF/eff_evt04.FBC.z	6142
659	romdata/EFF/eff_evt05.FBC.z	5144
660	romdata/EFF/eff_evt09.FBC.z	23317
661	romdata/EFF/eff_evt10.FBC.z	3452
662	romdata/EFF/eff_evt12.FBC.z	8066
663	romdata/EFF/eff_evt13.FBC.z	6066
664	romdata/EFF/eff_evt14.FBC.z	2927
665	romdata/EFF/eff_evt16.FBC.z	21037
666	romdata/EFF/eff_evt17.FBC.z	2853
667	romdata/EFF/eff_evt18.FBC.z	5933
668	romdata/EFF/eff_evt19.FBC.z	23887
669	romdata/EFF/eff_evt20.FBC.z	23741
670	romdata/EFF/eff_evt21.FBC.z	2989
671	romdata/EFF/eff_evt22.FBC.z	2978
672	romdata/EFF/eff_evt23.FBC.z	5190
673	romdata/EFF/eff_evt25.FBC.z	6408
674	romdata/EFF/eff_evt26.FBC.z	6193
675	romdata/EFF/eff_sta00.FBC.z	2498
676	romdata/EFF/eff_sta01.FBC.z	2244
677	romdata/EFF/eff_sta01a.FBC.z	2420
678	romdata/EFF/eff_sta02.FBC.z	3070
679	romdata/EFF/eff_sta03.FBC.z	2782
680	romdata/EFF/eff_sta04.FBC.z	3411
681	romdata/EFF/eff_sta06.FBC.z	3742
682	romdata/EFF/eff_sta07.FBC.z	3967
683	romdata/EFF/eff_sta08.FBC.z	1975
684	romdata/EFF/eff_sta09.FBC.z	3194
685	romdata/EFF/eff_sta10.FBC.z	5731
686	romdata/EFF/eff_sta11.FBC.z	3253
687	romdata/EFF/eff_sta12.FBC.z	4461
688	romdata/EFF/eff_sta13.FBC.z	1664
689	romdata/EFF/eff_sta14.FBC.z	3270
690	romdata/EFF/eff_sta15.FBC.z	4363
691	romdata/EFF/eff_sta16.FBC.z	1812
692	romdata/EFF/eff_sta23.FBC.z	2753
693	romdata/EFF/eff_sta25.FBC.z	2780
694	romdata/EFF/eff_sta26.FBC.z	3483
695	romdata/EFF/eff_sta27.FBC.z	2773
696	romdata/EFF/eff_sta28.FBC.z	3620
697	romdata/EFF/eff_sta29.FBC.z	2624
698	romdata/EFF/eff_sta30.FBC.z	3335
699	romdata/EFF/eff_sta31.FBC.z	2068
700	romdata/EFF/eff_sta32.FBC.z	2788
701	romdata/EFF/eff_sta33.FBC.z	6468
702	romdata/EFF/eff_sta34.FBC.z	2471
703	romdata/EFF/eff_sta35.FBC.z	2410
704	romdata/EFF/eff_sta36.FBC.z	4896
705	romdata/EFF/eff_sta37.FBC.z	2332
706	romdata/EFF/eff_sta39.FBC.z	6325
707	romdata/EFF/eff_sta40.FBC.z	2154
708	romdata/EFF/eff_tac01.FBC.z	2679
709	romdata/EFF/eff_tac03.FBC.z	13732
710	romdata/EFF/eff_tac04.FBC.z	13799
711	romdata/EFF/eff_tac11.FBC.z	2360
712	romdata/EFF/eff_tac16.FBC.z	5712
713	romdata/EFF/eff_tac19.FBC.z	4986
714	romdata/EFF/eff_tac25.FBC.z	2370
715	romdata/EFF/eff_tac26.FBC.z	2385
716	romdata/EFF/eff_tac27.FBC.z	3057
717	romdata/EFF/eff_tac31.FBC.z	2961
718	romdata/EFF/eff_tra00.FBC.z	2951
719	romdata/EFF/eff_tra01.FBC.z	1812
720	romdata/EFF/eff_tra02.FBC.z	829
721	romdata/EFF/eff_tra03.FBC.z	790
722	romdata/EFF/eff_tra04.FBC.z	1318
723	romdata/EFF/eff_tra05.FBC.z	2836
724	romdata/EFF/eff_tra06.FBC.z	2834
725	romdata/EFF/eff_tra07.FBC.z	2828
726	romdata/EFF/eff_tra08.FBC.z	2824
727	romdata/EFF/eff_tra09.FBC.z	2781
728	romdata/EFF/eff_tra10.FBC.z	2752
729	romdata/EFF/eff_tra11.FBC.z	621
730	romdata/EFF/eff_tra12.FBC.z	653
731	romdata/EFF/eff_tra13.FBC.z	650
732	romdata/EFF/eff_tra14.FBC.z	832
733	romdata/EFF/eff_tra18.FBC.z	691
734	romdata/EFF/eff_tra19.FBC.z	2374
735	romdata/EFF/eff_tra19a.FBC.z	2154
736	romdata/EFF/eff_tra20.FBC.z	5184
737	romdata/EFF/eff_tra21.FBC.z	1621
738	romdata/EFF/efl_black.FBC.z	446
739	romdata/EFF/efl_dirty.FBC.z	6907
740	romdata/EFF/efl_dworld.FBC.z	17423
741	romdata/EFF/efl_farm00.FBC.z	65083
742	romdata/EFF/efl_kira00.FBC.z	3983
743	romdata/EFF/efl_kira01.FBC.z	6811
744	romdata/EFF/efl_kira02.FBC.z	4228
745	romdata/EFF/efl_kira03.FBC.z	3757
746	romdata/EFF/efl_mem00.FBC.z	6410
747	romdata/EFF/efl_mem01.FBC.z	8048
748	romdata/EFF/efl_mem02.FBC.z	16244
749	romdata/EFF/efl_mem03.FBC.z	12451
750	romdata/EFF/efl_mem04.FBC.z	10650
751	romdata/EFF/efl_mem05.FBC.z	4281
752	romdata/EFF/efl_mem06.FBC.z	6197
753	romdata/EFF/efl_mem07.FBC.z	7842
754	romdata/EFF/efl_mem08.FBC.z	12456
755	romdata/EFF/efl_mem10.FBC.z	10667
756	romdata/EFF/efl_mem11.FBC.z	4678
757	romdata/EFF/efl_mem12.FBC.z	3357
758	romdata/EFF/efl_rainbow.FBC.z	1739
759	romdata/EFF/efl_ripple.FBC.z	1083
760	romdata/EFF/efl_throws.FBC.z	2442
761	romdata/EFF/efl_water00.FBC.z	2813
762	romdata/EFF/efl_water01.FBC.z	2965
763	romdata/EFF/efl_water02.FBC.z	6275
764	romdata/EFF/proto_end.FBC.z	14940
765	romdata/EFF/shadow_a.FBC.z	874
766	romdata/Enemy/MARK01.FBC.z	51019
767	romdata/Enemy/MARL01.FBC.z	9957
768	romdata/Enemy/MARR01.FBC.z	9957
769	romdata/Enemy/MBAH01.FBC.z	88362
770	romdata/Enemy/MBAL00.FBC.z	8193
771	romdata/Enemy/MBAL01.FBC.z	8163
772	romdata/Enemy/MBAL02.FBC.z	8250
773	romdata/Enemy/MBAL03.FBC.z	8204
774	romdata/Enemy/MBAL04.FBC.z	8441
775	romdata/Enemy/MBAT00.FBC.z	8948
776	romdata/Enemy/MBAT01.FBC.z	9254
777	romdata/Enemy/MBAT02.FBC.z	9074
778	romdata/Enemy/MBAT03.FBC.z	9069
779	romdata/Enemy/MBAT04.FBC.z	9089
780	romdata/Enemy/MBEH01.FBC.z	61268
781	romdata/Enemy/MBOM00.FBC.z	6458
782	romdata/Enemy/MBOM01.FBC.z	6609
783	romdata/Enemy/MBOM02.FBC.z	6686
784	romdata/Enemy/MBOM03.FBC.z	6582
785	romdata/Enemy/MBOM04.FBC.z	6904
786	romdata/Enemy/MDMN00.FBC.z	10493
787	romdata/Enemy/MDMN01.FBC.z	11068
788	romdata/Enemy/MDMN02.FBC.z	11413
789	romdata/Enemy/MDMN03.FBC.z	11213
790	romdata/Enemy/MDMN04.FBC.z	11404
791	romdata/Enemy/MDRA00.FBC.z	11192
792	romdata/Enemy/MDRA01.FBC.z	11600
793	romdata/Enemy/MDRA02.FBC.z	11543
794	romdata/Enemy/MDRA03.FBC.z	11680
795	romdata/Enemy/MDRA04.FBC.z	11887
796	romdata/Enemy/MELE01.FBC.z	9489
797	romdata/Enemy/MELE02.FBC.z	9407
798	romdata/Enemy/MELE03.FBC.z	9502
799	romdata/Enemy/MELE04.FBC.z	9120
800	romdata/Enemy/MELE05.FBC.z	9407
801	romdata/Enemy/MELE06.FBC.z	9502
802	romdata/Enemy/MFEN01.FBC.z	59359
803	romdata/Enemy/MFRG00.FBC.z	9857
804	romdata/Enemy/MFRG01.FBC.z	10104
805	romdata/Enemy/MFRG02.FBC.z	10171
806	romdata/Enemy/MFRG03.FBC.z	10524
807	romdata/Enemy/MFRG04.FBC.z	10169
808	romdata/Enemy/MGHO00.FBC.z	11474
809	romdata/Enemy/MGHO01.FBC.z	11912
810	romdata/Enemy/MGHO02.FBC.z	11756
811	romdata/Enemy/MGHO03.FBC.z	11938
812	romdata/Enemy/MGHO04.FBC.z	11916
813	romdata/Enemy/MGOB00.FBC.z	10784
814	romdata/Enemy/MGOB01.FBC.z	11109
815	romdata/Enemy/MGOB02.FBC.z	10981
816	romdata/Enemy/MGOB03.FBC.z	11633
817	romdata/Enemy/MGOB04.FBC.z	11669
818	romdata/Enemy/MGOL01.FBC.z	7569
819	romdata/Enemy/MGOL02.FBC.z	8022
820	romdata/Enemy/MGOL03.FBC.z	8021
821	romdata/Enemy/MGOL04.FBC.z	7757
822	romdata/Enemy/MIFR01.FBC.z	49154
823	romdata/Enemy/MIRN00.FBC.z	11500
824	romdata/Enemy/MIRN01.FBC.z	11934
825	romdata/Enemy/MIRN02.FBC.z	11932
826	romdata/Enemy/MIRN03.FBC.z	11967
827	romdata/Enemy/MIRN04.FBC.z	11994
828	romdata/Enemy/MKUA00.FBC.z	12975
829	romdata/Enemy/MKUA01.FBC.z	13149
830	romdata/Enemy/MKUA02.FBC.z	12793
831	romdata/Enemy/MKUA03.FBC.z	13462
832	romdata/Enemy/MKUA04.FBC.z	13249
833	romdata/Enemy/MKUR00.FBC.z	39418
834	romdata/Enemy/MKUR01.FBC.z	39774
835	romdata/Enemy/MLIZ00.FBC.z	11334
836	romdata/Enemy/MLIZ01.FBC.z	11548
837	romdata/Enemy/MLIZ02.FBC.z	11291
838	romdata/Enemy/MLIZ03.FBC.z	11813
839	romdata/Enemy/MLIZ04.FBC.z	11895
840	romdata/Enemy/MMAN00.FBC.z	8142
841	romdata/Enemy/MMAN01.FBC.z	8165
842	romdata/Enemy/MMAN02.FBC.z	8143
843	romdata/Enemy/MMAN03.FBC.z	7966
844	romdata/Enemy/MMAN04.FBC.z	8071
845	romdata/Enemy/MMOG01.FBC.z	33569
846	romdata/Enemy/MMOG02.FBC.z	21689
847	romdata/Enemy/MMOL00.FBC.z	14886
848	romdata/Enemy/MMOL01.FBC.z	15346
849	romdata/Enemy/MMOL02.FBC.z	15264
850	romdata/Enemy/MMOL03.FBC.z	15208
851	romdata/Enemy/MMOL04.FBC.z	15670
852	romdata/Enemy/MOMG01.FBC.z	51353
853	romdata/Enemy/MPOT00.FBC.z	9282
854	romdata/Enemy/MPOT01.FBC.z	9270
855	romdata/Enemy/MPRN00.FBC.z	3797
856	romdata/Enemy/MPRN01.FBC.z	4060
857	romdata/Enemy/MPRN02.FBC.z	4042
858	romdata/Enemy/MPRN03.FBC.z	4052
859	romdata/Enemy/MPRN04.FBC.z	4529
860	romdata/Enemy/MRAF03.FBC.z	49590
861	romdata/Enemy/MRAF04.FBC.z	49590
862	romdata/Enemy/MRAF05.FBC.z	98534
863	romdata/Enemy/MRAM00.FBC.z	15366
864	romdata/Enemy/MRAM01.FBC.z	15527
865	romdata/Enemy/MRAM02.FBC.z	15773
866	romdata/Enemy/MRAM03.FBC.z	15782
867	romdata/Enemy/MRAM04.FBC.z	15766
868	romdata/Enemy/MRIV01.FBC.z	71421
869	romdata/Enemy/MRMU01.FBC.z	35220
870	romdata/Enemy/MSAB00.FBC.z	4031
871	romdata/Enemy/MSAB01.FBC.z	4271
872	romdata/Enemy/MSAB02.FBC.z	4028
873	romdata/Enemy/MSAB03.FBC.z	4062
874	romdata/Enemy/MSAB04.FBC.z	4846
875	romdata/Enemy/MSAB05.FBC.z	4028
876	romdata/Enemy/MSAH00.FBC.z	11682
877	romdata/Enemy/MSAH01.FBC.z	11508
878	romdata/Enemy/MSAH02.FBC.z	11564
879	romdata/Enemy/MSAH03.FBC.z	13068
880	romdata/Enemy/MSAH04.FBC.z	11509
881	romdata/Enemy/MSCI00.FBC.z	14275
882	romdata/Enemy/MSCI01.FBC.z	14425
883	romdata/Enemy/MSCI02.FBC.z	14339
884	romdata/Enemy/MSCI03.FBC.z	14354
885	romdata/Enemy/MSCI04.FBC.z	14827
886	romdata/Enemy/MSIN01.FBC.z	84096
887	romdata/Enemy/MSIV01.FBC.z	65848
888	romdata/Enemy/MSKE00.FBC.z	12287
889	romdata/Enemy/MSKE01.FBC.z	12565
890	romdata/Enemy/MSKE02.FBC.z	13025
891	romdata/Enemy/MSKE03.FBC.z	12590
892	romdata/Enemy/MSKE04.FBC.z	13251
893	romdata/Enemy/MSTN00.FBC.z	2659
894	romdata/Enemy/MSTN01.FBC.z	2661
895	romdata/Enemy/MSTN02.FBC.z	2660
896	romdata/Enemy/MSTN03.FBC.z	2662
897	romdata/Enemy/MSTN04.FBC.z	2662
898	romdata/Enemy/MSTN05.FBC.z	2660
899	romdata/Enemy/MTAR00.FBC.z	10920
900	romdata/Enemy/MTAR01.FBC.z	11174
901	romdata/Enemy/MTAR02.FBC.z	11144
902	romdata/Enemy/MTAR03.FBC.z	10853
903	romdata/Enemy/MTAR04.FBC.z	11671
904	romdata/Enemy/MTON00.FBC.z	13992
905	romdata/Enemy/MTON01.FBC.z	14143
906	romdata/Enemy/MTON02.FBC.z	14426
907	romdata/Enemy/MTON03.FBC.z	14179
908	romdata/Enemy/MTON04.FBC.z	14757
909	romdata/Enemy/MVAL00.FBC.z	9390
910	romdata/Enemy/MVAL01.FBC.z	10062
911	romdata/Enemy/MVAL02.FBC.z	10045
912	romdata/Enemy/MVAL03.FBC.z	9813
913	romdata/Enemy/MVAL04.FBC.z	9315
914	romdata/EVT/EVT_CMN.FBC.z	720
915	romdata/EVT/pc010000.FBC.z	2185
916	romdata/EVT/pc100000.FBC.z	916
917	romdata/EVT/pc100100.FBC.z	697
918	romdata/EVT/pc100200.FBC.z	3873
919	romdata/EVT/pc100300.FBC.z	2435
920	romdata/EVT/pc100400.FBC.z	1948
921	romdata/EVT/pc100500.FBC.z	371
922	romdata/EVT/pc100600.FBC.z	876
923	romdata/EVT/pc100700.FBC.z	1627
924	romdata/EVT/pc100800.FBC.z	733
925	romdata/EVT/pc100900.FBC.z	1357
926	romdata/EVT/pc101000.FBC.z	3132
927	romdata/EVT/pc101100.FBC.z	1756
928	romdata/EVT/pc101200.FBC.z	2486
929	romdata/EVT/pc101300.FBC.z	2286
930	romdata/EVT/pc101400.FBC.z	6467
931	romdata/EVT/pc103000.FBC.z	3468
932	romdata/EVT/pc103100.FBC.z	1050
933	romdata/EVT/pc103200.FBC.z	1257
934	romdata/EVT/pc103300.FBC.z	430
935	romdata/EVT/pc103600.FBC.z	2983
936	romdata/EVT/pc103700.FBC.z	750
937	romdata/EVT/pc105100.FBC.z	4031
938	romdata/EVT/pc106100.FBC.z	724
939	romdata/EVT/pc106200.FBC.z	934
940	romdata/EVT/pc106300.FBC.z	1201
941	romdata/EVT/pc110800.FBC.z	1900
942	romdata/EVT/pc110900.FBC.z	1695
943	romdata/EVT/pc191400.FBC.z	3026
944	romdata/EVT/pc200000.FBC.z	307
945	romdata/EVT/pc200100.FBC.z	688
946	romdata/EVT/pc200200.FBC.z	10417
947	romdata/EVT/pc200300.FBC.z	1476
948	romdata/EVT/pc200400.FBC.z	2457
949	romdata/EVT/pc200500.FBC.z	1617
950	romdata/EVT/pc200600.FBC.z	4480
951	romdata/EVT/pc200700.FBC.z	5310
952	romdata/EVT/pc200800.FBC.z	1382
953	romdata/EVT/pc200900.FBC.z	3006
954	romdata/EVT/pc201000.FBC.z	2717
955	romdata/EVT/pc201100.FBC.z	5076
956	romdata/EVT/pc201200.FBC.z	2408
957	romdata/EVT/pc201300.FBC.z	3715
958	romdata/EVT/pc201400.FBC.z	2901
959	romdata/EVT/pc201500.FBC.z	3605
960	romdata/EVT/pc201600.FBC.z	1048
961	romdata/EVT/pc201700.FBC.z	355
962	romdata/EVT/pc201800.FBC.z	355
963	romdata/EVT/pc201900.FBC.z	355
964	romdata/EVT/pc202000.FBC.z	353
965	romdata/EVT/pc203000.FBC.z	2840
966	romdata/EVT/pc203100.FBC.z	1477
967	romdata/EVT/pc203200.FBC.z	1419
968	romdata/EVT/pc203300.FBC.z	1665
969	romdata/EVT/pc203400.FBC.z	2167
970	romdata/EVT/pc203500.FBC.z	1670
971	romdata/EVT/pc203600.FBC.z	1178
972	romdata/EVT/pc203700.FBC.z	729
973	romdata/EVT/pc205000.FBC.z	353
974	romdata/EVT/pc205100.FBC.z	353
975	romdata/EVT/pc205200.FBC.z	1871
976	romdata/EVT/pc205300.FBC.z	354
977	romdata/EVT/pc205400.FBC.z	355
978	romdata/EVT/pc205500.FBC.z	355
979	romdata/EVT/pc205600.FBC.z	355
980	romdata/EVT/pc205700.FBC.z	355
981	romdata/EVT/pc205800.FBC.z	356
982	romdata/EVT/pc205900.FBC.z	355
983	romdata/EVT/pc206000.FBC.z	353
984	romdata/EVT/pc206100.FBC.z	353
985	romdata/EVT/pc206200.FBC.z	912
986	romdata/EVT/pc206300.FBC.z	1808
987	romdata/EVT/pc206400.FBC.z	1357
988	romdata/EVT/pc210200.FBC.z	3332
989	romdata/EVT/pc210800.FBC.z	751
990	romdata/EVT/pc210900.FBC.z	762
991	romdata/EVT/pc211000.FBC.z	2217
992	romdata/EVT/pc211500.FBC.z	1395
993	romdata/EVT/pc211600.FBC.z	1505
994	romdata/EVT/pc212000.FBC.z	1683
995	romdata/EVT/pc212100.FBC.z	1628
996	romdata/EVT/pc213000.FBC.z	689
997	romdata/EVT/pc213100.FBC.z	689
998	romdata/EVT/pc213200.FBC.z	689
999	romdata/EVT/pc213500.FBC.z	1757
1000	romdata/EVT/pc270900.FBC.z	3430
1001	romdata/EVT/pc280900.FBC.z	3647
1002	romdata/EVT/pc281500.FBC.z	3905
1003	romdata/EVT/pc290900.FBC.z	3627
1004	romdata/EVT/pc291500.FBC.z	4530
1005	romdata/EVT/pc300000.FBC.z	307
1006	romdata/EVT/pc300100.FBC.z	881
1007	romdata/EVT/pc300200.FBC.z	11493
1008	romdata/EVT/pc300300.FBC.z	998
1009	romdata/EVT/pc300400.FBC.z	1948
1010	romdata/EVT/pc300500.FBC.z	1604
1011	romdata/EVT/pc300600.FBC.z	4285
1012	romdata/EVT/pc300700.FBC.z	4638
1013	romdata/EVT/pc300800.FBC.z	733
1014	romdata/EVT/pc300900.FBC.z	2932
1015	romdata/EVT/pc301000.FBC.z	2612
1016	romdata/EVT/pc301100.FBC.z	5237
1017	romdata/EVT/pc301200.FBC.z	2777
1018	romdata/EVT/pc301300.FBC.z	3467
1019	romdata/EVT/pc301400.FBC.z	4259
1020	romdata/EVT/pc301500.FBC.z	4707
1021	romdata/EVT/pc301600.FBC.z	4429
1022	romdata/EVT/pc301700.FBC.z	1480
1023	romdata/EVT/pc301800.FBC.z	3191
1024	romdata/EVT/pc301900.FBC.z	6715
1025	romdata/EVT/pc303000.FBC.z	4518
1026	romdata/EVT/pc303100.FBC.z	1050
1027	romdata/EVT/pc303200.FBC.z	1418
1028	romdata/EVT/pc303300.FBC.z	2841
1029	romdata/EVT/pc303400.FBC.z	2142
1030	romdata/EVT/pc303500.FBC.z	1650
1031	romdata/EVT/pc303600.FBC.z	1178
1032	romdata/EVT/pc303700.FBC.z	729
1033	romdata/EVT/pc305300.FBC.z	2237
1034	romdata/EVT/pc305800.FBC.z	355
1035	romdata/EVT/pc306200.FBC.z	907
1036	romdata/EVT/pc306300.FBC.z	1593
1037	romdata/EVT/pc306400.FBC.z	1357
1038	romdata/EVT/pc310100.FBC.z	3339
1039	romdata/EVT/pc310200.FBC.z	1013
1040	romdata/EVT/pc310300.FBC.z	4092
1041	romdata/EVT/pc310700.FBC.z	9953
1042	romdata/EVT/pc310800.FBC.z	751
1043	romdata/EVT/pc310900.FBC.z	762
1044	romdata/EVT/pc311000.FBC.z	776
1045	romdata/EVT/pc311100.FBC.z	1128
1046	romdata/EVT/pc311300.FBC.z	1146
1047	romdata/EVT/pc311400.FBC.z	1194
1048	romdata/EVT/pc311500.FBC.z	1398
1049	romdata/EVT/pc311600.FBC.z	1506
1050	romdata/EVT/pc312000.FBC.z	1684
1051	romdata/EVT/pc312100.FBC.z	1631
1052	romdata/EVT/pc312200.FBC.z	1141
1053	romdata/EVT/pc313000.FBC.z	689
1054	romdata/EVT/pc313100.FBC.z	689
1055	romdata/EVT/pc313200.FBC.z	689
1056	romdata/EVT/pc313500.FBC.z	1757
1057	romdata/EVT/pc350900.FBC.z	3623
1058	romdata/EVT/pc360900.FBC.z	3314
1059	romdata/EVT/pc370900.FBC.z	3377
1060	romdata/EVT/pc380900.FBC.z	2995
1061	romdata/EVT/pc390900.FBC.z	2703
1062	romdata/EVT/pc393000.FBC.z	2393
1063	romdata/EVT/pc396300.FBC.z	1493
1064	romdata/EVT/pc400000.FBC.z	307
1065	romdata/EVT/pc400100.FBC.z	789
1066	romdata/EVT/pc400200.FBC.z	11049
1067	romdata/EVT/pc400300.FBC.z	998
1068	romdata/EVT/pc400400.FBC.z	1948
1069	romdata/EVT/pc400500.FBC.z	1610
1070	romdata/EVT/pc400600.FBC.z	3811
1071	romdata/EVT/pc400700.FBC.z	5319
1072	romdata/EVT/pc400800.FBC.z	1325
1073	romdata/EVT/pc400900.FBC.z	2948
1074	romdata/EVT/pc401000.FBC.z	2608
1075	romdata/EVT/pc401100.FBC.z	5269
1076	romdata/EVT/pc401200.FBC.z	2566
1077	romdata/EVT/pc401300.FBC.z	3529
1078	romdata/EVT/pc401400.FBC.z	5484
1079	romdata/EVT/pc401500.FBC.z	4158
1080	romdata/EVT/pc401600.FBC.z	3953
1081	romdata/EVT/pc401700.FBC.z	2489
1082	romdata/EVT/pc401800.FBC.z	2273
1083	romdata/EVT/pc401900.FBC.z	3516
1084	romdata/EVT/pc403000.FBC.z	3968
1085	romdata/EVT/pc403100.FBC.z	1050
1086	romdata/EVT/pc403200.FBC.z	1418
1087	romdata/EVT/pc403300.FBC.z	2850
1088	romdata/EVT/pc403400.FBC.z	2145
1089	romdata/EVT/pc403500.FBC.z	1667
1090	romdata/EVT/pc403600.FBC.z	1178
1091	romdata/EVT/pc403700.FBC.z	2819
1092	romdata/EVT/pc405000.FBC.z	1105
1093	romdata/EVT/pc405100.FBC.z	1625
1094	romdata/EVT/pc405400.FBC.z	1865
1095	romdata/EVT/pc405500.FBC.z	350
1096	romdata/EVT/pc405600.FBC.z	1616
1097	romdata/EVT/pc405900.FBC.z	355
1098	romdata/EVT/pc406000.FBC.z	1162
1099	romdata/EVT/pc406300.FBC.z	1907
1100	romdata/EVT/pc406400.FBC.z	1357
1101	romdata/EVT/pc410200.FBC.z	1013
1102	romdata/EVT/pc410300.FBC.z	1063
1103	romdata/EVT/pc410400.FBC.z	3320
1104	romdata/EVT/pc410700.FBC.z	9953
1105	romdata/EVT/pc410800.FBC.z	737
1106	romdata/EVT/pc410900.FBC.z	762
1107	romdata/EVT/pc411000.FBC.z	776
1108	romdata/EVT/pc411100.FBC.z	823
1109	romdata/EVT/pc411200.FBC.z	1128
1110	romdata/EVT/pc411300.FBC.z	1146
1111	romdata/EVT/pc411400.FBC.z	1194
1112	romdata/EVT/pc411500.FBC.z	1398
1113	romdata/EVT/pc411600.FBC.z	1506
1114	romdata/EVT/pc411700.FBC.z	1141
1115	romdata/EVT/pc411800.FBC.z	1159
1116	romdata/EVT/pc412000.FBC.z	1684
1117	romdata/EVT/pc412100.FBC.z	1630
1118	romdata/EVT/pc412200.FBC.z	1141
1119	romdata/EVT/pc412300.FBC.z	1193
1120	romdata/EVT/pc412400.FBC.z	1141
1121	romdata/EVT/pc413000.FBC.z	689
1122	romdata/EVT/pc413100.FBC.z	689
1123	romdata/EVT/pc413200.FBC.z	689
1124	romdata/EVT/pc413500.FBC.z	1757
1125	romdata/EVT/pc450900.FBC.z	3628
1126	romdata/EVT/pc460900.FBC.z	3321
1127	romdata/EVT/pc470900.FBC.z	3374
1128	romdata/EVT/pc480900.FBC.z	3012
1129	romdata/EVT/pc481600.FBC.z	4140
1130	romdata/EVT/pc490400.FBC.z	3465
1131	romdata/EVT/pc490900.FBC.z	2721
1132	romdata/EVT/pc491500.FBC.z	3966
1133	romdata/EVT/pc491600.FBC.z	3932
1134	romdata/EVT/pc493700.FBC.z	3094
1135	romdata/EVT/pc496300.FBC.z	1757
1136	romdata/EVT/pc500000.FBC.z	307
1137	romdata/EVT/pc500100.FBC.z	819
1138	romdata/EVT/pc500200.FBC.z	9883
1139	romdata/EVT/pc500300.FBC.z	998
1140	romdata/EVT/pc500400.FBC.z	1947
1141	romdata/EVT/pc500500.FBC.z	1602
1142	romdata/EVT/pc500600.FBC.z	3814
1143	romdata/EVT/pc500700.FBC.z	4677
1144	romdata/EVT/pc500800.FBC.z	733
1145	romdata/EVT/pc500900.FBC.z	2295
1146	romdata/EVT/pc501000.FBC.z	2535
1147	romdata/EVT/pc501100.FBC.z	5045
1148	romdata/EVT/pc501200.FBC.z	1947
1149	romdata/EVT/pc501300.FBC.z	2585
1150	romdata/EVT/pc501400.FBC.z	3063
1151	romdata/EVT/pc501500.FBC.z	4173
1152	romdata/EVT/pc501600.FBC.z	3005
1153	romdata/EVT/pc501700.FBC.z	2518
1154	romdata/EVT/pc501800.FBC.z	3507
1155	romdata/EVT/pc501900.FBC.z	3518
1156	romdata/EVT/pc502000.FBC.z	930
1157	romdata/EVT/pc503000.FBC.z	940
1158	romdata/EVT/pc503100.FBC.z	1050
1159	romdata/EVT/pc503200.FBC.z	1365
1160	romdata/EVT/pc503300.FBC.z	1941
1161	romdata/EVT/pc503400.FBC.z	2144
1162	romdata/EVT/pc503500.FBC.z	1857
1163	romdata/EVT/pc503600.FBC.z	1178
1164	romdata/EVT/pc503700.FBC.z	729
1165	romdata/EVT/pc505000.FBC.z	353
1166	romdata/EVT/pc505100.FBC.z	353
1167	romdata/EVT/pc505200.FBC.z	355
1168	romdata/EVT/pc505300.FBC.z	354
1169	romdata/EVT/pc505400.FBC.z	355
1170	romdata/EVT/pc505500.FBC.z	1739
1171	romdata/EVT/pc505600.FBC.z	1941
1172	romdata/EVT/pc505700.FBC.z	355
1173	romdata/EVT/pc505800.FBC.z	355
1174	romdata/EVT/pc505900.FBC.z	355
1175	romdata/EVT/pc506000.FBC.z	353
1176	romdata/EVT/pc506100.FBC.z	839
1177	romdata/EVT/pc506200.FBC.z	355
1178	romdata/EVT/pc506300.FBC.z	1294
1179	romdata/EVT/pc506400.FBC.z	1357
1180	romdata/EVT/pc506600.FBC.z	2055
1181	romdata/EVT/pc510200.FBC.z	1013
1182	romdata/EVT/pc510300.FBC.z	1063
1183	romdata/EVT/pc510400.FBC.z	1139
1184	romdata/EVT/pc510500.FBC.z	4619
1185	romdata/EVT/pc510700.FBC.z	9953
1186	romdata/EVT/pc510800.FBC.z	737
1187	romdata/EVT/pc510900.FBC.z	762
1188	romdata/EVT/pc511000.FBC.z	776
1189	romdata/EVT/pc511100.FBC.z	823
1190	romdata/EVT/pc511200.FBC.z	840
1191	romdata/EVT/pc511300.FBC.z	1126
1192	romdata/EVT/pc511400.FBC.z	1159
1193	romdata/EVT/pc511500.FBC.z	1105
1194	romdata/EVT/pc511600.FBC.z	1119
1195	romdata/EVT/pc511700.FBC.z	1120
1196	romdata/EVT/pc511800.FBC.z	1117
1197	romdata/EVT/pc511900.FBC.z	1201
1198	romdata/EVT/pc512000.FBC.z	1138
1199	romdata/EVT/pc512100.FBC.z	1148
1200	romdata/EVT/pc512200.FBC.z	1120
1201	romdata/EVT/pc512300.FBC.z	1193
1202	romdata/EVT/pc512400.FBC.z	1098
1203	romdata/EVT/pc513000.FBC.z	689
1204	romdata/EVT/pc513100.FBC.z	689
1205	romdata/EVT/pc513200.FBC.z	689
1206	romdata/EVT/pc513500.FBC.z	1757
1207	romdata/EVT/pc591200.FBC.z	2470
1208	romdata/EVT/pc591400.FBC.z	3175
1209	romdata/EVT/pc600000.FBC.z	307
1210	romdata/EVT/pc600100.FBC.z	527
1211	romdata/EVT/pc600200.FBC.z	11394
1212	romdata/EVT/pc600300.FBC.z	1021
1213	romdata/EVT/pc600400.FBC.z	1415
1214	romdata/EVT/pc600500.FBC.z	1602
1215	romdata/EVT/pc600600.FBC.z	3859
1216	romdata/EVT/pc600700.FBC.z	4725
1217	romdata/EVT/pc600800.FBC.z	1439
1218	romdata/EVT/pc600900.FBC.z	3007
1219	romdata/EVT/pc601000.FBC.z	2533
1220	romdata/EVT/pc601100.FBC.z	5497
1221	romdata/EVT/pc601200.FBC.z	1905
1222	romdata/EVT/pc601300.FBC.z	2220
1223	romdata/EVT/pc601400.FBC.z	2402
1224	romdata/EVT/pc601500.FBC.z	3532
1225	romdata/EVT/pc601600.FBC.z	4528
1226	romdata/EVT/pc601700.FBC.z	966
1227	romdata/EVT/pc601800.FBC.z	2304
1228	romdata/EVT/pc601900.FBC.z	4837
1229	romdata/EVT/pc602000.FBC.z	353
1230	romdata/EVT/pc603000.FBC.z	1561
1231	romdata/EVT/pc603100.FBC.z	1550
1232	romdata/EVT/pc603200.FBC.z	1370
1233	romdata/EVT/pc603300.FBC.z	2132
1234	romdata/EVT/pc603400.FBC.z	2086
1235	romdata/EVT/pc603500.FBC.z	1617
1236	romdata/EVT/pc603600.FBC.z	1178
1237	romdata/EVT/pc603700.FBC.z	1835
1238	romdata/EVT/pc605000.FBC.z	353
1239	romdata/EVT/pc605100.FBC.z	353
1240	romdata/EVT/pc605200.FBC.z	355
1241	romdata/EVT/pc605300.FBC.z	354
1242	romdata/EVT/pc605400.FBC.z	355
1243	romdata/EVT/pc605500.FBC.z	355
1244	romdata/EVT/pc605600.FBC.z	355
1245	romdata/EVT/pc605700.FBC.z	355
1246	romdata/EVT/pc605800.FBC.z	355
1247	romdata/EVT/pc605900.FBC.z	355
1248	romdata/EVT/pc606000.FBC.z	353
1249	romdata/EVT/pc606100.FBC.z	353
1250	romdata/EVT/pc606200.FBC.z	355
1251	romdata/EVT/pc606300.FBC.z	1306
1252	romdata/EVT/pc606400.FBC.z	1357
1253	romdata/EVT/pc606500.FBC.z	1023
1254	romdata/EVT/pc606600.FBC.z	3274
1255	romdata/EVT/pc610200.FBC.z	1013
1256	romdata/EVT/pc610300.FBC.z	1063
1257	romdata/EVT/pc610400.FBC.z	1139
1258	romdata/EVT/pc610500.FBC.z	1122
1259	romdata/EVT/pc610600.FBC.z	1897
1260	romdata/EVT/pc610700.FBC.z	9674
1261	romdata/EVT/pc610800.FBC.z	737
1262	romdata/EVT/pc610900.FBC.z	762
1263	romdata/EVT/pc611000.FBC.z	776
1264	romdata/EVT/pc611100.FBC.z	822
1265	romdata/EVT/pc611200.FBC.z	840
1266	romdata/EVT/pc611300.FBC.z	1126
1267	romdata/EVT/pc611400.FBC.z	1159
1268	romdata/EVT/pc611500.FBC.z	1105
1269	romdata/EVT/pc611600.FBC.z	1119
1270	romdata/EVT/pc611700.FBC.z	1120
1271	romdata/EVT/pc611800.FBC.z	1117
1272	romdata/EVT/pc611900.FBC.z	1201
1273	romdata/EVT/pc612000.FBC.z	1138
1274	romdata/EVT/pc612100.FBC.z	1148
1275	romdata/EVT/pc612200.FBC.z	1120
1276	romdata/EVT/pc612300.FBC.z	1193
1277	romdata/EVT/pc612400.FBC.z	1098
1278	romdata/EVT/pc612500.FBC.z	1146
1279	romdata/EVT/pc612600.FBC.z	687
1280	romdata/EVT/pc612700.FBC.z	687
1281	romdata/EVT/pc612800.FBC.z	687
1282	romdata/EVT/pc612900.FBC.z	689
1283	romdata/EVT/pc613000.FBC.z	689
1284	romdata/EVT/pc613100.FBC.z	689
1285	romdata/EVT/pc613200.FBC.z	689
1286	romdata/EVT/pc613500.FBC.z	1757
1287	romdata/EVT/pc680700.FBC.z	6590
1288	romdata/EVT/pc690700.FBC.z	2139
1289	romdata/EVT/pcmngr.FBC.z	163
1290	romdata/EVT_DAT/evt_dat0000.FBC.z	351
1291	romdata/EVT_DAT/evt_dat0001.FBC.z	351
1292	romdata/EVT_DAT/evt_dat0002.FBC.z	10517
1293	romdata/EVT_DAT/evt_dat0003.FBC.z	351
1294	romdata/EVT_DAT/evt_dat0004.FBC.z	8271
1295	romdata/EVT_DAT/evt_dat0005.FBC.z	351
1296	romdata/EVT_DAT/evt_dat0006.FBC.z	43665
1297	romdata/EVT_DAT/evt_dat0007.FBC.z	111332
1298	romdata/EVT_DAT/evt_dat0008.FBC.z	351
1299	romdata/EVT_DAT/evt_dat0009.FBC.z	351
1300	romdata/EVT_DAT/evt_dat0010.FBC.z	8361
1301	romdata/EVT_DAT/evt_dat0011.FBC.z	34163
1302	romdata/EVT_DAT/evt_dat0012.FBC.z	24909
1303	romdata/EVT_DAT/evt_dat0013.FBC.z	20713
1304	romdata/EVT_DAT/evt_dat0014.FBC.z	28110
1305	romdata/EVT_DAT/evt_dat0015.FBC.z	9074
1306	romdata/EVT_DAT/evt_dat0016.FBC.z	53672
1307	romdata/EVT_DAT/evt_dat0017.FBC.z	351
1308	romdata/EVT_DAT/evt_dat0018.FBC.z	351
1309	romdata/EVT_DAT/evt_dat0019.FBC.z	79188
1310	romdata/EVT_DAT/evt_dat0020.FBC.z	28495
1311	romdata/EVT_DAT/evt_dat0030.FBC.z	2652
1312	romdata/EVT_DAT/evt_dat0031.FBC.z	351
1313	romdata/EVT_DAT/evt_dat0032.FBC.z	351
1314	romdata/EVT_DAT/evt_dat0033.FBC.z	11168
1315	romdata/EVT_DAT/evt_dat0034.FBC.z	14394
1316	romdata/EVT_DAT/evt_dat0035.FBC.z	9447
1317	romdata/EVT_DAT/evt_dat0036.FBC.z	351
1318	romdata/EVT_DAT/evt_dat0037.FBC.z	3233
1319	romdata/EVT_DAT/evt_dat0050.FBC.z	27573
1320	romdata/EVT_DAT/evt_dat0051.FBC.z	43912
1321	romdata/EVT_DAT/evt_dat0052.FBC.z	35567
1322	romdata/EVT_DAT/evt_dat0053.FBC.z	38269
1323	romdata/EVT_DAT/evt_dat0054.FBC.z	36488
1324	romdata/EVT_DAT/evt_dat0055.FBC.z	18673
1325	romdata/EVT_DAT/evt_dat0057.FBC.z	18673
1326	romdata/EVT_DAT/evt_dat0058.FBC.z	18673
1327	romdata/EVT_DAT/evt_dat0059.FBC.z	18673
1328	romdata/EVT_DAT/evt_dat0060.FBC.z	18673
1329	romdata/EVT_DAT/evt_dat0061.FBC.z	22777
1330	romdata/EVT_DAT/evt_dat0062.FBC.z	22627
1331	romdata/EVT_DAT/evt_dat0063.FBC.z	18673
1332	romdata/EVT_DAT/evt_dat0064.FBC.z	46292
1333	romdata/EVT_DAT/evt_dat0102.FBC.z	5571
1334	romdata/EVT_DAT/evt_dat0116.FBC.z	53367
1335	romdata/EVT_DAT/evt_dat1002.FBC.z	18673
1336	romdata/EVT_DAT/evt_dat1011.FBC.z	20029
1337	romdata/EVT_DAT/evt_dat1012.FBC.z	20917
1338	romdata/EVT_DAT/evt_dat1014.FBC.z	74021
1339	romdata/EVT_DAT/evt_dat1015.FBC.z	31733
1340	romdata/EVT_DAT/evt_dat1016.FBC.z	17100
1341	romdata/EVT_DAT/evt_dat1018.FBC.z	19444
1342	romdata/EVT_DAT/evt_dat1019.FBC.z	34133
1343	romdata/EVT_DAT/evt_dat1052.FBC.z	43077
1344	romdata/EVT_DAT/evt_dat1053.FBC.z	62677
1345	romdata/EVT_DAT/evt_dat1055.FBC.z	36098
1346	romdata/EVT_DAT/evt_dat1056.FBC.z	18458
1347	romdata/EVT_DAT/evt_dat1057.FBC.z	22668
1348	romdata/EVT_DAT/evt_dat1058.FBC.z	22960
1349	romdata/EVT_DAT/evt_dat1059.FBC.z	22432
1350	romdata/EVT_DAT/evt_dat1060.FBC.z	20209
1351	romdata/EVT_DAT/evt_dat1061.FBC.z	16871
1352	romdata/EVT_DAT/evt_dat1062.FBC.z	16098
1353	romdata/EVT_DAT/EVT_DAT1063.FBC.z	2580
1354	romdata/EVT_DAT/evt_dat1064.FBC.z	12127
1355	romdata/EVT_DAT/EVT_DAT1065.FBC.z	20037
1356	romdata/EVT_DAT/evt_dat1070.FBC.z	37358
1357	romdata/EVT_DAT/evt_dat1071.FBC.z	26005
1358	romdata/EVT_DAT/evt_dat1072.FBC.z	37992
1359	romdata/EVT_DAT/evt_dat1073.FBC.z	6324
1360	romdata/EVT_DAT/evt_dat1074.FBC.z	3168
1361	romdata/EVT_DAT/evt_dat1101.FBC.z	102218
1362	romdata/EVT_DAT/evt_dat1103.FBC.z	15699
1363	romdata/EVT_DAT/evt_dat1107.FBC.z	18724
1364	romdata/EVT_DAT/evt_dat1108.FBC.z	17100
1365	romdata/EVT_DAT/evt_dat1109.FBC.z	23075
1366	romdata/EVT_DAT/evt_dat1110.FBC.z	19772
1367	romdata/EVT_DAT/evt_dat1111.FBC.z	16804
1368	romdata/EVT_DAT/evt_dat1112.FBC.z	15145
1369	romdata/EVT_DAT/evt_dat1113.FBC.z	19374
1370	romdata/EVT_DAT/evt_dat1114.FBC.z	19450
1371	romdata/EVT_DAT/evt_dat1200.FBC.z	2840
1372	romdata/EVT_DAT/evt_dat1201.FBC.z	2178
1373	romdata/EVT_DAT/evt_dat1202.FBC.z	1727
1374	romdata/EVT_DAT/evt_dat1203.FBC.z	1818
1375	romdata/EVT_DAT/evt_dat1204.FBC.z	2580
1376	romdata/EVT_DAT/evt_dat1205.FBC.z	1827
1377	romdata/EVT_DAT/evt_dat1995.FBC.z	1320
1378	romdata/EVT_DAT/evt_dat1996.FBC.z	555
1379	romdata/EVT_DAT/evt_dat1997.FBC.z	33570
1380	romdata/EVT_DAT/evt_dat1998.FBC.z	13031
1381	romdata/EVT_DAT/evt_dat1999.FBC.z	648
1382	romdata/EVT_DAT/evt_dat2000.FBC.z	16436
1383	romdata/EVT_DAT/evt_dat2001.FBC.z	32305
1384	romdata/EVT_DAT/evt_dat2002.FBC.z	9347
1385	romdata/EVT_DAT/evt_dat2003.FBC.z	26603
1386	romdata/EVT_DAT/evt_dat2004.FBC.z	9376
1387	romdata/EVT_DAT/evt_dat2005.FBC.z	32238
1388	romdata/EVT_DAT/evt_dat2006.FBC.z	23520
1389	romdata/EVT_DAT/evt_dat3000.FBC.z	3346
1390	romdata/EVT_DAT/evt_dat7000.FBC.z	17615
1391	romdata/EVT_DAT/evt_dat7001.FBC.z	23340
1392	romdata/EVT_DAT/evt_dat7002.FBC.z	17826
1393	romdata/EVT_DAT/evt_dat7003.FBC.z	19283
1394	romdata/EVT_DAT/evt_dat7004.FBC.z	22731
1395	romdata/EVT_DAT/evt_dat7005.FBC.z	19671
1396	romdata/EVT_DAT/evt_dat7006.FBC.z	20148
1397	romdata/EVT_DAT/evt_dat7007.FBC.z	20075
1398	romdata/EVT_DAT/evt_dat7008.FBC.z	22222
1399	romdata/EVT_DAT/evt_dat7009.FBC.z	20277
1400	romdata/EVT_DAT/evt_dat7010.FBC.z	18504
1401	romdata/EVT_DAT/evt_dat7011.FBC.z	21677
1402	romdata/EVT_DAT/evt_dat7012.FBC.z	21038
1403	romdata/EVT_DAT/evt_dat7050.FBC.z	20908
1404	romdata/EVT_DAT/evt_dat7051.FBC.z	20967
1405	romdata/EVT_DAT/evt_dat7052.FBC.z	21276
1406	romdata/EVT_DAT/evt_dat7053.FBC.z	19164
1407	romdata/EVT_DAT/evt_dat7054.FBC.z	19071
1408	romdata/EVT_DAT/evt_dat7055.FBC.z	16031
1409	romdata/EVT_DAT/evt_dat7056.FBC.z	20086
1410	romdata/EVT_DAT/evt_dat7057.FBC.z	21089
1411	romdata/EVT_DAT/evt_dat7058.FBC.z	24754
1412	romdata/EVT_DAT/evt_dat7059.FBC.z	27488
1413	romdata/EVT_DAT/evt_dat7060.FBC.z	1652
1414	romdata/EVT_DAT/evt_dat7061.FBC.z	18634
1415	romdata/EVT_DAT/evt_dat7062.FBC.z	19909
1416	romdata/FLD/DT_COL/DT_COL_MAP00.FBC.z	3624
1417	romdata/FLD/DT_COL/DT_COL_MAP01.FBC.z	6238
1418	romdata/FLD/DT_COL/DT_COL_MAP02.FBC.z	5451
1419	romdata/FLD/DT_COL/DT_COL_MAP03.FBC.z	2194
1420	romdata/FLD/DT_COL/DT_COL_MAP04.FBC.z	2221
1421	romdata/FLD/DT_COL/DT_COL_MAP05.FBC.z	2384
1422	romdata/FLD/DT_COL/DT_COL_MAP06.FBC.z	2094
1423	romdata/FLD/DT_COL/DT_COL_MAP07.FBC.z	3108
1424	romdata/FLD/DT_COL/DT_COL_MAP08.FBC.z	2318
1425	romdata/FLD/DT_COL/DT_COL_MAP09.FBC.z	2274
1426	romdata/FLD/DT_COL/DT_COL_MAP10.FBC.z	2292
1427	romdata/FLD/DT_COL/DT_COL_MAP11.FBC.z	2188
1428	romdata/FLD/DT_COL/DT_COL_MAP12.FBC.z	4644
1429	romdata/FLD/DT_COL/DT_COL_MAP13.FBC.z	3773
1430	romdata/FLD/DT_COL/DT_COL_MAP14.FBC.z	5601
1431	romdata/FLD/DT_COL/DT_COL_MAP15.FBC.z	5953
1432	romdata/FLD/DT_COL/DT_COL_MAP16.FBC.z	5100
1433	romdata/FLD/DT_COL/DT_COL_MAP17.FBC.z	2268
1434	romdata/FLD/DT_COL/DT_COL_MAP18.FBC.z	3494
1435	romdata/FLD/DT_COL/DT_COL_MAP19.FBC.z	3084
1436	romdata/FLD/DT_COL/DT_COL_MAP20.FBC.z	5549
1437	romdata/FLD/DT_COL/DT_COL_MAP30.FBC.z	4171
1438	romdata/FLD/DT_COL/DT_COL_MAP31.FBC.z	2326
1439	romdata/FLD/DT_COL/DT_COL_MAP32.FBC.z	2435
1440	romdata/FLD/DT_COL/DT_COL_MAP33.FBC.z	3076
1441	romdata/FLD/DT_COL/DT_COL_MAP34.FBC.z	2424
1442	romdata/FLD/DT_COL/DT_COL_MAP35.FBC.z	2500
1443	romdata/FLD/DT_COL/DT_COL_MAP36.FBC.z	2872
1444	romdata/FLD/DT_COL/DT_COL_MAP37.FBC.z	3038
1445	romdata/FLD/DT_INFO/DT_INFO_MAP00.FBC.z	261
1446	romdata/FLD/DT_INFO/DT_INFO_MAP01.FBC.z	359
1447	romdata/FLD/DT_INFO/DT_INFO_MAP02.FBC.z	265
1448	romdata/FLD/DT_INFO/DT_INFO_MAP03.FBC.z	246
1449	romdata/FLD/DT_INFO/DT_INFO_MAP04.FBC.z	224
1450	romdata/FLD/DT_INFO/DT_INFO_MAP05.FBC.z	224
1451	romdata/FLD/DT_INFO/DT_INFO_MAP06.FBC.z	225
1452	romdata/FLD/DT_INFO/DT_INFO_MAP07.FBC.z	229
1453	romdata/FLD/DT_INFO/DT_INFO_MAP08.FBC.z	228
1454	romdata/FLD/DT_INFO/DT_INFO_MAP09.FBC.z	242
1455	romdata/FLD/DT_INFO/DT_INFO_MAP10.FBC.z	247
1456	romdata/FLD/DT_INFO/DT_INFO_MAP11.FBC.z	227
1457	romdata/FLD/DT_INFO/DT_INFO_MAP12.FBC.z	270
1458	romdata/FLD/DT_INFO/DT_INFO_MAP13.FBC.z	228
1459	romdata/FLD/DT_INFO/DT_INFO_MAP14.FBC.z	279
1460	romdata/FLD/DT_INFO/DT_INFO_MAP15.FBC.z	261
1461	romdata/FLD/DT_INFO/DT_INFO_MAP16.FBC.z	228
1462	romdata/FLD/DT_INFO/DT_INFO_MAP17.FBC.z	232
1463	romdata/FLD/DT_INFO/DT_INFO_MAP18.FBC.z	230
1464	romdata/FLD/DT_INFO/DT_INFO_MAP19.FBC.z	249
1465	romdata/FLD/DT_INFO/DT_INFO_MAP20.FBC.z	246
1466	romdata/FLD/DT_INFO/DT_INFO_MAP30.FBC.z	251
1467	romdata/FLD/DT_INFO/DT_INFO_MAP31.FBC.z	229
1468	romdata/FLD/DT_INFO/DT_INFO_MAP32.FBC.z	230
1469	romdata/FLD/DT_INFO/DT_INFO_MAP33.FBC.z	231
1470	romdata/FLD/DT_INFO/DT_INFO_MAP34.FBC.z	232
1471	romdata/FLD/DT_INFO/DT_INFO_MAP35.FBC.z	232
1472	romdata/FLD/DT_INFO/DT_INFO_MAP36.FBC.z	226
1473	romdata/FLD/DT_INFO/DT_INFO_MAP37.FBC.z	233
1474	romdata/FLD/DT_INFO/DT_INFO_MAP50.FBC.z	265
1475	romdata/FLD/DT_INFO/DT_INFO_MAP51.FBC.z	279
1476	romdata/FLD/DT_INFO/DT_INFO_MAP52.FBC.z	191
1477	romdata/FLD/DT_INFO/DT_INFO_MAP53.FBC.z	191
1478	romdata/FLD/DT_INFO/DT_INFO_MAP54.FBC.z	191
1479	romdata/FLD/DT_INFO/DT_INFO_MAP55.FBC.z	191
1480	romdata/FLD/DT_INFO/DT_INFO_MAP60.FBC.z	191
1481	romdata/FLD/DT_INFO/DT_INFO_MAP61.FBC.z	191
1482	romdata/FLD/DT_INFO/DT_INFO_MAP62.FBC.z	191
1483	romdata/FLD/DT_INFO/DT_INFO_MAP63.FBC.z	191
1484	romdata/FLD/DT_INFO/DT_INFO_MAP64.FBC.z	189
1485	romdata/FLD/DT_INFO/DT_INFO_MAP65.FBC.z	191
1486	romdata/FLD/DT_INFO/DT_INFO_MAP66.FBC.z	189
1487	romdata/FLD/MAP/MAP00.FBC.z	51774
1488	romdata/FLD/MAP/MAP01.FBC.z	136627
1489	romdata/FLD/MAP/MAP02.FBC.z	173411
1490	romdata/FLD/MAP/MAP03.FBC.z	50829
1491	romdata/FLD/MAP/MAP04.FBC.z	44651
1492	romdata/FLD/MAP/MAP05.FBC.z	49057
1493	romdata/FLD/MAP/MAP06.FBC.z	45138
1494	romdata/FLD/MAP/MAP07.FBC.z	99074
1495	romdata/FLD/MAP/MAP08.FBC.z	88098
1496	romdata/FLD/MAP/MAP09.FBC.z	75549
1497	romdata/FLD/MAP/MAP10.FBC.z	52443
1498	romdata/FLD/MAP/MAP11.FBC.z	48784
1499	romdata/FLD/MAP/MAP12.FBC.z	159584
1500	romdata/FLD/MAP/MAP13.FBC.z	98240
1501	romdata/FLD/MAP/MAP14.FBC.z	178610
1502	romdata/FLD/MAP/MAP15.FBC.z	165713
1503	romdata/FLD/MAP/MAP16.FBC.z	181891
1504	romdata/FLD/MAP/MAP17.FBC.z	49658
1505	romdata/FLD/MAP/MAP18.FBC.z	102720
1506	romdata/FLD/MAP/MAP19.FBC.z	101321
1507	romdata/FLD/MAP/MAP20.FBC.z	151044
1508	romdata/FLD/MAP/MAP30.FBC.z	140348
1509	romdata/FLD/MAP/MAP31.FBC.z	45180
1510	romdata/FLD/MAP/MAP32.FBC.z	30587
1511	romdata/FLD/MAP/MAP33.FBC.z	80968
1512	romdata/FLD/MAP/MAP34.FBC.z	30949
1513	romdata/FLD/MAP/MAP35.FBC.z	37157
1514	romdata/FLD/MAP/MAP36.FBC.z	66586
1515	romdata/FLD/MAP/MAP37.FBC.z	62095
1516	romdata/FLD/MAP/MAP50.FBC.z	150122
1517	romdata/FLD/MAP/MAP51.FBC.z	167858
1518	romdata/FLD/MAP/MAP52.FBC.z	94362
1519	romdata/FLD/MAP/MAP53.FBC.z	70090
1520	romdata/FLD/MAP/MAP54.FBC.z	85773
1521	romdata/FLD/MAP/MAP55.FBC.z	31392
1522	romdata/FLD/MAP/MAP60.FBC.z	52429
1523	romdata/FLD/MAP/MAP61.FBC.z	43864
1524	romdata/FLD/MAP/MAP62.FBC.z	43286
1525	romdata/FLD/MAP/MAP63.FBC.z	37129
1526	romdata/FLD/MAP/MAP65.FBC.z	27953
1527	romdata/FLD/OBJ/CICON.FBC.z	3329
1528	romdata/FLD/SWSPR/BICON.FBC.z	1119
1529	romdata/FLD/SWSPR/DICON.FBC.z	629
1530	romdata/FLD/SWSPR/MFRAME.FBC.z	3067
1531	romdata/FLD/SWSPR/MICON00.FBC.z	45865
1532	romdata/FLD/SWSPR/MICON01.FBC.z	42467
1533	romdata/FLD/SWSPR/MINAME00.FBC.z	2285
1534	romdata/FLD/SWSPR/MINAME01.FBC.z	3165
1535	romdata/FONT/dsr_fnt.NFTR	27000
1536	romdata/MOV/ark_mov.mods	888832
1537	romdata/MOV/bah_mov.mods	669616
1538	romdata/MOV/DSA_L.mods	995140
1539	romdata/MOV/DSA_U.mods	1396568
1540	romdata/MOV/DSB_L.mods	947696
1541	romdata/MOV/DSB_U.mods	1337328
1542	romdata/MOV/DSM_L.mods	303356
1543	romdata/MOV/DSM_U.mods	5079984
1544	romdata/MOV/fen_mov.mods	652612
1545	romdata/MOV/ifr_mov.mods	894812
1546	romdata/MOV/riv_mov.mods	799908
1547	romdata/MOV/rmu_mov.mods	924864
1548	romdata/MOV/siv_mov.mods	730108
1549	romdata/NPC/NPC00.FBC.z	21639
1550	romdata/NPC/NPC01.FBC.z	21511
1551	romdata/NPC/NPC02.FBC.z	19571
1552	romdata/NPC/NPC03.FBC.z	27750
1553	romdata/NPC/NPC04.FBC.z	24344
1554	romdata/NPC/NPC05.FBC.z	5461
1555	romdata/NPC/NPC06.FBC.z	13421
1556	romdata/NPC/NPC07.FBC.z	15461
1557	romdata/NPC/NPC08.FBC.z	24507
1558	romdata/NPC/NPC09.FBC.z	32710
1559	romdata/NPC/NPC10.FBC.z	47188
1560	romdata/NPC/NPC11.FBC.z	35965
1561	romdata/NPC/NPC12.FBC.z	24326
1562	romdata/NPC/NPC13.FBC.z	29111
1563	romdata/NPC/NPC14.FBC.z	22368
1564	romdata/NPC/NPC15.FBC.z	32005
1565	romdata/NPC/NPC16.FBC.z	20933
1566	romdata/NPC/NPC17.FBC.z	20446
1567	romdata/NPC/NPC18.FBC.z	20265
1568	romdata/NPC/NPC19.FBC.z	18745
1569	romdata/NPC/NPC20.FBC.z	19122
1570	romdata/NPC/NPC21.FBC.z	16550
1571	romdata/NPC/NPC22.FBC.z	23412
1572	romdata/NPC/NPC23.FBC.z	12598
1573	romdata/NPC/NPC24.FBC.z	13958
1574	romdata/NPC/NPC25.FBC.z	15785
1575	romdata/NPC/NPC26.FBC.z	17093
1576	romdata/NPC/NPC27.FBC.z	16508
1577	romdata/NPC/NPC28.FBC.z	14630
1578	romdata/NPC/NPC29.FBC.z	13774
1579	romdata/NPC/NPC30.FBC.z	8696
1580	romdata/NPC/NPC31.FBC.z	6049
1581	romdata/NPC/NPC32.FBC.z	6123
1582	romdata/NPC/NPC33.FBC.z	6128
1583	romdata/NPC/NPC34.FBC.z	5965
1584	romdata/NPC/NPC35.FBC.z	6498
1585	romdata/NPC/NPC36.FBC.z	6507
1586	romdata/NPC/NPC37.FBC.z	6237
1587	romdata/NPC/NPC38.FBC.z	6222
1588	romdata/NPC/NPC39.FBC.z	6098
1589	romdata/NPC/NPC40.FBC.z	6076
1590	romdata/NPC/NPC41.FBC.z	13222
1591	romdata/NPC/NPC42.FBC.z	14294
1592	romdata/NPC/NPC43.FBC.z	12606
1593	romdata/NPC/NPC44.FBC.z	13412
1594	romdata/NPC/NPC45.FBC.z	19093
1595	romdata/NPC/NPC46.FBC.z	17427
1596	romdata/NPC/NPC54.FBC.z	13332
1597	romdata/NPC/NPC55.FBC.z	15538
1598	romdata/NPC/shadow_a.FBC.z	809
1599	romdata/PLY/PCID00.FBC.z	8395
1600	romdata/PLY/PLYANM_CID.FBC.z	37206
1601	romdata/PLY/PLYANM_CMN.FBC.z	11969
1602	romdata/PLY/PLYANM_DGN.FBC.z	32853
1603	romdata/PLY/PLYANM_FLD.FBC.z	30984
1604	romdata/PLY/PLYANM_JOB00.FBC.z	6593
1605	romdata/PLY/PLYANM_JOB01.FBC.z	7585
1606	romdata/PLY/PLYANM_JOB02.FBC.z	7429
1607	romdata/PLY/PLYANM_JOB03.FBC.z	4813
1608	romdata/PLY/PLYANM_JOB04.FBC.z	4403
1609	romdata/PLY/PLYANM_JOB05.FBC.z	4574
1610	romdata/PLY/PLYANM_JOB06.FBC.z	7445
1611	romdata/PLY/PLYANM_JOB07.FBC.z	4486
1612	romdata/PLY/PLYANM_JOB08.FBC.z	4439
1613	romdata/PLY/PLYANM_JOB09.FBC.z	6811
1614	romdata/PLY/PLYANM_JOB10.FBC.z	7567
1615	romdata/PLY/PLYANM_JOB11.FBC.z	7870
1616	romdata/PLY/PPLY00.FBC.z	8516
1617	romdata/PLY/PPLY01.FBC.z	8773
1618	romdata/PLY/PPLY02.FBC.z	8494
1619	romdata/PLY/PPLY03.FBC.z	7794
1620	romdata/PLY/PPLY04.FBC.z	8274
1621	romdata/PLY/PPLY05.FBC.z	8479
1622	romdata/PLY/PPLY06.FBC.z	8577
1623	romdata/PLY/PPLY07.FBC.z	8376
1624	romdata/PLY/PPLY08.FBC.z	8334
1625	romdata/PLY/PPLY09.FBC.z	8806
1626	romdata/PLY/PPLY10.FBC.z	8399
1627	romdata/PLY/PPLY11.FBC.z	8390
1628	romdata/PLY/shadow.FBC.z	801
1629	romdata/PUD/card/card.bin.z	8031
1630	romdata/PUD/card/card.NSCR.z	1029
1631	romdata/PUD/card/card_0000.pbg.z	10778
1632	romdata/PUD/card/card_0001.pbg.z	11026
1633	romdata/PUD/card/card_0002.pbg.z	11177
1634	romdata/PUD/card/card_0003.pbg.z	10263
1635	romdata/PUD/card/card_0004.pbg.z	12072
1636	romdata/PUD/card/card_0005.pbg.z	12118
1637	romdata/PUD/card/card_0100.pbg.z	12150
1638	romdata/PUD/card/card_0101.pbg.z	11504
1639	romdata/PUD/card/card_0102.pbg.z	12099
1640	romdata/PUD/card/card_0103.pbg.z	11493
1641	romdata/PUD/card/card_0104.pbg.z	11031
1642	romdata/PUD/card/card_0105.pbg.z	11626
1643	romdata/PUD/card/card_0200.pbg.z	11780
1644	romdata/PUD/card/card_0201.pbg.z	11847
1645	romdata/PUD/card/card_0202.pbg.z	12025
1646	romdata/PUD/card/card_0203.pbg.z	11897
1647	romdata/PUD/card/card_0204.pbg.z	11709
1648	romdata/PUD/card/card_0205.pbg.z	11833
1649	romdata/PUD/card/card_0300.pbg.z	11559
1650	romdata/PUD/card/card_0301.pbg.z	11896
1651	romdata/PUD/card/card_0302.pbg.z	11828
1652	romdata/PUD/card/card_0303.pbg.z	11721
1653	romdata/PUD/card/card_0304.pbg.z	10600
1654	romdata/PUD/card/card_0305.pbg.z	11528
1655	romdata/PUD/card/card_0400.pbg.z	12343
1656	romdata/PUD/card/card_0401.pbg.z	12391
1657	romdata/PUD/card/card_0402.pbg.z	12595
1658	romdata/PUD/card/card_0403.pbg.z	12389
1659	romdata/PUD/card/card_0404.pbg.z	11699
1660	romdata/PUD/card/card_0405.pbg.z	11775
1661	romdata/PUD/card/card_0500.pbg.z	11921
1662	romdata/PUD/card/card_0501.pbg.z	12419
1663	romdata/PUD/card/card_0502.pbg.z	12187
1664	romdata/PUD/card/card_0503.pbg.z	12459
1665	romdata/PUD/card/card_0504.pbg.z	11296
1666	romdata/PUD/card/card_0505.pbg.z	11886
1667	romdata/PUD/card/card_0600.pbg.z	12290
1668	romdata/PUD/card/card_0601.pbg.z	11988
1669	romdata/PUD/card/card_0602.pbg.z	11000
1670	romdata/PUD/card/card_0603.pbg.z	12636
1671	romdata/PUD/card/card_0604.pbg.z	11666
1672	romdata/PUD/card/card_0605.pbg.z	11948
1673	romdata/PUD/card/card_0700.pbg.z	11386
1674	romdata/PUD/card/card_0701.pbg.z	11700
1675	romdata/PUD/card/card_0702.pbg.z	11603
1676	romdata/PUD/card/card_0703.pbg.z	11645
1677	romdata/PUD/card/card_0704.pbg.z	12294
1678	romdata/PUD/card/card_0705.pbg.z	11905
1679	romdata/PUD/card/card_0800.pbg.z	12216
1680	romdata/PUD/card/card_0801.pbg.z	11575
1681	romdata/PUD/card/card_0802.pbg.z	12565
1682	romdata/PUD/card/card_0803.pbg.z	12699
1683	romdata/PUD/card/card_0804.pbg.z	12464
1684	romdata/PUD/card/card_0805.pbg.z	12735
1685	romdata/PUD/card/card_0900.pbg.z	12039
1686	romdata/PUD/card/card_0901.pbg.z	11492
1687	romdata/PUD/card/card_0902.pbg.z	11701
1688	romdata/PUD/card/card_0903.pbg.z	11986
1689	romdata/PUD/card/card_0904.pbg.z	12197
1690	romdata/PUD/card/card_0905.pbg.z	12317
1691	romdata/PUD/card/card_1000.pbg.z	11246
1692	romdata/PUD/card/card_1001.pbg.z	12088
1693	romdata/PUD/card/card_1002.pbg.z	12118
1694	romdata/PUD/card/card_1003.pbg.z	12113
1695	romdata/PUD/card/card_1004.pbg.z	12221
1696	romdata/PUD/card/card_1005.pbg.z	12503
1697	romdata/PUD/card/card_1100.pbg.z	11096
1698	romdata/PUD/card/card_1101.pbg.z	10562
1699	romdata/PUD/card/card_1102.pbg.z	11897
1700	romdata/PUD/card/card_1103.pbg.z	11700
1701	romdata/PUD/card/card_1104.pbg.z	11963
1702	romdata/PUD/card/card_1105.pbg.z	11839
1703	romdata/PUD/card/card_1200.pbg.z	12713
1704	romdata/PUD/card/card_1201.pbg.z	12216
1705	romdata/PUD/card/card_1202.pbg.z	12598
1706	romdata/PUD/card/card_1203.pbg.z	12312
1707	romdata/PUD/card/card_1204.pbg.z	11439
1708	romdata/PUD/card/card_1205.pbg.z	11902
1709	romdata/PUD/card/card_1300.pbg.z	10071
1710	romdata/PUD/card/card_1301.pbg.z	9756
1711	romdata/PUD/card/card_1302.pbg.z	10711
1712	romdata/PUD/card/card_1303.pbg.z	11680
1713	romdata/PUD/card/card_1304.pbg.z	11331
1714	romdata/PUD/card/card_1500.pbg.z	12238
1715	romdata/PUD/card/card_1501.pbg.z	12022
1716	romdata/PUD/card/card_1502.pbg.z	11415
1717	romdata/PUD/card/card_1503.pbg.z	12486
1718	romdata/PUD/card/card_1504.pbg.z	11775
1719	romdata/PUD/card/card_1505.pbg.z	12020
1720	romdata/PUD/card/card_1600.pbg.z	10345
1721	romdata/PUD/card/card_1601.pbg.z	10241
1722	romdata/PUD/card/card_1602.pbg.z	10298
1723	romdata/PUD/card/card_1603.pbg.z	10661
1724	romdata/PUD/card/card_1604.pbg.z	11631
1725	romdata/PUD/card/card_1700.pbg.z	11600
1726	romdata/PUD/card/card_1701.pbg.z	11684
1727	romdata/PUD/card/card_1702.pbg.z	11908
1728	romdata/PUD/card/card_1703.pbg.z	12079
1729	romdata/PUD/card/card_1704.pbg.z	11927
1730	romdata/PUD/card/card_1705.pbg.z	11641
1731	romdata/PUD/card/card_1800.pbg.z	12023
1732	romdata/PUD/card/card_1801.pbg.z	12038
1733	romdata/PUD/card/card_1802.pbg.z	11877
1734	romdata/PUD/card/card_1803.pbg.z	12190
1735	romdata/PUD/card/card_1804.pbg.z	11701
1736	romdata/PUD/card/card_1805.pbg.z	12366
1737	romdata/PUD/card/card_1900.pbg.z	11993
1738	romdata/PUD/card/card_1901.pbg.z	12191
1739	romdata/PUD/card/card_1902.pbg.z	12228
1740	romdata/PUD/card/card_1903.pbg.z	12185
1741	romdata/PUD/card/card_1904.pbg.z	12035
1742	romdata/PUD/card/card_1905.pbg.z	12079
1743	romdata/PUD/card/card_2000.pbg.z	11764
1744	romdata/PUD/card/card_2001.pbg.z	11909
1745	romdata/PUD/card/card_2002.pbg.z	12179
1746	romdata/PUD/card/card_2003.pbg.z	11584
1747	romdata/PUD/card/card_2004.pbg.z	11911
1748	romdata/PUD/card/card_2005.pbg.z	11665
1749	romdata/PUD/card/card_2100.pbg.z	11743
1750	romdata/PUD/card/card_2101.pbg.z	11315
1751	romdata/PUD/card/card_2102.pbg.z	11433
1752	romdata/PUD/card/card_2103.pbg.z	11100
1753	romdata/PUD/card/card_2104.pbg.z	11973
1754	romdata/PUD/card/card_2200.pbg.z	11930
1755	romdata/PUD/card/card_2201.pbg.z	11894
1756	romdata/PUD/card/card_2300.pbg.z	11725
1757	romdata/PUD/card/card_2301.pbg.z	11590
1758	romdata/PUD/card/card_2400.pbg.z	12245
1759	romdata/PUD/card/card_2401.pbg.z	11437
1760	romdata/PUD/card/card_2500.pbg.z	11904
1761	romdata/PUD/card/card_2501.pbg.z	11696
1762	romdata/PUD/card/card_2600.pbg.z	8756
1763	romdata/PUD/card/card_2601.pbg.z	8796
1764	romdata/PUD/card/card_2700.pbg.z	11729
1765	romdata/PUD/card/card_2701.pbg.z	11592
1766	romdata/PUD/card/card_2702.pbg.z	10628
1767	romdata/PUD/card/card_2703.pbg.z	11762
1768	romdata/PUD/card/card_2704.pbg.z	10332
1769	romdata/PUD/card/card_2800.pbg.z	12033
1770	romdata/PUD/card/card_2801.pbg.z	8799
1771	romdata/PUD/card/card_2802.pbg.z	8799
1772	romdata/PUD/card/card_2803.pbg.z	8799
1773	romdata/PUD/card/card_2804.pbg.z	8799
1774	romdata/PUD/card/card_2900.pbg.z	11401
1775	romdata/PUD/card/card_3000.pbg.z	11406
1776	romdata/PUD/card/card_3100.pbg.z	11835
1777	romdata/PUD/card/card_3200.pbg.z	11478
1778	romdata/PUD/card/card_BG.pbg.z	9397
1779	romdata/PUD/card/cardfont.nftr.z	41437
1780	romdata/PUD/card/name_0000.NCGR.z	705
1781	romdata/PUD/card/name_0001.NCGR.z	813
1782	romdata/PUD/card/name_0002.NCGR.z	764
1783	romdata/PUD/card/name_0003.NCGR.z	793
1784	romdata/PUD/card/name_0004.NCGR.z	897
1785	romdata/PUD/card/name_0005.NCGR.z	862
1786	romdata/PUD/card/name_0100.NCGR.z	788
1787	romdata/PUD/card/name_0101.NCGR.z	672
1788	romdata/PUD/card/name_0102.NCGR.z	757
1789	romdata/PUD/card/name_0103.NCGR.z	944
1790	romdata/PUD/card/name_0104.NCGR.z	892
1791	romdata/PUD/card/name_0105.NCGR.z	831
1792	romdata/PUD/card/name_0200.NCGR.z	802
1793	romdata/PUD/card/name_0201.NCGR.z	877
1794	romdata/PUD/card/name_0202.NCGR.z	648
1795	romdata/PUD/card/name_0203.NCGR.z	783
1796	romdata/PUD/card/name_0204.NCGR.z	979
1797	romdata/PUD/card/name_0205.NCGR.z	959
1798	romdata/PUD/card/name_0300.NCGR.z	936
1799	romdata/PUD/card/name_0301.NCGR.z	965
1800	romdata/PUD/card/name_0302.NCGR.z	843
1801	romdata/PUD/card/name_0303.NCGR.z	892
1802	romdata/PUD/card/name_0304.NCGR.z	968
1803	romdata/PUD/card/name_0305.NCGR.z	974
1804	romdata/PUD/card/name_0400.NCGR.z	944
1805	romdata/PUD/card/name_0401.NCGR.z	971
1806	romdata/PUD/card/name_0402.NCGR.z	879
1807	romdata/PUD/card/name_0403.NCGR.z	864
1808	romdata/PUD/card/name_0404.NCGR.z	1077
1809	romdata/PUD/card/name_0405.NCGR.z	1067
1810	romdata/PUD/card/name_0500.NCGR.z	613
1811	romdata/PUD/card/name_0501.NCGR.z	758
1812	romdata/PUD/card/name_0502.NCGR.z	642
1813	romdata/PUD/card/name_0503.NCGR.z	753
1814	romdata/PUD/card/name_0504.NCGR.z	747
1815	romdata/PUD/card/name_0505.NCGR.z	894
1816	romdata/PUD/card/name_0600.NCGR.z	953
1817	romdata/PUD/card/name_0601.NCGR.z	838
1818	romdata/PUD/card/name_0602.NCGR.z	888
1819	romdata/PUD/card/name_0603.NCGR.z	800
1820	romdata/PUD/card/name_0604.NCGR.z	830
1821	romdata/PUD/card/name_0605.NCGR.z	943
1822	romdata/PUD/card/name_0700.NCGR.z	654
1823	romdata/PUD/card/name_0701.NCGR.z	614
1824	romdata/PUD/card/name_0702.NCGR.z	860
1825	romdata/PUD/card/name_0703.NCGR.z	743
1826	romdata/PUD/card/name_0704.NCGR.z	949
1827	romdata/PUD/card/name_0705.NCGR.z	926
1828	romdata/PUD/card/name_0800.NCGR.z	847
1829	romdata/PUD/card/name_0801.NCGR.z	858
1830	romdata/PUD/card/name_0802.NCGR.z	592
1831	romdata/PUD/card/name_0803.NCGR.z	707
1832	romdata/PUD/card/name_0804.NCGR.z	732
1833	romdata/PUD/card/name_0805.NCGR.z	858
1834	romdata/PUD/card/name_0900.NCGR.z	636
1835	romdata/PUD/card/name_0901.NCGR.z	772
1836	romdata/PUD/card/name_0902.NCGR.z	820
1837	romdata/PUD/card/name_0903.NCGR.z	732
1838	romdata/PUD/card/name_0904.NCGR.z	852
1839	romdata/PUD/card/name_0905.NCGR.z	939
1840	romdata/PUD/card/name_1000.NCGR.z	820
1841	romdata/PUD/card/name_1001.NCGR.z	892
1842	romdata/PUD/card/name_1002.NCGR.z	825
1843	romdata/PUD/card/name_1003.NCGR.z	905
1844	romdata/PUD/card/name_1004.NCGR.z	1026
1845	romdata/PUD/card/name_1005.NCGR.z	985
1846	romdata/PUD/card/name_1100.NCGR.z	778
1847	romdata/PUD/card/name_1101.NCGR.z	881
1848	romdata/PUD/card/name_1102.NCGR.z	883
1849	romdata/PUD/card/name_1103.NCGR.z	793
1850	romdata/PUD/card/name_1104.NCGR.z	904
1851	romdata/PUD/card/name_1105.NCGR.z	974
1852	romdata/PUD/card/name_1200.NCGR.z	841
1853	romdata/PUD/card/name_1201.NCGR.z	751
1854	romdata/PUD/card/name_1202.NCGR.z	876
1855	romdata/PUD/card/name_1203.NCGR.z	699
1856	romdata/PUD/card/name_1204.NCGR.z	897
1857	romdata/PUD/card/name_1205.NCGR.z	939
1858	romdata/PUD/card/name_1300.NCGR.z	766
1859	romdata/PUD/card/name_1301.NCGR.z	826
1860	romdata/PUD/card/name_1302.NCGR.z	817
1861	romdata/PUD/card/name_1303.NCGR.z	742
1862	romdata/PUD/card/name_1304.NCGR.z	889
1863	romdata/PUD/card/name_1500.NCGR.z	670
1864	romdata/PUD/card/name_1501.NCGR.z	740
1865	romdata/PUD/card/name_1502.NCGR.z	638
1866	romdata/PUD/card/name_1503.NCGR.z	731
1867	romdata/PUD/card/name_1504.NCGR.z	780
1868	romdata/PUD/card/name_1505.NCGR.z	918
1869	romdata/PUD/card/name_1600.NCGR.z	668
1870	romdata/PUD/card/name_1601.NCGR.z	757
1871	romdata/PUD/card/name_1602.NCGR.z	593
1872	romdata/PUD/card/name_1603.NCGR.z	886
1873	romdata/PUD/card/name_1604.NCGR.z	964
1874	romdata/PUD/card/name_1700.NCGR.z	855
1875	romdata/PUD/card/name_1701.NCGR.z	894
1876	romdata/PUD/card/name_1702.NCGR.z	856
1877	romdata/PUD/card/name_1703.NCGR.z	851
1878	romdata/PUD/card/name_1704.NCGR.z	923
1879	romdata/PUD/card/name_1705.NCGR.z	986
1880	romdata/PUD/card/name_1800.NCGR.z	891
1881	romdata/PUD/card/name_1801.NCGR.z	923
1882	romdata/PUD/card/name_1802.NCGR.z	837
1883	romdata/PUD/card/name_1803.NCGR.z	1011
1884	romdata/PUD/card/name_1804.NCGR.z	973
1885	romdata/PUD/card/name_1805.NCGR.z	1053
1886	romdata/PUD/card/name_1900.NCGR.z	912
1887	romdata/PUD/card/name_1901.NCGR.z	802
1888	romdata/PUD/card/name_1902.NCGR.z	911
1889	romdata/PUD/card/name_1903.NCGR.z	964
1890	romdata/PUD/card/name_1904.NCGR.z	1052
1891	romdata/PUD/card/name_1905.NCGR.z	981
1892	romdata/PUD/card/name_2000.NCGR.z	905
1893	romdata/PUD/card/name_2001.NCGR.z	880
1894	romdata/PUD/card/name_2002.NCGR.z	901
1895	romdata/PUD/card/name_2003.NCGR.z	964
1896	romdata/PUD/card/name_2004.NCGR.z	979
1897	romdata/PUD/card/name_2005.NCGR.z	976
1898	romdata/PUD/card/name_2100.NCGR.z	850
1899	romdata/PUD/card/name_2101.NCGR.z	970
1900	romdata/PUD/card/name_2102.NCGR.z	742
1901	romdata/PUD/card/name_2103.NCGR.z	889
1902	romdata/PUD/card/name_2104.NCGR.z	11144
1903	romdata/PUD/card/name_2200.NCGR.z	859
1904	romdata/PUD/card/name_2201.NCGR.z	8177
1905	romdata/PUD/card/name_2300.NCGR.z	929
1906	romdata/PUD/card/name_2301.NCGR.z	8177
1907	romdata/PUD/card/name_2400.NCGR.z	952
1908	romdata/PUD/card/name_2401.NCGR.z	8177
1909	romdata/PUD/card/name_2500.NCGR.z	859
1910	romdata/PUD/card/name_2501.NCGR.z	8177
1911	romdata/PUD/card/name_2600.NCGR.z	953
1912	romdata/PUD/card/name_2601.NCGR.z	8177
1913	romdata/PUD/card/name_2700.NCGR.z	8177
1914	romdata/PUD/card/name_2701.NCGR.z	8177
1915	romdata/PUD/card/name_2702.NCGR.z	8177
1916	romdata/PUD/card/name_2703.NCGR.z	8177
1917	romdata/PUD/card/name_2704.NCGR.z	8177
1918	romdata/PUD/card/name_2800.NCGR.z	8177
1919	romdata/PUD/card/name_2801.NCGR.z	8177
1920	romdata/PUD/card/name_2802.NCGR.z	8177
1921	romdata/PUD/card/name_2803.NCGR.z	8177
1922	romdata/PUD/card/name_2804.NCGR.z	8177
1923	romdata/PUD/card/ja/card.bin.z	8581
1924	romdata/PUD/card/ja/name_0000.NCGR.z	705
1925	romdata/PUD/card/ja/name_0001.NCGR.z	813
1926	romdata/PUD/card/ja/name_0002.NCGR.z	764
1927	romdata/PUD/card/ja/name_0003.NCGR.z	793
1928	romdata/PUD/card/ja/name_0004.NCGR.z	909
1929	romdata/PUD/card/ja/name_0005.NCGR.z	866
1930	romdata/PUD/card/ja/name_0100.NCGR.z	788
1931	romdata/PUD/card/ja/name_0101.NCGR.z	672
1932	romdata/PUD/card/ja/name_0102.NCGR.z	757
1933	romdata/PUD/card/ja/name_0103.NCGR.z	942
1934	romdata/PUD/card/ja/name_0104.NCGR.z	913
1935	romdata/PUD/card/ja/name_0105.NCGR.z	859
1936	romdata/PUD/card/ja/name_0200.NCGR.z	802
1937	romdata/PUD/card/ja/name_0201.NCGR.z	877
1938	romdata/PUD/card/ja/name_0202.NCGR.z	648
1939	romdata/PUD/card/ja/name_0203.NCGR.z	747
1940	romdata/PUD/card/ja/name_0204.NCGR.z	947
1941	romdata/PUD/card/ja/name_0205.NCGR.z	970
1942	romdata/PUD/card/ja/name_0300.NCGR.z	936
1943	romdata/PUD/card/ja/name_0301.NCGR.z	965
1944	romdata/PUD/card/ja/name_0302.NCGR.z	843
1945	romdata/PUD/card/ja/name_0303.NCGR.z	892
1946	romdata/PUD/card/ja/name_0304.NCGR.z	998
1947	romdata/PUD/card/ja/name_0305.NCGR.z	954
1948	romdata/PUD/card/ja/name_0400.NCGR.z	944
1949	romdata/PUD/card/ja/name_0401.NCGR.z	971
1950	romdata/PUD/card/ja/name_0402.NCGR.z	879
1951	romdata/PUD/card/ja/name_0403.NCGR.z	864
1952	romdata/PUD/card/ja/name_0404.NCGR.z	1028
1953	romdata/PUD/card/ja/name_0405.NCGR.z	1025
1954	romdata/PUD/card/ja/name_0500.NCGR.z	613
1955	romdata/PUD/card/ja/name_0501.NCGR.z	758
1956	romdata/PUD/card/ja/name_0502.NCGR.z	642
1957	romdata/PUD/card/ja/name_0503.NCGR.z	753
1958	romdata/PUD/card/ja/name_0504.NCGR.z	756
1959	romdata/PUD/card/ja/name_0505.NCGR.z	891
1960	romdata/PUD/card/ja/name_0600.NCGR.z	953
1961	romdata/PUD/card/ja/name_0601.NCGR.z	838
1962	romdata/PUD/card/ja/name_0602.NCGR.z	917
1963	romdata/PUD/card/ja/name_0603.NCGR.z	800
1964	romdata/PUD/card/ja/name_0604.NCGR.z	830
1965	romdata/PUD/card/ja/name_0605.NCGR.z	979
1966	romdata/PUD/card/ja/name_0700.NCGR.z	654
1967	romdata/PUD/card/ja/name_0701.NCGR.z	614
1968	romdata/PUD/card/ja/name_0702.NCGR.z	860
1969	romdata/PUD/card/ja/name_0703.NCGR.z	743
1970	romdata/PUD/card/ja/name_0704.NCGR.z	915
1971	romdata/PUD/card/ja/name_0705.NCGR.z	896
1972	romdata/PUD/card/ja/name_0800.NCGR.z	847
1973	romdata/PUD/card/ja/name_0801.NCGR.z	858
1974	romdata/PUD/card/ja/name_0802.NCGR.z	592
1975	romdata/PUD/card/ja/name_0803.NCGR.z	707
1976	romdata/PUD/card/ja/name_0804.NCGR.z	744
1977	romdata/PUD/card/ja/name_0805.NCGR.z	809
1978	romdata/PUD/card/ja/name_0900.NCGR.z	636
1979	romdata/PUD/card/ja/name_0901.NCGR.z	779
1980	romdata/PUD/card/ja/name_0902.NCGR.z	820
1981	romdata/PUD/card/ja/name_0903.NCGR.z	732
1982	romdata/PUD/card/ja/name_0904.NCGR.z	849
1983	romdata/PUD/card/ja/name_0905.NCGR.z	903
1984	romdata/PUD/card/ja/name_1000.NCGR.z	820
1985	romdata/PUD/card/ja/name_1001.NCGR.z	892
1986	romdata/PUD/card/ja/name_1002.NCGR.z	825
1987	romdata/PUD/card/ja/name_1003.NCGR.z	928
1988	romdata/PUD/card/ja/name_1004.NCGR.z	1000
1989	romdata/PUD/card/ja/name_1005.NCGR.z	947
1990	romdata/PUD/card/ja/name_1100.NCGR.z	778
1991	romdata/PUD/card/ja/name_1101.NCGR.z	881
1992	romdata/PUD/card/ja/name_1102.NCGR.z	869
1993	romdata/PUD/card/ja/name_1103.NCGR.z	817
1994	romdata/PUD/card/ja/name_1104.NCGR.z	929
1995	romdata/PUD/card/ja/name_1105.NCGR.z	974
1996	romdata/PUD/card/ja/name_1200.NCGR.z	841
1997	romdata/PUD/card/ja/name_1201.NCGR.z	751
1998	romdata/PUD/card/ja/name_1202.NCGR.z	876
1999	romdata/PUD/card/ja/name_1203.NCGR.z	699
2000	romdata/PUD/card/ja/name_1204.NCGR.z	839
2001	romdata/PUD/card/ja/name_1205.NCGR.z	920
2002	romdata/PUD/card/ja/name_1300.NCGR.z	766
2003	romdata/PUD/card/ja/name_1301.NCGR.z	826
2004	romdata/PUD/card/ja/name_1302.NCGR.z	817
2005	romdata/PUD/card/ja/name_1303.NCGR.z	750
2006	romdata/PUD/card/ja/name_1304.NCGR.z	877
2007	romdata/PUD/card/ja/name_1500.NCGR.z	670
2008	romdata/PUD/card/ja/name_1501.NCGR.z	740
2009	romdata/PUD/card/ja/name_1502.NCGR.z	638
2010	romdata/PUD/card/ja/name_1503.NCGR.z	731
2011	romdata/PUD/card/ja/name_1504.NCGR.z	773
2012	romdata/PUD/card/ja/name_1505.NCGR.z	898
2013	romdata/PUD/card/ja/name_1600.NCGR.z	668
2014	romdata/PUD/card/ja/name_1601.NCGR.z	757
2015	romdata/PUD/card/ja/name_1602.NCGR.z	593
2016	romdata/PUD/card/ja/name_1603.NCGR.z	886
2017	romdata/PUD/card/ja/name_1604.NCGR.z	950
2018	romdata/PUD/card/ja/name_1700.NCGR.z	855
2019	romdata/PUD/card/ja/name_1701.NCGR.z	894
2020	romdata/PUD/card/ja/name_1702.NCGR.z	856
2021	romdata/PUD/card/ja/name_1703.NCGR.z	851
2022	romdata/PUD/card/ja/name_1704.NCGR.z	919
2023	romdata/PUD/card/ja/name_1705.NCGR.z	977
2024	romdata/PUD/card/ja/name_1800.NCGR.z	891
2025	romdata/PUD/card/ja/name_1801.NCGR.z	923
2026	romdata/PUD/card/ja/name_1802.NCGR.z	837
2027	romdata/PUD/card/ja/name_1803.NCGR.z	1057
2028	romdata/PUD/card/ja/name_1804.NCGR.z	1035
2029	romdata/PUD/card/ja/name_1805.NCGR.z	1078
2030	romdata/PUD/card/ja/name_1900.NCGR.z	912
2031	romdata/PUD/card/ja/name_1901.NCGR.z	802
2032	romdata/PUD/card/ja/name_1902.NCGR.z	911
2033	romdata/PUD/card/ja/name_1903.NCGR.z	964
2034	romdata/PUD/card/ja/name_1904.NCGR.z	1081
2035	romdata/PUD/card/ja/name_1905.NCGR.z	983
2036	romdata/PUD/card/ja/name_2000.NCGR.z	905
2037	romdata/PUD/card/ja/name_2001.NCGR.z	880
2038	romdata/PUD/card/ja/name_2002.NCGR.z	901
2039	romdata/PUD/card/ja/name_2003.NCGR.z	964
2040	romdata/PUD/card/ja/name_2004.NCGR.z	959
2041	romdata/PUD/card/ja/name_2005.NCGR.z	954
2042	romdata/PUD/card/ja/name_2100.NCGR.z	848
2043	romdata/PUD/card/ja/name_2101.NCGR.z	962
2044	romdata/PUD/card/ja/name_2102.NCGR.z	708
2045	romdata/PUD/card/ja/name_2103.NCGR.z	882
2046	romdata/PUD/card/ja/name_2104.NCGR.z	884
2047	romdata/PUD/card/ja/name_2200.NCGR.z	833
2048	romdata/PUD/card/ja/name_2201.NCGR.z	865
2049	romdata/PUD/card/ja/name_2300.NCGR.z	965
2050	romdata/PUD/card/ja/name_2301.NCGR.z	1054
2051	romdata/PUD/card/ja/name_2400.NCGR.z	926
2052	romdata/PUD/card/ja/name_2401.NCGR.z	964
2053	romdata/PUD/card/ja/name_2500.NCGR.z	834
2054	romdata/PUD/card/ja/name_2501.NCGR.z	875
2055	romdata/PUD/card/ja/name_2600.NCGR.z	915
2056	romdata/PUD/card/ja/name_2601.NCGR.z	886
2057	romdata/PUD/card/ja/name_2700.NCGR.z	1015
2058	romdata/PUD/card/ja/name_2701.NCGR.z	999
2059	romdata/PUD/card/ja/name_2702.NCGR.z	1023
2060	romdata/PUD/card/ja/name_2703.NCGR.z	996
2061	romdata/PUD/card/ja/name_2704.NCGR.z	1029
2062	romdata/PUD/card/ja/name_2800.NCGR.z	938
2063	romdata/PUD/card/ja/name_2801.NCGR.z	953
2064	romdata/PUD/card/ja/name_2802.NCGR.z	953
2065	romdata/PUD/card/ja/name_2803.NCGR.z	953
2066	romdata/PUD/card/ja/name_2804.NCGR.z	705
2067	romdata/PUD/card/ja/name_2900.NCGR.z	866
2068	romdata/PUD/card/ja/name_3000.NCGR.z	988
2069	romdata/PUD/card/ja/name_3100.NCGR.z	1027
2070	romdata/PUD/card/ja/name_3200.NCGR.z	923
2071	romdata/PUD/deck/graph/dc_bg01_lower.PBG.z	2768
2072	romdata/PUD/deck/graph/dc_bg01_upper.PBG.z	2605
2073	romdata/PUD/deck/graph/dc_bg03_lower.PBG.z	2760
2074	romdata/PUD/deck/graph/dc_bg04_lower.PBG.z	2522
2075	romdata/PUD/deck/graph/dc_bg05_lower.PBG.z	2530
2076	romdata/PUD/deck/graph/dc_bg05_upper.PBG.z	2558
2077	romdata/PUD/deck/graph/dc_bg06_lower.PBG.z	2519
2078	romdata/PUD/deck/graph/dc_bg06_upper.PBG.z	2585
2079	romdata/PUD/deck/graph/dc_bg07_lower.NSCR.z	67
2080	romdata/PUD/deck/graph/dc_bg07_upper.PBG.z	2590
2081	romdata/PUD/deck/graph/dc_bg08_lower.PBG.z	2512
2082	romdata/PUD/deck/graph/dc_bg08_upper.PBG.z	2361
2083	romdata/PUD/deck/graph/dc_bg09_lower.PBG.z	2512
2084	romdata/PUD/deck/graph/dc_bg10_lower.PBG.z	2706
2085	romdata/PUD/deck/graph/dc_bg11_lower.PBG.z	2703
2086	romdata/PUD/deck/graph/dc_sprite_lower_ja.POBJ.z	29775
2087	romdata/PUD/deck/graph/dc_sprite_upper_ja.POBJ.z	7642
2088	romdata/PUD/deck/ja/cancel.txt	48
2089	romdata/PUD/deck/ja/cardgroup.bin	24
2090	romdata/PUD/deck/ja/clear.txt	40
2091	romdata/PUD/deck/ja/colrate.txt	16
2092	romdata/PUD/deck/ja/decide.txt	36
2093	romdata/PUD/deck/ja/deck_card_data.dcd	3674
2094	romdata/PUD/deck/ja/deck_data_defs.h	1178
2095	romdata/PUD/deck/ja/learning.txt	54
2096	romdata/PUD/deck/ja/newdeck.txt	20
2097	romdata/PUD/deck/ja/no.txt	8
2098	romdata/PUD/deck/ja/nodeck.txt	84
2099	romdata/PUD/deck/ja/notedited.txt	28
2100	romdata/PUD/deck/ja/training.txt	50
2101	romdata/PUD/deck/ja/under8.txt	82
2102	romdata/PUD/deck/ja/yes.txt	6
2103	romdata/PUD/errorproc/textdata_ja_.dat.z	316
2104	romdata/PUD/errorproc/obj/errorproc_ja_.obj	760
2105	romdata/PUD/font/dbgfont.dat	8192
2106	romdata/PUD/font/font.nftr	75476
2107	romdata/PUD/mgentryphase/bg/ep_bg01_main_bg.PBG.z	935
2108	romdata/PUD/mgentryphase/bg/ep_bg01_sub_bg.PBG.z	1485
2109	romdata/PUD/mgentryphase/bg/ep_bg01_sub_win1.NSCR.z	75
2110	romdata/PUD/mgentryphase/bg/ep_bg01_sub_win2.NSCR.z	73
2111	romdata/PUD/mgentryphase/bg/ep_bg02_main_bg.PBG.z	702
2112	romdata/PUD/mgentryphase/bg/ep_bg02_sub_bg.PBG.z	1176
2113	romdata/PUD/mgentryphase/bg/ep_bg02_sub_win1.NSCR.z	75
2114	romdata/PUD/mgentryphase/bg/ep_bg03_main_bg.PBG.z	800
2115	romdata/PUD/mgentryphase/bg/ep_bg03_sub_bg.PBG.z	1159
2116	romdata/PUD/mgentryphase/bg/ep_bg03_sub_win1.NSCR.z	75
2117	romdata/PUD/mgentryphase/bg/ep_bg04_main_bg.PBG.z	579
2118	romdata/PUD/mgentryphase/bg/ep_bg04_sub_bg.PBG.z	1048
2119	romdata/PUD/mgentryphase/bg/ep_bg04_sub_win1.NSCR.z	75
2120	romdata/PUD/mgentryphase/bg/ep_bg05_main_bg.PBG.z	690
2121	romdata/PUD/mgentryphase/bg/ep_bg05_sub_bg.PBG.z	1166
2122	romdata/PUD/mgentryphase/bg/ep_bg05_sub_win1.NSCR.z	75
2123	romdata/PUD/mgentryphase/bg/ep_bg06_main_bg.PBG.z	622
2124	romdata/PUD/mgentryphase/bg/ep_bg06_sub_bg.PBG.z	1094
2125	romdata/PUD/mgentryphase/bg/ep_bg06_sub_win1.NSCR.z	75
2126	romdata/PUD/mgentryphase/bg/ep_bg07_main_bg.PBG.z	624
2127	romdata/PUD/mgentryphase/bg/ep_bg07_sub_bg.PBG.z	1100
2128	romdata/PUD/mgentryphase/bg/ep_bg07_sub_win1.NSCR.z	75
2129	romdata/PUD/mgentryphase/bg/ep_bg08_main_bg.PBG.z	587
2130	romdata/PUD/mgentryphase/bg/ep_bg08_sub_bg.PBG.z	1069
2131	romdata/PUD/mgentryphase/bg/ep_bg08_sub_win1.NSCR.z	75
2132	romdata/PUD/mgentryphase/bg/himitsu_bg01.PBG.z	262
2133	romdata/PUD/mgentryphase/bg/himitsu_bg02.PBG.z	262
2134	romdata/PUD/mgentryphase/ja/adaman_sprite_main.POBJ.z	2477
2135	romdata/PUD/mgentryphase/ja/adaman_sprite_sub.POBJ.z	7374
2136	romdata/PUD/mgentryphase/ja/akazukin_sprite_main.POBJ.z	2503
2137	romdata/PUD/mgentryphase/ja/akazukin_sprite_sub.POBJ.z	7872
2138	romdata/PUD/mgentryphase/ja/chocobo_sprite_main.POBJ.z	1574
2139	romdata/PUD/mgentryphase/ja/chocobo_sprite_sub.POBJ.z	7958
2140	romdata/PUD/mgentryphase/ja/eg_sprite01_lower.POBJ.z	5066
2141	romdata/PUD/mgentryphase/ja/eg_sprite01_upper.POBJ.z	3233
2142	romdata/PUD/mgentryphase/ja/ep_sprite1.POBJ.z	24503
2143	romdata/PUD/mgentryphase/ja/ep_sprite2.POBJ.z	16412
2144	romdata/PUD/mgentryphase/ja/levia_sprite_main.POBJ.z	2074
2145	romdata/PUD/mgentryphase/ja/levia_sprite_sub.POBJ.z	8023
2146	romdata/PUD/mgentryphase/ja/porky_sprite_main.POBJ.z	1780
2147	romdata/PUD/mgentryphase/ja/porky_sprite_sub.POBJ.z	8530
2148	romdata/PUD/mgentryphase/ja/siva_sprite_main.POBJ.z	1890
2149	romdata/PUD/mgentryphase/ja/siva_sprite_sub.POBJ.z	8264
2150	romdata/PUD/mgentryphase/ja/sousa_adaman01.PBG.z	5164
2151	romdata/PUD/mgentryphase/ja/sousa_adaman02.PBG.z	3714
2152	romdata/PUD/mgentryphase/ja/sousa_adaman03.PBG.z	4843
2153	romdata/PUD/mgentryphase/ja/sousa_adaman04.PBG.z	3714
2154	romdata/PUD/mgentryphase/ja/sousa_akazukin01.PBG.z	4562
2155	romdata/PUD/mgentryphase/ja/sousa_akazukin02.PBG.z	4201
2156	romdata/PUD/mgentryphase/ja/sousa_akazukin03.PBG.z	4888
2157	romdata/PUD/mgentryphase/ja/sousa_akazukin04.PBG.z	4592
2158	romdata/PUD/mgentryphase/ja/sousa_chocobo01.PBG.z	4648
2159	romdata/PUD/mgentryphase/ja/sousa_chocobo02.PBG.z	5283
2160	romdata/PUD/mgentryphase/ja/sousa_chocobo03.PBG.z	5086
2161	romdata/PUD/mgentryphase/ja/sousa_chocobo04.PBG.z	5233
2162	romdata/PUD/mgentryphase/ja/sousa_levia01.PBG.z	5394
2163	romdata/PUD/mgentryphase/ja/sousa_levia02.PBG.z	4687
2164	romdata/PUD/mgentryphase/ja/sousa_levia03.PBG.z	5334
2165	romdata/PUD/mgentryphase/ja/sousa_levia04.PBG.z	5192
2166	romdata/PUD/mgentryphase/ja/sousa_mg001_01.PBG.z	4648
2167	romdata/PUD/mgentryphase/ja/sousa_mg001_02.PBG.z	5283
2168	romdata/PUD/mgentryphase/ja/sousa_mg001_03.PBG.z	5086
2169	romdata/PUD/mgentryphase/ja/sousa_mg001_04.PBG.z	5233
2170	romdata/PUD/mgentryphase/ja/sousa_mg002_01.PBG.z	4648
2171	romdata/PUD/mgentryphase/ja/sousa_mg002_02.PBG.z	5283
2172	romdata/PUD/mgentryphase/ja/sousa_mg002_03.PBG.z	5086
2173	romdata/PUD/mgentryphase/ja/sousa_mg002_04.PBG.z	5233
2174	romdata/PUD/mgentryphase/ja/sousa_mg003_01.PBG.z	4648
2175	romdata/PUD/mgentryphase/ja/sousa_mg003_02.PBG.z	5283
2176	romdata/PUD/mgentryphase/ja/sousa_mg003_03.PBG.z	5086
2177	romdata/PUD/mgentryphase/ja/sousa_mg003_04.PBG.z	5233
2178	romdata/PUD/mgentryphase/ja/sousa_mg004_01.PBG.z	4648
2179	romdata/PUD/mgentryphase/ja/sousa_mg004_02.PBG.z	5283
2180	romdata/PUD/mgentryphase/ja/sousa_mg004_03.PBG.z	5085
2181	romdata/PUD/mgentryphase/ja/sousa_mg004_04.PBG.z	5233
2182	romdata/PUD/mgentryphase/ja/sousa_porky01.PBG.z	3919
2183	romdata/PUD/mgentryphase/ja/sousa_porky02.PBG.z	2686
2184	romdata/PUD/mgentryphase/ja/sousa_porky03.PBG.z	5287
2185	romdata/PUD/mgentryphase/ja/sousa_porky04.PBG.z	5332
2186	romdata/PUD/mgentryphase/ja/sousa_siva01.PBG.z	4034
2187	romdata/PUD/mgentryphase/ja/sousa_siva02.PBG.z	4276
2188	romdata/PUD/mgentryphase/ja/sousa_siva03.PBG.z	4463
2189	romdata/PUD/mgentryphase/ja/sousa_siva04.PBG.z	4414
2190	romdata/PUD/mgentryphase/ja/sousa_titan01.PBG.z	3414
2191	romdata/PUD/mgentryphase/ja/sousa_titan02.PBG.z	3691
2192	romdata/PUD/mgentryphase/ja/sousa_titan03.PBG.z	3299
2193	romdata/PUD/mgentryphase/ja/sousa_titan04.PBG.z	3736
2194	romdata/PUD/mgentryphase/ja/sousa_unicorn01.PBG.z	5102
2195	romdata/PUD/mgentryphase/ja/sousa_unicorn02.PBG.z	4609
2196	romdata/PUD/mgentryphase/ja/sousa_unicorn03.PBG.z	4557
2197	romdata/PUD/mgentryphase/ja/sousa_unicorn04.PBG.z	4754
2198	romdata/PUD/mgentryphase/ja/titan_sprite_main.POBJ.z	1905
2199	romdata/PUD/mgentryphase/ja/titan_sprite_sub.POBJ.z	8322
2200	romdata/PUD/mgentryphase/ja/unicorn_sprite_main.POBJ.z	2033
2201	romdata/PUD/mgentryphase/ja/unicorn_sprite_sub.POBJ.z	8195
2202	romdata/PUD/mgentryphase/ja/vebs_sprite_main.POBJ.z	1845
2203	romdata/PUD/mgentryphase/text/en/expl/mg001.ptx	464
2204	romdata/PUD/mgentryphase/text/en/expl/mg002.ptx	434
2205	romdata/PUD/mgentryphase/text/en/expl/mg003.ptx	424
2206	romdata/PUD/mgentryphase/text/en/expl/mg004.ptx	378
2207	romdata/PUD/mgentryphase/text/en/expl/mg005.ptx	440
2208	romdata/PUD/mgentryphase/text/en/expl/mg006.ptx	482
2209	romdata/PUD/mgentryphase/text/en/expl/mg007.ptx	360
2210	romdata/PUD/mgentryphase/text/en/expl/mg008.ptx	496
2211	romdata/PUD/mgentryphase/text/en/expl/mg009.ptx	412
2212	romdata/PUD/mgentryphase/text/en/expl/mg010.ptx	522
2213	romdata/PUD/mgentryphase/text/en/expl/mg011.ptx	606
2214	romdata/PUD/mgentryphase/text/en/expl/mg012.ptx	406
2215	romdata/PUD/mgentryphase/text/en/expl/mg013.ptx	508
2216	romdata/PUD/mgentryphase/text/en/expl/mg014.ptx	500
2217	romdata/PUD/mgentryphase/text/en/expl/mg015.ptx	414
2218	romdata/PUD/mgentryphase/text/en/expl/mg016.ptx	424
2219	romdata/PUD/mgentryphase/text/en/secret/cl001.ptx	494
2220	romdata/PUD/mgentryphase/text/en/secret/cl002.ptx	466
2221	romdata/PUD/mgentryphase/text/en/secret/cl003.ptx	456
2222	romdata/PUD/mgentryphase/text/en/secret/cl004.ptx	450
2223	romdata/PUD/mgentryphase/text/en/secret/cl005.ptx	444
2224	romdata/PUD/mgentryphase/text/en/secret/cl006.ptx	410
2225	romdata/PUD/mgentryphase/text/en/secret/cl007.ptx	434
2226	romdata/PUD/mgentryphase/text/en/secret/cl008.ptx	396
2227	romdata/PUD/mgentryphase/text/en/secret/cl009.ptx	448
2228	romdata/PUD/mgentryphase/text/en/secret/cl010.ptx	458
2229	romdata/PUD/mgentryphase/text/en/secret/cl011.ptx	434
2230	romdata/PUD/mgentryphase/text/en/secret/cl012.ptx	372
2231	romdata/PUD/mgentryphase/text/en/secret/cl013.ptx	416
2232	romdata/PUD/mgentryphase/text/en/secret/cl014.ptx	366
2233	romdata/PUD/mgentryphase/text/en/secret/cl015.ptx	400
2234	romdata/PUD/mgentryphase/text/en/secret/cl016.ptx	378
2235	romdata/PUD/mgentryphase/text/en/secret/mg001.ptx	544
2236	romdata/PUD/mgentryphase/text/en/secret/mg002.ptx	522
2237	romdata/PUD/mgentryphase/text/en/secret/mg003.ptx	504
2238	romdata/PUD/mgentryphase/text/en/secret/mg004.ptx	524
2239	romdata/PUD/mgentryphase/text/en/secret/mg005.ptx	490
2240	romdata/PUD/mgentryphase/text/en/secret/mg006.ptx	502
2241	romdata/PUD/mgentryphase/text/en/secret/mg007.ptx	522
2242	romdata/PUD/mgentryphase/text/en/secret/mg008.ptx	486
2243	romdata/PUD/mgentryphase/text/en/secret/mg009.ptx	502
2244	romdata/PUD/mgentryphase/text/en/secret/mg010.ptx	486
2245	romdata/PUD/mgentryphase/text/en/secret/mg011.ptx	472
2246	romdata/PUD/mgentryphase/text/en/secret/mg012.ptx	582
2247	romdata/PUD/mgentryphase/text/en/secret/mg013.ptx	502
2248	romdata/PUD/mgentryphase/text/en/secret/mg014.ptx	510
2249	romdata/PUD/mgentryphase/text/en/secret/mg015.ptx	514
2250	romdata/PUD/mgentryphase/text/en/secret/mg016.ptx	510
2251	romdata/PUD/mgentryphase/text/en/trial/mg001.ptx	550
2252	romdata/PUD/mgentryphase/text/en/trial/mg002.ptx	520
2253	romdata/PUD/mgentryphase/text/en/trial/mg003.ptx	490
2254	romdata/PUD/mgentryphase/text/en/trial/mg004.ptx	436
2255	romdata/PUD/mgentryphase/text/en/trial/mg005.ptx	476
2256	romdata/PUD/mgentryphase/text/en/trial/mg006.ptx	580
2257	romdata/PUD/mgentryphase/text/en/trial/mg007.ptx	442
2258	romdata/PUD/mgentryphase/text/en/trial/mg009.ptx	594
2259	romdata/PUD/mgentryphase/text/en/trial/mg011.ptx	582
2260	romdata/PUD/mgentryphase/text/en/trial/mg013.ptx	508
2261	romdata/PUD/mgentryphase/text/en/trial/mg015.ptx	330
2262	romdata/PUD/mgentryphase/text/ja/expl/mg001.ptx	322
2263	romdata/PUD/mgentryphase/text/ja/expl/mg002.ptx	320
2264	romdata/PUD/mgentryphase/text/ja/expl/mg003.ptx	320
2265	romdata/PUD/mgentryphase/text/ja/expl/mg004.ptx	320
2266	romdata/PUD/mgentryphase/text/ja/expl/mg005.ptx	320
2267	romdata/PUD/mgentryphase/text/ja/expl/mg006.ptx	320
2268	romdata/PUD/mgentryphase/text/ja/expl/mg007.ptx	320
2269	romdata/PUD/mgentryphase/text/ja/expl/mg008.ptx	320
2270	romdata/PUD/mgentryphase/text/ja/expl/mg009.ptx	348
2271	romdata/PUD/mgentryphase/text/ja/expl/mg010.ptx	348
2272	romdata/PUD/mgentryphase/text/ja/expl/mg011.ptx	348
2273	romdata/PUD/mgentryphase/text/ja/expl/mg012.ptx	348
2274	romdata/PUD/mgentryphase/text/ja/expl/mg013.ptx	348
2275	romdata/PUD/mgentryphase/text/ja/expl/mg014.ptx	348
2276	romdata/PUD/mgentryphase/text/ja/expl/mg015.ptx	348
2277	romdata/PUD/mgentryphase/text/ja/expl/mg016.ptx	348
2278	romdata/PUD/mgentryphase/text/ja/expl/mg017.ptx	278
2279	romdata/PUD/mgentryphase/text/ja/expl/mg018.ptx	278
2280	romdata/PUD/mgentryphase/text/ja/expl/mg019.ptx	278
2281	romdata/PUD/mgentryphase/text/ja/expl/mg020.ptx	278
2282	romdata/PUD/mgentryphase/text/ja/expl/mg021.ptx	278
2283	romdata/PUD/mgentryphase/text/ja/expl/mg022.ptx	278
2284	romdata/PUD/mgentryphase/text/ja/expl/mg023.ptx	278
2285	romdata/PUD/mgentryphase/text/ja/expl/mg024.ptx	278
2286	romdata/PUD/mgentryphase/text/ja/expl/mg025.ptx	214
2287	romdata/PUD/mgentryphase/text/ja/expl/mg026.ptx	214
2288	romdata/PUD/mgentryphase/text/ja/expl/mg027.ptx	214
2289	romdata/PUD/mgentryphase/text/ja/expl/mg028.ptx	214
2290	romdata/PUD/mgentryphase/text/ja/expl/mg029.ptx	214
2291	romdata/PUD/mgentryphase/text/ja/expl/mg030.ptx	116
2292	romdata/PUD/mgentryphase/text/ja/expl/mg031.ptx	214
2293	romdata/PUD/mgentryphase/text/ja/expl/mg032.ptx	214
2294	romdata/PUD/mgentryphase/text/ja/expl/mg033.ptx	316
2295	romdata/PUD/mgentryphase/text/ja/expl/mg034.ptx	316
2296	romdata/PUD/mgentryphase/text/ja/expl/mg035.ptx	316
2297	romdata/PUD/mgentryphase/text/ja/expl/mg036.ptx	316
2298	romdata/PUD/mgentryphase/text/ja/expl/mg037.ptx	316
2299	romdata/PUD/mgentryphase/text/ja/expl/mg038.ptx	316
2300	romdata/PUD/mgentryphase/text/ja/expl/mg039.ptx	316
2301	romdata/PUD/mgentryphase/text/ja/expl/mg040.ptx	316
2302	romdata/PUD/mgentryphase/text/ja/secret/cl001.ptx	334
2303	romdata/PUD/mgentryphase/text/ja/secret/cl002.ptx	326
2304	romdata/PUD/mgentryphase/text/ja/secret/cl003.ptx	286
2305	romdata/PUD/mgentryphase/text/ja/secret/cl004.ptx	310
2306	romdata/PUD/mgentryphase/text/ja/secret/cl005.ptx	304
2307	romdata/PUD/mgentryphase/text/ja/secret/cl006.ptx	280
2308	romdata/PUD/mgentryphase/text/ja/secret/cl007.ptx	286
2309	romdata/PUD/mgentryphase/text/ja/secret/cl008.ptx	256
2310	romdata/PUD/mgentryphase/text/ja/secret/cl009.ptx	294
2311	romdata/PUD/mgentryphase/text/ja/secret/cl010.ptx	314
2312	romdata/PUD/mgentryphase/text/ja/secret/cl011.ptx	298
2313	romdata/PUD/mgentryphase/text/ja/secret/cl012.ptx	266
2314	romdata/PUD/mgentryphase/text/ja/secret/cl013.ptx	262
2315	romdata/PUD/mgentryphase/text/ja/secret/cl014.ptx	250
2316	romdata/PUD/mgentryphase/text/ja/secret/cl015.ptx	260
2317	romdata/PUD/mgentryphase/text/ja/secret/cl016.ptx	240
2318	romdata/PUD/mgentryphase/text/ja/secret/mg001.ptx	278
2319	romdata/PUD/mgentryphase/text/ja/secret/mg002.ptx	268
2320	romdata/PUD/mgentryphase/text/ja/secret/mg003.ptx	258
2321	romdata/PUD/mgentryphase/text/ja/secret/mg004.ptx	266
2322	romdata/PUD/mgentryphase/text/ja/secret/mg005.ptx	238
2323	romdata/PUD/mgentryphase/text/ja/secret/mg006.ptx	256
2324	romdata/PUD/mgentryphase/text/ja/secret/mg007.ptx	264
2325	romdata/PUD/mgentryphase/text/ja/secret/mg008.ptx	240
2326	romdata/PUD/mgentryphase/text/ja/secret/mg009.ptx	256
2327	romdata/PUD/mgentryphase/text/ja/secret/mg010.ptx	240
2328	romdata/PUD/mgentryphase/text/ja/secret/mg011.ptx	238
2329	romdata/PUD/mgentryphase/text/ja/secret/mg012.ptx	306
2330	romdata/PUD/mgentryphase/text/ja/secret/mg013.ptx	256
2331	romdata/PUD/mgentryphase/text/ja/secret/mg014.ptx	248
2332	romdata/PUD/mgentryphase/text/ja/secret/mg015.ptx	260
2333	romdata/PUD/mgentryphase/text/ja/secret/mg016.ptx	248
2334	romdata/PUD/mgentryphase/text/ja/trial/mg001.ptx	300
2335	romdata/PUD/mgentryphase/text/ja/trial/mg002.ptx	304
2336	romdata/PUD/mgentryphase/text/ja/trial/mg003.ptx	294
2337	romdata/PUD/mgentryphase/text/ja/trial/mg004.ptx	286
2338	romdata/PUD/mgentryphase/text/ja/trial/mg005.ptx	300
2339	romdata/PUD/mgentryphase/text/ja/trial/mg006.ptx	356
2340	romdata/PUD/mgentryphase/text/ja/trial/mg007.ptx	260
2341	romdata/PUD/mgentryphase/text/ja/trial/mg009.ptx	316
2342	romdata/PUD/mgentryphase/text/ja/trial/mg011.ptx	260
2343	romdata/PUD/mgentryphase/text/ja/trial/mg013.ptx	320
2344	romdata/PUD/mgentryphase/text/ja/trial/mg015.ptx	236
2345	romdata/PUD/mgentryphase/text/jc/expl/mg001.ptx	322
2346	romdata/PUD/mgentryphase/text/jc/expl/mg002.ptx	320
2347	romdata/PUD/mgentryphase/text/jc/expl/mg003.ptx	320
2348	romdata/PUD/mgentryphase/text/jc/expl/mg004.ptx	320
2349	romdata/PUD/mgentryphase/text/jc/expl/mg005.ptx	320
2350	romdata/PUD/mgentryphase/text/jc/expl/mg006.ptx	320
2351	romdata/PUD/mgentryphase/text/jc/expl/mg007.ptx	320
2352	romdata/PUD/mgentryphase/text/jc/expl/mg008.ptx	320
2353	romdata/PUD/mgentryphase/text/jc/expl/mg009.ptx	348
2354	romdata/PUD/mgentryphase/text/jc/expl/mg010.ptx	348
2355	romdata/PUD/mgentryphase/text/jc/expl/mg011.ptx	348
2356	romdata/PUD/mgentryphase/text/jc/expl/mg012.ptx	348
2357	romdata/PUD/mgentryphase/text/jc/expl/mg013.ptx	348
2358	romdata/PUD/mgentryphase/text/jc/expl/mg014.ptx	348
2359	romdata/PUD/mgentryphase/text/jc/expl/mg015.ptx	348
2360	romdata/PUD/mgentryphase/text/jc/expl/mg016.ptx	348
2361	romdata/PUD/mgentryphase/text/jc/expl/mg017.ptx	282
2362	romdata/PUD/mgentryphase/text/jc/expl/mg018.ptx	282
2363	romdata/PUD/mgentryphase/text/jc/expl/mg019.ptx	282
2364	romdata/PUD/mgentryphase/text/jc/expl/mg020.ptx	282
2365	romdata/PUD/mgentryphase/text/jc/expl/mg021.ptx	282
2366	romdata/PUD/mgentryphase/text/jc/expl/mg022.ptx	282
2367	romdata/PUD/mgentryphase/text/jc/expl/mg023.ptx	282
2368	romdata/PUD/mgentryphase/text/jc/expl/mg024.ptx	282
2369	romdata/PUD/mgentryphase/text/jc/expl/mg025.ptx	210
2370	romdata/PUD/mgentryphase/text/jc/expl/mg026.ptx	210
2371	romdata/PUD/mgentryphase/text/jc/expl/mg027.ptx	210
2372	romdata/PUD/mgentryphase/text/jc/expl/mg028.ptx	210
2373	romdata/PUD/mgentryphase/text/jc/expl/mg029.ptx	210
2374	romdata/PUD/mgentryphase/text/jc/expl/mg030.ptx	210
2375	romdata/PUD/mgentryphase/text/jc/expl/mg031.ptx	210
2376	romdata/PUD/mgentryphase/text/jc/expl/mg032.ptx	210
2377	romdata/PUD/mgentryphase/text/jc/expl/mg033.ptx	340
2378	romdata/PUD/mgentryphase/text/jc/expl/mg034.ptx	340
2379	romdata/PUD/mgentryphase/text/jc/expl/mg035.ptx	340
2380	romdata/PUD/mgentryphase/text/jc/expl/mg036.ptx	340
2381	romdata/PUD/mgentryphase/text/jc/expl/mg037.ptx	340
2382	romdata/PUD/mgentryphase/text/jc/expl/mg038.ptx	340
2383	romdata/PUD/mgentryphase/text/jc/expl/mg039.ptx	340
2384	romdata/PUD/mgentryphase/text/jc/expl/mg040.ptx	340
2385	romdata/PUD/mgentryphase/text/jc/secret/cl001.ptx	334
2386	romdata/PUD/mgentryphase/text/jc/secret/cl002.ptx	326
2387	romdata/PUD/mgentryphase/text/jc/secret/cl003.ptx	286
2388	romdata/PUD/mgentryphase/text/jc/secret/cl004.ptx	310
2389	romdata/PUD/mgentryphase/text/jc/secret/cl005.ptx	304
2390	romdata/PUD/mgentryphase/text/jc/secret/cl006.ptx	280
2391	romdata/PUD/mgentryphase/text/jc/secret/cl007.ptx	286
2392	romdata/PUD/mgentryphase/text/jc/secret/cl008.ptx	256
2393	romdata/PUD/mgentryphase/text/jc/secret/cl009.ptx	294
2394	romdata/PUD/mgentryphase/text/jc/secret/cl010.ptx	314
2395	romdata/PUD/mgentryphase/text/jc/secret/cl011.ptx	298
2396	romdata/PUD/mgentryphase/text/jc/secret/cl012.ptx	266
2397	romdata/PUD/mgentryphase/text/jc/secret/cl013.ptx	262
2398	romdata/PUD/mgentryphase/text/jc/secret/cl014.ptx	250
2399	romdata/PUD/mgentryphase/text/jc/secret/cl015.ptx	260
2400	romdata/PUD/mgentryphase/text/jc/secret/cl016.ptx	240
2401	romdata/PUD/mgentryphase/text/jc/secret/mg001.ptx	278
2402	romdata/PUD/mgentryphase/text/jc/secret/mg002.ptx	268
2403	romdata/PUD/mgentryphase/text/jc/secret/mg003.ptx	258
2404	romdata/PUD/mgentryphase/text/jc/secret/mg004.ptx	266
2405	romdata/PUD/mgentryphase/text/jc/secret/mg005.ptx	238
2406	romdata/PUD/mgentryphase/text/jc/secret/mg006.ptx	256
2407	romdata/PUD/mgentryphase/text/jc/secret/mg007.ptx	264
2408	romdata/PUD/mgentryphase/text/jc/secret/mg008.ptx	240
2409	romdata/PUD/mgentryphase/text/jc/secret/mg009.ptx	256
2410	romdata/PUD/mgentryphase/text/jc/secret/mg010.ptx	240
2411	romdata/PUD/mgentryphase/text/jc/secret/mg011.ptx	238
2412	romdata/PUD/mgentryphase/text/jc/secret/mg012.ptx	306
2413	romdata/PUD/mgentryphase/text/jc/secret/mg013.ptx	256
2414	romdata/PUD/mgentryphase/text/jc/secret/mg014.ptx	248
2415	romdata/PUD/mgentryphase/text/jc/secret/mg015.ptx	260
2416	romdata/PUD/mgentryphase/text/jc/secret/mg016.ptx	248
2417	romdata/PUD/mgentryphase/text/jc/trial/mg001.ptx	308
2418	romdata/PUD/mgentryphase/text/jc/trial/mg002.ptx	314
2419	romdata/PUD/mgentryphase/text/jc/trial/mg003.ptx	300
2420	romdata/PUD/mgentryphase/text/jc/trial/mg004.ptx	296
2421	romdata/PUD/mgentryphase/text/jc/trial/mg005.ptx	308
2422	romdata/PUD/mgentryphase/text/jc/trial/mg006.ptx	362
2423	romdata/PUD/mgentryphase/text/jc/trial/mg007.ptx	274
2424	romdata/PUD/mgentryphase/text/jc/trial/mg009.ptx	340
2425	romdata/PUD/mgentryphase/text/jc/trial/mg011.ptx	280
2426	romdata/PUD/mgentryphase/text/jc/trial/mg013.ptx	330
2427	romdata/PUD/mgentryphase/text/jc/trial/mg015.ptx	244
2428	romdata/PUD/mgui/mguidata_ja.obj	42900
2429	romdata/PUD/multiplay/bg/mp_bg01_main.PBG.z	547
2430	romdata/PUD/multiplay/bg/mp_bg01_sub.PBG.z	836
2431	romdata/PUD/multiplay/bg/mp_bg02_sub.NSCR.z	70
2432	romdata/PUD/multiplay/bg/mp_bg03_sub.NSCR.z	120
2433	romdata/PUD/multiplay/bg/mp_bg04_sub.NSCR.z	121
2434	romdata/PUD/multiplay/bg/mp_bg05_sub.NSCR.z	93
2435	romdata/PUD/multiplay/bg/mp_bg06_sub.NSCR.z	218
2436	romdata/PUD/multiplay/ja/mp_sprite_main.POBJ.z	26543
2437	romdata/PUD/multiplay/ja/mp_sprite_sub.POBJ.z	36204
2438	romdata/PUD/multiplay/text/de/gather0.txt	52
2439	romdata/PUD/multiplay/text/de/gather1.txt	56
2440	romdata/PUD/multiplay/text/de/gather2.txt	58
2441	romdata/PUD/multiplay/text/de/gather3.txt	60
2442	romdata/PUD/multiplay/text/de/na0.txt	10
2443	romdata/PUD/multiplay/text/de/search0.txt	12
2444	romdata/PUD/multiplay/text/de/search1.txt	16
2445	romdata/PUD/multiplay/text/de/search2.txt	18
2446	romdata/PUD/multiplay/text/de/search3.txt	20
2447	romdata/PUD/multiplay/text/es/gather0.txt	38
2448	romdata/PUD/multiplay/text/es/gather1.txt	40
2449	romdata/PUD/multiplay/text/es/gather2.txt	42
2450	romdata/PUD/multiplay/text/es/gather3.txt	44
2451	romdata/PUD/multiplay/text/es/na0.txt	8
2452	romdata/PUD/multiplay/text/es/search0.txt	18
2453	romdata/PUD/multiplay/text/es/search1.txt	20
2454	romdata/PUD/multiplay/text/es/search2.txt	22
2455	romdata/PUD/multiplay/text/es/search3.txt	24
2456	romdata/PUD/multiplay/text/fr/gather0.txt	52
2457	romdata/PUD/multiplay/text/fr/gather1.txt	54
2458	romdata/PUD/multiplay/text/fr/gather2.txt	56
2459	romdata/PUD/multiplay/text/fr/gather3.txt	58
2460	romdata/PUD/multiplay/text/fr/na0.txt	8
2461	romdata/PUD/multiplay/text/fr/search0.txt	20
2462	romdata/PUD/multiplay/text/fr/search1.txt	22
2463	romdata/PUD/multiplay/text/fr/search2.txt	24
2464	romdata/PUD/multiplay/text/fr/search3.txt	26
2465	romdata/PUD/multiplay/text/it/gather0.txt	36
2466	romdata/PUD/multiplay/text/it/gather1.txt	38
2467	romdata/PUD/multiplay/text/it/gather2.txt	40
2468	romdata/PUD/multiplay/text/it/gather3.txt	42
2469	romdata/PUD/multiplay/text/it/na0.txt	8
2470	romdata/PUD/multiplay/text/it/search0.txt	34
2471	romdata/PUD/multiplay/text/it/search1.txt	36
2472	romdata/PUD/multiplay/text/it/search2.txt	38
2473	romdata/PUD/multiplay/text/it/search3.txt	40
2474	romdata/PUD/multiplay/text/ja/gather0.txt	16
2475	romdata/PUD/multiplay/text/ja/gather1.txt	18
2476	romdata/PUD/multiplay/text/ja/gather2.txt	20
2477	romdata/PUD/multiplay/text/ja/gather3.txt	22
2478	romdata/PUD/multiplay/text/ja/mp001.ptx	38
2479	romdata/PUD/multiplay/text/ja/mp002.ptx	116
2480	romdata/PUD/multiplay/text/ja/mp003.ptx	128
2481	romdata/PUD/multiplay/text/ja/mp004.ptx	40
2482	romdata/PUD/multiplay/text/ja/mp005.ptx	48
2483	romdata/PUD/multiplay/text/ja/mp006.ptx	204
2484	romdata/PUD/multiplay/text/ja/mp007.ptx	92
2485	romdata/PUD/multiplay/text/ja/na0.txt	18
2486	romdata/PUD/multiplay/text/ja/search0.txt	16
2487	romdata/PUD/multiplay/text/ja/search1.txt	18
2488	romdata/PUD/multiplay/text/ja/search2.txt	20
2489	romdata/PUD/multiplay/text/ja/search3.txt	22
2490	romdata/PUD/multiplay/text/jc/gather0.txt	16
2491	romdata/PUD/multiplay/text/jc/gather1.txt	18
2492	romdata/PUD/multiplay/text/jc/gather2.txt	20
2493	romdata/PUD/multiplay/text/jc/gather3.txt	22
2494	romdata/PUD/multiplay/text/jc/mp001.ptx	42
2495	romdata/PUD/multiplay/text/jc/mp002.ptx	120
2496	romdata/PUD/multiplay/text/jc/mp003.ptx	140
2497	romdata/PUD/multiplay/text/jc/mp004.ptx	44
2498	romdata/PUD/multiplay/text/jc/mp005.ptx	58
2499	romdata/PUD/multiplay/text/jc/mp006.ptx	208
2500	romdata/PUD/multiplay/text/jc/mp007.ptx	94
2501	romdata/PUD/multiplay/text/jc/na0.txt	18
2502	romdata/PUD/multiplay/text/jc/search0.txt	16
2503	romdata/PUD/multiplay/text/jc/search1.txt	18
2504	romdata/PUD/multiplay/text/jc/search2.txt	20
2505	romdata/PUD/multiplay/text/jc/search3.txt	22
2506	romdata/PUD/pub/errortext_ja_.dat.z	821
2507	romdata/PUD/pub/kaiwa02.pbg.z	412
2508	romdata/PUD/pub/camera/st000.nsbca	3968
2509	romdata/PUD/pub/camera/stbz000.nsbca	7868
2510	romdata/PUD/pub/camera/stbz001.nsbca	7868
2511	romdata/PUD/pub/camera/stbz002.nsbca	7868
2512	romdata/PUD/pub/camera/stbz003.nsbca	7868
2513	romdata/PUD/pub/cardchar/00/cam_ap00.nsbca	2092
2514	romdata/PUD/pub/cardchar/00/cam_ar00.nsbca	2508
2515	romdata/PUD/pub/cardchar/00/cam_ar01.nsbca	2508
2516	romdata/PUD/pub/cardchar/00/cam_at00.nsbca	2684
2517	romdata/PUD/pub/cardchar/00/cam_at01.nsbca	2836
2518	romdata/PUD/pub/cardchar/00/cam_at02.nsbca	2472
2519	romdata/PUD/pub/cardchar/00/cam_ca00.nsbca	2584
2520	romdata/PUD/pub/cardchar/00/cam_cc00.nsbca	3448
2521	romdata/PUD/pub/cardchar/00/cam_cg00.nsbca	2828
2522	romdata/PUD/pub/cardchar/00/cam_cr00.nsbca	2508
2523	romdata/PUD/pub/cardchar/00/cam_gd00.nsbca	2828
2524	romdata/PUD/pub/cardchar/00/cam_gd01.nsbca	2828
2525	romdata/PUD/pub/cardchar/00/cam_ms00.nsbca	2300
2526	romdata/PUD/pub/cardchar/00/mdl.pak.z	13831
2527	romdata/PUD/pub/cardchar/00/mot_ap00.pak.z	12363
2528	romdata/PUD/pub/cardchar/00/mot_ar00.pak.z	8955
2529	romdata/PUD/pub/cardchar/00/mot_ar01.pak.z	8942
2530	romdata/PUD/pub/cardchar/00/mot_ar02.pak.z	8943
2531	romdata/PUD/pub/cardchar/00/mot_ar03.pak.z	8943
2532	romdata/PUD/pub/cardchar/00/mot_at00.pak.z	9251
2533	romdata/PUD/pub/cardchar/00/mot_at01.pak.z	7888
2534	romdata/PUD/pub/cardchar/00/mot_at02.pak.z	5914
2535	romdata/PUD/pub/cardchar/00/mot_ca00.pak.z	7595
2536	romdata/PUD/pub/cardchar/00/mot_cc00.pak.z	1031
2537	romdata/PUD/pub/cardchar/00/mot_cr00.pak.z	8943
2538	romdata/PUD/pub/cardchar/00/mot_gd00.pak.z	12728
2539	romdata/PUD/pub/cardchar/00/mot_ms00.pak.z	8497
2540	romdata/PUD/pub/cardchar/00/vfx_ap00.pak.z	6008
2541	romdata/PUD/pub/cardchar/00/vfx_ar01.pak.z	10448
2542	romdata/PUD/pub/cardchar/00/vfx_at00.pak.z	4542
2543	romdata/PUD/pub/cardchar/00/vfx_at01.pak.z	10806
2544	romdata/PUD/pub/cardchar/00/vfx_at02.pak.z	13835
2545	romdata/PUD/pub/cardchar/00/vfx_ca00.pak.z	9004
2546	romdata/PUD/pub/cardchar/00/vfx_ms00.pak.z	7474
2547	romdata/PUD/pub/cardchar/01/cam_ap00.nsbca	3772
2548	romdata/PUD/pub/cardchar/01/cam_ar00.nsbca	2528
2549	romdata/PUD/pub/cardchar/01/cam_at00.nsbca	2432
2550	romdata/PUD/pub/cardchar/01/cam_at01.nsbca	2448
2551	romdata/PUD/pub/cardchar/01/cam_at02.nsbca	1952
2552	romdata/PUD/pub/cardchar/01/cam_ca00.nsbca	2412
2553	romdata/PUD/pub/cardchar/01/cam_ca01.nsbca	1952
2554	romdata/PUD/pub/cardchar/01/cam_ca02.nsbca	2448
2555	romdata/PUD/pub/cardchar/01/cam_cc00.nsbca	3448
2556	romdata/PUD/pub/cardchar/01/cam_cg00.nsbca	2940
2557	romdata/PUD/pub/cardchar/01/cam_cg01.nsbca	2544
2558	romdata/PUD/pub/cardchar/01/cam_cg02.nsbca	2380
2559	romdata/PUD/pub/cardchar/01/cam_cr00.nsbca	2528
2560	romdata/PUD/pub/cardchar/01/cam_gd00.nsbca	2176
2561	romdata/PUD/pub/cardchar/01/cam_gd01.nsbca	2380
2562	romdata/PUD/pub/cardchar/01/cam_ms00.nsbca	2420
2563	romdata/PUD/pub/cardchar/01/mdl.pak.z	11326
2564	romdata/PUD/pub/cardchar/01/mot_ap00.pak.z	8441
2565	romdata/PUD/pub/cardchar/01/mot_ar00.pak.z	3254
2566	romdata/PUD/pub/cardchar/01/mot_at00.pak.z	5271
2567	romdata/PUD/pub/cardchar/01/mot_at01.pak.z	6396
2568	romdata/PUD/pub/cardchar/01/mot_at02.pak.z	6705
2569	romdata/PUD/pub/cardchar/01/mot_ca00.pak.z	9465
2570	romdata/PUD/pub/cardchar/01/mot_ca01.pak.z	7835
2571	romdata/PUD/pub/cardchar/01/mot_ca02.pak.z	6394
2572	romdata/PUD/pub/cardchar/01/mot_cc00.pak.z	798
2573	romdata/PUD/pub/cardchar/01/mot_cr00.pak.z	3254
2574	romdata/PUD/pub/cardchar/01/mot_gd00.pak.z	6531
2575	romdata/PUD/pub/cardchar/01/mot_ms00.pak.z	6427
2576	romdata/PUD/pub/cardchar/01/vfx_at00.pak.z	24392
2577	romdata/PUD/pub/cardchar/01/vfx_at01.pak.z	21918
2578	romdata/PUD/pub/cardchar/01/vfx_at02.pak.z	21861
2579	romdata/PUD/pub/cardchar/01/vfx_ca00.pak.z	16459
2580	romdata/PUD/pub/cardchar/01/vfx_ca01.pak.z	7353
2581	romdata/PUD/pub/cardchar/01/vfx_ca02.pak.z	21918
2582	romdata/PUD/pub/cardchar/01/vfx_gd00.pak.z	19159
2583	romdata/PUD/pub/cardchar/02/cam_ap00.nsbca	3792
2584	romdata/PUD/pub/cardchar/02/cam_ar00.nsbca	2508
2585	romdata/PUD/pub/cardchar/02/cam_ar01.nsbca	2508
2586	romdata/PUD/pub/cardchar/02/cam_ar02.nsbca	2508
2587	romdata/PUD/pub/cardchar/02/cam_at00.nsbca	1504
2588	romdata/PUD/pub/cardchar/02/cam_at01.nsbca	2440
2589	romdata/PUD/pub/cardchar/02/cam_at02.nsbca	2792
2590	romdata/PUD/pub/cardchar/02/cam_ca03.nsbca	2440
2591	romdata/PUD/pub/cardchar/02/cam_ca04.nsbca	2468
2592	romdata/PUD/pub/cardchar/02/cam_cc00.nsbca	3448
2593	romdata/PUD/pub/cardchar/02/cam_cg03.nsbca	2268
2594	romdata/PUD/pub/cardchar/02/cam_cg04.nsbca	2664
2595	romdata/PUD/pub/cardchar/02/cam_cr03.nsbca	2508
2596	romdata/PUD/pub/cardchar/02/cam_cr04.nsbca	2508
2597	romdata/PUD/pub/cardchar/02/cam_gd00.nsbca	2440
2598	romdata/PUD/pub/cardchar/02/cam_gd02.nsbca	2696
2599	romdata/PUD/pub/cardchar/02/cam_ms03.nsbca	2156
2600	romdata/PUD/pub/cardchar/02/mdl.pak.z	12159
2601	romdata/PUD/pub/cardchar/02/mot_ap00.pak.z	5709
2602	romdata/PUD/pub/cardchar/02/mot_ar00.pak.z	2708
2603	romdata/PUD/pub/cardchar/02/mot_ar01.pak.z	4294
2604	romdata/PUD/pub/cardchar/02/mot_ar02.pak.z	4294
2605	romdata/PUD/pub/cardchar/02/mot_at00.pak.z	6161
2606	romdata/PUD/pub/cardchar/02/mot_at01.pak.z	6261
2607	romdata/PUD/pub/cardchar/02/mot_at02.pak.z	5052
2608	romdata/PUD/pub/cardchar/02/mot_ca03.pak.z	5543
2609	romdata/PUD/pub/cardchar/02/mot_ca04.pak.z	5052
2610	romdata/PUD/pub/cardchar/02/mot_cc00.pak.z	794
2611	romdata/PUD/pub/cardchar/02/mot_cr03.pak.z	2707
2612	romdata/PUD/pub/cardchar/02/mot_cr04.pak.z	4294
2613	romdata/PUD/pub/cardchar/02/mot_gd01.pak.z	4775
2614	romdata/PUD/pub/cardchar/02/mot_gd03.pak.z	5437
2615	romdata/PUD/pub/cardchar/02/mot_ms03.pak.z	4469
2616	romdata/PUD/pub/cardchar/02/vfx_ar01.pak.z	4830
2617	romdata/PUD/pub/cardchar/02/vfx_at00.pak.z	9424
2618	romdata/PUD/pub/cardchar/02/vfx_at01.pak.z	5688
2619	romdata/PUD/pub/cardchar/02/vfx_at02.pak.z	10052
2620	romdata/PUD/pub/cardchar/02/vfx_ca03.pak.z	14013
2621	romdata/PUD/pub/cardchar/02/vfx_ca04.pak.z	11755
2622	romdata/PUD/pub/cardchar/02/vfx_gd01.pak.z	5155
2623	romdata/PUD/pub/cardchar/03/cam_ap00.nsbca	2860
2624	romdata/PUD/pub/cardchar/03/cam_ar00.nsbca	2508
2625	romdata/PUD/pub/cardchar/03/cam_ar01.nsbca	2508
2626	romdata/PUD/pub/cardchar/03/cam_at00.nsbca	2420
2627	romdata/PUD/pub/cardchar/03/cam_at01.nsbca	2420
2628	romdata/PUD/pub/cardchar/03/cam_at02.nsbca	2020
2629	romdata/PUD/pub/cardchar/03/cam_at03.nsbca	1332
2630	romdata/PUD/pub/cardchar/03/cam_ca00.nsbca	1744
2631	romdata/PUD/pub/cardchar/03/cam_cc00.nsbca	3448
2632	romdata/PUD/pub/cardchar/03/cam_cg00.nsbca	2148
2633	romdata/PUD/pub/cardchar/03/cam_cr00.nsbca	2508
2634	romdata/PUD/pub/cardchar/03/cam_gd01.nsbca	2156
2635	romdata/PUD/pub/cardchar/03/cam_gd02.nsbca	2148
2636	romdata/PUD/pub/cardchar/03/cam_gv00.nsbca	2676
2637	romdata/PUD/pub/cardchar/03/cam_gv01.nsbca	2676
2638	romdata/PUD/pub/cardchar/03/cam_gv02.nsbca	2676
2639	romdata/PUD/pub/cardchar/03/cam_gv03.nsbca	2676
2640	romdata/PUD/pub/cardchar/03/cam_ms00.nsbca	1612
2641	romdata/PUD/pub/cardchar/03/mdl.pak.z	10461
2642	romdata/PUD/pub/cardchar/03/mot_ap00.pak.z	5245
2643	romdata/PUD/pub/cardchar/03/mot_ar00.pak.z	4338
2644	romdata/PUD/pub/cardchar/03/mot_ar01.pak.z	3274
2645	romdata/PUD/pub/cardchar/03/mot_ar02.pak.z	3156
2646	romdata/PUD/pub/cardchar/03/mot_ar03.pak.z	322
2647	romdata/PUD/pub/cardchar/03/mot_at00.pak.z	6012
2648	romdata/PUD/pub/cardchar/03/mot_at01.pak.z	6011
2649	romdata/PUD/pub/cardchar/03/mot_at02.pak.z	1303
2650	romdata/PUD/pub/cardchar/03/mot_at03.pak.z	2290
2651	romdata/PUD/pub/cardchar/03/mot_ca00.pak.z	3568
2652	romdata/PUD/pub/cardchar/03/mot_cc00.pak.z	669
2653	romdata/PUD/pub/cardchar/03/mot_cr00.pak.z	3275
2654	romdata/PUD/pub/cardchar/03/mot_gd00.pak.z	4640
2655	romdata/PUD/pub/cardchar/03/mot_gd01.pak.z	4465
2656	romdata/PUD/pub/cardchar/03/mot_gd02.pak.z	2290
2657	romdata/PUD/pub/cardchar/03/mot_ms00.pak.z	4537
2658	romdata/PUD/pub/cardchar/03/vfx_at00.pak.z	1376
2659	romdata/PUD/pub/cardchar/03/vfx_at01.pak.z	6977
2660	romdata/PUD/pub/cardchar/03/vfx_at02.pak.z	6180
2661	romdata/PUD/pub/cardchar/03/vfx_at03.pak.z	16526
2662	romdata/PUD/pub/cardchar/03/vfx_ca00.pak.z	3773
2663	romdata/PUD/pub/cardchar/03/vfx_gd01.pak.z	3969
2664	romdata/PUD/pub/cardchar/03/vfx_gd02.pak.z	6737
2665	romdata/PUD/pub/cardchar/04/cam_ap00.nsbca	3100
2666	romdata/PUD/pub/cardchar/04/cam_ar00.nsbca	2528
2667	romdata/PUD/pub/cardchar/04/cam_at02.nsbca	2320
2668	romdata/PUD/pub/cardchar/04/cam_at03.nsbca	2432
2669	romdata/PUD/pub/cardchar/04/cam_ca01.nsbca	2432
2670	romdata/PUD/pub/cardchar/04/cam_ca03.nsbca	2144
2671	romdata/PUD/pub/cardchar/04/cam_cc00.nsbca	3448
2672	romdata/PUD/pub/cardchar/04/cam_cr01.nsbca	2528
2673	romdata/PUD/pub/cardchar/04/cam_gd02.nsbca	2148
2674	romdata/PUD/pub/cardchar/04/cam_gv00.nsbca	2136
2675	romdata/PUD/pub/cardchar/04/cam_ms00.nsbca	1632
2676	romdata/PUD/pub/cardchar/04/mdl.pak.z	11013
2677	romdata/PUD/pub/cardchar/04/mot_ap00.pak.z	4668
2678	romdata/PUD/pub/cardchar/04/mot_ar00.pak.z	5575
2679	romdata/PUD/pub/cardchar/04/mot_at02.pak.z	1039
2680	romdata/PUD/pub/cardchar/04/mot_at03.pak.z	3140
2681	romdata/PUD/pub/cardchar/04/mot_ca01.pak.z	3102
2682	romdata/PUD/pub/cardchar/04/mot_ca03.pak.z	3085
2683	romdata/PUD/pub/cardchar/04/mot_cc00.pak.z	1687
2684	romdata/PUD/pub/cardchar/04/mot_cr01.pak.z	5575
2685	romdata/PUD/pub/cardchar/04/mot_gd00.pak.z	2833
2686	romdata/PUD/pub/cardchar/04/mot_ms00.pak.z	3330
2687	romdata/PUD/pub/cardchar/04/vfx_at02.pak.z	5222
2688	romdata/PUD/pub/cardchar/04/vfx_at03.pak.z	3361
2689	romdata/PUD/pub/cardchar/04/vfx_ca01.pak.z	3453
2690	romdata/PUD/pub/cardchar/04/vfx_ca03.pak.z	18218
2691	romdata/PUD/pub/cardchar/05/cam_ap00.nsbca	2932
2692	romdata/PUD/pub/cardchar/05/cam_ar00.nsbca	2508
2693	romdata/PUD/pub/cardchar/05/cam_at00.nsbca	2572
2694	romdata/PUD/pub/cardchar/05/cam_at01.nsbca	2400
2695	romdata/PUD/pub/cardchar/05/cam_at03.nsbca	2816
2696	romdata/PUD/pub/cardchar/05/cam_ca00.nsbca	2560
2697	romdata/PUD/pub/cardchar/05/cam_ca03.nsbca	1504
2698	romdata/PUD/pub/cardchar/05/cam_cc00.nsbca	3448
2699	romdata/PUD/pub/cardchar/05/cam_cg00.nsbca	2560
2700	romdata/PUD/pub/cardchar/05/cam_cg03.nsbca	1368
2701	romdata/PUD/pub/cardchar/05/cam_cr00.nsbca	2508
2702	romdata/PUD/pub/cardchar/05/cam_gd00.nsbca	2284
2703	romdata/PUD/pub/cardchar/05/cam_gd01.nsbca	2116
2704	romdata/PUD/pub/cardchar/05/cam_gd03.nsbca	2420
2705	romdata/PUD/pub/cardchar/05/cam_ms00.nsbca	1620
2706	romdata/PUD/pub/cardchar/05/mdl.pak.z	9891
2707	romdata/PUD/pub/cardchar/05/mot_ap00.pak.z	7141
2708	romdata/PUD/pub/cardchar/05/mot_ar00.pak.z	5665
2709	romdata/PUD/pub/cardchar/05/mot_at00.pak.z	6173
2710	romdata/PUD/pub/cardchar/05/mot_at01.pak.z	8977
2711	romdata/PUD/pub/cardchar/05/mot_at03.pak.z	6563
2712	romdata/PUD/pub/cardchar/05/mot_ca00.pak.z	6173
2713	romdata/PUD/pub/cardchar/05/mot_ca03.pak.z	4048
2714	romdata/PUD/pub/cardchar/05/mot_cc00.pak.z	911
2715	romdata/PUD/pub/cardchar/05/mot_cr00.pak.z	5665
2716	romdata/PUD/pub/cardchar/05/mot_gd00.pak.z	3432
2717	romdata/PUD/pub/cardchar/05/mot_ms00.pak.z	7063
2718	romdata/PUD/pub/cardchar/05/vfx_at00.pak.z	3983
2719	romdata/PUD/pub/cardchar/05/vfx_at01.pak.z	4502
2720	romdata/PUD/pub/cardchar/05/vfx_at03.pak.z	8695
2721	romdata/PUD/pub/cardchar/05/vfx_ca00.pak.z	4502
2722	romdata/PUD/pub/cardchar/05/vfx_ca03.pak.z	21654
2723	romdata/PUD/pub/cardchar/06/cam_ap00.nsbca	3828
2724	romdata/PUD/pub/cardchar/06/cam_ar00.nsbca	2508
2725	romdata/PUD/pub/cardchar/06/cam_at00.nsbca	2684
2726	romdata/PUD/pub/cardchar/06/cam_at01.nsbca	2468
2727	romdata/PUD/pub/cardchar/06/cam_at02.nsbca	2688
2728	romdata/PUD/pub/cardchar/06/cam_ca00.nsbca	2240
2729	romdata/PUD/pub/cardchar/06/cam_ca04.nsbca	2116
2730	romdata/PUD/pub/cardchar/06/cam_cc00.nsbca	3448
2731	romdata/PUD/pub/cardchar/06/cam_cg00.nsbca	2696
2732	romdata/PUD/pub/cardchar/06/cam_cr00.nsbca	2508
2733	romdata/PUD/pub/cardchar/06/cam_gd00.nsbca	2696
2734	romdata/PUD/pub/cardchar/06/cam_gd02.nsbca	2644
2735	romdata/PUD/pub/cardchar/06/cam_ms00.nsbca	1220
2736	romdata/PUD/pub/cardchar/06/mdl.pak.z	8304
2737	romdata/PUD/pub/cardchar/06/mot_ap00.pak.z	4195
2738	romdata/PUD/pub/cardchar/06/mot_ar00.pak.z	3508
2739	romdata/PUD/pub/cardchar/06/mot_at00.pak.z	1809
2740	romdata/PUD/pub/cardchar/06/mot_at01.pak.z	1113
2741	romdata/PUD/pub/cardchar/06/mot_at02.pak.z	4049
2742	romdata/PUD/pub/cardchar/06/mot_ca00.pak.z	2052
2743	romdata/PUD/pub/cardchar/06/mot_ca04.pak.z	2241
2744	romdata/PUD/pub/cardchar/06/mot_cc00.pak.z	695
2745	romdata/PUD/pub/cardchar/06/mot_cr00.pak.z	3509
2746	romdata/PUD/pub/cardchar/06/mot_gd00.pak.z	2910
2747	romdata/PUD/pub/cardchar/06/mot_gd01.pak.z	1344
2748	romdata/PUD/pub/cardchar/06/mot_ms00.pak.z	1456
2749	romdata/PUD/pub/cardchar/06/vfx_at00.pak.z	11942
2750	romdata/PUD/pub/cardchar/06/vfx_at01.pak.z	3239
2751	romdata/PUD/pub/cardchar/06/vfx_at02.pak.z	13545
2752	romdata/PUD/pub/cardchar/06/vfx_ca00.pak.z	11147
2753	romdata/PUD/pub/cardchar/06/vfx_ca04.pak.z	16099
2754	romdata/PUD/pub/cardchar/07/cam_ap00.nsbca	2932
2755	romdata/PUD/pub/cardchar/07/cam_ar00.nsbca	2508
2756	romdata/PUD/pub/cardchar/07/cam_at00.nsbca	2432
2757	romdata/PUD/pub/cardchar/07/cam_at01.nsbca	2432
2758	romdata/PUD/pub/cardchar/07/cam_at03.nsbca	2372
2759	romdata/PUD/pub/cardchar/07/cam_ca00.nsbca	2684
2760	romdata/PUD/pub/cardchar/07/cam_ca02.nsbca	2960
2761	romdata/PUD/pub/cardchar/07/cam_cc00.nsbca	3448
2762	romdata/PUD/pub/cardchar/07/cam_cg00.nsbca	2156
2763	romdata/PUD/pub/cardchar/07/cam_cg02.nsbca	2156
2764	romdata/PUD/pub/cardchar/07/cam_cr00.nsbca	2508
2765	romdata/PUD/pub/cardchar/07/cam_gd00.nsbca	2696
2766	romdata/PUD/pub/cardchar/07/cam_ms00.nsbca	2420
2767	romdata/PUD/pub/cardchar/07/mdl.pak.z	10787
2768	romdata/PUD/pub/cardchar/07/mot_ap00.pak.z	4515
2769	romdata/PUD/pub/cardchar/07/mot_ar00.pak.z	5645
2770	romdata/PUD/pub/cardchar/07/mot_at00.pak.z	5258
2771	romdata/PUD/pub/cardchar/07/mot_at01.pak.z	5281
2772	romdata/PUD/pub/cardchar/07/mot_at03.pak.z	7145
2773	romdata/PUD/pub/cardchar/07/mot_ca00.pak.z	6282
2774	romdata/PUD/pub/cardchar/07/mot_ca02.pak.z	6291
2775	romdata/PUD/pub/cardchar/07/mot_cc00.pak.z	802
2776	romdata/PUD/pub/cardchar/07/mot_cr00.pak.z	5233
2777	romdata/PUD/pub/cardchar/07/mot_gd00.pak.z	6409
2778	romdata/PUD/pub/cardchar/07/mot_ms00.pak.z	4336
2779	romdata/PUD/pub/cardchar/07/vfx_at01.pak.z	12768
2780	romdata/PUD/pub/cardchar/07/vfx_at03.pak.z	8010
2781	romdata/PUD/pub/cardchar/07/vfx_ca00.pak.z	12177
2782	romdata/PUD/pub/cardchar/07/vfx_ca02.pak.z	7146
2783	romdata/PUD/pub/cardchar/07/vfx_gd00.pak.z	6755
2784	romdata/PUD/pub/cardchar/08/cam_ap00.nsbca	2940
2785	romdata/PUD/pub/cardchar/08/cam_ar00.nsbca	2480
2786	romdata/PUD/pub/cardchar/08/cam_at00.nsbca	2420
2787	romdata/PUD/pub/cardchar/08/cam_at01.nsbca	2156
2788	romdata/PUD/pub/cardchar/08/cam_at02.nsbca	2564
2789	romdata/PUD/pub/cardchar/08/cam_ca03.nsbca	2564
2790	romdata/PUD/pub/cardchar/08/cam_cc00.nsbca	3448
2791	romdata/PUD/pub/cardchar/08/cam_cg03.nsbca	2704
2792	romdata/PUD/pub/cardchar/08/cam_cr03.nsbca	2480
2793	romdata/PUD/pub/cardchar/08/cam_gd00.nsbca	2676
2794	romdata/PUD/pub/cardchar/08/cam_gv00.nsbca	2676
2795	romdata/PUD/pub/cardchar/08/cam_ms03.nsbca	2256
2796	romdata/PUD/pub/cardchar/08/mdl.pak.z	10662
2797	romdata/PUD/pub/cardchar/08/mot_ap00.pak.z	7768
2798	romdata/PUD/pub/cardchar/08/mot_ar00.pak.z	8090
2799	romdata/PUD/pub/cardchar/08/mot_at00.pak.z	6433
2800	romdata/PUD/pub/cardchar/08/mot_at01.pak.z	1937
2801	romdata/PUD/pub/cardchar/08/mot_at02.pak.z	2446
2802	romdata/PUD/pub/cardchar/08/mot_ca03.pak.z	3175
2803	romdata/PUD/pub/cardchar/08/mot_cc00.pak.z	2420
2804	romdata/PUD/pub/cardchar/08/mot_cr03.pak.z	8104
2805	romdata/PUD/pub/cardchar/08/mot_gd00.pak.z	7927
2806	romdata/PUD/pub/cardchar/08/mot_ms03.pak.z	6572
2807	romdata/PUD/pub/cardchar/08/vfx_at00.pak.z	2470
2808	romdata/PUD/pub/cardchar/08/vfx_at01.pak.z	9015
2809	romdata/PUD/pub/cardchar/08/vfx_at02.pak.z	10156
2810	romdata/PUD/pub/cardchar/08/vfx_ca03.pak.z	14089
2811	romdata/PUD/pub/cardchar/08/vfx_gd00.pak.z	7110
2812	romdata/PUD/pub/cardchar/09/cam_ap00.nsbca	3600
2813	romdata/PUD/pub/cardchar/09/cam_ar00.nsbca	2428
2814	romdata/PUD/pub/cardchar/09/cam_at00.nsbca	2432
2815	romdata/PUD/pub/cardchar/09/cam_at01.nsbca	2432
2816	romdata/PUD/pub/cardchar/09/cam_at02.nsbca	2432
2817	romdata/PUD/pub/cardchar/09/cam_ca02.nsbca	2432
2818	romdata/PUD/pub/cardchar/09/cam_cc00.nsbca	3212
2819	romdata/PUD/pub/cardchar/09/cam_cg02.nsbca	2148
2820	romdata/PUD/pub/cardchar/09/cam_cr02.nsbca	2428
2821	romdata/PUD/pub/cardchar/09/cam_gd01.nsbca	2128
2822	romdata/PUD/pub/cardchar/09/cam_ms02.nsbca	2112
2823	romdata/PUD/pub/cardchar/09/mdl.pak.z	11818
2824	romdata/PUD/pub/cardchar/09/mot_ap00.pak.z	10573
2825	romdata/PUD/pub/cardchar/09/mot_ar00.pak.z	5022
2826	romdata/PUD/pub/cardchar/09/mot_at00.pak.z	7252
2827	romdata/PUD/pub/cardchar/09/mot_at01.pak.z	1754
2828	romdata/PUD/pub/cardchar/09/mot_at02.pak.z	2306
2829	romdata/PUD/pub/cardchar/09/mot_ca02.pak.z	1998
2830	romdata/PUD/pub/cardchar/09/mot_cc00.pak.z	860
2831	romdata/PUD/pub/cardchar/09/mot_cr02.pak.z	5029
2832	romdata/PUD/pub/cardchar/09/mot_gd00.pak.z	5613
2833	romdata/PUD/pub/cardchar/09/mot_ms02.pak.z	5200
2834	romdata/PUD/pub/cardchar/09/vfx_at00.pak.z	1355
2835	romdata/PUD/pub/cardchar/09/vfx_at01.pak.z	10992
2836	romdata/PUD/pub/cardchar/09/vfx_at02.pak.z	22357
2837	romdata/PUD/pub/cardchar/09/vfx_ca02.pak.z	20623
2838	romdata/PUD/pub/cardchar/10/cam_ap00.nsbca	3820
2839	romdata/PUD/pub/cardchar/10/cam_ar00.nsbca	2508
2840	romdata/PUD/pub/cardchar/10/cam_at00.nsbca	2420
2841	romdata/PUD/pub/cardchar/10/cam_at01.nsbca	2420
2842	romdata/PUD/pub/cardchar/10/cam_at02.nsbca	2412
2843	romdata/PUD/pub/cardchar/10/cam_at03.nsbca	2848
2844	romdata/PUD/pub/cardchar/10/cam_cc00.nsbca	4128
2845	romdata/PUD/pub/cardchar/10/cam_gd00.nsbca	2564
2846	romdata/PUD/pub/cardchar/10/cam_gd02.nsbca	2308
2847	romdata/PUD/pub/cardchar/10/cam_gd03.nsbca	2604
2848	romdata/PUD/pub/cardchar/10/mdl.pak.z	10197
2849	romdata/PUD/pub/cardchar/10/mot_ap00.pak.z	7931
2850	romdata/PUD/pub/cardchar/10/mot_ar00.pak.z	6101
2851	romdata/PUD/pub/cardchar/10/mot_at00.pak.z	7731
2852	romdata/PUD/pub/cardchar/10/mot_at01.pak.z	6906
2853	romdata/PUD/pub/cardchar/10/mot_at02.pak.z	6551
2854	romdata/PUD/pub/cardchar/10/mot_at03.pak.z	8099
2855	romdata/PUD/pub/cardchar/10/mot_cc00.pak.z	851
2856	romdata/PUD/pub/cardchar/10/mot_gd00.pak.z	5701
2857	romdata/PUD/pub/cardchar/10/vfx_at00.pak.z	1355
2858	romdata/PUD/pub/cardchar/10/vfx_at01.pak.z	9264
2859	romdata/PUD/pub/cardchar/10/vfx_at02.pak.z	5095
2860	romdata/PUD/pub/cardchar/10/vfx_at03.pak.z	6506
2861	romdata/PUD/pub/cardchar/11/cam_ap00.nsbca	3600
2862	romdata/PUD/pub/cardchar/11/cam_ar01.nsbca	2428
2863	romdata/PUD/pub/cardchar/11/cam_at01.nsbca	2176
2864	romdata/PUD/pub/cardchar/11/cam_at02.nsbca	2248
2865	romdata/PUD/pub/cardchar/11/cam_ca00.nsbca	2112
2866	romdata/PUD/pub/cardchar/11/cam_ca03.nsbca	2148
2867	romdata/PUD/pub/cardchar/11/cam_cc00.nsbca	3448
2868	romdata/PUD/pub/cardchar/11/cam_cg00.nsbca	2288
2869	romdata/PUD/pub/cardchar/11/cam_cg03.nsbca	2544
2870	romdata/PUD/pub/cardchar/11/cam_cr00.nsbca	2428
2871	romdata/PUD/pub/cardchar/11/cam_gd01.nsbca	1812
2872	romdata/PUD/pub/cardchar/11/cam_ms00.nsbca	2544
2873	romdata/PUD/pub/cardchar/11/mdl.pak.z	21161
2874	romdata/PUD/pub/cardchar/11/mot_ap00.pak.z	12256
2875	romdata/PUD/pub/cardchar/11/mot_ar01.pak.z	6672
2876	romdata/PUD/pub/cardchar/11/mot_at01.pak.z	9727
2877	romdata/PUD/pub/cardchar/11/mot_at02.pak.z	9931
2878	romdata/PUD/pub/cardchar/11/mot_ca00.pak.z	12790
2879	romdata/PUD/pub/cardchar/11/mot_ca03.pak.z	7792
2880	romdata/PUD/pub/cardchar/11/mot_cc00.pak.z	946
2881	romdata/PUD/pub/cardchar/11/mot_cr00.pak.z	6675
2882	romdata/PUD/pub/cardchar/11/mot_gd02.pak.z	8341
2883	romdata/PUD/pub/cardchar/11/mot_ms00.pak.z	8511
2884	romdata/PUD/pub/cardchar/11/vfx_at01.pak.z	9257
2885	romdata/PUD/pub/cardchar/11/vfx_at02.pak.z	1355
2886	romdata/PUD/pub/cardchar/11/vfx_ca00.pak.z	1355
2887	romdata/PUD/pub/cardchar/11/vfx_ca03.pak.z	16674
2888	romdata/PUD/pub/cardchar/12/cam_ap00.nsbca	3820
2889	romdata/PUD/pub/cardchar/12/cam_ar00.nsbca	2508
2890	romdata/PUD/pub/cardchar/12/cam_at01.nsbca	2440
2891	romdata/PUD/pub/cardchar/12/cam_ca00.nsbca	2860
2892	romdata/PUD/pub/cardchar/12/cam_ca01.nsbca	2696
2893	romdata/PUD/pub/cardchar/12/cam_ca02.nsbca	2440
2894	romdata/PUD/pub/cardchar/12/cam_cc00.nsbca	3448
2895	romdata/PUD/pub/cardchar/12/cam_cg00.nsbca	2968
2896	romdata/PUD/pub/cardchar/12/cam_cg01.nsbca	2156
2897	romdata/PUD/pub/cardchar/12/cam_cg02.nsbca	2420
2898	romdata/PUD/pub/cardchar/12/cam_cr00.nsbca	2508
2899	romdata/PUD/pub/cardchar/12/cam_cr01.nsbca	2508
2900	romdata/PUD/pub/cardchar/12/cam_gd01.nsbca	2168
2901	romdata/PUD/pub/cardchar/12/cam_ms00.nsbca	2336
2902	romdata/PUD/pub/cardchar/12/mdl.pak.z	16467
2903	romdata/PUD/pub/cardchar/12/mot_ap00.pak.z	7841
2904	romdata/PUD/pub/cardchar/12/mot_ar00.pak.z	8496
2905	romdata/PUD/pub/cardchar/12/mot_at01.pak.z	5630
2906	romdata/PUD/pub/cardchar/12/mot_ca00.pak.z	5546
2907	romdata/PUD/pub/cardchar/12/mot_ca01.pak.z	6034
2908	romdata/PUD/pub/cardchar/12/mot_ca02.pak.z	6644
2909	romdata/PUD/pub/cardchar/12/mot_cc00.pak.z	902
2910	romdata/PUD/pub/cardchar/12/mot_cr00.pak.z	8492
2911	romdata/PUD/pub/cardchar/12/mot_cr01.pak.z	8491
2912	romdata/PUD/pub/cardchar/12/mot_gd00.pak.z	7632
2913	romdata/PUD/pub/cardchar/12/mot_ms00.pak.z	5134
2914	romdata/PUD/pub/cardchar/12/vfx_at01.pak.z	13009
2915	romdata/PUD/pub/cardchar/12/vfx_ca00.pak.z	5697
2916	romdata/PUD/pub/cardchar/12/vfx_ca01.pak.z	6826
2917	romdata/PUD/pub/cardchar/12/vfx_ca02.pak.z	8941
2918	romdata/PUD/pub/cardchar/13/cam_ap00.nsbca	3580
2919	romdata/PUD/pub/cardchar/13/cam_ar00.nsbca	2644
2920	romdata/PUD/pub/cardchar/13/cam_at00.nsbca	2176
2921	romdata/PUD/pub/cardchar/13/cam_at01.nsbca	2420
2922	romdata/PUD/pub/cardchar/13/cam_at02.nsbca	2420
2923	romdata/PUD/pub/cardchar/13/cam_ca03.nsbca	2420
2924	romdata/PUD/pub/cardchar/13/cam_cc00.nsbca	3448
2925	romdata/PUD/pub/cardchar/13/cam_cg03.nsbca	2400
2926	romdata/PUD/pub/cardchar/13/cam_cr03.nsbca	2644
2927	romdata/PUD/pub/cardchar/13/cam_gd00.nsbca	2364
2928	romdata/PUD/pub/cardchar/13/cam_gd02.nsbca	2420
2929	romdata/PUD/pub/cardchar/13/cam_ms03.nsbca	1908
2930	romdata/PUD/pub/cardchar/13/mdl.pak.z	10285
2931	romdata/PUD/pub/cardchar/13/mot_ap00.pak.z	5162
2932	romdata/PUD/pub/cardchar/13/mot_ar00.pak.z	3815
2933	romdata/PUD/pub/cardchar/13/mot_at00.pak.z	3954
2934	romdata/PUD/pub/cardchar/13/mot_at01.pak.z	4099
2935	romdata/PUD/pub/cardchar/13/mot_at02.pak.z	1339
2936	romdata/PUD/pub/cardchar/13/mot_ca00.pak.z	2399
2937	romdata/PUD/pub/cardchar/13/mot_ca03.pak.z	1917
2938	romdata/PUD/pub/cardchar/13/mot_cc00.pak.z	577
2939	romdata/PUD/pub/cardchar/13/mot_cr03.pak.z	3818
2940	romdata/PUD/pub/cardchar/13/mot_gd00.pak.z	2381
2941	romdata/PUD/pub/cardchar/13/mot_ms03.pak.z	3668
2942	romdata/PUD/pub/cardchar/13/vfx_at00.pak.z	1355
2943	romdata/PUD/pub/cardchar/13/vfx_at01.pak.z	1355
2944	romdata/PUD/pub/cardchar/13/vfx_at02.pak.z	6070
2945	romdata/PUD/pub/cardchar/13/vfx_ca03.pak.z	13068
2946	romdata/PUD/pub/cardchar/15/cam_ap00.nsbca	3648
2947	romdata/PUD/pub/cardchar/15/cam_ar03.nsbca	2508
2948	romdata/PUD/pub/cardchar/15/cam_at03.nsbca	2420
2949	romdata/PUD/pub/cardchar/15/cam_ca00.nsbca	2420
2950	romdata/PUD/pub/cardchar/15/cam_ca01.nsbca	2432
2951	romdata/PUD/pub/cardchar/15/cam_ca02.nsbca	2420
2952	romdata/PUD/pub/cardchar/15/cam_cc00.nsbca	3448
2953	romdata/PUD/pub/cardchar/15/cam_cg00.nsbca	2136
2954	romdata/PUD/pub/cardchar/15/cam_cg02.nsbca	2156
2955	romdata/PUD/pub/cardchar/15/cam_cr00.nsbca	2508
2956	romdata/PUD/pub/cardchar/15/cam_gd03.nsbca	2156
2957	romdata/PUD/pub/cardchar/15/cam_ms00.nsbca	1908
2958	romdata/PUD/pub/cardchar/15/mdl.pak.z	16656
2959	romdata/PUD/pub/cardchar/15/mot_ap00.pak.z	9251
2960	romdata/PUD/pub/cardchar/15/mot_ar03.pak.z	6227
2961	romdata/PUD/pub/cardchar/15/mot_at03.pak.z	7578
2962	romdata/PUD/pub/cardchar/15/mot_ca00.pak.z	2251
2963	romdata/PUD/pub/cardchar/15/mot_ca01.pak.z	4141
2964	romdata/PUD/pub/cardchar/15/mot_ca02.pak.z	1510
2965	romdata/PUD/pub/cardchar/15/mot_cc00.pak.z	1073
2966	romdata/PUD/pub/cardchar/15/mot_cr00.pak.z	6228
2967	romdata/PUD/pub/cardchar/15/mot_gd01.pak.z	8001
2968	romdata/PUD/pub/cardchar/15/mot_ms00.pak.z	8437
2969	romdata/PUD/pub/cardchar/15/vfx_at03.pak.z	4551
2970	romdata/PUD/pub/cardchar/15/vfx_ca00.pak.z	8700
2971	romdata/PUD/pub/cardchar/15/vfx_ca01.pak.z	8798
2972	romdata/PUD/pub/cardchar/15/vfx_ca02.pak.z	8526
2973	romdata/PUD/pub/cardchar/16/cam_ap00.nsbca	3640
2974	romdata/PUD/pub/cardchar/16/cam_ar03.nsbca	2508
2975	romdata/PUD/pub/cardchar/16/cam_at03.nsbca	2432
2976	romdata/PUD/pub/cardchar/16/cam_ca00.nsbca	2432
2977	romdata/PUD/pub/cardchar/16/cam_ca01.nsbca	2432
2978	romdata/PUD/pub/cardchar/16/cam_ca02.nsbca	2432
2979	romdata/PUD/pub/cardchar/16/cam_cc00.nsbca	3448
2980	romdata/PUD/pub/cardchar/16/cam_cg01.nsbca	2432
2981	romdata/PUD/pub/cardchar/16/cam_cg02.nsbca	2392
2982	romdata/PUD/pub/cardchar/16/cam_cr00.nsbca	2508
2983	romdata/PUD/pub/cardchar/16/cam_gd03.nsbca	2432
2984	romdata/PUD/pub/cardchar/16/cam_ms00.nsbca	1908
2985	romdata/PUD/pub/cardchar/16/mdl.pak.z	10652
2986	romdata/PUD/pub/cardchar/16/mot_ap00.pak.z	6356
2987	romdata/PUD/pub/cardchar/16/mot_ar03.pak.z	1982
2988	romdata/PUD/pub/cardchar/16/mot_at03.pak.z	1196
2989	romdata/PUD/pub/cardchar/16/mot_ca00.pak.z	1431
2990	romdata/PUD/pub/cardchar/16/mot_ca01.pak.z	1196
2991	romdata/PUD/pub/cardchar/16/mot_ca02.pak.z	5798
2992	romdata/PUD/pub/cardchar/16/mot_cc00.pak.z	2133
2993	romdata/PUD/pub/cardchar/16/mot_cr00.pak.z	1981
2994	romdata/PUD/pub/cardchar/16/mot_gd00.pak.z	6017
2995	romdata/PUD/pub/cardchar/16/mot_ms00.pak.z	3399
2996	romdata/PUD/pub/cardchar/16/vfx_at03.pak.z	12308
2997	romdata/PUD/pub/cardchar/16/vfx_ca00.pak.z	4696
2998	romdata/PUD/pub/cardchar/16/vfx_ca01.pak.z	31712
2999	romdata/PUD/pub/cardchar/16/vfx_ca02.pak.z	1355
3000	romdata/PUD/pub/cardchar/17/cam_ap00.nsbca	3608
3001	romdata/PUD/pub/cardchar/17/cam_ar00.nsbca	2508
3002	romdata/PUD/pub/cardchar/17/cam_at00.nsbca	2452
3003	romdata/PUD/pub/cardchar/17/cam_at01.nsbca	2432
3004	romdata/PUD/pub/cardchar/17/cam_at02.nsbca	2432
3005	romdata/PUD/pub/cardchar/17/cam_ca03.nsbca	2168
3006	romdata/PUD/pub/cardchar/17/cam_cc00.nsbca	3448
3007	romdata/PUD/pub/cardchar/17/cam_cg03.nsbca	1964
3008	romdata/PUD/pub/cardchar/17/cam_cr03.nsbca	2508
3009	romdata/PUD/pub/cardchar/17/cam_gd00.nsbca	2420
3010	romdata/PUD/pub/cardchar/17/cam_gd01.nsbca	2432
3011	romdata/PUD/pub/cardchar/17/cam_ms03.nsbca	1776
3012	romdata/PUD/pub/cardchar/17/mdl.pak.z	12477
3013	romdata/PUD/pub/cardchar/17/mot_ap00.pak.z	6837
3014	romdata/PUD/pub/cardchar/17/mot_ar00.pak.z	11938
3015	romdata/PUD/pub/cardchar/17/mot_at00.pak.z	9359
3016	romdata/PUD/pub/cardchar/17/mot_at01.pak.z	2469
3017	romdata/PUD/pub/cardchar/17/mot_at02.pak.z	3403
3018	romdata/PUD/pub/cardchar/17/mot_ca03.pak.z	2489
3019	romdata/PUD/pub/cardchar/17/mot_cc00.pak.z	999
3020	romdata/PUD/pub/cardchar/17/mot_cc03.pak.z	880
3021	romdata/PUD/pub/cardchar/17/mot_cr03.pak.z	11934
3022	romdata/PUD/pub/cardchar/17/mot_gd01.pak.z	6187
3023	romdata/PUD/pub/cardchar/17/mot_ms03.pak.z	7053
3024	romdata/PUD/pub/cardchar/17/vfx_at00.pak.z	3708
3025	romdata/PUD/pub/cardchar/17/vfx_at01.pak.z	10004
3026	romdata/PUD/pub/cardchar/17/vfx_at02.pak.z	14751
3027	romdata/PUD/pub/cardchar/17/vfx_ca03.pak.z	23820
3028	romdata/PUD/pub/cardchar/17/vfx_gd01.pak.z	19159
3029	romdata/PUD/pub/cardchar/18/cam_ap00.nsbca	3640
3030	romdata/PUD/pub/cardchar/18/cam_ar00.nsbca	2508
3031	romdata/PUD/pub/cardchar/18/cam_at00.nsbca	2420
3032	romdata/PUD/pub/cardchar/18/cam_at01.nsbca	2432
3033	romdata/PUD/pub/cardchar/18/cam_ca02.nsbca	1504
3034	romdata/PUD/pub/cardchar/18/cam_ca03.nsbca	2432
3035	romdata/PUD/pub/cardchar/18/cam_cc00.nsbca	3448
3036	romdata/PUD/pub/cardchar/18/cam_cg03.nsbca	2432
3037	romdata/PUD/pub/cardchar/18/cam_cr02.nsbca	2508
3038	romdata/PUD/pub/cardchar/18/cam_gd00.nsbca	2452
3039	romdata/PUD/pub/cardchar/18/cam_gd01.nsbca	2432
3040	romdata/PUD/pub/cardchar/18/cam_ms02.nsbca	1908
3041	romdata/PUD/pub/cardchar/18/mdl.pak.z	15300
3042	romdata/PUD/pub/cardchar/18/mot_ap00.pak.z	18269
3043	romdata/PUD/pub/cardchar/18/mot_ar00.pak.z	11486
3044	romdata/PUD/pub/cardchar/18/mot_at00.pak.z	11834
3045	romdata/PUD/pub/cardchar/18/mot_at01.pak.z	4357
3046	romdata/PUD/pub/cardchar/18/mot_ca02.pak.z	13101
3047	romdata/PUD/pub/cardchar/18/mot_ca03.pak.z	7581
3048	romdata/PUD/pub/cardchar/18/mot_cc00.pak.z	1200
3049	romdata/PUD/pub/cardchar/18/mot_cr02.pak.z	11489
3050	romdata/PUD/pub/cardchar/18/mot_gd00.pak.z	10909
3051	romdata/PUD/pub/cardchar/18/mot_ms02.pak.z	11606
3052	romdata/PUD/pub/cardchar/18/vfx_at00.pak.z	2571
3053	romdata/PUD/pub/cardchar/18/vfx_at01.pak.z	8293
3054	romdata/PUD/pub/cardchar/18/vfx_ca02.pak.z	22623
3055	romdata/PUD/pub/cardchar/18/vfx_ca03.pak.z	15304
3056	romdata/PUD/pub/cardchar/19/cam_ap00.nsbca	3488
3057	romdata/PUD/pub/cardchar/19/cam_ar00.nsbca	2564
3058	romdata/PUD/pub/cardchar/19/cam_at00.nsbca	2432
3059	romdata/PUD/pub/cardchar/19/cam_at01.nsbca	1484
3060	romdata/PUD/pub/cardchar/19/cam_at03.nsbca	2432
3061	romdata/PUD/pub/cardchar/19/cam_ca02.nsbca	2432
3062	romdata/PUD/pub/cardchar/19/cam_cc00.nsbca	3448
3063	romdata/PUD/pub/cardchar/19/cam_cg02.nsbca	2168
3064	romdata/PUD/pub/cardchar/19/cam_cr02.nsbca	2564
3065	romdata/PUD/pub/cardchar/19/cam_gd00.nsbca	2168
3066	romdata/PUD/pub/cardchar/19/cam_ms02.nsbca	2420
3067	romdata/PUD/pub/cardchar/19/mdl.pak.z	11968
3068	romdata/PUD/pub/cardchar/19/mot_ap00.pak.z	12927
3069	romdata/PUD/pub/cardchar/19/mot_ar00.pak.z	5739
3070	romdata/PUD/pub/cardchar/19/mot_at00.pak.z	3774
3071	romdata/PUD/pub/cardchar/19/mot_at01.pak.z	6226
3072	romdata/PUD/pub/cardchar/19/mot_at03.pak.z	2276
3073	romdata/PUD/pub/cardchar/19/mot_ca02.pak.z	5570
3074	romdata/PUD/pub/cardchar/19/mot_cc00.pak.z	3185
3075	romdata/PUD/pub/cardchar/19/mot_cr02.pak.z	5738
3076	romdata/PUD/pub/cardchar/19/mot_gd00.pak.z	10590
3077	romdata/PUD/pub/cardchar/19/mot_ms02.pak.z	7913
3078	romdata/PUD/pub/cardchar/19/vfx_at00.pak.z	8297
3079	romdata/PUD/pub/cardchar/19/vfx_at01.pak.z	8018
3080	romdata/PUD/pub/cardchar/19/vfx_at03.pak.z	19510
3081	romdata/PUD/pub/cardchar/19/vfx_ca02.pak.z	7172
3082	romdata/PUD/pub/cardchar/20/cam_ap00.nsbca	3580
3083	romdata/PUD/pub/cardchar/20/cam_ar00.nsbca	2508
3084	romdata/PUD/pub/cardchar/20/cam_at00.nsbca	2432
3085	romdata/PUD/pub/cardchar/20/cam_at01.nsbca	2420
3086	romdata/PUD/pub/cardchar/20/cam_ca02.nsbca	2432
3087	romdata/PUD/pub/cardchar/20/cam_ca03.nsbca	2432
3088	romdata/PUD/pub/cardchar/20/cam_cc00.nsbca	3448
3089	romdata/PUD/pub/cardchar/20/cam_cg02.nsbca	2432
3090	romdata/PUD/pub/cardchar/20/cam_cg03.nsbca	2412
3091	romdata/PUD/pub/cardchar/20/cam_cr02.nsbca	2508
3092	romdata/PUD/pub/cardchar/20/cam_gd01.nsbca	2432
3093	romdata/PUD/pub/cardchar/20/cam_ms02.nsbca	1624
3094	romdata/PUD/pub/cardchar/20/mdl.pak.z	9966
3095	romdata/PUD/pub/cardchar/20/mot_ap00.pak.z	5855
3096	romdata/PUD/pub/cardchar/20/mot_ar00.pak.z	2410
3097	romdata/PUD/pub/cardchar/20/mot_at00.pak.z	2867
3098	romdata/PUD/pub/cardchar/20/mot_at01.pak.z	3194
3099	romdata/PUD/pub/cardchar/20/mot_ca02.pak.z	1577
3100	romdata/PUD/pub/cardchar/20/mot_ca03.pak.z	1850
3101	romdata/PUD/pub/cardchar/20/mot_cc00.pak.z	755
3102	romdata/PUD/pub/cardchar/20/mot_cr02.pak.z	2411
3103	romdata/PUD/pub/cardchar/20/mot_gd00.pak.z	3650
3104	romdata/PUD/pub/cardchar/20/mot_ms02.pak.z	3870
3105	romdata/PUD/pub/cardchar/20/vfx_at00.pak.z	1355
3106	romdata/PUD/pub/cardchar/20/vfx_at01.pak.z	1355
3107	romdata/PUD/pub/cardchar/20/vfx_ca02.pak.z	12981
3108	romdata/PUD/pub/cardchar/20/vfx_ca03.pak.z	14399
3109	romdata/PUD/pub/cardchar/21/cam_ap00.nsbca	3588
3110	romdata/PUD/pub/cardchar/21/cam_ar00.nsbca	2508
3111	romdata/PUD/pub/cardchar/21/cam_at00.nsbca	2432
3112	romdata/PUD/pub/cardchar/21/cam_at01.nsbca	2432
3113	romdata/PUD/pub/cardchar/21/cam_at02.nsbca	2432
3114	romdata/PUD/pub/cardchar/21/cam_at03.nsbca	2696
3115	romdata/PUD/pub/cardchar/21/cam_at04.nsbca	2448
3116	romdata/PUD/pub/cardchar/21/cam_cc00.nsbca	3448
3117	romdata/PUD/pub/cardchar/21/cam_gd00.nsbca	2432
3118	romdata/PUD/pub/cardchar/21/cam_gd01.nsbca	2440
3119	romdata/PUD/pub/cardchar/21/cam_gd02.nsbca	2432
3120	romdata/PUD/pub/cardchar/21/cam_gd03.nsbca	2412
3121	romdata/PUD/pub/cardchar/21/cam_ms00.nsbca	1624
3122	romdata/PUD/pub/cardchar/21/mdl.pak.z	10277
3123	romdata/PUD/pub/cardchar/21/mot_ap00.pak.z	5382
3124	romdata/PUD/pub/cardchar/21/mot_ar00.pak.z	2975
3125	romdata/PUD/pub/cardchar/21/mot_at00.pak.z	1712
3126	romdata/PUD/pub/cardchar/21/mot_at01.pak.z	3319
3127	romdata/PUD/pub/cardchar/21/mot_at02.pak.z	1294
3128	romdata/PUD/pub/cardchar/21/mot_at03.pak.z	3586
3129	romdata/PUD/pub/cardchar/21/mot_at04.pak.z	3146
3130	romdata/PUD/pub/cardchar/21/mot_cc00.pak.z	729
3131	romdata/PUD/pub/cardchar/21/mot_gd00.pak.z	6534
3132	romdata/PUD/pub/cardchar/21/mot_ms00.pak.z	3141
3133	romdata/PUD/pub/cardchar/21/vfx_at00.pak.z	7215
3134	romdata/PUD/pub/cardchar/21/vfx_at01.pak.z	2627
3135	romdata/PUD/pub/cardchar/21/vfx_at02.pak.z	23711
3136	romdata/PUD/pub/cardchar/21/vfx_at03.pak.z	8798
3137	romdata/PUD/pub/cardchar/21/vfx_at04.pak.z	45986
3138	romdata/PUD/pub/cardchar/21/vfx_gd00.pak.z	19159
3139	romdata/PUD/pub/cardchar/22/cam_ap00.nsbca	3580
3140	romdata/PUD/pub/cardchar/22/cam_ca00.nsbca	2400
3141	romdata/PUD/pub/cardchar/22/cam_ca01.nsbca	2608
3142	romdata/PUD/pub/cardchar/22/cam_cc00.nsbca	3448
3143	romdata/PUD/pub/cardchar/22/cam_cg00.nsbca	2096
3144	romdata/PUD/pub/cardchar/22/cam_cg01.nsbca	3492
3145	romdata/PUD/pub/cardchar/22/cam_cr00.nsbca	2508
3146	romdata/PUD/pub/cardchar/22/cam_ms00.nsbca	1908
3147	romdata/PUD/pub/cardchar/22/mdl.pak.z	12836
3148	romdata/PUD/pub/cardchar/22/mot_ap00.pak.z	8101
3149	romdata/PUD/pub/cardchar/22/mot_ca00.pak.z	6848
3150	romdata/PUD/pub/cardchar/22/mot_ca01.pak.z	1455
3151	romdata/PUD/pub/cardchar/22/mot_cc00.pak.z	820
3152	romdata/PUD/pub/cardchar/22/mot_cr00.pak.z	7033
3153	romdata/PUD/pub/cardchar/22/mot_gd00.pak.z	7329
3154	romdata/PUD/pub/cardchar/22/mot_ms00.pak.z	5196
3155	romdata/PUD/pub/cardchar/22/vfx_ca00.pak.z	7047
3156	romdata/PUD/pub/cardchar/22/vfx_ca01.pak.z	10952
3157	romdata/PUD/pub/cardchar/23/cam_ap00.nsbca	3620
3158	romdata/PUD/pub/cardchar/23/cam_ca00.nsbca	2156
3159	romdata/PUD/pub/cardchar/23/cam_ca01.nsbca	2716
3160	romdata/PUD/pub/cardchar/23/cam_cc00.nsbca	3448
3161	romdata/PUD/pub/cardchar/23/cam_cg00.nsbca	2552
3162	romdata/PUD/pub/cardchar/23/cam_cg01.nsbca	2584
3163	romdata/PUD/pub/cardchar/23/cam_cr00.nsbca	2508
3164	romdata/PUD/pub/cardchar/23/cam_ms00.nsbca	2544
3165	romdata/PUD/pub/cardchar/23/mdl.pak.z	16945
3166	romdata/PUD/pub/cardchar/23/mot_ap00.pak.z	9357
3167	romdata/PUD/pub/cardchar/23/mot_ca00.pak.z	3295
3168	romdata/PUD/pub/cardchar/23/mot_ca01.pak.z	4795
3169	romdata/PUD/pub/cardchar/23/mot_cc00.pak.z	1012
3170	romdata/PUD/pub/cardchar/23/mot_cr00.pak.z	6975
3171	romdata/PUD/pub/cardchar/23/mot_gd00.pak.z	6950
3172	romdata/PUD/pub/cardchar/23/mot_ms00.pak.z	7112
3173	romdata/PUD/pub/cardchar/23/vfx_ca00.pak.z	11787
3174	romdata/PUD/pub/cardchar/23/vfx_ca01.pak.z	10605
3175	romdata/PUD/pub/cardchar/24/cam_ap00.nsbca	3400
3176	romdata/PUD/pub/cardchar/24/cam_ar01.nsbca	2508
3177	romdata/PUD/pub/cardchar/24/cam_at00.nsbca	2716
3178	romdata/PUD/pub/cardchar/24/cam_ca00.nsbca	2432
3179	romdata/PUD/pub/cardchar/24/cam_cc00.nsbca	3448
3180	romdata/PUD/pub/cardchar/24/cam_cg00.nsbca	2168
3181	romdata/PUD/pub/cardchar/24/cam_cr00.nsbca	2508
3182	romdata/PUD/pub/cardchar/24/cam_gd00.nsbca	2716
3183	romdata/PUD/pub/cardchar/24/cam_ms00.nsbca	1908
3184	romdata/PUD/pub/cardchar/24/mdl.pak.z	8227
3185	romdata/PUD/pub/cardchar/24/mot_ap00.pak.z	1092
3186	romdata/PUD/pub/cardchar/24/mot_ar01.pak.z	1003
3187	romdata/PUD/pub/cardchar/24/mot_at00.pak.z	466
3188	romdata/PUD/pub/cardchar/24/mot_ca00.pak.z	770
3189	romdata/PUD/pub/cardchar/24/mot_cc00.pak.z	492
3190	romdata/PUD/pub/cardchar/24/mot_cr00.pak.z	1002
3191	romdata/PUD/pub/cardchar/24/mot_ms00.pak.z	991
3192	romdata/PUD/pub/cardchar/24/vfx_at00.pak.z	9489
3193	romdata/PUD/pub/cardchar/24/vfx_ca00.pak.z	12944
3194	romdata/PUD/pub/cardchar/25/cam_ap00.nsbca	3092
3195	romdata/PUD/pub/cardchar/25/cam_ca00.nsbca	2532
3196	romdata/PUD/pub/cardchar/25/cam_ca01.nsbca	2584
3197	romdata/PUD/pub/cardchar/25/cam_cc00.nsbca	3448
3198	romdata/PUD/pub/cardchar/25/cam_cg00.nsbca	2300
3199	romdata/PUD/pub/cardchar/25/cam_cg01.nsbca	2704
3200	romdata/PUD/pub/cardchar/25/cam_cr00.nsbca	2508
3201	romdata/PUD/pub/cardchar/25/cam_ms00.nsbca	2544
3202	romdata/PUD/pub/cardchar/25/mdl.pak.z	11296
3203	romdata/PUD/pub/cardchar/25/mot_ap00.pak.z	9573
3204	romdata/PUD/pub/cardchar/25/mot_ca00.pak.z	8472
3205	romdata/PUD/pub/cardchar/25/mot_ca01.pak.z	7624
3206	romdata/PUD/pub/cardchar/25/mot_cc00.pak.z	1129
3207	romdata/PUD/pub/cardchar/25/mot_cr00.pak.z	7037
3208	romdata/PUD/pub/cardchar/25/mot_gd00.pak.z	8965
3209	romdata/PUD/pub/cardchar/25/mot_ms00.pak.z	7207
3210	romdata/PUD/pub/cardchar/25/vfx_ca00.pak.z	8314
3211	romdata/PUD/pub/cardchar/25/vfx_ca01.pak.z	14948
3212	romdata/PUD/pub/cardchar/26/cam_ap00.nsbca	3480
3213	romdata/PUD/pub/cardchar/26/cam_ca00.nsbca	2428
3214	romdata/PUD/pub/cardchar/26/cam_ca01.nsbca	2452
3215	romdata/PUD/pub/cardchar/26/cam_cc00.nsbca	3448
3216	romdata/PUD/pub/cardchar/26/cam_cg00.nsbca	2136
3217	romdata/PUD/pub/cardchar/26/cam_cg01.nsbca	2448
3218	romdata/PUD/pub/cardchar/26/cam_cr00.nsbca	2508
3219	romdata/PUD/pub/cardchar/26/cam_ms00.nsbca	1776
3220	romdata/PUD/pub/cardchar/26/mdl.pak.z	9195
3221	romdata/PUD/pub/cardchar/26/mot_ap00.pak.z	7218
3222	romdata/PUD/pub/cardchar/26/mot_ca00.pak.z	5040
3223	romdata/PUD/pub/cardchar/26/mot_ca01.pak.z	4351
3224	romdata/PUD/pub/cardchar/26/mot_cc00.pak.z	733
3225	romdata/PUD/pub/cardchar/26/mot_cr00.pak.z	4801
3226	romdata/PUD/pub/cardchar/26/mot_gd00.pak.z	4424
3227	romdata/PUD/pub/cardchar/26/mot_ms00.pak.z	2911
3228	romdata/PUD/pub/cardchar/26/vfx_ca00.pak.z	2036
3229	romdata/PUD/pub/cardchar/26/vfx_ca01.pak.z	12837
3230	romdata/PUD/pub/cardchar/27/cam_ap00.nsbca	4032
3231	romdata/PUD/pub/cardchar/27/cam_ar00.nsbca	2428
3232	romdata/PUD/pub/cardchar/27/cam_at00.nsbca	2432
3233	romdata/PUD/pub/cardchar/27/cam_at01.nsbca	2432
3234	romdata/PUD/pub/cardchar/27/cam_at02.nsbca	2432
3235	romdata/PUD/pub/cardchar/27/cam_at03.nsbca	2432
3236	romdata/PUD/pub/cardchar/27/cam_ca00.nsbca	2432
3237	romdata/PUD/pub/cardchar/27/cam_cc00.nsbca	3548
3238	romdata/PUD/pub/cardchar/27/cam_cg00.nsbca	2828
3239	romdata/PUD/pub/cardchar/27/cam_cr00.nsbca	2644
3240	romdata/PUD/pub/cardchar/27/cam_gd00.nsbca	2128
3241	romdata/PUD/pub/cardchar/27/cam_ms00.nsbca	2112
3242	romdata/PUD/pub/cardchar/27/mdl.pak.z	21208
3243	romdata/PUD/pub/cardchar/27/mot_ap00.pak.z	7428
3244	romdata/PUD/pub/cardchar/27/mot_ar00.pak.z	6753
3245	romdata/PUD/pub/cardchar/27/mot_at00.pak.z	7605
3246	romdata/PUD/pub/cardchar/27/mot_at01.pak.z	7159
3247	romdata/PUD/pub/cardchar/27/mot_at02.pak.z	4183
3248	romdata/PUD/pub/cardchar/27/mot_at03.pak.z	2297
3249	romdata/PUD/pub/cardchar/27/mot_ca00.pak.z	1641
3250	romdata/PUD/pub/cardchar/27/mot_cc00.pak.z	3434
3251	romdata/PUD/pub/cardchar/27/mot_cr00.pak.z	6361
3252	romdata/PUD/pub/cardchar/27/mot_gd00.pak.z	7787
3253	romdata/PUD/pub/cardchar/27/mot_ms00.pak.z	5030
3254	romdata/PUD/pub/cardchar/27/vfx_at00.pak.z	2282
3255	romdata/PUD/pub/cardchar/27/vfx_at01.pak.z	5842
3256	romdata/PUD/pub/cardchar/27/vfx_at02.pak.z	2656
3257	romdata/PUD/pub/cardchar/27/vfx_at03.pak.z	6570
3258	romdata/PUD/pub/cardchar/27/vfx_ca00.pak.z	19469
3259	romdata/PUD/pub/cardchar/28/cam_ap00.nsbca	3580
3260	romdata/PUD/pub/cardchar/28/cam_ca00.nsbca	2176
3261	romdata/PUD/pub/cardchar/28/cam_cc00.nsbca	3448
3262	romdata/PUD/pub/cardchar/28/cam_cg00.nsbca	2364
3263	romdata/PUD/pub/cardchar/28/cam_cr00.nsbca	2644
3264	romdata/PUD/pub/cardchar/28/cam_ms00.nsbca	1908
3265	romdata/PUD/pub/cardchar/28/mdl.pak.z	7943
3266	romdata/PUD/pub/cardchar/28/mot_ap00.pak.z	5024
3267	romdata/PUD/pub/cardchar/28/mot_ca00.pak.z	3869
3268	romdata/PUD/pub/cardchar/28/mot_cc00.pak.z	848
3269	romdata/PUD/pub/cardchar/28/mot_cr00.pak.z	3036
3270	romdata/PUD/pub/cardchar/28/mot_gd00.pak.z	3951
3271	romdata/PUD/pub/cardchar/28/mot_ms00.pak.z	3701
3272	romdata/PUD/pub/cardchar/28/vfx_ca00.pak.z	13421
3273	romdata/PUD/pub/cardchar/29/cam_ap00.nsbca	3580
3274	romdata/PUD/pub/cardchar/29/cam_ca00.nsbca	2688
3275	romdata/PUD/pub/cardchar/29/cam_cc00.nsbca	3448
3276	romdata/PUD/pub/cardchar/29/cam_cg00.nsbca	2644
3277	romdata/PUD/pub/cardchar/29/cam_cr00.nsbca	2644
3278	romdata/PUD/pub/cardchar/29/cam_ms00.nsbca	1908
3279	romdata/PUD/pub/cardchar/29/mdl.pak.z	8561
3280	romdata/PUD/pub/cardchar/29/mot_ap00.pak.z	5024
3281	romdata/PUD/pub/cardchar/29/mot_ca00.pak.z	1760
3282	romdata/PUD/pub/cardchar/29/mot_cc00.pak.z	850
3283	romdata/PUD/pub/cardchar/29/mot_cr00.pak.z	3045
3284	romdata/PUD/pub/cardchar/29/mot_gd00.pak.z	3951
3285	romdata/PUD/pub/cardchar/29/mot_ms00.pak.z	3701
3286	romdata/PUD/pub/cardchar/29/vfx_ca00.pak.z	4517
3287	romdata/PUD/pub/cardchar/30/cam_ap00.nsbca	3580
3288	romdata/PUD/pub/cardchar/30/cam_ar00.nsbca	2644
3289	romdata/PUD/pub/cardchar/30/cam_at00.nsbca	2176
3290	romdata/PUD/pub/cardchar/30/cam_ca00.nsbca	2452
3291	romdata/PUD/pub/cardchar/30/cam_cc00.nsbca	3448
3292	romdata/PUD/pub/cardchar/30/cam_cg00.nsbca	2708
3293	romdata/PUD/pub/cardchar/30/cam_cr00.nsbca	2644
3294	romdata/PUD/pub/cardchar/30/cam_ms00.nsbca	1908
3295	romdata/PUD/pub/cardchar/30/mdl.pak.z	8279
3296	romdata/PUD/pub/cardchar/30/mot_ap00.pak.z	5899
3297	romdata/PUD/pub/cardchar/30/mot_ar00.pak.z	3815
3298	romdata/PUD/pub/cardchar/30/mot_at00.pak.z	3954
3299	romdata/PUD/pub/cardchar/30/mot_ca00.pak.z	5759
3300	romdata/PUD/pub/cardchar/30/mot_cc00.pak.z	903
3301	romdata/PUD/pub/cardchar/30/mot_cr00.pak.z	3929
3302	romdata/PUD/pub/cardchar/30/mot_gd00.pak.z	4474
3303	romdata/PUD/pub/cardchar/30/mot_ms00.pak.z	4052
3304	romdata/PUD/pub/cardchar/30/vfx_at00.pak.z	13413
3305	romdata/PUD/pub/cardchar/30/vfx_ca00.pak.z	12802
3306	romdata/PUD/pub/cardchar/31/cam_ap00.nsbca	3580
3307	romdata/PUD/pub/cardchar/31/cam_ca00.nsbca	2448
3308	romdata/PUD/pub/cardchar/31/cam_cc00.nsbca	3448
3309	romdata/PUD/pub/cardchar/31/cam_cg00.nsbca	2828
3310	romdata/PUD/pub/cardchar/31/cam_cr00.nsbca	2644
3311	romdata/PUD/pub/cardchar/31/cam_gd00.nsbca	2364
3312	romdata/PUD/pub/cardchar/31/cam_ms00.nsbca	1908
3313	romdata/PUD/pub/cardchar/31/mdl.pak.z	9871
3314	romdata/PUD/pub/cardchar/31/mot_ap00.pak.z	6057
3315	romdata/PUD/pub/cardchar/31/mot_ca00.pak.z	4181
3316	romdata/PUD/pub/cardchar/31/mot_cc00.pak.z	903
3317	romdata/PUD/pub/cardchar/31/mot_cr00.pak.z	3915
3318	romdata/PUD/pub/cardchar/31/mot_gd00.pak.z	4591
3319	romdata/PUD/pub/cardchar/31/mot_ms00.pak.z	4103
3320	romdata/PUD/pub/cardchar/31/vfx_at00.pak.z	6669
3321	romdata/PUD/pub/cardchar/31/vfx_ca00.pak.z	6775
3322	romdata/PUD/pub/cardchar/32/cam_ap00.nsbca	3580
3323	romdata/PUD/pub/cardchar/32/cam_ar00.nsbca	2644
3324	romdata/PUD/pub/cardchar/32/cam_at00.nsbca	2688
3325	romdata/PUD/pub/cardchar/32/cam_cc00.nsbca	3448
3326	romdata/PUD/pub/cardchar/32/cam_gd00.nsbca	2644
3327	romdata/PUD/pub/cardchar/32/cam_ms00.nsbca	1908
3328	romdata/PUD/pub/cardchar/32/mdl.pak.z	8663
3329	romdata/PUD/pub/cardchar/32/mot_ap00.pak.z	5024
3330	romdata/PUD/pub/cardchar/32/mot_ar00.pak.z	3045
3331	romdata/PUD/pub/cardchar/32/mot_at00.pak.z	1245
3332	romdata/PUD/pub/cardchar/32/mot_cc00.pak.z	850
3333	romdata/PUD/pub/cardchar/32/mot_gd00.pak.z	3951
3334	romdata/PUD/pub/cardchar/32/mot_ms00.pak.z	3701
3335	romdata/PUD/pub/cardchar/32/vfx_at00.pak.z	5684
3336	romdata/PUD/pub/cardchar/99/cam_heat.nsbca	200
3337	romdata/PUD/pub/cardchar/99/cam_omiai.nsbca	200
3338	romdata/PUD/pub/cardchar/99/vfx_hu00.pak.z	14928
3339	romdata/PUD/pub/cardchar/99/vfx_te00.pak.z	8866
3340	romdata/PUD/pub/char/00/cam_wn00.nsbca	1412
3341	romdata/PUD/pub/char/00/mdl.pak.z	9328
3342	romdata/PUD/pub/char/00/mot.pak.z	177846
3343	romdata/PUD/pub/char/01/cam_wn00.nsbca	1412
3344	romdata/PUD/pub/char/01/mdl.pak.z	8868
3345	romdata/PUD/pub/char/01/mot.pak.z	178211
3346	romdata/PUD/pub/char/02/cam_wn00.nsbca	1412
3347	romdata/PUD/pub/char/02/mdl.pak.z	12040
3348	romdata/PUD/pub/char/02/mot.pak.z	178638
3349	romdata/PUD/pub/char/03/cam_wn00.nsbca	1412
3350	romdata/PUD/pub/char/03/mdl.pak.z	9610
3351	romdata/PUD/pub/char/03/mot.pak.z	178074
3352	romdata/PUD/pub/char/04/cam_wn00.nsbca	1412
3353	romdata/PUD/pub/char/04/mdl.pak.z	9929
3354	romdata/PUD/pub/char/04/mot.pak.z	184944
3355	romdata/PUD/pub/char/05/cam_wn00.nsbca	1412
3356	romdata/PUD/pub/char/05/mdl.pak.z	4181
3357	romdata/PUD/pub/char/05/mot.pak.z	112385
3358	romdata/PUD/pub/char/06/cam_wn00.nsbca	1412
3359	romdata/PUD/pub/char/06/mdl.pak.z	7324
3360	romdata/PUD/pub/char/06/mot.pak.z	175654
3361	romdata/PUD/pub/char/07/cam_wn00.nsbca	1412
3362	romdata/PUD/pub/char/07/mdl.pak.z	8037
3363	romdata/PUD/pub/char/07/mot.pak.z	167799
3364	romdata/PUD/pub/char/08/cam_wn00.nsbca	1412
3365	romdata/PUD/pub/char/08/mdl.pak.z	10873
3366	romdata/PUD/pub/char/08/mot.pak.z	177607
3367	romdata/PUD/pub/char/09/cam_wn00.nsbca	1412
3368	romdata/PUD/pub/char/09/mdl.pak.z	9725
3369	romdata/PUD/pub/char/09/mot.pak.z	177407
3370	romdata/PUD/pub/char/10/cam_wn00.nsbca	1412
3371	romdata/PUD/pub/char/10/mdl.pak.z	9460
3372	romdata/PUD/pub/char/10/mot.pak.z	182089
3373	romdata/PUD/pub/char/11/cam_wn00.nsbca	1412
3374	romdata/PUD/pub/char/11/mdl.pak.z	9255
3375	romdata/PUD/pub/char/11/mot.pak.z	170619
3376	romdata/PUD/pub/data/CardData.bin	15552
3377	romdata/PUD/pub/data/cardgroup.bin	24
3378	romdata/PUD/pub/data/DuelData00.bin	80
3379	romdata/PUD/pub/data/DuelData01.bin	80
3380	romdata/PUD/pub/data/DuelData02.bin	80
3381	romdata/PUD/pub/data/DuelData03.bin	80
3382	romdata/PUD/pub/data/DuelData04.bin	80
3383	romdata/PUD/pub/data/DuelData05.bin	80
3384	romdata/PUD/pub/data/DuelData06.bin	80
3385	romdata/PUD/pub/data/DuelData07.bin	80
3386	romdata/PUD/pub/data/DuelData08.bin	80
3387	romdata/PUD/pub/data/DuelData09.bin	80
3388	romdata/PUD/pub/data/DuelData10.bin	80
3389	romdata/PUD/pub/data/DuelData11.bin	80
3390	romdata/PUD/pub/data/DuelData12.bin	80
3391	romdata/PUD/pub/data/DuelData13.bin	80
3392	romdata/PUD/pub/data/DuelData14.bin	80
3393	romdata/PUD/pub/data/DuelData15.bin	80
3394	romdata/PUD/pub/data/DuelData16.bin	80
3395	romdata/PUD/pub/data/DuelData17.bin	80
3396	romdata/PUD/pub/data/DuelData18.bin	80
3397	romdata/PUD/pub/data/DuelData19.bin	80
3398	romdata/PUD/pub/data/DuelData20.bin	80
3399	romdata/PUD/pub/data/DuelData21.bin	80
3400	romdata/PUD/pub/icon/arrow.pak.z	1100
3401	romdata/PUD/pub/icon/circle.pak.z	5720
3402	romdata/PUD/pub/icon/gbreak.pak.z	3021
3403	romdata/PUD/pub/icon/gbreak_dummy.pak.z	3098
3404	romdata/PUD/pub/icon/shield.pak.z	5624
3405	romdata/PUD/pub/icon/shield_dummy.pak.z	2583
3406	romdata/PUD/pub/icon/sword.pak	13056
3407	romdata/PUD/pub/icon/sword.pak.z	5094
3408	romdata/PUD/pub/icon/sword_dummy.pak.z	5082
3409	romdata/PUD/pub/map/000_00.pak.z	101535
3410	romdata/PUD/pub/map/001_00.pak.z	36685
3411	romdata/PUD/pub/map/002_00.pak.z	61027
3412	romdata/PUD/pub/map/003_00.pak.z	144103
3413	romdata/PUD/pub/map/004_00.pak.z	60621
3414	romdata/PUD/pub/map/005_00.pak.z	56953
3415	romdata/PUD/pub/map/006_00.pak.z	31605
3416	romdata/PUD/pub/map/007_00.pak.z	49800
3417	romdata/PUD/pub/map/007_01.pak.z	4173
3418	romdata/PUD/pub/map/008_00.pak.z	55194
3419	romdata/PUD/pub/map/009_00.pak.z	44947
3420	romdata/PUD/pub/pubmain/crs_flash_bl.nsbtx.z	514
3421	romdata/PUD/pub/pubmain/crs_flash_gr.nsbtx.z	520
3422	romdata/PUD/pub/pubmain/crs_flash_rd.nsbtx.z	520
3423	romdata/PUD/pub/pubmain/crs_flash_ye.nsbtx.z	516
3424	romdata/PUD/pub/pubmain/PUB_status.NCLR.z	179
3425	romdata/PUD/pub/pubmain/PUB_window.NCGR.z	246
3426	romdata/PUD/pub/pubmain/ja/battletext.bin.z	591
3427	romdata/PUD/pub/pubmain/ja/charactertext.bin.z	184
3428	romdata/PUD/pub/pubmain/ja/PUB_stUI.pobj.z	10848
3429	romdata/PUD/pub/pubresult/pubresult_shougou_ja_.dat.z	583
3430	romdata/PUD/pub/pubresult/pubresult_teikei_ja_.dat.z	472
3431	romdata/PUD/pub/pubresult/ReBG.nscr.z	201
3432	romdata/PUD/pub/pubresult/ReBG.pbg.z	3411
3433	romdata/PUD/pub/pubresult/ReBG01.nscr.z	143
3434	romdata/PUD/pub/pubresult/ReBG02.nscr.z	138
3435	romdata/PUD/pub/pubresult/ReBG03.nscr.z	117
3436	romdata/PUD/pub/pubresult/ReBG04.nscr.z	117
3437	romdata/PUD/pub/pubresult/ReBG05.nscr.z	143
3438	romdata/PUD/pub/pubresult/ReBG06.nscr.z	117
3439	romdata/PUD/pub/pubresult/ReBG07.nscr.z	117
3440	romdata/PUD/pub/pubresult/ReBG08.nscr.z	119
3441	romdata/PUD/pub/pubresult/ReBG09.nscr.z	101
3442	romdata/PUD/pub/pubresult/ReBG90.nscr.z	103
3443	romdata/PUD/pub/pubresult/ReBG91.nscr.z	134
3444	romdata/PUD/pub/pubresult/ReBG92.nscr.z	121
3445	romdata/PUD/pub/pubresult/ReBG93.nscr.z	93
3446	romdata/PUD/pub/pubresult/ReBG_a.nscr.z	119
3447	romdata/PUD/pub/pubresult/ReBG_b.nscr.z	203
3448	romdata/PUD/pub/pubresult/textdata_ja_.dat.z	331
3449	romdata/PUD/pub/pubresult/3d/camera.nsbca	3128
3450	romdata/PUD/pub/pubresult/3d/checkers.pak.z	31853
3451	romdata/PUD/pub/pubresult/3d/chocobo.pak.z	31064
3452	romdata/PUD/pub/pubresult/3d/dummy.pak.z	2344
3453	romdata/PUD/pub/pubresult/3d/dummyM.pak.z	391
3454	romdata/PUD/pub/pubresult/3d/grguri.pak.z	28645
3455	romdata/PUD/pub/pubresult/3d/mizui.pak.z	27497
3456	romdata/PUD/pub/pubresult/3d/shadow.pak.z	748
3457	romdata/PUD/pub/pubresult/3d/volg.pak.z	32197
3458	romdata/PUD/pub/pubresult/ja/re_sprite_main.pobj.z	7737
3459	romdata/PUD/pub/pubresult/ja/re_sprite_sub.pobj.z	19547
3460	romdata/PUD/pub/pubsub/BG.NCLR.z	253
3461	romdata/PUD/pub/pubsub/PUB_BG.NCGR.z	9416
3462	romdata/PUD/pub/pubsub/PUB_BG_card.NSCR.z	494
3463	romdata/PUD/pub/pubsub/PUB_BG_mat.NSCR.z	970
3464	romdata/PUD/pub/pubsub/PUB_BG_pnl.NSCR.z	811
3465	romdata/PUD/pub/pubsub/ja/card_effect.pobj.z	4180
3466	romdata/PUD/pub/pubtopmenu/pubtopmenu_ja_.narc	27944
3467	romdata/PUD/pub/vfx/circle00.pak.z	32706
3468	romdata/PUD/pub/vfx/circle01.pak.z	4391
3469	romdata/PUD/pub/vfx/circle02.pak.z	4761
3470	romdata/PUD/pub/vfx/crystal_black.pak.z	521
3471	romdata/PUD/pub/vfx/crystal_blue.pak.z	4216
3472	romdata/PUD/pub/vfx/crystal_green.pak.z	4271
3473	romdata/PUD/pub/vfx/crystal_red.pak.z	4246
3474	romdata/PUD/pub/vfx/crystal_vfx_black.pak.z	11668
3475	romdata/PUD/pub/vfx/crystal_vfx_blue.pak.z	12182
3476	romdata/PUD/pub/vfx/crystal_vfx_green.pak.z	12192
3477	romdata/PUD/pub/vfx/crystal_vfx_red.pak.z	12256
3478	romdata/PUD/pub/vfx/crystal_vfx_yellow.pak.z	12200
3479	romdata/PUD/pub/vfx/crystal_yellow.pak.z	4111
3480	romdata/PUD/pub/vfx/shadow.pak.z	748
3481	romdata/PUD/pub/vfx/status_burn.pak.z	9470
3482	romdata/PUD/pub/vfx/status_freeze.pak.z	26579
3483	romdata/PUD/pub/vfx/status_heatup.pak.z	14928
3484	romdata/PUD/pub/vfx/status_paralysis.pak.z	11702
3485	romdata/PUD/pub/vfx/status_poison.pak.z	7031
3486	romdata/PUD/pub/vfx/status_protect.pak.z	6561
3487	romdata/PUD/pub/vfx/status_silent.pak.z	27850
3488	romdata/PUD/pub/vfx/status_tension.pak.z	8866
3489	romdata/PUD/pub/vfx/tex_bubble.nsbtx	452
3490	romdata/PUD/pub/vfx/tex_fire.nsbtx	452
3491	romdata/PUD/pub/vfx/tex_twinkle.nsbtx	276
3492	romdata/PUD/pubtutorial/mogri_m.pbg.z	1842
3493	romdata/PUD/pubtutorial/3d/mogri.pak.z	53038
3494	romdata/PUD/pubtutorial/ja/chapter01_01.NCGR.z	21652
3495	romdata/PUD/pubtutorial/ja/chapter01_02.NCGR.z	21356
3496	romdata/PUD/pubtutorial/ja/chapter01_03.NCGR.z	24042
3497	romdata/PUD/pubtutorial/ja/chapter01_04.NCGR.z	19746
3498	romdata/PUD/pubtutorial/ja/chapter02_01.NCGR.z	25288
3499	romdata/PUD/pubtutorial/ja/chapter02_02.NCGR.z	23323
3500	romdata/PUD/pubtutorial/ja/chapter02_03.NCGR.z	25858
3501	romdata/PUD/pubtutorial/ja/chapter02_04.NCGR.z	29605
3502	romdata/PUD/pubtutorial/ja/chapter02_05.NCGR.z	20768
3503	romdata/PUD/pubtutorial/ja/chapter03_01.NCGR.z	24877
3504	romdata/PUD/pubtutorial/ja/chapter03_02.NCGR.z	21214
3505	romdata/PUD/pubtutorial/ja/chapter04_01.NCGR.z	26119
3506	romdata/PUD/pubtutorial/ja/chapter04_02.NCGR.z	20453
3507	romdata/PUD/pubtutorial/ja/chapter04_03.NCGR.z	21409
3508	romdata/PUD/pubtutorial/ja/chapter04_04.NCGR.z	19786
3509	romdata/PUD/pubtutorial/ja/chapter05_01.NCGR.z	17447
3510	romdata/PUD/pubtutorial/ja/chapter05_02.NCGR.z	18086
3511	romdata/PUD/pubtutorial/ja/chapter05_03.NCGR.z	21102
3512	romdata/PUD/pubtutorial/ja/chapter05_04.NCGR.z	22301
3513	romdata/PUD/pubtutorial/ja/chapter06_01.NCGR.z	22559
3514	romdata/PUD/pubtutorial/ja/chapter07_01.NCGR.z	27127
3515	romdata/PUD/pubtutorial/ja/chapter08_01.NCGR.z	23270
3516	romdata/PUD/pubtutorial/ja/chapter09_01.NCGR.z	22284
3517	romdata/PUD/pubtutorial/ja/chapter09_02.NCGR.z	26516
3518	romdata/PUD/pubtutorial/ja/chapter10_01.NCGR.z	25148
3519	romdata/PUD/pubtutorial/ja/chapter10_02.NCGR.z	26205
3520	romdata/PUD/pubtutorial/ja/chapter10_03.NCGR.z	16100
3521	romdata/PUD/pubtutorial/ja/chapter_01.NCLR.z	616
3522	romdata/PUD/pubtutorial/ja/chapter_02.NCLR.z	612
3523	romdata/PUD/pubtutorial/ja/chapter_03.NCLR.z	616
3524	romdata/PUD/pubtutorial/ja/chapter_04.NCLR.z	614
3525	romdata/PUD/pubtutorial/ja/chapter_05.NCLR.z	616
3526	romdata/PUD/pubtutorial/ja/chapter_06.NCLR.z	613
3527	romdata/PUD/pubtutorial/ja/chapter_07.NCLR.z	612
3528	romdata/PUD/pubtutorial/ja/chapter_08.NCLR.z	612
3529	romdata/PUD/pubtutorial/ja/chapter_09.NCLR.z	616
3530	romdata/PUD/pubtutorial/ja/chapter_10.NCLR.z	615
3531	romdata/PUD/pubtutorial/ja/tr_bg_lower.pbg.z	2071
3532	romdata/PUD/pubtutorial/ja/tr_bg_lower_mov.pbg.z	1932
3533	romdata/PUD/pubtutorial/ja/tr_bg_upper.pbg.z	2458
3534	romdata/PUD/pubtutorial/ja/tr_bg_upper_mov.pbg.z	2319
3535	romdata/PUD/pubtutorial/ja/tr_sprite_lower.pobj.z	8701
3536	romdata/PUD/pubtutorial/ja/tutorial_pict.NSCR.z	1565
3537	romdata/PUD/pubtutorial/ja/tutorialtext.bin	12497
3538	romdata/PUD/skb/skbdat.skb	960
3539	romdata/PUD/skb/bg/n_bg01_lower.PBG.z	2022
3540	romdata/PUD/skb/bg/n_bg01_upper.PBG.z	1849
3541	romdata/PUD/skb/bg/n_bg02_lower.PBG.z	1988
3542	romdata/PUD/skb/bg/n_bg02_upper.PBG.z	1601
3543	romdata/PUD/skb/bg/n_bg03_lower.PBG.z	1969
3544	romdata/PUD/skb/bg/n_bg03_upper.PBG.z	1621
3545	romdata/PUD/skb/ja/deck.txt	42
3546	romdata/PUD/skb/ja/n_sprite_lower.POBJ.z	8701
3547	romdata/PUD/skb/ja/n_sprite_upper.POBJ.z	4052
3548	romdata/PUD/skb/ja/savedata.txt	32
3549	romdata/PUD/sound/necro2.sdat	1457088
3550	romdata/PUD/wifi/wf_bg01_lower.pbg.z	1951
3551	romdata/PUD/wifi/wf_bg01_upper.pbg.z	1983
3552	romdata/PUD/wifi/wf_bg02_lower.NSCR	456
3553	romdata/PUD/wifi/wf_bg03_lower.NSCR	516
3554	romdata/PUD/wifi/wf_bg04_lower.NSCR	756
3555	romdata/PUD/wifi/wf_bg04_upper.NSCR	1056
3556	romdata/PUD/wifi/wf_bg05_lower.NSCR	876
3557	romdata/PUD/wifi/wf_bg05_upper.NSCR	288
3558	romdata/PUD/wifi/wf_bg06_lower.NSCR	108
3559	romdata/PUD/wifi/wf_bg07_lower.NSCR	612
3560	romdata/PUD/wifi/wf_bg08_lower.NSCR	296
3561	romdata/PUD/wifi/wf_bg09_lower.NSCR	804
3562	romdata/PUD/wifi/ja/wf_sprite_lower.pobj.z	26122
3563	romdata/PUD/wifi/ja/wf_sprite_upper.pobj.z	13381
3564	romdata/PUD/wifi/ja/wifitext.bin	3656
3565	romdata/SOUND/gm_snd.sdat	77652320
3566	romdata/TL/LOGO.FBC.z	7507
3567	romdata/TL/TL.FBC.z	50827
3568	romdata/UI/ABI/bg_abi_cid.FBC.z	438
3569	romdata/UI/ABI/bg_abi_dark.FBC.z	438
3570	romdata/UI/ABI/bg_abi_fire.FBC.z	438
3571	romdata/UI/ABI/bg_abi_light.FBC.z	439
3572	romdata/UI/ABI/bg_abi_memory.FBC.z	440
3573	romdata/UI/ABI/bg_abi_water.FBC.z	439
3574	romdata/UI/ABI/ui_abi.FBC.z	1676
3575	romdata/UI/AREANAME/area_church.FBC.z	773
3576	romdata/UI/AREANAME/area_clock.FBC.z	1183
3577	romdata/UI/AREANAME/area_downtown.FBC.z	882
3578	romdata/UI/AREANAME/area_mine.FBC.z	816
3579	romdata/UI/AREANAME/area_stella.FBC.z	986
3580	romdata/UI/AREANAME/area_suburb.FBC.z	868
3581	romdata/UI/AREANAME/area_templeD.FBC.z	985
3582	romdata/UI/BASEUI/bg_base_cid.FBC.z	3167
3583	romdata/UI/BASEUI/bg_base_dark.FBC.z	2382
3584	romdata/UI/BASEUI/bg_base_field.FBC.z	7399
3585	romdata/UI/BASEUI/bg_base_fire.FBC.z	2366
3586	romdata/UI/BASEUI/bg_base_light.FBC.z	2389
3587	romdata/UI/BASEUI/bg_base_memory.FBC.z	2396
3588	romdata/UI/BASEUI/bg_base_water.FBC.z	2375
3589	romdata/UI/BG/scroll_cid.FBC.z	309
3590	romdata/UI/BG/scroll_dark.FBC.z	302
3591	romdata/UI/BG/scroll_fire.FBC.z	300
3592	romdata/UI/BG/scroll_light.FBC.z	308
3593	romdata/UI/BG/scroll_memory.FBC.z	309
3594	romdata/UI/BG/scroll_water.FBC.z	305
3595	romdata/UI/BSMENU/bg_smith2_cid.FBC.z	382
3596	romdata/UI/BSMENU/bg_smith2_dark.FBC.z	401
3597	romdata/UI/BSMENU/bg_smith2_field.FBC.z	402
3598	romdata/UI/BSMENU/bg_smith2_fire.FBC.z	401
3599	romdata/UI/BSMENU/bg_smith2_light.FBC.z	402
3600	romdata/UI/BSMENU/bg_smith2_memory.FBC.z	403
3601	romdata/UI/BSMENU/bg_smith2_water.FBC.z	402
3602	romdata/UI/BSMENU/bg_smith_cid.FBC.z	399
3603	romdata/UI/BSMENU/bg_smith_dark.FBC.z	404
3604	romdata/UI/BSMENU/bg_smith_field.FBC.z	411
3605	romdata/UI/BSMENU/bg_smith_fire.FBC.z	409
3606	romdata/UI/BSMENU/bg_smith_light.FBC.z	407
3607	romdata/UI/BSMENU/bg_smith_memory.FBC.z	412
3608	romdata/UI/BSMENU/bg_smith_water.FBC.z	414
3609	romdata/UI/CHARFACE/a24.FBC.z	2131
3610	romdata/UI/CHARFACE/a24y.FBC.z	2238
3611	romdata/UI/CHARFACE/al.FBC.z	2070
3612	romdata/UI/CHARFACE/alex.FBC.z	3398
3613	romdata/UI/CHARFACE/amouri.FBC.z	3379
3614	romdata/UI/CHARFACE/blaroo.FBC.z	2604
3615	romdata/UI/CHARFACE/check.FBC.z	1886
3616	romdata/UI/CHARFACE/chocker.FBC.z	2089
3617	romdata/UI/CHARFACE/choco.FBC.z	2118
3618	romdata/UI/CHARFACE/cid.FBC.z	2763
3619	romdata/UI/CHARFACE/claire.FBC.z	2552
3620	romdata/UI/CHARFACE/coco.FBC.z	1965
3621	romdata/UI/CHARFACE/croma.FBC.z	3102
3622	romdata/UI/CHARFACE/dardola.FBC.z	2560
3623	romdata/UI/CHARFACE/deet.FBC.z	2362
3624	romdata/UI/CHARFACE/destroy.FBC.z	3329
3625	romdata/UI/CHARFACE/dol.FBC.z	1804
3626	romdata/UI/CHARFACE/dungeon.FBC.z	2799
3627	romdata/UI/CHARFACE/flora.FBC.z	2982
3628	romdata/UI/CHARFACE/freja.FBC.z	2939
3629	romdata/UI/CHARFACE/gail.FBC.z	2728
3630	romdata/UI/CHARFACE/goblin.FBC.z	2363
3631	romdata/UI/CHARFACE/hanna.FBC.z	2693
3632	romdata/UI/CHARFACE/harry.FBC.z	2799
3633	romdata/UI/CHARFACE/irma.FBC.z	3301
3634	romdata/UI/CHARFACE/levia.FBC.z	2807
3635	romdata/UI/CHARFACE/manalee.FBC.z	2514
3636	romdata/UI/CHARFACE/marris.FBC.z	2737
3637	romdata/UI/CHARFACE/medit.FBC.z	2608
3638	romdata/UI/CHARFACE/meja.FBC.z	3027
3639	romdata/UI/CHARFACE/melanie.FBC.z	2264
3640	romdata/UI/CHARFACE/mimi.FBC.z	1816
3641	romdata/UI/CHARFACE/mog.FBC.z	2335
3642	romdata/UI/CHARFACE/molly.FBC.z	2344
3643	romdata/UI/CHARFACE/moolan.FBC.z	2576
3644	romdata/UI/CHARFACE/omega.FBC.z	1897
3645	romdata/UI/CHARFACE/phoenix.FBC.z	3139
3646	romdata/UI/CHARFACE/popup.FBC.z	2647
3647	romdata/UI/CHARFACE/raff00.FBC.z	1947
3648	romdata/UI/CHARFACE/raff01.FBC.z	2365
3649	romdata/UI/CHARFACE/raff02.FBC.z	2919
3650	romdata/UI/CHARFACE/raff03.FBC.z	2953
3651	romdata/UI/CHARFACE/raff04.FBC.z	3236
3652	romdata/UI/CHARFACE/roche.FBC.z	2808
3653	romdata/UI/CHARFACE/roddy.FBC.z	2419
3654	romdata/UI/CHARFACE/romantic.FBC.z	2978
3655	romdata/UI/CHARFACE/shade.FBC.z	3205
3656	romdata/UI/CHARFACE/shinryu.FBC.z	927
3657	romdata/UI/CHARFACE/shirma.FBC.z	2797
3658	romdata/UI/CHARFACE/shlrot.FBC.z	2794
3659	romdata/UI/CHARFACE/stella.FBC.z	3216
3660	romdata/UI/CHARFACE/trader.FBC.z	2776
3661	romdata/UI/CHARFACE/unknown.FBC.z	631
3662	romdata/UI/CHARFACE/volg.FBC.z	2607
3663	romdata/UI/CHARFACE/wen.FBC.z	2166
3664	romdata/UI/CMDMENU/command.FBC.z	699
3665	romdata/UI/CMN/base_16.FBC.z	576
3666	romdata/UI/CMN/COL_bg.FBC.z	454
3667	romdata/UI/CMN/COL_kbd_bg.FBC.z	316
3668	romdata/UI/CMN/COL_kbd_obj.FBC.z	155
3669	romdata/UI/CMN/COL_obj.FBC.z	632
3670	romdata/UI/CMN/COL_simple.FBC.z	483
3671	romdata/UI/CMN/COL_title.FBC.z	291
3672	romdata/UI/CMN/gear_16.FBC.z	486
3673	romdata/UI/CNTR/bg_bank_field.FBC.z	365
3674	romdata/UI/CNTR/bg_cloak2_cid.FBC.z	361
3675	romdata/UI/CNTR/bg_cloak2_field.FBC.z	363
3676	romdata/UI/CNTR/bg_cloak_cid.FBC.z	359
3677	romdata/UI/CNTR/bg_cloak_field.FBC.z	362
3678	romdata/UI/CNTR/ui_cloak.FBC.z	884
3679	romdata/UI/CSTMBOX/bg_kaizo2_cid.FBC.z	527
3680	romdata/UI/CSTMBOX/bg_kaizo_cid.FBC.z	400
3681	romdata/UI/CSTMBOX/ui_kaizo.FBC.z	1602
3682	romdata/UI/DGNFLOOR/DGN_00.FBC.z	479
3683	romdata/UI/DGNFLOOR/DGN_01.FBC.z	462
3684	romdata/UI/DGNFLOOR/DGN_02.FBC.z	511
3685	romdata/UI/DGNFLOOR/DGN_03.FBC.z	519
3686	romdata/UI/DGNFLOOR/DGN_04.FBC.z	516
3687	romdata/UI/DGNFLOOR/DGN_05.FBC.z	504
3688	romdata/UI/DGNFLOOR/DGN_06.FBC.z	556
3689	romdata/UI/DGNFLOOR/DGN_07.FBC.z	492
3690	romdata/UI/DGNFLOOR/DGN_08.FBC.z	602
3691	romdata/UI/DGNFLOOR/DGN_09.FBC.z	488
3692	romdata/UI/DGNFLOOR/DGN_10.FBC.z	546
3693	romdata/UI/DGNFLOOR/DGN_11.FBC.z	523
3694	romdata/UI/DGNFLOOR/DGN_12.FBC.z	525
3695	romdata/UI/DGNFLOOR/DGN_13.FBC.z	499
3696	romdata/UI/DGNFLOOR/DGN_14.FBC.z	584
3697	romdata/UI/DGNFLOOR/DGN_15.FBC.z	535
3698	romdata/UI/DGNFLOOR/DGN_16.FBC.z	513
3699	romdata/UI/DGNFLOOR/DGN_17.FBC.z	512
3700	romdata/UI/DGNFLOOR/DGN_18.FBC.z	516
3701	romdata/UI/DGNFLOOR/DGN_19.FBC.z	550
3702	romdata/UI/DGNFLOOR/DGN_20.FBC.z	616
3703	romdata/UI/DGNFLOOR/DGN_21.FBC.z	579
3704	romdata/UI/DGNFLOOR/DGN_22.FBC.z	506
3705	romdata/UI/DGNFLOOR/DGN_23.FBC.z	529
3706	romdata/UI/DGNFLOOR/DGN_24.FBC.z	553
3707	romdata/UI/DGNFLOOR/DGN_25.FBC.z	514
3708	romdata/UI/DGNFLOOR/DGN_26.FBC.z	462
3709	romdata/UI/DGNFLOOR/DGN_27.FBC.z	494
3710	romdata/UI/DGNFLOOR/DGN_28.FBC.z	487
3711	romdata/UI/DGNFLOOR/DGN_29.FBC.z	507
3712	romdata/UI/DGNFLOOR/DGN_30.FBC.z	436
3713	romdata/UI/DGNFLOOR/DGN_31.FBC.z	661
3714	romdata/UI/DGNFLOOR/DGN_32.FBC.z	620
3715	romdata/UI/DGNFLOOR/floor_num.FBC.z	898
3716	romdata/UI/DGNMM/DBDRK0_000.FBC.z	781
3717	romdata/UI/DGNMM/DBDRK0_001.FBC.z	848
3718	romdata/UI/DGNMM/DBDRK0_002.FBC.z	830
3719	romdata/UI/DGNMM/DBDRK0_100.FBC.z	304
3720	romdata/UI/DGNMM/DBDRK0_101.FBC.z	307
3721	romdata/UI/DGNMM/DBDRK0_102.FBC.z	307
3722	romdata/UI/DGNMM/DBDRK0_103.FBC.z	307
3723	romdata/UI/DGNMM/DBDRK0_104.FBC.z	307
3724	romdata/UI/DGNMM/DBDRK0_105.FBC.z	307
3725	romdata/UI/DGNMM/DBDRK0_106.FBC.z	307
3726	romdata/UI/DGNMM/DBDRK0_107.FBC.z	307
3727	romdata/UI/DGNMM/DBDRK0_999.FBC.z	297
3728	romdata/UI/DGNMM/DBFIR0_000.FBC.z	799
3729	romdata/UI/DGNMM/DBFIR0_001.FBC.z	839
3730	romdata/UI/DGNMM/DBFIR0_002.FBC.z	775
3731	romdata/UI/DGNMM/DBFIR0_100.FBC.z	304
3732	romdata/UI/DGNMM/DBFIR0_101.FBC.z	307
3733	romdata/UI/DGNMM/DBFIR0_102.FBC.z	310
3734	romdata/UI/DGNMM/DBFIR0_999.FBC.z	297
3735	romdata/UI/DGNMM/DBLIT0_000.FBC.z	761
3736	romdata/UI/DGNMM/DBLIT0_001.FBC.z	819
3737	romdata/UI/DGNMM/DBLIT0_002.FBC.z	799
3738	romdata/UI/DGNMM/DBLIT0_100.FBC.z	304
3739	romdata/UI/DGNMM/DBLIT0_101.FBC.z	360
3740	romdata/UI/DGNMM/DBLIT0_104.FBC.z	307
3741	romdata/UI/DGNMM/DBLIT0_999.FBC.z	297
3742	romdata/UI/DGNMM/DBMOG0_000.FBC.z	799
3743	romdata/UI/DGNMM/DBMOG0_001.FBC.z	839
3744	romdata/UI/DGNMM/DBMOG0_002.FBC.z	775
3745	romdata/UI/DGNMM/DBMOG0_100.FBC.z	304
3746	romdata/UI/DGNMM/DBMOG0_101.FBC.z	316
3747	romdata/UI/DGNMM/DBMOG0_102.FBC.z	307
3748	romdata/UI/DGNMM/DBMOG1_000.FBC.z	918
3749	romdata/UI/DGNMM/DBMOG1_001.FBC.z	922
3750	romdata/UI/DGNMM/DBMOG1_002.FBC.z	799
3751	romdata/UI/DGNMM/DBMOG1_100.FBC.z	304
3752	romdata/UI/DGNMM/DBMOG1_101.FBC.z	316
3753	romdata/UI/DGNMM/DBMOG1_102.FBC.z	313
3754	romdata/UI/DGNMM/DBMOG2_000.FBC.z	761
3755	romdata/UI/DGNMM/DBMOG2_001.FBC.z	819
3756	romdata/UI/DGNMM/DBMOG2_002.FBC.z	799
3757	romdata/UI/DGNMM/DBMOG2_100.FBC.z	304
3758	romdata/UI/DGNMM/DBMOG2_101.FBC.z	316
3759	romdata/UI/DGNMM/DBMOG2_102.FBC.z	307
3760	romdata/UI/DGNMM/DBMOG3_000.FBC.z	798
3761	romdata/UI/DGNMM/DBMOG3_001.FBC.z	932
3762	romdata/UI/DGNMM/DBMOG3_002.FBC.z	855
3763	romdata/UI/DGNMM/DBMOG3_100.FBC.z	304
3764	romdata/UI/DGNMM/DBMOG3_101.FBC.z	316
3765	romdata/UI/DGNMM/DBMOG3_102.FBC.z	313
3766	romdata/UI/DGNMM/DBMOG3_103.FBC.z	434
3767	romdata/UI/DGNMM/DBTUT0_100.FBC.z	450
3768	romdata/UI/DGNMM/DBTUT0_101.FBC.z	350
3769	romdata/UI/DGNMM/DBTUT0_102.FBC.z	278
3770	romdata/UI/DGNMM/DBTUT0_103.FBC.z	310
3771	romdata/UI/DGNMM/DBTUT1_100.FBC.z	304
3772	romdata/UI/DGNMM/DBTUT1_101.FBC.z	434
3773	romdata/UI/DGNMM/DBTUT1_102.FBC.z	288
3774	romdata/UI/DGNMM/DBTUT1_103.FBC.z	298
3775	romdata/UI/DGNMM/DBWAT0_000.FBC.z	918
3776	romdata/UI/DGNMM/DBWAT0_001.FBC.z	922
3777	romdata/UI/DGNMM/DBWAT0_002.FBC.z	799
3778	romdata/UI/DGNMM/DBWAT0_100.FBC.z	304
3779	romdata/UI/DGNMM/DBWAT0_101.FBC.z	307
3780	romdata/UI/DGNMM/DBWAT0_102.FBC.z	310
3781	romdata/UI/DGNMM/DBWAT0_103.FBC.z	307
3782	romdata/UI/DGNMM/DBWAT0_999.FBC.z	297
3783	romdata/UI/DGNMM/DECHO0_100.FBC.z	304
3784	romdata/UI/DGNMM/DECHO0_120.FBC.z	307
3785	romdata/UI/DGNMM/DECHO0_140.FBC.z	307
3786	romdata/UI/DGNMM/DECHO0_165.FBC.z	300
3787	romdata/UI/DGNMM/DECHO0_195.FBC.z	307
3788	romdata/UI/DGNMM/DECHO0_199.FBC.z	307
3789	romdata/UI/DGNMM/DECHO0_999.FBC.z	297
3790	romdata/UI/DGNMM/DECID0_000.FBC.z	805
3791	romdata/UI/DGNMM/DECID0_001.FBC.z	806
3792	romdata/UI/DGNMM/DECID0_002.FBC.z	806
3793	romdata/UI/DGNMM/DECID0_100.FBC.z	313
3794	romdata/UI/DGNMM/DECID0_110.FBC.z	300
3795	romdata/UI/DGNMM/DECID0_120.FBC.z	306
3796	romdata/UI/DGNMM/DECID0_130.FBC.z	293
3797	romdata/UI/DGNMM/DECID0_150.FBC.z	306
3798	romdata/UI/DGNMM/DECID0_170.FBC.z	293
3799	romdata/UI/DGNMM/DECID0_198.FBC.z	312
3800	romdata/UI/DGNMM/DECID0_199.FBC.z	311
3801	romdata/UI/DGNMM/DEDRM0_100.FBC.z	307
3802	romdata/UI/DGNMM/DELRM0_100.FBC.z	280
3803	romdata/UI/DGNMM/DELRM0_101.FBC.z	281
3804	romdata/UI/DGNMM/DELRM0_102.FBC.z	281
3805	romdata/UI/DGNMM/DELRM0_103.FBC.z	279
3806	romdata/UI/DGNMM/DELRM0_104.FBC.z	280
3807	romdata/UI/DGNMM/DESHP0_100.FBC.z	324
3808	romdata/UI/DGNMM/DMAMR0_100.FBC.z	304
3809	romdata/UI/DGNMM/DMAMR0_101.FBC.z	316
3810	romdata/UI/DGNMM/DMAMR0_102.FBC.z	306
3811	romdata/UI/DGNMM/DMAMR0_103.FBC.z	331
3812	romdata/UI/DGNMM/DMAMR0_104.FBC.z	303
3813	romdata/UI/DGNMM/DMAMR0_105.FBC.z	297
3814	romdata/UI/DGNMM/DMAMR0_106.FBC.z	314
3815	romdata/UI/DGNMM/DMCID0_000.FBC.z	1028
3816	romdata/UI/DGNMM/DMCID0_100.FBC.z	304
3817	romdata/UI/DGNMM/DMCID0_101.FBC.z	316
3818	romdata/UI/DGNMM/DMCID0_102.FBC.z	306
3819	romdata/UI/DGNMM/DMCRE0_000.FBC.z	799
3820	romdata/UI/DGNMM/DMCRE0_100.FBC.z	304
3821	romdata/UI/DGNMM/DMCRE0_101.FBC.z	316
3822	romdata/UI/DGNMM/DMCRE0_102.FBC.z	280
3823	romdata/UI/DGNMM/DMDAD0_000.FBC.z	934
3824	romdata/UI/DGNMM/DMDAD0_100.FBC.z	304
3825	romdata/UI/DGNMM/DMDAD0_101.FBC.z	316
3826	romdata/UI/DGNMM/DMFRE0_000.FBC.z	1073
3827	romdata/UI/DGNMM/DMFRE0_100.FBC.z	304
3828	romdata/UI/DGNMM/DMFRE0_101.FBC.z	316
3829	romdata/UI/DGNMM/DMFRE0_102.FBC.z	306
3830	romdata/UI/DGNMM/DMFRO0_100.FBC.z	304
3831	romdata/UI/DGNMM/DMFRO0_101.FBC.z	316
3832	romdata/UI/DGNMM/DMFRO0_102.FBC.z	306
3833	romdata/UI/DGNMM/DMGEI0_000.FBC.z	1028
3834	romdata/UI/DGNMM/DMGEI0_100.FBC.z	304
3835	romdata/UI/DGNMM/DMGEI0_101.FBC.z	316
3836	romdata/UI/DGNMM/DMGEI0_102.FBC.z	306
3837	romdata/UI/DGNMM/DMHAR0_000.FBC.z	713
3838	romdata/UI/DGNMM/DMHAR0_001.FBC.z	790
3839	romdata/UI/DGNMM/DMHAR0_100.FBC.z	304
3840	romdata/UI/DGNMM/DMHAR0_101.FBC.z	316
3841	romdata/UI/DGNMM/DMHAR0_102.FBC.z	307
3842	romdata/UI/DGNMM/DMKRO0_000.FBC.z	749
3843	romdata/UI/DGNMM/DMKRO0_001.FBC.z	853
3844	romdata/UI/DGNMM/DMKRO0_100.FBC.z	304
3845	romdata/UI/DGNMM/DMKRO0_101.FBC.z	316
3846	romdata/UI/DGNMM/DMKRO0_102.FBC.z	356
3847	romdata/UI/DGNMM/DMKRO0_103.FBC.z	434
3848	romdata/UI/DGNMM/DMKRO0_104.FBC.z	560
3849	romdata/UI/DGNMM/DMMAR0_100.FBC.z	304
3850	romdata/UI/DGNMM/DMMAR0_101.FBC.z	316
3851	romdata/UI/DGNMM/DMMAR0_102.FBC.z	281
3852	romdata/UI/DGNMM/DMMEA0_000.FBC.z	1164
3853	romdata/UI/DGNMM/DMMEA0_100.FBC.z	304
3854	romdata/UI/DGNMM/DMMEA0_101.FBC.z	316
3855	romdata/UI/DGNMM/DMMEA0_102.FBC.z	306
3856	romdata/UI/DGNMM/DMMED0_000.FBC.z	934
3857	romdata/UI/DGNMM/DMMED0_100.FBC.z	304
3858	romdata/UI/DGNMM/DMMED0_101.FBC.z	316
3859	romdata/UI/DGNMM/DMMED0_102.FBC.z	296
3860	romdata/UI/DGNMM/DMPUB0_000.FBC.z	740
3861	romdata/UI/DGNMM/DMPUB0_001.FBC.z	787
3862	romdata/UI/DGNMM/DMPUB0_002.FBC.z	855
3863	romdata/UI/DGNMM/DMPUB0_100.FBC.z	304
3864	romdata/UI/DGNMM/DMPUB0_101.FBC.z	316
3865	romdata/UI/DGNMM/DMPUB0_102.FBC.z	356
3866	romdata/UI/DGNMM/DMPUB1_000.FBC.z	793
3867	romdata/UI/DGNMM/DMPUB1_001.FBC.z	845
3868	romdata/UI/DGNMM/DMPUB1_002.FBC.z	763
3869	romdata/UI/DGNMM/DMPUB1_100.FBC.z	304
3870	romdata/UI/DGNMM/DMPUB1_101.FBC.z	316
3871	romdata/UI/DGNMM/DMPUB1_102.FBC.z	314
3872	romdata/UI/DGNMM/DMPUB2_000.FBC.z	856
3873	romdata/UI/DGNMM/DMPUB2_001.FBC.z	866
3874	romdata/UI/DGNMM/DMPUB2_002.FBC.z	856
3875	romdata/UI/DGNMM/DMPUB2_003.FBC.z	935
3876	romdata/UI/DGNMM/DMPUB2_004.FBC.z	799
3877	romdata/UI/DGNMM/DMPUB2_005.FBC.z	920
3878	romdata/UI/DGNMM/DMPUB2_100.FBC.z	304
3879	romdata/UI/DGNMM/DMPUB2_101.FBC.z	316
3880	romdata/UI/DGNMM/DMPUB2_102.FBC.z	307
3881	romdata/UI/DGNMM/DMROC0_000.FBC.z	991
3882	romdata/UI/DGNMM/DMROC0_100.FBC.z	304
3883	romdata/UI/DGNMM/DMROC0_101.FBC.z	316
3884	romdata/UI/DGNMM/DMROC0_102.FBC.z	307
3885	romdata/UI/DGNMM/DMROD0_100.FBC.z	304
3886	romdata/UI/DGNMM/DMROD0_101.FBC.z	316
3887	romdata/UI/DGNMM/DMROD0_102.FBC.z	284
3888	romdata/UI/DGNMM/DMROD0_103.FBC.z	284
3889	romdata/UI/DGNMM/DMSHA0_000.FBC.z	778
3890	romdata/UI/DGNMM/DMSHA0_001.FBC.z	848
3891	romdata/UI/DGNMM/DMSHA0_100.FBC.z	304
3892	romdata/UI/DGNMM/DMSHA0_101.FBC.z	316
3893	romdata/UI/DGNMM/DMSHA0_102.FBC.z	307
3894	romdata/UI/DGNMM/DMSHI0_000.FBC.z	1164
3895	romdata/UI/DGNMM/DMSHI0_100.FBC.z	304
3896	romdata/UI/DGNMM/DMSHI0_101.FBC.z	316
3897	romdata/UI/DGNMM/DMSHI0_102.FBC.z	306
3898	romdata/UI/DGNMM/DMSTE0_100.FBC.z	304
3899	romdata/UI/DGNMM/DMSTE0_101.FBC.z	316
3900	romdata/UI/DGNMM/DMSTE0_102.FBC.z	291
3901	romdata/UI/DGNMM/DMTST0_000.FBC.z	845
3902	romdata/UI/DGNMM/DMTST0_100.FBC.z	347
3903	romdata/UI/DGNMM/DMTST0_101.FBC.z	292
3904	romdata/UI/DGNMM/DMTST0_102.FBC.z	306
3905	romdata/UI/DGNMM/DMVOL0_100.FBC.z	304
3906	romdata/UI/DGNMM/DMVOL0_101.FBC.z	316
3907	romdata/UI/DGNMM/DMVOL0_102.FBC.z	307
3908	romdata/UI/DMGCNTR/num_counter.FBC.z	2820
3909	romdata/UI/DNSSTAT/ui_simple.FBC.z	1447
3910	romdata/UI/DT/DT_UIRCHRMSGTMR.FBC.z	1240
3911	romdata/UI/DT/DT_UIRMTCWORDW.FBC.z	588
3912	romdata/UI/DT/DT_UIRWW.FBC.z	1495
3913	romdata/UI/DT/DT_UISHPFLR00.FBC.z	163
3914	romdata/UI/DT/DT_UISHPFLR01.FBC.z	163
3915	romdata/UI/DT/DT_UISHPFLR02.FBC.z	163
3916	romdata/UI/DT/DT_UISHPFLR03.FBC.z	163
3917	romdata/UI/DT/DT_UISHPFLR04.FBC.z	163
3918	romdata/UI/DT/DT_UISHPMDT00.FBC.z	170
3919	romdata/UI/DT/DT_UISHPMDT01.FBC.z	182
3920	romdata/UI/DT/DT_UISHPMDT02.FBC.z	184
3921	romdata/UI/DT/DT_UISHPMDT03.FBC.z	190
3922	romdata/UI/DT/DT_UISHPMDT04.FBC.z	193
3923	romdata/UI/DT/DT_UISHPMSGA24.FBC.z	619
3924	romdata/UI/DT/DT_UISHPMSGBRL.FBC.z	540
3925	romdata/UI/DT/DT_UISHPMSGBSF.FBC.z	1210
3926	romdata/UI/DT/DT_UISHPMSGBSX.FBC.z	1069
3927	romdata/UI/DT/DT_UISHPMSGDOL.FBC.z	572
3928	romdata/UI/DT/DT_UISHPMSGDRG.FBC.z	426
3929	romdata/UI/DT/DT_UISHPMSGFLR.FBC.z	493
3930	romdata/UI/DT/DT_UISHPMSGMHX.FBC.z	418
3931	romdata/UI/DT/DT_UISHPMSGTLS.FBC.z	437
3932	romdata/UI/DT/DT_UISHPTLS00.FBC.z	189
3933	romdata/UI/DT/DT_UISHPTLS01.FBC.z	189
3934	romdata/UI/DT/DT_UISHPTLS02.FBC.z	189
3935	romdata/UI/DT/DT_UISHPTLS03.FBC.z	189
3936	romdata/UI/DT/DT_UISHPTLS04.FBC.z	189
3937	romdata/UI/FLDMAP/allmap.FBC.z	8152
3938	romdata/UI/FLDMAP/map_icon.FBC.z	3387
3939	romdata/UI/ITEMMENU/bg_daiji_cid.FBC.z	330
3940	romdata/UI/ITEMMENU/bg_daiji_dark.FBC.z	330
3941	romdata/UI/ITEMMENU/bg_daiji_field.FBC.z	332
3942	romdata/UI/ITEMMENU/bg_daiji_fire.FBC.z	331
3943	romdata/UI/ITEMMENU/bg_daiji_light.FBC.z	332
3944	romdata/UI/ITEMMENU/bg_daiji_memory.FBC.z	334
3945	romdata/UI/ITEMMENU/bg_daiji_water.FBC.z	332
3946	romdata/UI/ITEMMENU/bg_item2_cid.FBC.z	370
3947	romdata/UI/ITEMMENU/bg_item2_dark.FBC.z	371
3948	romdata/UI/ITEMMENU/bg_item2_field.FBC.z	372
3949	romdata/UI/ITEMMENU/bg_item2_fire.FBC.z	371
3950	romdata/UI/ITEMMENU/bg_item2_light.FBC.z	372
3951	romdata/UI/ITEMMENU/bg_item2_memory.FBC.z	373
3952	romdata/UI/ITEMMENU/bg_item2_water.FBC.z	372
3953	romdata/UI/ITEMMENU/bg_item_cid.FBC.z	364
3954	romdata/UI/ITEMMENU/bg_item_dark.FBC.z	366
3955	romdata/UI/ITEMMENU/bg_item_field.FBC.z	367
3956	romdata/UI/ITEMMENU/bg_item_fire.FBC.z	366
3957	romdata/UI/ITEMMENU/bg_item_light.FBC.z	367
3958	romdata/UI/ITEMMENU/bg_item_memory.FBC.z	368
3959	romdata/UI/ITEMMENU/bg_item_water.FBC.z	367
3960	romdata/UI/ITEMMENU/ui_item.FBC.z	2550
3961	romdata/UI/JCF_TM/jobico3_black.FBC.z	1197
3962	romdata/UI/JCF_TM/jobico3_cid.FBC.z	1238
3963	romdata/UI/JCF_TM/jobico3_dancer.FBC.z	1355
3964	romdata/UI/JCF_TM/jobico3_dark.FBC.z	1254
3965	romdata/UI/JCF_TM/jobico3_dragon.FBC.z	1334
3966	romdata/UI/JCF_TM/jobico3_herox.FBC.z	1092
3967	romdata/UI/JCF_TM/jobico3_knight.FBC.z	1269
3968	romdata/UI/JCF_TM/jobico3_ninja.FBC.z	1180
3969	romdata/UI/JCF_TM/jobico3_none.FBC.z	414
3970	romdata/UI/JCF_TM/jobico3_red.FBC.z	1277
3971	romdata/UI/JCF_TM/jobico3_schol.FBC.z	1184
3972	romdata/UI/JCF_TM/jobico3_suppin.FBC.z	1036
3973	romdata/UI/JCF_TM/jobico3_thief.FBC.z	1150
3974	romdata/UI/JCF_TM/jobico3_white.FBC.z	1154
3975	romdata/UI/JOBCFACE/jobico2_black.FBC.z	1410
3976	romdata/UI/JOBCFACE/jobico2_dancer.FBC.z	1530
3977	romdata/UI/JOBCFACE/jobico2_dark.FBC.z	1444
3978	romdata/UI/JOBCFACE/jobico2_dragon.FBC.z	1483
3979	romdata/UI/JOBCFACE/jobico2_herox.FBC.z	1284
3980	romdata/UI/JOBCFACE/jobico2_knight.FBC.z	1357
3981	romdata/UI/JOBCFACE/jobico2_ninja.FBC.z	1322
3982	romdata/UI/JOBCFACE/jobico2_noname.FBC.z	726
3983	romdata/UI/JOBCFACE/jobico2_red.FBC.z	1481
3984	romdata/UI/JOBCFACE/jobico2_schol.FBC.z	1333
3985	romdata/UI/JOBCFACE/jobico2_suppin.FBC.z	1251
3986	romdata/UI/JOBCFACE/jobico2_thief.FBC.z	1263
3987	romdata/UI/JOBCFACE/jobico2_white.FBC.z	1364
3988	romdata/UI/JOBCFACE/jobico_black.FBC.z	1407
3989	romdata/UI/JOBCFACE/jobico_cid.FBC.z	1413
3990	romdata/UI/JOBCFACE/jobico_dancer.FBC.z	1523
3991	romdata/UI/JOBCFACE/jobico_dark.FBC.z	1438
3992	romdata/UI/JOBCFACE/jobico_dragon.FBC.z	1479
3993	romdata/UI/JOBCFACE/jobico_herox.FBC.z	1279
3994	romdata/UI/JOBCFACE/jobico_knight.FBC.z	1350
3995	romdata/UI/JOBCFACE/jobico_ninja.FBC.z	1314
3996	romdata/UI/JOBCFACE/jobico_noname.FBC.z	1024
3997	romdata/UI/JOBCFACE/jobico_red.FBC.z	1475
3998	romdata/UI/JOBCFACE/jobico_scholar.FBC.z	1323
3999	romdata/UI/JOBCFACE/jobico_suppin.FBC.z	1246
4000	romdata/UI/JOBCFACE/jobico_thief.FBC.z	1253
4001	romdata/UI/JOBCFACE/jobico_white.FBC.z	1356
4002	romdata/UI/JOBCMENU/bg_job2_dark.FBC.z	412
4003	romdata/UI/JOBCMENU/bg_job2_fire.FBC.z	412
4004	romdata/UI/JOBCMENU/bg_job2_light.FBC.z	413
4005	romdata/UI/JOBCMENU/bg_job2_memory.FBC.z	414
4006	romdata/UI/JOBCMENU/bg_job2_water.FBC.z	413
4007	romdata/UI/JOBCMENU/bg_job3_dark.FBC.z	412
4008	romdata/UI/JOBCMENU/bg_job3_fire.FBC.z	412
4009	romdata/UI/JOBCMENU/bg_job3_light.FBC.z	413
4010	romdata/UI/JOBCMENU/bg_job3_memory.FBC.z	414
4011	romdata/UI/JOBCMENU/bg_job3_water.FBC.z	413
4012	romdata/UI/JOBCMENU/bg_job_cid.FBC.z	371
4013	romdata/UI/JOBCMENU/bg_job_dark.FBC.z	374
4014	romdata/UI/JOBCMENU/bg_job_field.FBC.z	376
4015	romdata/UI/JOBCMENU/bg_job_fire.FBC.z	374
4016	romdata/UI/JOBCMENU/bg_job_light.FBC.z	376
4017	romdata/UI/JOBCMENU/bg_job_memory.FBC.z	377
4018	romdata/UI/JOBCMENU/bg_job_water.FBC.z	376
4019	romdata/UI/KBD/kbd.FBC.z	913
4020	romdata/UI/KBD/kbdmap.FBC.z	1004
4021	romdata/UI/KBD/kbdres.FBC.z	4050
4022	romdata/UI/LOG/bg_log_cid.FBC.z	318
4023	romdata/UI/LOG/bg_log_dark.FBC.z	318
4024	romdata/UI/LOG/bg_log_fire.FBC.z	318
4025	romdata/UI/LOG/bg_log_light.FBC.z	318
4026	romdata/UI/LOG/bg_log_memory.FBC.z	321
4027	romdata/UI/LOG/bg_log_water.FBC.z	319
4028	romdata/UI/MEMMENU/ui_mirror.FBC.z	372
4029	romdata/UI/MSGICON/messico.FBC.z	1170
4030	romdata/UI/MSGICON/messico_cid.FBC.z	1105
4031	romdata/UI/RMTCWORD/kbd_nyuryoku.FBC.z	6002
4032	romdata/UI/SHPMENU/bg_shop2_cid.FBC.z	346
4033	romdata/UI/SHPMENU/bg_shop2_dark.FBC.z	357
4034	romdata/UI/SHPMENU/bg_shop2_field.FBC.z	358
4035	romdata/UI/SHPMENU/bg_shop2_fire.FBC.z	357
4036	romdata/UI/SHPMENU/bg_shop2_light.FBC.z	358
4037	romdata/UI/SHPMENU/bg_shop2_memory.FBC.z	360
4038	romdata/UI/SHPMENU/bg_shop2_water.FBC.z	358
4039	romdata/UI/SHPMENU/bg_shop_cid.FBC.z	351
4040	romdata/UI/SHPMENU/bg_shop_dark.FBC.z	371
4041	romdata/UI/SHPMENU/bg_shop_field.FBC.z	372
4042	romdata/UI/SHPMENU/bg_shop_fire.FBC.z	374
4043	romdata/UI/SHPMENU/bg_shop_light.FBC.z	375
4044	romdata/UI/SHPMENU/bg_shop_memory.FBC.z	373
4045	romdata/UI/SHPMENU/bg_shop_water.FBC.z	372
4046	romdata/UI/STATABN/stat_ijo.FBC.z	2089
4047	romdata/UI/STATMENU/bg_stat_cid.FBC.z	529
4048	romdata/UI/STATMENU/bg_stat_dark.FBC.z	478
4049	romdata/UI/STATMENU/bg_stat_field.FBC.z	480
4050	romdata/UI/STATMENU/bg_stat_fire.FBC.z	478
4051	romdata/UI/STATMENU/bg_stat_light.FBC.z	480
4052	romdata/UI/STATMENU/bg_stat_memory.FBC.z	481
4053	romdata/UI/STATMENU/bg_stat_water.FBC.z	480
4054	romdata/UI/TEST/allmap.FBC.z	9767
4055	romdata/UI/TEST/gob.FBC.z	839
4056	romdata/UI/TEST/gob2.FBC.z	840
4057	romdata/UI/TEST/swsprite.FBC.z	969
4058	romdata/UI/TM/base_16.FBC.z	5833
4059	romdata/UI/TM/bg_title.FBC.z	832
4060	romdata/UI/TM/gear_16.FBC.z	5332
4061	romdata/UI/TM/scroll_title.FBC.z	1671
4062	romdata/UI/TM/ui_text.FBC.z	8505
4063	romdata/UI/TM/ui_title.FBC.z	6473
4064	romdata/UI/UPMDSTAT/D_center_cid.FBC.z	375
4065	romdata/UI/UPMDSTAT/D_center_dark.FBC.z	376
4066	romdata/UI/UPMDSTAT/D_center_fire.FBC.z	376
4067	romdata/UI/UPMDSTAT/D_center_light.FBC.z	377
4068	romdata/UI/UPMDSTAT/D_center_memory.FBC.z	379
4069	romdata/UI/UPMDSTAT/D_center_water.FBC.z	376
4070	romdata/UI/UPMDSTAT/ui_dgn_center.FBC.z	1218
4071	romdata/UI/UPSSTAT/ui_common.FBC.z	2132
